condition_id,question,report_bucket,resolution_time,n_trades
0x057c3f408c99b6a74ad4d931dc8b5e798c929d5de94a33f4b893946c571b88b4,Will Karen Khachanov win the 2022 US Open?,other,2022-09-11 00:15:45+00:00,0
0xeeb6f6cc6a3d504a68310f7ba16429de9048a3212761fbcbb13d26860f85116e,Champions League: Who will win the Bayern vs. Barcelona game on September 13?,sports,2022-09-14 01:31:04+00:00,0
0xe06bd8f4cb03190e3a7f664c4271e5dffcc8b1dd210ed6389896fc5b91ae0135,Will U.S. inflation be more than 0.3% from August to September 2022?,other,2022-10-13 16:16:32+00:00,0
0x275af38d7d252211ceb77d37ee85ce0ad3a7dc689c3bc5d805b54ee7e7d44967,Who will win Jake Paul vs. Anderson Silva on October 29?,sports,2022-10-30 10:45:28+00:00,0
0xfe773f8e17ec4e757faf70567f2d85644e3611f2748392f46bb9329877db6025,Will Miles Sanders have the most rushing yards of any player in Super Bowl LVII?,other,2023-02-13 09:16:06+00:00,0
0xa91ac76a017a9a72f6bc6119a0a2b076efff8bb8df372824df647ed453e6603a,Will $ETH be above $1550 on March 17?,crypto_price,2023-03-18 01:31:02+00:00,0
0xba17388b632752ecb9b08bdae630b953e07d4a8cd2bdbf897bdecee7093073f9,NBA: Sacramento Kings vs. Utah Jazz 2023-03-25,sports,2023-03-26 06:18:51+00:00,0
0xd756bcb0e45767150787bb3ff9020660e7ab8791d5635c2f8295dd0cc7c67047,"Will Joe Biden file to run for president by March 31, 2023?",politics,2023-04-01 20:20:41+00:00,0
0x5844ea37c476f40ac08f622ce395e62a3f4e1fb4030f123113dc0b2871b5b9bd,Will @realDonaldTrump tweet by April 1?,other,2023-04-02 07:06:19+00:00,0
0xb2339c617fd0851c29cfc07b80cca8181402135efadba0736e78a465b9394bcd,"ETH above $1,900 on April 12?",crypto_price,2023-04-12 21:04:42+00:00,0
0xa886f6965a63750b75351a64a7cf253e076d1f48cc24bdf05afe6c20cd2a2626,MLB: Milwaukee Brewers vs. Kansas City Royals 2023-05-12,sports,2023-05-13 05:03:36+00:00,0
0x54046e971721c08e3977d0b8c19a4739998b7ff7de3cfe17a0c270ae318b7a98,Will Sam Altman testify before congress by May 31?,politics,2023-05-16 16:33:59+00:00,0
0x8c8d108a4d2c383ba2ba485853549d896c126e6269e1639acb426933ac1a47d1,MLB: Los Angeles Angels vs. Minnesota Twins 2023-05-20,sports,2023-05-21 07:17:46+00:00,0
0x76b103d6b472958a57f3a4596d8fea2fcd209ee2b14336c64aaa5af70867da43,Will U.S. inflation be greater than 0.3% from May to June 2023?,other,2023-07-12 16:32:02+00:00,0
0xb21ee8f3def9cd2d9fc05079fc354433354566e4ef87f0eed48a4c1058bed04c,Will Sumar win over 13.5% of votes in the 2023 Spanish general election?,politics,2023-08-01 08:17:36+00:00,0
0x66c29371a1a0fd0e25d91aa0e46602ff0f2233559decd9848d119020d32dac77,"ETH above $1,700 on Sep 1?",crypto_price,2023-09-01 18:01:18+00:00,0
0xbe35386cbf579a66314c91c3d921952abe2ec07c03a9384cad8f25fc4b690a6e,Vikings vs. Buccaneers,sports,2023-09-10 22:16:02+00:00,8
0xc82ae65f9c0c1bfb8948f8b48ad74b6634d8447755529efeb6dc0f8761ddf8f3,Will U.S. inflation be greater than 0.1% from August to September 2023?,other,2023-10-15 06:05:25+00:00,0
0x85a7bda1dff53dd3a6571af85418b6660dc1452f213929879c05c93267e6e4cb,"ETH above $1,700 on October 13?",crypto_price,2023-10-15 06:15:13+00:00,54
0xd3f1436fbbbbd499e39ca552bfe297577f9f7084df526f0d09bfff19604d2b9e,Hawks vs. Timberwolves,sports,2023-10-31 03:47:31+00:00,3
0xa6c263aa7ae52afbcfde40752e2b4aa924fbe0043445efb193e2cbf5fdcd1713,Suns vs. Timberwolves,sports,2023-11-16 06:32:07+00:00,0
0x23a8c070468592394f2364384f78195dcd809a20deda59647c1512c98e5b400f,US Congress approve more Ukraine aid in 2023?,politics,2024-01-01 07:30:59+00:00,474
0x90ca1227475d8ec24f8c65ae39543e6ec4aa061e47f1233ed2ac19421c61e3e0,Will Vivek Ramaswamy be the next major GOP presidential race dropout?,other,2024-01-16 07:45:39+00:00,22
0xf1403b0b84b9dfdaa5f5aafc89773e8437bdb7ee0897dbb6beb2cb8d25f61804,Will anyone else win the New Hampshire Republican Primary?,politics,2024-01-24 12:16:03+00:00,51
0xf850f3a3b5f2ae29b0184cbbb3a848fa7c4a0ff6c651ede891da86813e683581,"Super Bowl LVIII: Will Usher's first song of the Super Bowl LVIII Halftime Show be ""OMG""?",other,2024-02-12 05:17:55+00:00,90
0x44ef109508d816f18b4f4ad70e2aeb6e456334150323bbf7ef0cf9a50f9e6fd6,Bitcoin all time high today?,crypto_price,2024-03-05 07:04:08+00:00,187
0xd682b9b6cccd7e9691ceb2a48ca641386e0f053d7976fa51d4ff0581ba1a2dc2,"Will Nick White say ""modular"" at least 10 times during the debate?",other,2024-03-07 23:47:35+00:00,14
0x1aa9e1f73b14389c80fa1d73dc556362b44a5ba93d848e4cd79a5c5bf4437e78,NCAAB: UConn Huskies vs. San Diego State Aztecs 2024-03-28,sports,2024-03-29 03:45:02+00:00,38
0x8e8e955c2335e3ed5c9c7986d1562a76fd4b747fafc057be95b4deff3c2d84ea,"Bitcoin above $70,000 on April 5?",crypto_price,2024-04-05 18:03:36+00:00,211
0x75d85612d7a5b533dca8cf3488ebee63e20611fd858f7cd49e55371cf6972139,[Single Markets] Will Caleb Williams be taken with the 2nd pick in the 2024 NFL Draft?,sports,2024-04-26 02:30:58+00:00,6
0x3ee1f677f4835ae8867d54fb9107eba01ffba1d5baa32485389566fd60f6d021,NVIDIA flips Apple in market cap by April 30?,other,2024-04-30 22:40:53+00:00,293
0x25c698987a1021d6cc0ec4a0300d9e2134226bdfefac242b2a1b455e2980c3eb,"Will Joe Biden be President of the United States on June 1, 2024?",politics,2024-06-01 23:37:25.031855+00:00,55
0x67c1441ab1ef8594025cc12cc3080f3584f16f4af1355b94c7652a9ab422c626,Drake's secret daughter confirmed by May 31?,other,2024-06-02 01:15:15+00:00,35
0x65805e37d6c891808a44064013a0c80babf87010fe6e69204b17381fd0761fdd,[Single Market] Will Tim Scott win the 2024 Republican presidential nomination?,politics,2024-07-16 09:19:49+00:00,22
0xd2305d288dc8a4f218ddbfd6c86ae1ef59b95bd349259bf99f3632df35329a42,Will Biden address the nation on Friday?,other,2024-07-25 07:03:26+00:00,23
0x9ff39e66816dc7ee09b042c3ebfc0c4e21c49eb8ffcee8db37f4017fe3cc6376,"Will Trump post ""Crypto"" on final night of DNC?",crypto_price,2024-08-23 08:10:58+00:00,12
0x3cef65c46ec2ec35f980ed19e0e708418b742e83cdb2062024a8c1ed3ea825c6,Will the Chargers win by 4 or more points?,other,2024-09-09 01:09:45+00:00,4
0x738c79e012e08d18967c3b31497b25126e64803e72003911e9d054ab8a27c06c,Will there be 676-700 points scored NFL week 1?,sports,2024-09-10 04:37:53+00:00,33
0xb5a87e2a85485cec85d30ff72e8353eb5242cadc2e19093c2d75622e7d4a3667,Will Carlos Sainz win the Azerbaijan Grand Prix?,other,2024-09-15 19:39:36+00:00,89
0x31aea122fb715103e124a4063e075f3bb8647c832ef14d8ea8445ad9bc7cf78d,Will Poland win the 2024 Women's Chess Olympiad?,other,2024-09-23 00:02:18+00:00,248
0x78a7474c36777e1913c2582782b377fab77d242d8429a0353e4e712086d37845,"Will Donald Trump say ""unrealized"" during his Georgia speech?",other,2024-09-24 19:35:52+00:00,133
0x8589b3cf750f7496e1c82b11f8e96a5c1350aaafb0d4f792f6bcdd623d8f4175,"Will Donald Trump say ""liquid gold"" during his North Carolina speech?",other,2024-09-25 20:12:26+00:00,138
0x866397d7ee17ee170af26a45293139d82a37abd1335a75729b44aab8a4edb7ea,Will Texas A&M beat Arkansas?,other,2024-09-29 01:23:56+00:00,84
0xc100d4e229c7ab1320edf2c9abc624146edd2fc131197e2e7c960967b75619a1,Dolphins vs. Titans - Will there be 38 or more combined points scored?,sports,2024-10-01 05:31:34+00:00,31
0xff078d33765d535dc094403078875d3e5217943500434a047708911b13d02319,Longshoremen east coast strike by Oct 1?,other,2024-10-01 16:01:22+00:00,432
0x5a216d876a9b8cf737e0ae89c7b668b1e4b2b3d5f0efa394dd74b45f056ef09f,"Will Trump say ""Iran"" during Michigan rally?",other,2024-10-03 21:52:22+00:00,90
0xb6edcff4574e034cb1d8a6557e21f000ce9ea3bf4928ec6f607f52d71bff4c37,Kamala Harris calls on Eric Adams to resign by Friday?,other,2024-10-05 06:09:19+00:00,174
0xb30e40f884e3e6adac6751b994f8704d15917aa64bdfe03f705026724686d795,Will Boise St. beat Hawaii by 21 or more points?,other,2024-10-13 08:44:52+00:00,13
0x6575cae21cb68bf8b2fff31569d3f79b00980b2c07a9916423e10688478a87b0,Will Davante Adams be traded before the deadline?,other,2024-10-15 19:14:29+00:00,314
0xa2b40f5ab3f1d647c0252206ded2577a27242ae97841fc7532ba78afeed23fb5,Will Fuad Noman win the 2024 Belo Horizonte mayoral election?,politics,2024-10-28 04:36:22+00:00,179
0xff5f61bd2d5522549b203694503903a1d65b21436e2736077e88d3faff35bfc7,"Will Trump say ""Mars"" during Virginia rally on Nov 2?",other,2024-11-03 01:33:01+00:00,364
0xc2157b1017b8c8db3d96207d01736a5517ff90cb6ae041d2425e228537f66d64,Will Bitboy be the biggest winner of The House Poker Night? ,other,2024-11-04 23:10:46+00:00,163
0xe1285e2e2a93cb3d0e52e43851ec9bbefac5b6b16eb87874fcb22d65cdbc63d5,"Will Trump say ""crypto"" or ""Bitcoin"" during Pittsburgh rally on Nov 4?",crypto_price,2024-11-05 04:47:22+00:00,583
0x55f8995a52478c39481ebb7b9c9cb78c2ca69871c226e9404f55aa0b59a1e920,Will Kamala go on Joe Rogan before election?,politics,2024-11-05 07:43:03+00:00,6829
0xd213fa648c38060809b5c68276b0481d995b759ba61751b55932ff17ec26dc7f,Bulls vs. Mavericks,sports,2024-11-07 06:24:04+00:00,366
0x3c6f3b8b79981f140a4d788920fc16f6281dd25d54a5f57e8b288dddd76f0325,Heat vs. Suns,sports,2024-11-07 06:39:18+00:00,401
0x9c277635b6fa1d204b35512927e6192dbd3969abba2ca96d2a89e86aceb912df,Will Manchester United beat PAOK?,other,2024-11-08 01:06:00+00:00,279
0x82ac15a395cc46e6da7fc8a4137461dbcd6df9a390f916acc808952bde561714,Will Elon tweet 475-499 times November 1-8?,other,2024-11-08 20:17:40+00:00,411
0x47ae26645cc7d8df99be59bf00895499c254362609186159f96cb90b42bba3fb,Will Spurs win on 2024-11-10?,other,2024-11-10 19:43:57+00:00,461
0xa11d53e4ec744bc1d510f5d3efe3bb440e5d3099a683a6230b769fce932302d9,Broncos vs. Chiefs,sports,2024-11-10 22:56:07+00:00,2040
0x2d52fc0545deb6ce823efacfac6654a2500151ec12f3a6a291cad9dea863dcf0,76ers vs. Magic,sports,2024-11-16 04:47:04+00:00,1573
0x4b6a1e557768d6c3bde603108b91fed63984ec1e089789fa2cfc948a3bf4c84b,Will Trump nominate Casey Means for CDC Director?,other,2024-11-23 04:10:27+00:00,3
0xdd95d7e22fd8c9ef5d61285b4ed31aa84e8fdf35192db24d8e7d8938ed4747dd,Will Trump nominate Howard Lutnick for Treasury Secretary?,other,2024-11-23 04:40:41+00:00,3693
0x7813c945b4a28216cebd22f0e2c440d4f2c556d4d13d6bbb33bae16942a21e18,Will Everton vs. Brentford end in a draw?,sports,2024-11-23 20:13:09+00:00,123
0xa429d010a7306ffe6b6f6eb93b8bf2d3453f80cdea495c9bae1c6400aeb36544,Will $GOAT be listed first on Coinbase?,other,2024-12-03 23:08:02+00:00,702
0x4b32ae22d0d4ff4c1f82608961263c5a15cb234e83fda15adf2df6a82c94c9b7,Will RFK Jr. win 6-7% of the popular vote?,politics,2024-12-18 00:36:56+00:00,1814
0xab19e050c070553c6084923c67fee2a6550575be4217772c3b3cf25248b4296e,Will Elon tweet less than 300 times Dec 13-20?,other,2024-12-19 01:58:28+00:00,1284
0x933514d3e67410761ec765fbd88122fd33d00c1e1639f2928db83e7933fd92e8,Will the fight end in Round 12?,other,2024-12-22 03:08:18+00:00,92
0x2548472c15f8256f1f336ae2087dc55f5bf47d04ea2c4822d1dd04c3a3c74de2,Will Everton win on 2024-12-22?,other,2024-12-22 19:11:22+00:00,225
0xd380e26f8265723ed69245bba11c05272d5f103476f398f143f856c575b71f70,Will the next US Speaker be elected in one ballot?,other,2025-01-03 23:27:49+00:00,498
0x41108820db7de8af976888de83273d1cd746fa5723d4a9ef17af6d668f762c38,Will the Cardinals beat the 49ers by 5 or more points?,other,2025-01-06 03:07:54+00:00,5
0xc6d4cfd78499cdab7ab85cde28c8f55b887abd7d3ac6fe6d4432a516d82470bd,Will Justin Jefferson be the top Fantasy Flex Player?,other,2025-01-06 09:37:14+00:00,2121
0xdf9addae6abba8b6e669f9e7442661a8ef7c24780536209099ddc4c71478260a,Magic vs. Knicks,sports,2025-01-07 04:58:55+00:00,1796
0xedd0c933b474474e36ab130aec6384a101b6db0baa2cc3147f4631fbc32f5880,Timberwolves vs. Magic,sports,2025-01-10 04:34:00+00:00,2025
0xd971abf6d25fb08d4386846f314b57f33e09f3cf8a1327de3c731f6d29b837cf,Will the December 2024 temperature increase be between 1.25-1.29°C?,other,2025-01-10 19:37:31+00:00,4148
0xefc8a0ea71afec1134b92b5d4857fba92db3b25d2f86a7b69bd9f4ac921896e6,Will Andrew Tate tweet 70-79 times Jan 10-17?,other,2025-01-12 22:38:08+00:00,143
0x1c96657bdf186bbb440bbedb8c2ed81072f0781371a8ee047b9ed2e61e40b991,Sunset wildfire burns 1k or more acres by Sunday?,other,2025-01-13 10:11:11+00:00,196
0xa6ebc40f6af57f852efa51471096282da88d800c5a5d2f91b2055446d89c796b,Will Shou Chew attend presidential inauguration?,other,2025-01-20 22:05:14+00:00,202
0x30bfdf43660b1f4f86e5ef5b08e47aa9ac0453fa539231f7747e3709c52d768d,Will the match between Union St.-Gilloise and Braga end in a draw?,sports,2025-01-24 01:09:47+00:00,15
0x8d52fed4ae101977e7807fe97c503bb0124c8a9947e02dd8507b3191bf220d87,"Ethereum above $3,400 on January 24?",crypto_price,2025-01-24 19:04:53+00:00,10000
0x470abdb4a16e381fc1174bd1c884c6706440ba0b9bf3cdbed613d5642d6ec65a,Will ICE detain 400-499 people on January 28?,other,2025-01-28 21:30:19+00:00,8
0x57c36aa795bf272c8811492be0609e8a3c796ceadfbd84f25028208133504acc,Will Inter Milan advance to the Round of 16 in the 2024-25 UEFA Champions League?,sports,2025-01-30 01:08:26+00:00,15
0xe4c2aeaf542ec16d15a5a240976b80d4bce0e9bec015b2fbb3db9232f6f01596,Magic vs. Jazz,sports,2025-02-02 02:37:25+00:00,1250
0x2f303e073acb1e136fe353f5623c9a310d45857674d58a59e8c9e5dfe238734b,Will Tottenham win on 2025-02-02?,other,2025-02-02 19:13:50+00:00,384
0x771e4ea8a6395f4f979cfeba0ccf2eebf64e7e70068bb08a330329afa53f7cb6,Will Ja’Marr Chase win NFL Offensive Player of the Year?,sports,2025-02-07 06:39:09+00:00,443
0x3eb6f3df3c71ff7825612af938d6667d5dab4a12b89d95f4846a782b15d37586,Will Kanye tweet less than 40 times on February 7?,other,2025-02-08 01:07:49+00:00,48
0x75a0b543663706d2fbb71f2300b03af60db6ec31861d1f3693cf0f8b11e1fbf4,Will Snoop Dogg perform during Super Bowl LIX halftime show?,other,2025-02-10 06:09:14+00:00,47
0xd9a5164dc45cc0c4081f476daab13c85305b535bce1114015dc7ee6e695fe673,Will Panagiotis Pikrammenos be next Greek President?,politics,2025-02-13 01:52:42+00:00,697
0xca501ff39ff8e2171af3e520b7fe1dbd9ef44c6b5957c8db0e3e6bcbb2912753,"Will Trump say ""Zelensky"" during his Thursday press conference?",other,2025-02-13 22:59:54+00:00,163
0x55dc069a2d5c3fba3b08c578e0ffebd4c382f0f5d55c2a64cc3d35e68983dd58,"Will Trump say ""DEI"" or ""Diversity, Equity, and Inclusion"" times during his Thursday press conference?",other,2025-02-13 23:46:00+00:00,54
0xf1f68f8726c496661aa48560424dda3203b709fb76abb79c29aa16d4eb8911fc,Will Celtic win the UEFA Champions League?,sports,2025-02-19 02:29:36+00:00,10000
0x33cb0e22f491253f0463df81d189064525d62892a30a604d87d0a43eed14eea6,Will Liverpool vs. Newcastle end in a draw?,sports,2025-02-27 03:13:05+00:00,140
0xfdca258a08620616a1241e921e8dd841317f08e148676f86a2a74bb3b2c2d05f,Will Donald Trump say Million 15+ times during his presser with Starmer on Feb 27?,other,2025-02-27 23:20:51+00:00,31
0x519c5b1c70793249af25406e0773fea8a8601bc33d23604222fad2ee34aa7960,Will Trump post 180-199 times on Truth Feb 21-28?,other,2025-02-28 22:19:24+00:00,1477
0xd44693da480fc6e613f152da332dedca79748a1402c7f92674c1ef65fa593233,"Will Donald Trump say ""US"" or ""United States"" 10+ times during his presser with Zelenskyy on Feb 28?",other,2025-03-01 04:04:30+00:00,116
0xf9700d2d3ae459e4467729f092fb0543b305d9210d011f9b937d2f85c1519b4a,NATO article 5 before March?,other,2025-03-01 07:31:40+00:00,2509
0xec3919521b4d67a9c71acdc5e949331d6e74a792b633c46c1ce24adf59935cd3,Will Monica Barbaro win Best Supporting Actress at the 2025 Oscars?,other,2025-03-03 05:39:46+00:00,531
0xc8c3a48b7d211a641ba406513e7f43b0d4b0702243072d42d30aa1c3fcdb8e6f,Will the Milwaukee Bucks finish with the worst regular season record?,other,2025-03-04 06:28:02+00:00,30
0xda39fecf7050cca32f2f180bff03be2d4d3bdf6ac0ae5e5ef35b27b8c1fccb28,Will FCSB vs. Lyon end in a draw?,sports,2025-03-06 23:04:09+00:00,87
0x698bbe719d06ff4edb5527035eafa7fd02f70d8fabc6fb989bb940d66593adec,Will Jack Dorsey attend the March 7 Crypto Summit?,crypto_price,2025-03-08 03:35:31+00:00,2
0x0f3151967bd5764334850108bf41e1aba99afac0f77252525b189b1801c20627,Manhattan vs. Iona,sports,2025-03-14 02:22:30+00:00,34
0x2181b6c4d303c15c35028fbeb8b3d1dce6cc30c5ad7d9f6324439c89c2968bb1,Will Everton vs. West Ham end in a draw?,sports,2025-03-15 20:13:42+00:00,153
0x1cd77b1a3fe90b69386d28a570c83fa7da5f38145433dc3156f8e5304fe8536f,China wins the most gold medals in 2025 Special Olympics?,sports,2025-03-16 02:33:33+00:00,433
0x6dcef9507ec0862f27825850bb87b4aa614cad1da2fb54c0470085a992f1ac0b,Raptors vs. Suns,sports,2025-03-18 06:45:11+00:00,723
0x30d84d573c6548dc3be569caed201b3552b0f5c3d2fb34d6c5221cfcbc99ffed,"Will Jerome Powell say ""Deport"" or ""Deportation"" during the March meeting?",other,2025-03-19 21:50:13+00:00,169
0xc4d72d6371640bce2124573a494cdf03b9b137bfe2cb9054491e7a0aaa3cf192,Favorite(Rockets) vs Underdog(Heat) Line: 4.5,sports,2025-03-22 04:30:59+00:00,0
0xceac549fe20a99bf49e2c02bfe14598bd5203fc3d9318a0e96baa6184cf88400,Over 226.5,sports,2025-03-24 03:49:08+00:00,0
0xafd9f14a318a102dd5ff4edd903636e5e2f6e7a53c08dde5cafa6f86a4451f37,Lightning vs. Golden Knights,sports,2025-03-24 05:21:47+00:00,559
0xc9ff8466e5d10951815f2556232f970dd5b19caeaab2966fa9ab33e9e7c31cfd,Over 217.5,sports,2025-03-25 03:44:54+00:00,0
0x8b43fbce2530e430101960630c1f31a9f88f4dce4bd6f84f89de929603a3d0ac,Spread: Bucks (-1.5),sports,2025-03-25 06:39:15+00:00,0
0x9dd3a5f2672f5fb29c0dc43fdcba393f712b80491477ab965fd85ad4409c85dd,Spread: 76ers (-0.5),sports,2025-03-27 03:19:18+00:00,0
0x13870722e28de133bde60d8a6ee0d445aaecc8ad5d5f2e2902a39d19c6ba4275,Over 229.5,sports,2025-03-28 06:25:32+00:00,0
0x0729bd71cec68cf4c25f260693f3196edb0c40cc13061f29bb340b04ebad555a,Over 211.5,sports,2025-03-29 03:49:51+00:00,0
0x6fcbc11c14af35387a5e8209188b414b88b359e9307b3945ef3bc0f369911e73,Canucks vs. Blue Jackets,sports,2025-03-29 04:34:05+00:00,772
0xcec74b811de1ceadd71cecbb838306ed7599593439451c11c67ee1173b2be367,Will another team win the BLAST Open Tournament,sports,2025-03-31 00:25:54+00:00,87
0x63d1ff1fbcfed390215dc36ad3f21214243b717fdbd3aee9578e5198e4b4e805,Over 223.5,sports,2025-03-31 03:49:49+00:00,0
0xff570ada60ce5ba1ac36a723758afafa3eab7f43c8a1fdf31bfd7673d01e8ad3,Over 211.5,sports,2025-04-01 03:28:32+00:00,0
0xf541ee22a9f375939dbecb4675e14077d9032e0d3350adabaa85a63edf2b395e,Fact Check: Luigi Mangione motivated by denied claims?,other,2025-04-01 13:23:07+00:00,1308
0x6e24e00014fed3efa57eeace6a69aa1acaad551ec45a4f6ee3ccfa344e01a341,Over 219.5,sports,2025-04-02 03:59:24+00:00,0
0xd542506e63b0d287ee16ce28ecae5c332ac1025892dc0b90678e62c61ec40bc0,CBC: UCF vs. Cincinnati,sports,2025-04-04 06:36:21+00:00,3
0x430639fd8d3fbb999f190f36e23e1a99353d5f213365edbe2fc30bb67ba0e72a,Osbourne vs. Gurule,sports,2025-04-06 04:43:54+00:00,79
0xb4aee7df4acdd780c404e1bd78d57eba25aabe0bddbc80895c12fb5675c9bcd2,Will the highest temperature in NYC be between 53-54°F on April 6?,other,2025-04-06 23:47:01+00:00,7
0x11652fcea1b2b6d6d168f273a08284b6a2282a74ae4e68bc93b0697969cfa9f9,Wizards vs Celtics,sports,2025-04-07 02:10:29+00:00,0
0x3f5000aed894092406fda41d153360e472aae1afc953971a80af010e2fda14fe,"Will Trump say ""Iron dome"" or ""Missile defense shield"" during Netanyahu events today?",other,2025-04-08 06:59:14+00:00,12
0xa3781251fd3d05b98f734b934dfca74948fa860af09864d6c3326cb9af949758,Over 221.5,sports,2025-04-09 04:34:01+00:00,0
0xfb9e11b721d1c484a08f15e2f831c5f8623abd1d9f3614a3e2adde83729fb41d,Spread: 76ers (-3.5),sports,2025-04-10 03:35:45+00:00,0
0x8d5ae7c71bece130bd4cacab98ad4c430526b95e949e144616017cf79efba813,Spread: Bulls (-5.5),sports,2025-04-10 04:24:18+00:00,0
0xb2d3bbacfcac245144189e111cc0b33f0e22e2d6402a78980a410f76c8712585,Philadelphia Phillies vs. St. Louis Cardinals,sports,2025-04-12 05:24:04+00:00,41
0x1889dc9cf1b21678c38dd307b4341aced2798c3216a448b7045cbca7c0bc438f,Will Liverpool finish in the top 4 of EPL?,other,2025-04-13 17:52:35+00:00,2607
0x226afe41e2ff3de6f7500dfb19eafd984637f91717dadc413daa63848902ecc8,Over 212.5,sports,2025-04-13 21:47:39+00:00,0
0x9a8b87774003f8f7baa8eb668c75facb8f1a445ba28dea116f8a825ba9149991,Over 233.5,sports,2025-04-13 23:50:29+00:00,0
0x7b5bb9d85642197390ad4b9a7c50aca533fb4238892a13b817207fe1581f660c,"Will Trump say ""Judge"" during Bukele visit on April 14?",other,2025-04-15 08:22:23+00:00,108
0xa961395d5e25242aed9393ceb88a11a4e5e6903c3403f28477b5c36a9b0a87a4,Will the Pistons beat the Knicks 4-0?,other,2025-04-20 04:50:21+00:00,6
0xcacaa6c1c518b003561da6145685df2d12fcee2e5bba995d5990f64668d0ec1b,Will 'Sinners' gross between $27-32m on opening weekend?,other,2025-04-21 23:27:19+00:00,195
0x78c2c9e85c77b55904781dbcb1d508693de617ca4de33a0b4b82eb0dc257b1f4,Over 224.5,sports,2025-04-22 04:19:08+00:00,0
0xb8c5f6485801577c293d0a8fbabaa8657853defd2bd5d09c2a65db9cb8b90ab9,Will the highest temperature in London be between 54-55°F on April 24?,other,2025-04-24 16:55:56+00:00,117
0x65f6f17dd935682a8b80d2e4f63a4510c0cb57a141c5a132da012d84c2d7241b,NFL Draft: 1. Ward 2. Hunter 3. Carter 4. Campbell ,sports,2025-04-25 04:43:10+00:00,53
0x809a8718c910ad2a783ac93bf5aee5086f5be6b3da3b6fb9278e069ec078c399,Will Travis Hunter not be drafted?,other,2025-04-25 05:17:43+00:00,81
0x9d84821a6c8b45fcd9dad9f50f1b0fc6cb76de7a68d7686bfefba697c32a6375,Will Bitcoin reach $95k in April?,crypto_price,2025-04-25 17:09:10+00:00,5362
0x9b693077f8694f935f87901c5615bd62e853b3851a17140d82b666c96fa55d42,Over 227.5,sports,2025-04-26 04:34:13+00:00,0
0xf40411639bec683955dd9cba25c29caff39a565ebf96479f33d3367e525ecf69,Capitals vs. Canadiens,sports,2025-04-28 04:48:37+00:00,668
0x55d9667231171e8ecd6b52606fa8d1d95efc5de865df99da8d05b4b14f2a2fb0,Will the Conservatives win between 160-169 seats in the next Canadian Election?,politics,2025-04-30 15:46:36+00:00,498
0xd4a425cb501dfa835871cc2fe9b24e3901dfe29b834c26f455e7397baee773f9,Spread: Clippers (-11.5),sports,2025-05-02 06:42:00+00:00,0
0x39784e4086893ef99e03d8821b6dbe8356c76f1ec7416cd23ba851c0fbae9040,Will Fulham finish in the top 4 of EPL?,other,2025-05-03 16:44:18+00:00,386
0x88794d6920186eaa5a50de4758c9a5be9483660d17bf82d29037d05086d82f09,Will Everton win on 2025-05-03?,other,2025-05-03 20:31:28+00:00,430
0xf9e6c08c93512fc878645b15eb2f01b903d3239dbf95185d40ea04111f6701b1,Will another party win the most seats in the next Australian parliamentary election?,politics,2025-05-03 21:26:34+00:00,2837
0x340b5156c5c4f4501717bd8a567ea55f709be60464fa8c25b45d69f4b8906e40,Will Team Liquid win the BLAST Slam III Tournament?,sports,2025-05-07 21:58:08+00:00,9
0xaac0ee2a1edcfe3b19b0277aec437e6d114ee2e8356eba924f2db2434a763ce8,Will Ethereum reach $2400 in May?,crypto_price,2025-05-09 12:02:19+00:00,780
0x5465b1a344123c907b64672225755cfcf088f4be729f4c759832704194661f1a,Dodgers vs. Diamondbacks,sports,2025-05-12 03:19:12+00:00,173
0xdc6c0573a8ab6ddd4b30350c9c5e2315fbe113e6c97cdfcc3688cbf506ddd4b4,Will Tommy Fleetwood win the 2025 Truist Championship?,other,2025-05-12 03:30:12+00:00,8
0x974dae96f13e85cdad52aef50928d7895ba33684ce0688ed4f9f7089551fda7c,Will Sweden qualify for the Eurovision 2025 grand final?,other,2025-05-14 01:00:30+00:00,935
0x78196e93a430cdfccec5f883475290ca2e75cde7637736327cd12e528abfee2c,"Will Trump say ""Historic"" during Gulf Leaders Summit on May 14?",other,2025-05-14 12:51:13+00:00,27
0x9ecf829853599f011fa3609df3959dbdc074f4a26f1907fff369c8164ca9b9cd,Will the Chicago Bears be the Detroit Lions' Thanksgiving game opponent?,other,2025-05-15 13:09:47+00:00,10
0x90b7fc3c05f3b0683e4c6be052b95af8a40fb48d9ebb1c98db77fcb80aff1362,"Will Trump say ""Slavery"" this week?",other,2025-05-17 08:37:57+00:00,65
0xe6344d172fb779bc6c832429e5e68b6ee0c3d2c87f9ac66472d9ce21b5333aea,Nationals vs. Orioles,sports,2025-05-18 03:05:43+00:00,297
0x503ac7572f083a615ca7f7663fcdffae6b0812d883e2b2ccf5005c3a67378ce1,Will Portugal finish in the 2025 Eurovision top 10?,other,2025-05-18 03:40:32+00:00,460
0x25c64f4b5fef9494eee776207a56b59094f869ced28ffdcf4ce0e844408b673d,Will ropz achieve a 2.00 rating or above in the group stage of the 2025 IEM Dallas CS2 Tournament?,sports,2025-05-22 08:27:55+00:00,0
0xd892aa2b057892d5a77ae25811a71ed4fc3d05403d7dbdc82f9df2e1e6434b95,Will the price of Ethereum be less than $2500 on May 23 at 5 PM ET?,crypto_price,2025-05-24 02:01:11+00:00,225
0x558e8f79a2c5cfa266a8494d024e6f55b244d3047c7e3fe3320c192821c024d2,Will the highest temperature in New York City be between 67–68°F on May 25?,other,2025-05-26 08:15:20+00:00,86
0xd6711ec7f58268598444798e71ffa790fc7315fc0f0db79c967d4aba6afd1f7b,Blue Jays vs. Rangers,sports,2025-05-28 04:52:47+00:00,220
0x8418d94c54d24fa959693ec33f4e390a101fb40ad15501d12853c0f3e97040cb,Will Fartcoin dip to $0.85 before June?,other,2025-06-01 06:03:47+00:00,174
0x577bb55351ad30e64241cc04876f7635760f7bef043d5d152a2f2e2325612669,Will the highest temperature in London be between 64-65°F on June 1?,other,2025-06-01 13:38:59+00:00,23
0x7e2925209794e9d18b004cdfa6ab896cffa5b1874701c6afdee9be2b56ebb0d3,Will the highest temperature in New York City be 68°F or below on June 2?,other,2025-06-02 21:05:51+00:00,170
0x8b65d135d448c66c7945f925ca4fe85dbb6a9f300f8c63bb7537a5b8b35d14f3,Will Kim Kyong-soo win 2nd place in the South Korean presidential election?,politics,2025-06-04 01:55:59+00:00,312
0x7fc407da1f2a409580da481f08616600bd97b7d9f8338a78f55e52859747f389,CS2: BLAST.tv Austin Major: Chinggis Warriors vs. Lynn Vision,sports,2025-06-05 22:56:35+00:00,34
0xc37b4190bbb34b8f718b15fcba5d2ec2a62eeba30397c81d145d4e557487dcfe,BLAST.tv Austin Major stage 2: MIBR vs. Nemiga,sports,2025-06-08 01:35:51+00:00,47
0xe8ced7ac58e7abc0abd6922240c60a7c558ebdb2f650b64cb0768af3d3ef0bc1,"Bitcoin Up or Down - June 8, 2 AM ET",crypto_price,2025-06-08 09:03:49+00:00,122
0x01313cde7aecb28d9670dbd9b711383a2a1e81e9842ea445506e133bb08de638,Will MrBeast's next video get 45m or more views on day 1?,other,2025-06-08 19:12:53+00:00,698
0xb83f13c0cc3c285cabe5695398ab2534ce18b9debd483f9aba12318dda4a9444,Will Robert MacIntyre win the 2025 RBC Canadian Open?,other,2025-06-09 01:57:16+00:00,37
0xd0ba157295a80808ba9fbe6db897686b33363766a2a8beea76263b8ce1b13ad5,Will Bitcoin reach $110K in June?,crypto_price,2025-06-09 23:31:09+00:00,2059
0x18e06cb20c1e9b86ad474900bf546475623b0e963d8835962ed4ea8bce874667,Will Donald Trump sign an executive order on June 12?,other,2025-06-13 00:04:39+00:00,172
0x65bca99602b0abf9f652b6bf9500750f129058d8218404074f79dbd707b985fb,Padres vs. Diamondbacks,sports,2025-06-16 00:59:07+00:00,381
0x32b45d949becc85ca75b5e2f4df6f8153775f4d1b63825466ad8b179ae596c4e,"Ethereum Up or Down - June 15, 8 PM ET",crypto_price,2025-06-16 03:08:08+00:00,71
0xa80724de7c293b3d82954a05c816e3164417e808a7227f235241c0ba16f3e66c,Giants vs. Dodgers,sports,2025-06-16 03:43:44+00:00,506
0xb98c939e0e69e8b96033db31df714231207893dc4165c431beeca42ea6211874,"Bitcoin Up or Down - June 16, 4 PM ET",crypto_price,2025-06-16 23:08:40+00:00,478
0x9afde8a519e24850ac8647aaf2f1340f05d6cb37d78e1de099529ab4993da2a7,Brewers vs. Twins,sports,2025-06-21 23:02:57+00:00,507
0x270a9d91f65758aa5768b2a0cb7b1c78fde68429b39ba8ba7c605d5a3c4d91f3,Will Grand Grey win the 2025 Queen Elizabeth II Jubilee Stakes?,other,2025-06-22 07:42:40+00:00,3
0xc7d027284a854a566084add21af809d03db911d5ff8afd75510f2b29f0de4159,Will Lucas Glover win the 2025 Travelers Championship?,other,2025-06-23 01:53:29+00:00,18
0xa4aac661579f5b842cd3028333344e0e55843313a94005d3a178adc0a560a421,"Bitcoin Up or Down - June 23, 5PM ET",crypto_price,2025-06-24 00:03:31+00:00,871
0x79c8b7457116e04a733521cca2da5b653b15a9bca411398f540f65d162754f02,Will the price of Bitcoin be greater than $106K on June 25 at 5PM ET?,crypto_price,2025-06-26 00:21:42+00:00,657
0x6238c1190960c0e49f96389d8d55d1aec6f84ad10a2b293c399e676a0b2ea47e,"Solana Up or Down - June 26, 10PM ET",crypto_price,2025-06-27 05:15:52+00:00,30
0xc99a8d1341b03f4d68441dab91c396e248a85b56a20e2f7790b754fa05be5cf4,Will the highest temperature in New York City be between 73-74°F on June 27?,other,2025-06-28 08:01:02+00:00,17
0x6dc15d1806e0507c5bc52a8825e0f1dbb766c4abeb851ce690c825106997c177,"XRP Up or Down - June 29, 6AM ET",crypto_price,2025-06-29 13:04:46+00:00,115
0x5fcc3e624339419a2541f5b9b8152a60f6f7000588b00a4f8c1b4e2df8d3188b,Dogecoin all time high by June 30?,other,2025-07-01 08:49:23+00:00,1512
0x29215c4b01499042ed50883909285089efef479e6f4e9fa8c8f7811a0ad8f9cd,Comey jailed before July?,other,2025-07-02 00:55:26+00:00,529
0xf0c01e0733309624efc34a0adeb6997ae0aad707055acafd660e5d66c075abf1,Reds vs. Red Sox,sports,2025-07-03 07:48:45+00:00,346
0x1875716a2d5ceab211dc4bba32a01951ac4b710c7ed89f988a92b63e61797acf,Israel x Hamas ceasefire by Friday?,other,2025-07-05 06:10:44+00:00,2226
0x94f50b02bf671307cf5ab18a825ee83942e276eca3ba773be5d8664293df2985,Trump x Zelenskyy talk before August?,other,2025-07-05 12:22:19+00:00,196
0xcf7427fc3973bc556a0bc7bbbf00b95c394611327a66a5f41657b9f7a8cbbad2,Will Andrea Kimi Antonelli finish in 3rd place at the 2025 F1 British Grand Prix?,sports,2025-07-06 22:45:05+00:00,10
0x4672b11e6cb3e2c56177f3c54ba39717d9903f818748e950e7f37eac0c59b071,"Solana Up or Down - July 6, 6PM ET",crypto_price,2025-07-07 00:13:13+00:00,68
0x0ed0d4d3086009e9ebfbb7df6686dee15855bebe2a64d809a1e909957150fbff,Will the price of Ethereum be greater than $2600 on July 7 at 5PM ET?,crypto_price,2025-07-08 00:14:09+00:00,338
0x638b2d9cb564386b2905425ffa4113ff0b67982c809ccef10c4d7eb561b763e6,"Solana Up or Down - July 9, 10AM ET",crypto_price,2025-07-09 16:00:13+00:00,181
0x6bbfd4e0829f8aa1aa1e9eb8a9eaba0d8daab309cb615f6d3155378af75c144a,"Ethereum Up or Down - July 11, 1AM ET",crypto_price,2025-07-11 07:00:50+00:00,127
0x6f27f6862551b45782486dd3ad28fa8f8d29159e6e321e30d17c7bf33aed133e,Will Andrew Putnam win the 2025 Genesis Scottish Open?,other,2025-07-11 21:45:22+00:00,3
0xe6261277e1d83780643c7f4dd0229ee4c7e8fb65e35d2e76bd9e37b0d5848a53,"Ethereum Up or Down - July 12, 6PM ET",crypto_price,2025-07-13 00:00:58+00:00,307
0x59b5ef68f2025f5f9a349581be50bb95cd02863e52838da5cd84167ef45cd050,Hornets vs. 76ers,sports,2025-07-13 01:51:31+00:00,148
0xc08eda40bf1ab684b80afe90800f72cd752554cca015b3476cce7a398586c857,"Ethereum Up or Down - July 13, 2AM ET",crypto_price,2025-07-13 08:00:10+00:00,124
0x23e6ce6274f8468a30a579a36a79739bdbcff99017485ef9c1a05678a67f1f47,Will the highest temperature in London be between 77-78°F on July 13?,other,2025-07-13 17:03:59+00:00,96
0x9db37a75dc60344ab1b9c07c80b08d09fcaa0d3cf9e6f1436af631358d33ea53,Will Cameron Tringale win the 2025 LIV Golf Andalucia tournament?,sports,2025-07-13 18:08:11+00:00,2
0xf06d67cd51f965670294b973af806e735a9ef8634496c888ec8a57a81e226934,"XRP Up or Down - July 17, 12AM ET",crypto_price,2025-07-17 06:00:10+00:00,47
0x1017fd76a1daf2bfa7b0482614e95b3cbb4ba696449b2bff6e0c2bfa152e5859,"Bitcoin Up or Down - July 19, 6PM ET",crypto_price,2025-07-20 00:02:12+00:00,870
0x92f4872b0459aa597161748d15ef4085c38eaec64bb4cb4da1863138287942c9,MLS: Will FC Dallas beat St. Louis City?,other,2025-07-20 05:44:57+00:00,20
0x1890f7a69da8c6d54645441a4d8cc3a26b0edafc43472b83b49b6f4325797d08,Will Luciano Darderi win the 2025 Nordea Open?,other,2025-07-20 17:25:47+00:00,39
0xcd21bc2bd9fce8ef6b92e331249b95a89b5aa510b504e9793c06a6b70eb685b9,"XRP Up or Down - July 21, 3AM ET",crypto_price,2025-07-21 09:04:27+00:00,377
0x899c55f2641c1e9d4caeb6ca0576e2c9eafbd40d64e0bcfe107bf19d375dd6c6,"Bitcoin Up or Down - July 22, 10PM ET",crypto_price,2025-07-23 04:10:07+00:00,880
0x6087a81a24277ad5ed9df9cb674ca7804bcd1501f996df12b733d74d86bd7727,"Bitcoin Up or Down - July 24, 12PM ET",crypto_price,2025-07-24 18:00:56+00:00,657
0x00434039ae51869190987f6a03bdc6f4424dd84aab22a946a62cfe5e78b2683b,Will Henrik Norlander be the first round leader at the 2025 PGA TOUR 3M Open?,other,2025-07-25 04:11:40+00:00,1
0xda071e9a5eca2121cd855875a02daaf4b3278345d0b9d61a7a162037724e8016,Will the highest temperature in London be between 78-79°F on July 25?,other,2025-07-26 02:36:21+00:00,157
0x715f84fcf7fe749ee90b613725b3eb39ef7afe9bb5267febca7a9533a10f9cab,Rockies vs. Orioles,sports,2025-07-27 03:45:24+00:00,469
0xa2eabb5b7db343f3dd45d7073a3199157e3a38c55874c67f29e8bc27366e36ae,"Bitcoin Up or Down - July 27, 2AM ET",crypto_price,2025-07-27 08:00:23+00:00,894
0x2cd590017329d0d054194a67c63d9fa3f448434bda13d2bd3009768819c657cc,F1 Belgian GP: Verstappen vs. Norris ,sports,2025-07-27 20:30:19+00:00,10
0xc00f5e711175651c047b4474abed0900c301dc6b4d4c90f57318f992ec80fb8d,Will Peter Uihlein win the 2025 LIV Golf UK tournament?,sports,2025-07-27 21:18:09+00:00,10
0x8272be11f201963b56a645079abdd9816b41e2accf7d04e0f6b8516deac290ba,Will Wade Ormsby win the 2025 LIV Golf UK tournament?,sports,2025-07-27 21:23:15+00:00,10
0xe182f8689737dc3137a295f03a5625fa337c32e0f99980a3e09cf926cb574a35,Will Alpine have the highest constructor score at the 2025 F1 Belgian Grand Prix?,sports,2025-07-27 21:34:55+00:00,597
0x8ec9c3b905a78047977707e4cc9c159b0f9b375b8144dd3a1c257839acb80be6,"Bitcoin Up or Down - July 28, 12AM ET",crypto_price,2025-07-28 06:02:03+00:00,1206
0xa9a84ede27f18c881f8e138206fa3ffe70245afe1d9a5933fa1f75cf826f4144,"Bitcoin Up or Down - July 28, 8AM ET",crypto_price,2025-07-28 14:00:34+00:00,1910
0xc029147b326906aca248598a30aaf0b29519599c75df65459a9f26f92c59feeb,"Bitcoin Up or Down - July 29, 12AM ET",crypto_price,2025-07-29 06:01:45+00:00,657
0x7037e9d87b1db5903dbd547ab9e4f8f580684c1b93e4940aea1d9ecbb18f5709,Will US GDP growth in Q2 2025 be between 3.0% and 3.5%?,other,2025-07-30 17:51:07+00:00,74
0x2299cf615e3a9977b841a70c2263b0042163cda3952442b27a4f5c95850782e0,Will Donald Trump sign an executive order on July 30?,other,2025-07-30 20:34:45+00:00,12
0xad937b2bd652a1bebd32819492a5037257939a2be91458f44543f80f9176344a,"Ethereum Up or Down - July 31, 2PM ET",crypto_price,2025-07-31 20:00:26+00:00,487
0x3f2469ead606800ec5f75b90d9b0fcd21044dea4c26746e6c355472e2187a1b9,ATP Toronto – Ruud vs. Borges ,sports,2025-07-31 23:16:56+00:00,0
0xf8b194a6f6410152b457dab787acb1f6b9a882ba57c1c1dfc2bafca796cd0a98,Will Nuno Borges win the 2025 ATP Toronto tournament?,sports,2025-08-01 00:22:26+00:00,1
0x88b2744bec34cec2e3d129c32a08bec21b6957e492bd5d0e58230e680542f5b6,Will Dogecoin dip to $0.08 in July?,crypto_price,2025-08-01 06:06:12+00:00,277
0xce4755aa01d260f4b2e3fef6fa501aba013d0a4ee74fdc346e4b8c9afccf4fbf,League of Legends: Natus Vincere vs. Karmine Corp,sports,2025-08-02 18:31:16+00:00,120
0x4004064dc8f0fcfe6c07961852ce4ddf99279b68441b76c18bb50d77d95263c6,UFC Fight Night: Taira and Rębecki,sports,2025-08-03 05:38:40+00:00,189
0xedc05d132a676f9d2ce924fe485c529a9f06e21d0eea96763c81d3b1ee9ceb3e,"Bitcoin Up or Down - August 6, 7AM ET",crypto_price,2025-08-06 13:00:35+00:00,554
0x140a6b0ff4ca405fcd7fe0303789c5f8da762c385721a4e43e7b9a65c1113cb7,Will Matteo Arnaldi win the 2025 ATP Cincinnati?,other,2025-08-07 21:15:43+00:00,2
0x124f375945c8416c0e2e681a6528a868b4acde5fafdffff58f841db7785ba497,"Bitcoin Up or Down - August 7, 4PM ET",crypto_price,2025-08-07 22:01:50+00:00,988
0x93317bbd26c133d3a28698c706fa051c8adcf5691b7179c861175a03a986b843,2025 July hottest on record?,other,2025-08-08 17:02:05+00:00,1319
0xd1c6d30dabbda503604780cfb2f2c1ce76611bc245f69a349d15ae7796199f6f,"XRP Up or Down - August 8, 3PM ET",crypto_price,2025-08-08 21:01:31+00:00,194
0x648ba82817b9e1f96ffa74a4195a304791c53920a1ddcbf7ebae80964ddf9ea3,Will Peyton Stearns win the 2025 WTA Cincinnati?,other,2025-08-10 03:12:27+00:00,2
0xf3b08b74b02f0945def9ff0e49a89a8ef9cd10263092fa3a6fd216b2ea477ec0,"Ethereum Up or Down - August 10, 2AM ET",crypto_price,2025-08-10 08:00:07+00:00,488
0xa4dfc7605cd7665efd5af6c5e072b93b8658ec5cc884995751d9ba812999dd63,Will monthly inflation increase by 0.0% or less in July?,other,2025-08-12 15:37:37+00:00,1792
0x6693435e9dfb8660742c0de5ddfca8f46350c219da98b8993b2ed9c726560838,Will a dozen eggs be between $3.50-3.75 in July?,other,2025-08-12 15:42:37+00:00,328
0x01b1eeaed21ce9829e5a0f25492cbb4bc086ff1e4bccba140d0925fbf6050dbd,Solana above $190 on August 13?,crypto_price,2025-08-13 18:01:08+00:00,146
0x9e34768511be7790421aaa5a1e339f5b6b739344ecc1dabb76f29a4c6441b040,Will the U.S. tariff rate on China be between 100% and 150% on August 15?,other,2025-08-15 19:11:08+00:00,2919
0x29af36a12f42fa752b648a3b452e8e067bd77889c96db8fab680011311835dea,Will the next MrBeast video be between 20 and 25 min?,other,2025-08-16 22:15:36+00:00,135
0xd5e46d1a5eaa5d2b16d5658907ca32d2ad9a4a0df0616a013ab07f8b1779b964,UFC 319: Will Chimaev win by decision?,sports,2025-08-17 07:56:04+00:00,310
0x2a597d680e0e82ca97b32070a2b0efe8c99e35b875c4ab37e6d56bd8432cf14a,Bitcoin above $117.3K on August 17 at 4AM ET?,crypto_price,2025-08-17 10:01:14+00:00,5
0x7d5e2c17719ae0a1dc6bd141b80ef3d2ded79a36f2a4635f304cb83ced746bde,Will the 2025 VGC Master's champion be from Japan?,other,2025-08-18 06:49:18+00:00,96
0x59aa5569e8762568721f1d315e5fd3b3af5f2667219bba21f77097f5713ef4e4,Will Paula Badosa win the 2025 US Open?,other,2025-08-22 05:11:57+00:00,118
0xd6f3c97d7d2483deed15ffa98c7b1e24cc6398ebfb71462e3017fc17f9cbe90e,Ethereum above $4700 on August 22?,crypto_price,2025-08-22 18:02:12+00:00,283
0xad1be1c9daf33fc73331910f0eb38f98ce0af5d434b50f6b03bf8925e7d9d7ba,"Solana Up or Down - August 22, 1PM ET",crypto_price,2025-08-22 19:01:10+00:00,175
0x0807fdc4e6b6411133bac474b424514bea3c9a2950b7950abe184442f1fe8cb7,"Will Powell say ""Labor"" 25+ times during Jackson Hole speech on August 22?",other,2025-08-23 06:25:33+00:00,132
0x45609b4fe121a675bda7bebd0f9a192ea5a756633a50cb254f57e954fa144add,Bills vs. Buccaneers,sports,2025-08-24 04:26:47+00:00,215
0x5ae5d614ed1d41fc596861f04fdb792927d8ebe2671106b8f010147126054875,Astros vs. Orioles,sports,2025-08-24 22:17:15+00:00,676
0x7c210eda30ab4a8b7fcf044d4cb2a059356aae54f6e788237e2fb591963262d5,"Ethereum Up or Down - August 25, 11AM ET",crypto_price,2025-08-25 17:05:47+00:00,384
0xae53df667abcdee01dd362ccf5d63aff26d797a037898d7dfc2142ddce47a282,Will Sofia Kenin win the 2025 US Open?,other,2025-08-27 00:22:05+00:00,110
0x50faad5e2e434f2205864e7695a8b7e4f491f7e89c65fe38dca35742d6f046d7,Ethereum above $3600 on August 27?,crypto_price,2025-08-27 18:08:25+00:00,33
0xb488e4c17bdd4796b77dcd39a94fc8ed230cfe6bf51ef6353e3e125b82591766,Will the price of Ethereum be between $4600 and $4700 on August 27 at 4PM ET?,crypto_price,2025-08-27 23:11:45+00:00,177
0x1d954eabcc8222bc59a14730110d8f5e01aab570760e3eecb6a118a6d095242e,Will the price of Bitcoin be above $111K on August 28 at 8PM ET?,crypto_price,2025-08-29 02:03:57+00:00,44
0xb6e5cd2f0746b96f1f29c9f7c4c3c7f3ea13c8d179573ffac3d13fcc87bbdef7,Euro Basket: Turkey vs Czech Republic,sports,2025-08-29 16:13:53+00:00,31
0xd3ff886317842cc93e5fd55c47240cf24df74bfe34db09dc476012aa85cc315c,Will Jasmine Paolini win the 2025 US Open?,other,2025-08-29 22:16:33+00:00,115
0x41ce04cfd1128da49e0b8919660c2e6713145c076ecda668e8c471772556815c,"Will the price of Ethereum be above $4,350 on August 30 at 4AM ET?",crypto_price,2025-08-30 10:08:31+00:00,0
0xbdd9f8ea7e94383ace5659ef0ecd83865039ad848ab0189fdd2c40ce117fa995,Will Carlos Sainz win the 2025 F1 Dutch Grand Prix pole?,sports,2025-08-30 20:16:07+00:00,111
0x3c097e07c70675efa6bfe45a1778bbcc8e419733dcf4c82fefdd4c934a7585e6,"Will the price of Ethereum be above $4,450 on August 30 at 4PM ET?",crypto_price,2025-08-30 22:10:45+00:00,1
0xd89b745f4cebe8c80cebb895d5116191e34c742175b38ccbfcd0286b493f6a94,Will Toulouse FC win on 2025-08-30?,other,2025-08-31 00:11:57+00:00,49
0x7644dda8c2de0a2e5b333aa72354bd2f35c5e1584c7999b59df31c4be5674380,"Will the price of Bitcoin be above $109,500 on August 30 at 8PM ET?",crypto_price,2025-08-31 02:08:24+00:00,1
0x3fdcc6f844576ee33a339f84a718aafc914fb1e9a66a3fc25abda6563883c680,"Will the price of Ethereum be above $4,525 on August 31 at 4PM ET?",crypto_price,2025-08-31 22:08:00+00:00,5
0x3ec2dbb3ac0dd4eaa5888ad9cf794a2996a04356e5f65b6e2035eb46034d0976,Spread: Mets (-1.5),sports,2025-08-31 22:26:08+00:00,1
0x102dd5d5c06b20a326b4f8af450e37cb4800ee09acb08373b55ae40185028ef0,Will Shane Lowry make the 2025 Europe Ryder Cup team?,other,2025-09-01 15:51:52+00:00,16
0xb3b8037d7ced924c9ddd11b8c13eb22805726e31e9ec9032bb3e99d24c4661ee,Solana Up or Down on September 1?,crypto_price,2025-09-01 18:06:58+00:00,521
0x231a4db4db40ef3f13f6a129a45b1eb7c55fc8d5437461a887f9e55db6b3f560,Will Coco Gauff win the 2025 US Open?,other,2025-09-01 22:48:39+00:00,265
0xd2fbe09b0bf571237346d46326d2073776032adfb5d0ec7d75a77e3f2f50f981,Will Rodrygo transfer to Al Hilal?,other,2025-09-02 05:18:19+00:00,70
0x374ab0b3a580acf9608190df28fa77fa229a6faf2b22d1221ef17959ea716521,Will the price of XRP be above $2.67 on September 2 at 12PM ET?,crypto_price,2025-09-02 18:06:58+00:00,0
0xfbd26260d8aade4a0bb7a31d57b67a4cbf9825f0fceee4a87cce86b906bd4f5e,"Will the price of Ethereum be above $4,200 on September 2 at 8PM ET?",crypto_price,2025-09-03 02:07:02+00:00,1
0xbc2bacf3981d76508c58c434497de0c3fa77d3ce58b5e22a70c489eb9adf12ac,"Will Trump say ""Natural Gas"" or ""Nord Stream"" during events with Polish president on September 3?",politics,2025-09-03 19:59:12+00:00,83
0x83a2c5fabcda1464e4687fab3b4ce697218a2f1a7037f28eb0a2b96ba52f25e0,Will the price of Solana be above $202 on September 3 at 8PM ET?,crypto_price,2025-09-04 02:14:02+00:00,1
0x05116815eeccac10a816d61732ad135321afcd0ddc5119e19da5b5f7ba706a4d,"Will the price of Ethereum be above $4,350 on September 4 at 8AM ET?",crypto_price,2025-09-04 14:11:28+00:00,40
0x847bce55af9f2aa926ca5bf6df19a8f79c48407972d2e86ef24aa00cb8ad1a8e,Spread: Eagles (-8.5),sports,2025-09-05 06:21:36+00:00,28
0x2e9f25e664af8e80d897b9b9bf3ea0eefcef8eceb85d7beb2e0731abde14aeb3,NRFI: Nationals vs. Cubs,sports,2025-09-05 21:30:04+00:00,2
0x70c4f402162a37fc466ca321629d16af95b30011b50c1cd3825ac67c00f933ee,BLAST Open: FaZe vs. G2,sports,2025-09-05 22:33:04+00:00,291
0xfc73e0a1f80604ca03eca61df3fa24636e58f5f39319c0d35015f567f3f47e6a,"Bitcoin Up or Down - September 5, 5PM ET",crypto_price,2025-09-05 23:02:12+00:00,2441
0x748c23fc9632633484ad68a057669812dc2abbfcb23fc11112f2d46c02bcdb18,Will the price of XRP be above $2.79 on September 5 at 8PM ET?,crypto_price,2025-09-06 02:02:52+00:00,1
0x6c077b88b09e4f82e6742ee0fa07775e6c558ab5518d43f31a87e659e74350c3,Will the price of XRP be above $2.82 on September 6 at 12AM ET?,crypto_price,2025-09-06 06:16:02+00:00,6
0xc6226cae3d040325c0746b02c3637e62e5aca491fba76831da806ec6b6387086,Will the price of XRP be above $2.73 on September 6 at 12PM ET?,crypto_price,2025-09-06 18:06:08+00:00,1
0xb9947455200ed59fc65f8ed3ea7a1e9f75d26d81531e5adf2e51a49c7c902965,Will the highest temperature in London be between 74-75°F on September 6?,other,2025-09-07 02:48:16+00:00,84
0x74c2287c2d3205cc2de3519d04c9c837705f982cfa22cf942873a37589ee0ecb,"Will ""Elisa"" win the 2025 Golden Lion?",other,2025-09-07 06:05:02+00:00,3
0x8284dfa4872bc7e68a597abd7333ee9d3a1696b7ad8a5ac9b48c8c8d549bb002,"Will Elon Musk post 0-29 tweets on September 6, 2025?",other,2025-09-07 07:14:06+00:00,49
0x31920747a008a69e3cbc3182cfa4e4a68a4a70b4cc16c80cb715e08d96bbd9fd,Will the price of XRP be above $2.91 on September 7 at 4AM ET?,crypto_price,2025-09-07 10:03:40+00:00,1
0x67dc017f5fd2060fc572d65e40a9ceb382e63dab142c7867608126f8eeea31e8,"Will Trump say ""God"" 10+ times during Museum of the Bible speech on September 8?",other,2025-09-08 18:11:00+00:00,139
0xc0412085ed37a0548b6b7b717cd2b35e173c28371f9758e18c925e9dc431d97b,"Ethereum Up or Down - September 9, 4AM ET",crypto_price,2025-09-09 10:11:32+00:00,558
0x5673b7c92ba30398951d8b9f30f6f872bf61d75449e82508fc6fb08d4f170ed4,"Will the price of Bitcoin be above $114,500 on September 9 at 8AM ET?",crypto_price,2025-09-09 14:17:08+00:00,4
0xbf7469b7772d177c8dc35aa6ec1318068681f04fc390bf438cf45e09b44a6e69,Will the price of XRP be above $2.85 on September 9 at 8PM ET?,crypto_price,2025-09-10 02:14:32+00:00,0
0x16062459eb5e191e6abd23d904e50d3cf0426fef83581bcebf37690552c73915,Will the price of XRP be less than $2.88 on September 10 at 4PM ET?,crypto_price,2025-09-10 23:22:03+00:00,5
0x228b90d7b8071ee6c901255a6f03d12e3254af54742b06016e575ca80188dc65,"Will the price of Bitcoin be between $114,000 and $114,500 on September 11 at 4AM ET?",crypto_price,2025-09-11 11:14:11+00:00,0
0x526ea6e0457a655e46b5b9db77df6422506ad7322587c1b6c29e36ff3d2059ec,"Bitcoin Up or Down - September 11, 9AM ET",crypto_price,2025-09-11 15:11:01+00:00,2136
0x822d6ac5adf30b9fb1d1c65b4f2fa7af125a0e818a25e3d62170e8e2f53860d7,Will the price of XRP be between $2.97 and $3.00 on September 11 at 12PM ET?,crypto_price,2025-09-11 19:11:57+00:00,15
0x676e19db8f63bff87fb051b7673269379057e63fd08015f93e398ccd7c67a9da,Will the price of Solana be above $236 on September 11 at 4PM ET?,crypto_price,2025-09-11 22:05:49+00:00,0
0xb2d4086f1fc9a97cca31b8ce218ad9a814726abc787ed29ee20fce9fdb7d4daa,"Will Trump say ""Washington"" or ""DC"" during Fox & Friends appearance on September 12?",other,2025-09-12 14:23:01+00:00,22
0x4de11e78ea639f4ff7f503fd09e220266c7ae81313902105eaf90860988ff01a,"Solana Up or Down - September 12, 2PM ET",crypto_price,2025-09-12 20:01:33+00:00,200
0x8e90334ccb3eb099a8af87e7a6560347298364f987345525cdb56bb9e0fb0607,Will the price of XRP be between $3.00 and $3.03 on September 12 at 8PM ET?,crypto_price,2025-09-13 03:19:05+00:00,1
0x0ef21856fed7260bd4a06fd322613e61d1d4bdeb517e3b439e1eeaa32b88e0da,"Will the price of Bitcoin be between $116,000 and $116,500 on September 13 at 12AM ET?",crypto_price,2025-09-13 07:25:17+00:00,49
0x6588bb418190279facdfe8eef4cec29010f86bff539ab8c9cb3a348f1701c3a7,Will the price of Solana be above $248 on September 13 at 4AM ET?,crypto_price,2025-09-13 10:12:41+00:00,0
0x297f4528342a54554b07a21051acc9673f0f21313951646a2b49c4266b478427,Will the price of XRP be above $2.94 on September 13 at 4AM ET?,crypto_price,2025-09-13 10:15:43+00:00,0
0xd7b1ffad969c30e8a068d29c7ab87843aa122b80f398a73f4c7e3afb54064eba,"Will the price of Ethereum be above $4,775 on September 13 at 4PM ET?",crypto_price,2025-09-13 22:04:02+00:00,1
0xba9449525331c726bc7dec0dc6210638e55c88b51bc3ecf7b5c5f038075ab271,Rays vs. Cubs,sports,2025-09-13 23:04:34+00:00,637
0x855b7b2b55e6d74ced90622faf86f261ec14758a5957e4f2c54eea3763a9585e,"Will the price of Bitcoin be between $115,500 and $116,000 on September 14 at 4PM ET?",crypto_price,2025-09-14 23:12:24+00:00,244
0x70b4e7a4bb8f9403d292c662196e40fce3669932a026cba0b2a03d9f3e8aae9d,Will The Penguin win the Emmy for Outstanding Limited or Anthology Series?,other,2025-09-15 06:06:28+00:00,244
0x5be26e3aeb5095828e7b03fe7b53446fc96ca5ca69f2893e93e5879913e510f8,"Will ""Downton Abbey"" Opening Weekend Box Office be between $26m and $29m?",other,2025-09-15 22:05:54+00:00,118
0x405b9a307b1678859a1fe1636645bddb08ddbe1559edf23ba5b550b12da1413f,"Will the price of Ethereum be above $3,800 on September 16?",crypto_price,2025-09-16 18:21:06+00:00,20
0x24f237144f4808fa6e023e185e06ae5fdf9e817084ce3846f8154f8c232ab941,Will Aziaha James win WNBA Rookie of the Year?,other,2025-09-16 18:22:48+00:00,49
0x29a03bfb6fb1a7e4e505c83769edf49a1171e065f440443edc313e851ea76551,Will Dylad Beard win 110m Hurdles Men at 2025 World Athletics Championships?,other,2025-09-16 20:13:24+00:00,1
0xd9c18894be6a38c28f0eb889345af9fbf438afd97a52531509eff0128ec27931,Korea Open: Diana Shnaider vs Catherine McNally,sports,2025-09-17 11:40:38+00:00,381
0xf72cf2066b3665ef86ffda268181935262133e3c765cc7c3ecbb668e724e71eb,Will another person win 1500m Men at 2025 World Athletics Championships?,other,2025-09-17 17:16:38+00:00,4
0x611c64f70105464f9ccbb2a16cf1069c24945174f9c456178997d7365f94a381,Will the price of XRP be between $2.90 and $3.00 on September 17?,crypto_price,2025-09-17 19:34:30+00:00,28
0x5596a7d203a6f519048106804997423597f7f7950dce1e376050eb4895ee943c,"Ethereum Up or Down - September 17, 4:45PM-5:00PM ET",crypto_price,2025-09-17 21:00:40+00:00,16
0xc810fb81a59b8c0e2d027e0f2c8d0fd5ecdb6475e6bf6ed8446310dd2f31d3cd,Will CA River Plate vs. SE Palmeiras end in a draw?,sports,2025-09-18 05:46:18+00:00,18
0xe2e758fbc6c2b9505ef7e860953031f40041b2a96e29d3a86bf9ad3cfab5f17c,Will the price of XRP be between $3.18 and $3.21 on September 18 at 4AM ET?,crypto_price,2025-09-18 11:16:06+00:00,0
0x99ca4488f5e86b719e63b81689be9103398286d7ee1f22eaadbecd1db6ac728b,"Ethereum Up or Down - September 18, 10AM ET",crypto_price,2025-09-18 16:01:08+00:00,859
0x5f6997060aad5cee0a307e9b45a853b1c8cc982f2615aa9220e98be164a35f15,Cleveland Guardians vs. Detroit Tigers: O/U 7.5,sports,2025-09-18 22:17:00+00:00,12
0x3d31908dc16da31a2cecda3ff72cab4396efc7d48038f5ee85fd2e47536568c4,Will the price of XRP be greater than $3.24 on September 18 at 8PM ET?,crypto_price,2025-09-19 03:19:40+00:00,1
0xbb413b3084f1c27bf1417f9e4895023ccf7307c4cb5ebdc4efd0944c16c341e0,CS: Venom vs CYBERSHOKE,sports,2025-09-19 13:40:18+00:00,6
0x7a5549bb6abd3db23eb9c068f71c25464e8527acd43caefde323139b18c52b44,"Bitcoin Up or Down - September 19, 12:45PM-1:00PM ET",crypto_price,2025-09-19 17:00:38+00:00,68
0xd6266a3d3b0344dccae91b513eb1c7ac1eef489b141da7d9c7cb1a3abbfa8734,Will the price of XRP be above $3.15 on September 19 at 4PM ET?,crypto_price,2025-09-19 22:20:18+00:00,1
0xd3aef17541afa241267bebc5d0d3782de404413db9bbb4d927d08b3ff637533d,"Ethereum Up or Down - September 19, 7PM ET",crypto_price,2025-09-20 01:16:18+00:00,922
0x9d58c0705480a82a21b397e4cdc2564ce57f3620ad6e0bbe0fe91fe8f13b1443,"Will the price of Ethereum be less than $4,375 on September 20 at 8PM ET?",crypto_price,2025-09-21 03:16:54+00:00,2
0x4705a6a5666f32db5786074cb7a06ca83f2f8624da1f1acf08bec79e12e82984,Will Colorado Rapids SC win on 2025-09-20?,other,2025-09-21 05:57:04+00:00,11
0x34caccd5e224be4d8613c79cddb14d98acd099456e548455143af27e0444e4dd,Will the price of Solana be between $242 and $244 on September 21 at 12AM ET?,crypto_price,2025-09-21 07:16:56+00:00,0
0xdb08b06f3a727cb37a42d2d21179d944adb443dbf9c0fc2e2fd2128fb94695e4,Will the price of Solana be above $234 on September 21 at 8AM ET?,crypto_price,2025-09-21 14:09:44+00:00,0
0xe67947e8001d503834d8c5c6efc15c1dbd616cf135adc709062fc0a1e334c9b7,"Will the price of Bitcoin be greater than $118,000 on September 21 at 8AM ET?",crypto_price,2025-09-21 15:31:32+00:00,0
0x93a0894e964c4748bce019bfb556944b560361176d968570c754e3f009cc8886,F1 Azerbaijan GP: Alonso vs. Stroll,sports,2025-09-21 18:15:32+00:00,10
0xb3f6cdb97da934696a1153ae7a35589b7aeeff3bcd1d81549bac79d01b86642d,"Solana Up or Down - September 22, 6AM ET",crypto_price,2025-09-22 12:09:24+00:00,686
0x57840401d294020762c4983306f51b62a20b23d0bd9cded7f4a00c2ea8eb7617,"Will Trump say ""Crypto"" or ""Bitcoin"" during address to UN General Assembly on September 23?",crypto_price,2025-09-23 17:11:12+00:00,408
0x2ea0c6fdee305a4dd774973a939a0e82dbdc9cb49949a841e0ce245249da95fe,"Will the price of Bitcoin be above $112,500 on September 23 at 4PM ET?",crypto_price,2025-09-23 22:16:11+00:00,12
0xd815b8c6ef5467973a34feb22e88b89b1c5845ed51b5e81a694508effaf07fd7,Will Andy Fernandez win AZ-7 Special Election?,politics,2025-09-24 09:29:41+00:00,71
0x00af93de0dda11f5d04585b6485a40825f453e1884c39e4d1376b5437ec0a812,"Will the price of Bitcoin be between $111,000 and $111,500 on September 24 at 4AM ET?",crypto_price,2025-09-24 11:16:39+00:00,0
0x811a630c540394f73caa92926dcc77393dc2dce30a023f88c9d74af5103886c4,China Open: Miomir Kecmanovic vs Jakub Mensik,sports,2025-09-26 07:12:09+00:00,49
0x209e06b2653493b728ebf34c7492781ee761cf2a5eca4d7d63045d23cc92dec3,"Will Netanyahu say ""Palau"" or ""Paraguay"" or ""Hungary"" during address to UN General Assembly on Sept 26?",other,2025-09-26 15:57:33+00:00,37
0x17753aaa50d61f7f0dc2fc83269c3735bb3dff86fdbdd93d444dae8ea4352434,Will the price of Solana be above $190 on September 26 at 12PM ET?,crypto_price,2025-09-26 18:19:23+00:00,0
0x3713be44278003e66beebc247117e9379b314efebbda7300e0deac0c8c355d31,"Ethereum Up or Down - September 27, 9AM ET",crypto_price,2025-09-27 15:00:07+00:00,922
0x4a8ea5f824635250673c056584dc145f65f903745b08f7a34db91a6c33234f18,Will Getafe win on 2025-09-27?,other,2025-09-27 17:15:09+00:00,243
0x7d1cf2199b3b3999a6d5dc279b7a9a8c7c80d22cbbe53df9e6bf69f6b2bb7fcb,"Will the price of Ethereum be above $4,200 on September 27?",crypto_price,2025-09-27 18:13:47+00:00,64
0xa16e4eea7a0487dbc9dc52cc8caef5b2ede0f51f378800d3a1cb6a8c0dc9e49b,"Bitcoin Up or Down - September 28, 5:15AM-5:30AM ET",crypto_price,2025-09-28 09:31:15+00:00,83
0x6a23523612a73244eaceaf27c2ac428feb811680aa39671f196194d3776e12c4,"Ethereum Up or Down - September 28, 7:45PM-8:00PM ET",crypto_price,2025-09-29 00:00:41+00:00,62
0xd077dfd7b4dd3c3acb2cd47d1402736cbba3f90bdb50e02b43db13e6f957c8b2,Will CA River Plate vs. CD Riestra end in a draw?,sports,2025-09-29 02:13:21+00:00,18
0xf0768a44aabb6dfb7007d87a9d1884365f33b54c1ba19a53865303aa7d26943a,Will Juan Soto lead the MLB in RBI's?,sports,2025-09-29 02:47:49+00:00,93
0xd452f17613267b41c7df2779d88d2bd2a956d8609e845bfd574c430807e54952,Will the price of Solana be above $210 on September 29?,crypto_price,2025-09-29 18:20:53+00:00,134
0x20d7f0f2d5f10169a85114405b27b989f3df9e1cbccb9b10273613b3ee97d7b5,"Ethereum Up or Down - September 29, 4:00PM-4:15PM ET",crypto_price,2025-09-29 20:15:39+00:00,49
0x1b6c0ca0b3d73bb16214a139395f52dd100de6e821c5fc42b230f2290c0e6e27,"Will the price of Ethereum be above $4,400 on September 30?",crypto_price,2025-09-30 18:20:23+00:00,113
0xad38998c061e7d89a3859c2dfc0e69232767ff2f634d77bc84be255181fdf225,"Bitcoin Up or Down - September 30, 4:30PM-4:45PM ET",crypto_price,2025-09-30 20:45:37+00:00,73
0xf25ab1bd1dbe208414e64e8efeea7ca7c1ad0bc7ce02f1a95fd19546fb74fcdd,"XRP Up or Down - September 30, 4PM ET",crypto_price,2025-09-30 22:07:57+00:00,297
0xf077d895d645e5d31864c4d2369031c26f7132957b02fdc080570cd57f33f70c,Will Newcastle United win on 2025-10-01?,other,2025-10-01 21:51:31+00:00,1332
0xd15fe58b254aad0db7365bdc4911c9a56a18b6a0ea5b1ac00554e11ff8a0d479,Blonde Broker vs. JennaX,sports,2025-10-01 22:05:37+00:00,14
0x6b901a6ce9f006def63273e39da2dc96a7bdd0b26388c7dcd7ab62e37e0fbf4f,"Bitcoin Up or Down - October 1, 9PM ET",crypto_price,2025-10-02 03:06:37+00:00,2324
0xaf0dfcaf673b9a3a77573345af803a9a743f1c4ec38e0284775933fdd9de9ecc,Dota 2: Execration vs BOOM Esports (BO3),sports,2025-10-03 15:33:50+00:00,0
0x2355d8cf4c374f6b73df5cd5370c86ddbde1e1a9ddc3176f83a7c3fdd2da709e,"Will Elon Musk post 380-399 tweets from September 26 to October 3, 2025?",other,2025-10-03 19:24:36+00:00,728
0x9dfd0141b1d164e59f134013e33dc547b7e667a4ed18f902d1d506b8baaa8b1b,Will FC Metz vs. Olympique de Marseille end in a draw?,sports,2025-10-04 20:06:04+00:00,71
0xd64f8f05070c562066f67f17cee8d2044ce2709506025f661f6c3b838726fb81,Ohio vs. Ball State,sports,2025-10-04 21:43:28+00:00,97
0x731d8d0847e13440807bd5a37f928f46ebd1d9d0ebcd65473e77235144d83a7b,Will Isack Hadjar win the 2025 F1 Singapore Grand Prix?,sports,2025-10-05 20:10:57+00:00,172
0xa04663056049631155f584c232495e7bba3555931e3a5eb632889f645607f472,Lecornu  out as French PM by October 31?,other,2025-10-06 10:00:59+00:00,294
0x683b18d16402c42bc1b1f19c27cb374260264afd4680a0069c157904e49795a3,"Bitcoin Up or Down - October 6, 12:30PM-12:45PM ET",crypto_price,2025-10-06 16:46:06+00:00,127
0x44f063af85a69b7f5da15e23a68ed9c0e93ff506393bb073cf6634e1f1cb3679,"""The Smashing Machine"" Rotten Tomatoes score is 77 or above?",other,2025-10-06 17:19:16+00:00,5
0x8b4ac36171896c756c7f4ca358dcabc8e9ca189b10721fff6a565c6133cc72a7,Counter-Strike: Nomads vs Kaleido Gaming - Map 1 Winner,sports,2025-10-06 18:23:08+00:00,0
0x7f05975aed845d5b01bc7e1812c07adaaa8840984fcaf8f3d5be76b9cb20aee7,Counter-Strike: Sharks vs Crashers (BO3),sports,2025-10-07 06:21:08+00:00,0
0x121941c19838e9af6359f4bd230023090ecc9bdde7bcb85c129f3113af35b96e,"Bitcoin Up or Down - October 7, 2:30AM-2:45AM ET",crypto_price,2025-10-07 06:45:40+00:00,248
0x4ef4f94882bad05729c36aa3ee81e10cc58eff33bda3f6b3174b16c61d228d22,"Will the announcers say ""Punt"" 15+ times during Chiefs vs Jaguars game? (October 6)",sports,2025-10-07 17:20:06+00:00,3
0xf5dc2044940c1ffa9a08fdec855cf734ec34bfffaba4124a425269f67e60b0cf,LoL: Disguised vs Estral Esports (BO5),sports,2025-10-07 23:18:48+00:00,8
0x39e89cf15ed7b31a506421eff1cde1b0a3bf24a845a5877b3f0a4d5d62b86403,"Ethereum Up or Down - October 8, 5:30AM-5:45AM ET",crypto_price,2025-10-08 09:46:22+00:00,130
0x190fe717fdb1efdcff7e0ed80397aec6b9c9c479e8b7e87fc76bed9a77549f23,"Ethereum Up or Down - October 8, 8:00AM-8:15AM ET",crypto_price,2025-10-08 12:15:40+00:00,108
0x0d4dfc87b272db718ba9dbf145d0cb51a246b037659891bf5635973b66adcac4,"Will the price of Bitcoin be between $124,000 and $126,000 on October 8?",crypto_price,2025-10-08 19:22:41+00:00,277
0xfdb217f3f4e15b32f00b42f4385749b867282c809b174c3cc8fa192901c871e8,Will Ghana win on 2025-10-08?,other,2025-10-08 22:09:18+00:00,107
0xb3c6cc803938829021ea26ca44a481fabe0bfa23d4e7a8db4b048de216d1dd66,Will Rasmus Hojgaard lead after Round 1 of the Baycurrent Classic 2025?,other,2025-10-09 08:11:15+00:00,0
0x5084f8d643efb8e3b6106a8984245479e766216c2a13dafbb113592811ac67d2,Will Liechtenstein win on 2025-10-10?,other,2025-10-10 19:22:28+00:00,132
0xb2f26f646f755358612232c32b1764f9f8f5feaae11643625227ec4502a39220,"Bitcoin Up or Down - October 11, 2AM ET",crypto_price,2025-10-11 08:04:52+00:00,3219
0xd83541cec6d14a4fae6ad73c9734b5d03731f252ce4a47ec32818b85529d3885,"Bitcoin Up or Down - October 12, 7:00AM-7:15AM ET",crypto_price,2025-10-12 11:15:37+00:00,249
0x399c9049b3d6d9e65c90013de8bc5d9d997b0b7f56a99842c0bb24504f6547e2,"Will Bitcoin reach $130,000 October 6-12?",crypto_price,2025-10-13 06:13:25+00:00,255
0x183437908cc43b560a45d03a0de9e6b61c4c66ede49debc6fff44dbe8055b65d,Will Trump visit Israel by October 15?,other,2025-10-13 09:06:53+00:00,1397
0xdddaf949481bb66e698ead0a2b7aec8f4fc3739b08e353de9e3aac68fb9cf18b,Will the price of Solana be above $220 on October 13?,crypto_price,2025-10-13 18:20:47+00:00,99
0x3d1b1ed5203ff1f16ed95d0017c3227a06addd8b2faff6374fa25bf0c3036f7a,"Will the price of Ethereum be between $4,400 and $4,500 on October 13?",crypto_price,2025-10-13 19:25:15+00:00,65
0x6ba1fbb2976f3755f9864e9b977e97e27e5e55ab97621833c640868e01c6db5f,"Will Trump say ""Smart"" or ""High IQ"" during Egypt summit?",other,2025-10-13 19:56:35+00:00,92
0xc33b5232962affbb89e96b7c792cd2ac7ae45e2391af6810a1b597f8f7943afb,"Will ""Tron: Ares"" Opening Weekend Box Office be between 40m and 44m?",other,2025-10-14 00:33:39+00:00,61
0x39a83c1f5828cf8fde3e14bac91a5b921bb5eacf944ef5db023b95949dc09306,Will “The Woman in Cabin 10” be the top global Netflix movie this week?,other,2025-10-14 22:14:45+00:00,159
0x85c6281b07c63328562b71eab7a9e39363a26c20982573bb5428743a1c3dbdd7,"Ethereum Up or Down - October 14, 10:30PM-10:45PM ET",crypto_price,2025-10-15 02:45:37+00:00,80
0x72d32b5eca582124c6cc832e001111b3afa3e005d4dd1c508995c1392e250a06,Spread: Los Angeles Dodgers (-1.5),sports,2025-10-15 05:06:29+00:00,58
0x98d4c9d8520a1742d07896f7470dda961d313517e22966215b6b79c7aa093050,Will Altrincham FC win on 2025-10-14?,other,2025-10-15 07:34:03+00:00,3
0x67dc2b57f4b67a66308561c49c168b5f74e6ac8f276dc1f60cac5f0c07e171ad,"Bitcoin Up or Down - October 15, 4:00AM-4:15AM ET",crypto_price,2025-10-15 08:15:37+00:00,307
0xc454f6a981ece883752d52ef391b550dfd2096e01220a858667885f9cc3b4a78,Ningbo Open: Belinda Bencic vs Yulia Starodubtseva,sports,2025-10-15 10:43:13+00:00,103
0x091a315d4403f937390f5de3802f073330d51cd31716fa3f9bdb236acfb3e227,Dota 2: Yakutou Brothers vs Team Aureus (BO1),sports,2025-10-15 20:47:51+00:00,24
0xdb0614201a443c473e7496460a9a5866d2b833c9388a20b94bd18e2b5d300f8b,South Park: Trump x Satan baby is male?,other,2025-10-16 08:42:59+00:00,94
0xfafbae277bf34468d80d3af6c311b245bbfa748dfd69db37f8d665f40a917c9a,"Will Trump say ""Million"" or ""Billion"" or ""Trillion"" 10+ times during announcement today?",other,2025-10-16 22:44:07+00:00,81
0x01f39938bcf67dc7773f3fe349332bf52a90383c630dff2473e4e2250f0c05f1,"Bitcoin Up or Down - October 16, 9:30PM-9:45PM ET",crypto_price,2025-10-17 01:45:37+00:00,237
0xbcce266ee449183b70d7f5a2f9952b50ee09bc26e14e93843882434d4274fbb9,"Bitcoin Up or Down - October 17, 11:30AM-11:45AM ET",crypto_price,2025-10-17 15:45:36+00:00,520
0x66f6179420f56ea1328dab2e644e8a97ea7166e589ab4a091c6a2b9deb6d0ebf,Will the price of XRP be between $2.90 and $3.00 on October 17?,crypto_price,2025-10-17 19:17:16+00:00,4
0xf87a8d40b0af0145105a8dc9ebafc3f5d6939a8e0ebd0d045bdabbd012cb5f16,"Will Trump say ""Eight Wars"" or ""Nine Wars"" during events with the President of Ukraine on October 17?",politics,2025-10-17 20:02:56+00:00,136
0x52f5cbe747b428de3344080ea786c2aa3a12eb45a7826db382f022ed00e2d8b4,Saski Baskonia vs. Partizan,sports,2025-10-17 23:03:58+00:00,31
0xee6f7cf8737fe91f39cc78bd38ceeff32d2fecb108de823e10f18b60b91d2576,Will the Dodgers beat the Brewers 4-3,other,2025-10-18 06:29:34+00:00,9
0xbc59df2b8bdfdb7b458bb5fedace2235bc4f2a0b47a75c7970b2bfbc6afcec9e,San Jose State vs. Utah State,sports,2025-10-18 06:36:54+00:00,883
0x4d1c5971ca25e26086af86c14e4f90acf5144397c5fb6185494bdc19ce4ec974,Will the price of XRP be above $2.50 on October 18?,crypto_price,2025-10-18 18:18:44+00:00,17
0x5460b1030879565f49a01dbd91895e1ca32890ae520f34a6d00de5b9553ceee3,O/U 55.5,other,2025-10-19 05:18:09+00:00,0
0xe6b87b182abc7032813e9f11f2ee975e8d8f8c2ff92c0ecde461b2c23ab3e3be,Will the price of XRP be between $2.30 and $2.40 on October 20?,crypto_price,2025-10-20 19:31:19+00:00,48
0xdb84cf019b92fc6475d399a27a52ac2f118106277dcc83ccb4459dde343bc2ab,Will Red Bull Bragantino win on 2025-10-20?,other,2025-10-21 03:10:52+00:00,112
0x2fb00af02dbec1133265220024f44426daf72a3cb6c2193e7ce9c5462f01ecc0,Ducks vs. Predators: O/U 5.5,sports,2025-10-22 04:08:44+00:00,18
0x472c6041d6cd8925eedb1bbed9a31acba647a95cf1c2fc8cd547ac3dbdbf3a37,Ducks vs. Predators: O/U 6.5,sports,2025-10-22 04:34:49+00:00,14
0xb644394db5ca29f6383fcd47dd69bd671315d6fcb49724d89a56aa5c5fd96d49,FC Bayern München vs. Club Brugge KV: O/U 3.5,sports,2025-10-22 23:44:53+00:00,139
0x81c43ac52a257b54489f4548900c3e43044bf7ae9828a12a2f3ab8e9b887d938,"Ethereum Up or Down - October 22, 8:00PM-8:15PM ET",crypto_price,2025-10-23 00:15:37+00:00,285
0xd5db74a5df666ece85f35f483fdd3756df56085aaa7790448d5c92a4301e8605,"XRP Up or Down - October 23, 9AM ET",crypto_price,2025-10-23 15:05:45+00:00,486
0x5d4ba1050c763dbba6908a742716c61d211bc4fa527b647a44636eefe30fb680,Counter-Strike: Nemiga vs Sangal (BO3),sports,2025-10-23 18:51:43+00:00,17
0x8fc9468d77c99a62654865b595f9e550eb533b12f3f71c380d06aab066526053,"Will the price of Ethereum be between $4,100 and $4,200 on October 23?",crypto_price,2025-10-23 19:32:51+00:00,10
0x4b2af8b442ca6b0c819d7e43f8c37137adae102c47e6ab1d1cafd6068db245c5,Will the price of XRP be above $1.80 on October 24?,crypto_price,2025-10-24 18:08:38+00:00,89
0x8851f60826e5d607efb1e07a1951d1986b9553bab518a96e4edb57e27abbd308,Erste Bank Open: Corentin Moutet vs Lorenzo Musetti,sports,2025-10-24 22:15:20+00:00,306
0x8a4b52d53e65b6667ff3eed771f6e7f156daf01eecc6e9a63c40fe2edf14f876,Spread: Leeds United (-0.5),other,2025-10-24 23:08:46+00:00,43
0x875032dfe4aaed054a902a79388d77d3e8d0c3fbde39056785833f84c1376e0f,"Solana Up or Down - October 25, 1AM ET",crypto_price,2025-10-25 07:00:33+00:00,618
0x7ff214a09c933216513083509afff3b32da50a7dce944a23f513d536200af2e0,Spread: Cincinnati (-4.5),other,2025-10-26 01:38:13+00:00,22
0x21061b4a5fbd6e7b61518ab2a3a2fa1d93a6c4301b6b10a07c17a4a74e9d9f61,Will JEF United Ichihara Chiba win on 2025-10-26?,other,2025-10-26 10:20:25+00:00,17
0x1dad68e1a8e4b9b883e0633c0cdcb38de21cd2dbf1b7aeaf40ae2b3d9d54a90d,Will Alpine have the highest constructor score at the 2025 F1 Mexican Grand Prix?,sports,2025-10-27 03:24:33+00:00,39
0x2eeea24389627fc6f5b48b30af5049a7c52645869b6ab436cebe69730ce1a88a,"Bitcoin Up or Down - October 27, 1AM ET",crypto_price,2025-10-27 07:09:13+00:00,2693
0xf64774c8a8fc118d438eb2e99257544f7ef1cd3a4704c606621ada7ca552a848,"XRP Up or Down - October 27, 6PM ET",crypto_price,2025-10-28 00:03:45+00:00,639
0x16102d8d96e73793c0cae02db13847d517bf682c17e98dc0a55e082e790bf540,Will Sebastian Korda win the 2025 Rolex Paris Masters Men’s Singles Tournament,sports,2025-10-28 03:08:21+00:00,1
0x6a7d0cc8a8989c08d279c7cdb136a6398fd4ef932b4450ba69a9125d0cc8ea1e,"Bitcoin Up or Down - October 29, 2AM ET",crypto_price,2025-10-29 08:08:33+00:00,2720
0xd55bf07738499d76678014b60a1b21927493753f92d374c46427be5dc8817483,AS Roma vs. Parma: Both Teams to Score,sports,2025-10-29 21:25:39+00:00,7
0xcb2e9aef292f09acde1de0d9a5e00c5f8b8a987a2e97d461a4137f67c35fc3a4,"Solana Up or Down - October 29, 11:15PM-11:30PM ET",crypto_price,2025-10-30 03:30:37+00:00,84
0x30f49d7325b725cb35af0c1b9b9ea78cc1bb2e275df097444f48b56cab7540c2,Bank of Japan increases interest rates by 50+ bps after October 2025 meeting?,other,2025-10-30 06:26:01+00:00,679
0x5b292427c9fc6b9eed13e3967243bff750c74ca9ba40e2ce79a6a2e447f25c17,"Ethereum Up or Down - October 30, 12:00AM-4:00AM ET",crypto_price,2025-10-30 08:00:37+00:00,50
0x4d18b2f5a4070d164a3862dfb87cae588180ba75d04f167e27d4ed12a1b2a3a3,"Will Microsoft say ""M365 / Microsoft 365"" during earnings call?",other,2025-10-30 18:24:59+00:00,14
0x16951aa850461bb4a1804c1d6f98af83a791da752223aeb1160df3e2657b36bc,"Solana Up or Down - October 30, 10PM ET",crypto_price,2025-10-31 04:02:29+00:00,272
0xd48cb6c8ca661c117e8cd7228afbfc118d505e796593e4434c28315bbc5d1737,"Will Coinbase say ""Crypto Winter"" during earnings call?",crypto_price,2025-10-31 10:20:00+00:00,4
0x916d15ccf7f9d3cdf719fd80b6a6325e61007746fc300d59b8f62c1a8d6ca80a,US strikes Iran by October 31?,other,2025-11-01 06:25:08+00:00,1615
0x3518034ead9a64340624a0d5a415e6d23cb26e5b012f43dfd102f3063a1e2da0,Will Elon Musk post 1320-1359 tweets in October 2025?,other,2025-11-01 07:29:18+00:00,146
0x5d9ea03ebe6c0dcb232c57ce15b3d6506b2057e7c4488c32e74e7a2388a66d06,"Bitcoin Up or Down - November 1, 8AM ET",crypto_price,2025-11-01 14:10:21+00:00,3391
0xfce628147c93aeed3a9e250817c854f9fc6d87b1f68721711d57128f332aad01,Sheffield United FC vs. Derby County FC: Both Teams to Score,sports,2025-11-01 19:01:20+00:00,4
0x109a8897f322f53aaac152bf6eeb12cc803f96e6798456e9b874020fdb84a9fe,Will Buxton FC win on 2025-11-01?,other,2025-11-02 01:49:18+00:00,9
0x68e5743c9a47c402c5b183dc376551a8a77193f808e441fb08393b21ff123c86,Atlas FC vs. Deportivo Toluca FC: O/U 3.5,sports,2025-11-02 03:17:54+00:00,32
0x22dae68bb3f7e75ad43fea27075452677ebb885214383d752895fe7e9fc0ea31,"Ethereum Up or Down - November 2, 6:15AM-6:30AM ET",crypto_price,2025-11-02 11:30:37+00:00,248
0xca7736fc5f22b336ee00192b18b6acb197ed71a926478b9c46dab6ce515dc758,"Bitcoin Up or Down - November 2, 7:45AM-8:00AM ET",crypto_price,2025-11-02 13:00:37+00:00,871
0x297f456b8d67276569f4077b449145ac007d4610e1907c63e87b9162ab0e5f7b,Counter-Strike: FUT Esports vs Nemiga (BO3),sports,2025-11-02 21:38:33+00:00,89
0xd811304915f3a8954692518803496026ede1cf3f818648934f88102c61899b1c,Bengals Team Total: O/U 21.5,sports,2025-11-02 23:01:47+00:00,1
0x65c4afbcc1dc452e68060a0b5cdb2cdf03afcc3369b2e6f289e36545e2e48c4e,"Solana Up or Down - November 2, 10:45PM-11:00PM ET",crypto_price,2025-11-03 04:00:37+00:00,58
0xa529046a0727b9a09d13cf93134e1293745697ac41375a9641649c20db31bb2a,"XRP Up or Down - November 2, 11PM ET",crypto_price,2025-11-03 06:14:03+00:00,534
0xfbfe58a3d81a8e182a76652267604f3ba2dcc3c0e0aa0a1fc88c89a9fa212178,Will the price of XRP be between $2.80 and $2.90 on November 3?,crypto_price,2025-11-03 20:49:41+00:00,9
0x159675af6c3f092a2e66aa26cc2056f44e574efeaf316c9c30266ca5043e9a3b,Will Trump endorse a candidate for NYC Mayor?,other,2025-11-04 01:12:29+00:00,520
0xd13487f26256071f8c203fe31f7cc05c52e77069d43921650050244aa7d2d95c,1H Spread: Trail Blazers (-4.5),sports,2025-11-04 06:41:53+00:00,4
0xb00eb861614416782fe0cb89fa6dc953e905476e19478bb965311c0c44dae8c1,Will FK Spartak Moskva win on 2025-11-02?,other,2025-11-04 10:05:15+00:00,14
0x99d58cf05a858a40c37a8738896742790983af425dc84abad72831c9b7b7f8c2,"Ethereum Up or Down - November 4, 9AM ET",crypto_price,2025-11-04 16:04:09+00:00,1987
0x09517931086b60b9b569b8d465ae49430f76590e6b5f3e99c690822bec42c00f,"Will the price of Ethereum be between $4,400 and $4,500 on November 4?",crypto_price,2025-11-04 20:25:11+00:00,49
0xb36f4cb0a6e6ce47d558738961e9547396a88a05ab052c1d0ed6020289d464f9,Transylvania Pioneers vs. Eastern Kentucky Colonels (W),sports,2025-11-04 23:22:39+00:00,1
0x7f91c5dcadc419587de16c3e76a4070bec998987b1aa22892a0868d81da5b4c3,"Will Uber say ""Uber Explore"" during earnings call?",other,2025-11-05 01:02:33+00:00,20
0xe100d02d243ce8bd4cfd98662b20dae9a859913dbe49e83061c9df5bb0323855,Will the Associated Press first call the 2025 NYC mayoral election at 3:00 AM ET or later on Nov 5 2025?,politics,2025-11-05 06:03:23+00:00,57
0x1c33ffff729bf9693a5cb5e97082f9369368a4d313ccc3ad7d8e46079400b4b7,Massachusetts-Boston Beacons vs. Merrimack College Warriors (W),sports,2025-11-05 11:52:23+00:00,0
0xf94c19eb73eb55e3cd76b08e5787cd87867c646263efe05724c3c0e405d39a2e,"Bitcoin Up or Down - November 5, 7:15AM-7:30AM ET",crypto_price,2025-11-05 12:30:37+00:00,557
0xc13b0ddb5b89131ebef1ebe178ed7250ca0c71c0498c0a71c7d25a1ed1ab4bd8,"XRP Up or Down - November 5, 11:30AM-11:45AM ET",crypto_price,2025-11-05 16:45:35+00:00,129
0x81d6f7ae3abbef49efdf7536628cdb5117257ca8d489a005dcf70f452b28f74c,"Bitcoin Up or Down - November 5, 4:15PM-4:30PM ET",crypto_price,2025-11-05 21:30:37+00:00,842
0x32f9614b3af5be22eb0d61244ca12d4f4dd1927ef957840f7034b770f9475f04,Palantir (PLTR) Up or Down on November 5?,crypto_price,2025-11-06 00:43:05+00:00,97
0x4f9efa945251dab9be7ae71e0f06c72289fb06fbaefc5efa813029930041c3b8,Amazon (AMZN) Up or Down on November 5?,crypto_price,2025-11-06 00:43:07+00:00,90
0xa5c89aca88caf825b61a8c068dc078af4ceeb8466a5bd83ddec54c4db64747ef,"Ethereum Up or Down - November 5, 11PM ET",crypto_price,2025-11-06 06:00:35+00:00,754
0x3edc1979b62b0129bc56c0db10b8f2dbe1db4be578b5cf6b06de7ec0b80fdba2,Queens Park Rangers FC vs. Southampton FC: O/U 2.5,sports,2025-11-06 08:54:21+00:00,10
0x79a397d34161855371fc8330be4ba168df6bbdd745bf431cae00804d52a512cd,"Ethereum Up or Down - November 7, 1:45AM-2:00AM ET",crypto_price,2025-11-07 07:00:37+00:00,626
0xbcf1339f2fd59ae08ef37e596a310734fd8b6281017734f703ddddaee776918e,Will ChatGPT be #1 Free App in the US Apple App Store on November 7?,other,2025-11-07 20:22:49+00:00,1479
0x1d8d0b37f7f4a0f9b5dcdd3f5d4334be618cd3dd713a7a0e3e59a60cd063039d,Will Lola Young be nominated for Best New Artist at the 68th Annual GRAMMY Awards?,other,2025-11-07 22:34:05+00:00,6
0x6722feb4161a8c8b21a4a6b2b17d4f741675c78c8a46b231423f18b8d16ac37f,Will All My Love (Coldplay) be nominated for Song of the Year at the 68th Annual GRAMMY Awards?,other,2025-11-07 22:41:13+00:00,1
0x1556a93e1fb42c9f522ba1554235b1ff05c4084fa2474bca1f3590186a18ce58,"Bitcoin Up or Down - November 8, 5:30AM-5:45AM ET",crypto_price,2025-11-08 10:45:39+00:00,1030
0x268e9eab403bb7587123647ee7bb31c8429e6fab8a4aab736b1c3e098e94e4ee,"Bitcoin Up or Down - November 8, 6:15AM-6:30AM ET",crypto_price,2025-11-08 11:30:37+00:00,768
0xd8f16648453e13e1474bed82914f5c060b0a444b4c764041490e8818ece18ece,"Bitcoin Up or Down - November 8, 6:45AM-7:00AM ET",crypto_price,2025-11-08 12:00:37+00:00,1406
0x00f3fd8dec4f5a4b4c597c927a5e2c54720933d8f9a969346b8657b2e9541363,Sheffield United FC vs. Queens Park Rangers FC: O/U 2.5,sports,2025-11-08 19:18:39+00:00,0
0x834f791dacb83d69992a8322dcb7af9c76505484fb20e37a8f36e12791d35b6a,Spread: South Florida Bulls (-2.5),other,2025-11-08 23:10:21+00:00,4
0xad8299ed3c616e4ebe6478c5966655ced3cf9524eb3374c9b4fe9626ee94b5b7,"Ethereum Up or Down - November 8, 7:00PM-7:15PM ET",crypto_price,2025-11-09 00:15:37+00:00,359
0x54ddb03bc866a7d08d2e77ccdcb00f032371801c1d24b86d1fa297c9e7908693,Eastern Washington Eagles vs. Arizona State Sun Devils (W),sports,2025-11-09 04:16:35+00:00,1
0x3e1995ddac2e9a9bbcf6e388349b1efe39a6294d9bf5d08dda8bf38adad27472,Will the price of Solana be above $210 on November 9?,crypto_price,2025-11-09 19:05:31+00:00,24
0x5b197e3b3f2afd645137fa8525f8a7bb4dd35037ed15e8e348ae8f862d34699b,Will Steven Fisk win the World Wide Technology Championship?,other,2025-11-10 01:25:03+00:00,1
0x54140de03c8dd58be39da88f26b7f167638c2aaecd6c46ef340df7de2d87fd88,Texas A&M Aggies vs. Oklahoma State Cowboys: O/U 174.5,sports,2025-11-10 02:49:01+00:00,1
0x9406f1bc439cae7455edab49e897dc644ffb0eb62d0082975d8b111be3c61d32,Will Haas achieve the fastest lap at the 2025 F1 Brazilian Grand Prix?,sports,2025-11-10 02:55:33+00:00,4
0xd8bb83906d980b19579ea1868ef9c413c809f1076c843db68659b0f0d9370116,Trail Blazers vs. Magic: 1H O/U 121.5,sports,2025-11-11 03:34:40+00:00,9
0x0754636c10bed719702e2ef5036762fc93338000ba82fcca6a1dbfb9ab4101ff,"Bitcoin Up or Down - November 11, 1:30PM-1:45PM ET",crypto_price,2025-11-11 18:45:37+00:00,1460
0xf68aa980d2cb408f4327447890ae068407c7ac6d077f07b3f050ff5c93975c3a,Lipscomb Bisons vs. UNC Asheville Bulldogs: O/U 158.5,sports,2025-11-12 06:10:49+00:00,3
0x2edfbd82507f366128f83ff52e982ff49005a5380d1e7540cb2c959552af2adf,Will Nigeria vs. Gabon end in a draw?,sports,2025-11-13 21:42:20+00:00,388
0x85070348bdd45ab72be5101bb81cfd66eb999f41ca01c999c2de0149cc30550a,"Will Russell 2000 (RUT) close over 2,440 on Friday of the week of Nov 10 – Nov 14?",other,2025-11-15 00:40:50+00:00,3
0x21e2614ae5b1d27a11a41fe8e591ef2b0e98baa735b1e9f5d0938fb4c18d2ebd,Hornets vs. Bucks: O/U 236.5,sports,2025-11-15 05:41:20+00:00,37
0x300bd1f6453e41db8d9217685733487005a8e3518841b47f5839ae56f4993656,"XRP Up or Down - November 15, 12:15PM-12:30PM ET",crypto_price,2025-11-15 17:30:37+00:00,110
0xf1dfee1ca5e1406899a6448342af201dba647890bb964b816673581420fb1750,Maryland Terrapins vs. Marquette Golden Eagles: O/U 147.5,sports,2025-11-16 02:10:33+00:00,4
0xca4a4583918362afa4be0b326708ef5d4d4ee6ffd11ed019c756cbd82e96019f,Nuggets vs. Timberwolves: O/U 235.5,sports,2025-11-16 05:43:19+00:00,13
0xa95f2faf259e39b6ee1bdbc3d54b9e006dd5d20223abdbdd48a7f50aa6e37a83,Bengals vs. Steelers: O/U 48.5,sports,2025-11-16 23:24:55+00:00,32
0x0f8e200b2708d8abd8fa36587cd8ea7c72af009a55a349a5078f91c21a14b161,Browns Team Total: O/U 16.5,sports,2025-11-17 02:40:17+00:00,1
0x3b4f5b46fc7fefb4f6461410db853ae5b38cc8b9639795542e43315e34fb2465,Chiefs Team Total: O/U 20.5,sports,2025-11-17 02:53:27+00:00,1
0x795ee8c91967cabaf8f5743fffde27d4330f813532ed1cfa58c95023412ebb31,Lions vs. Eagles: O/U 48.5,sports,2025-11-17 06:48:59+00:00,25
0xc7a03aadd3cf9ba04f0ae85e978c758e560b001b71fbc0f52f2b8470bba97a2f,"Bitcoin Up or Down - November 17, 5:15AM-5:30AM ET",crypto_price,2025-11-17 10:30:41+00:00,756
0xdc19155ecf43ca45a2de6081512cc8900f38b2f49731f263a21f69236d0ae0ae,"Bitcoin Up or Down - November 17, 9:15AM-9:30AM ET",crypto_price,2025-11-17 14:30:41+00:00,1266
0x314062a16d6b9545b5f09318d90cba3739b10b9e104cfb15cef99686741db39f,"Bitcoin Up or Down - November 17, 4:00PM-4:15PM ET",crypto_price,2025-11-17 21:15:39+00:00,970
0xbf635de9a2797e71fe08c9d7828c23d0e5e4a54eb8165286778ba52b94598322,Hampton Pirates vs. Boston College Eagles,sports,2025-11-19 04:21:21+00:00,45
0x2d0b382a0d07e30da5493f0f308ee2c1a80d9f32055d9bb882d4e0061b52f06e,Will Paraguay win on 2025-11-18?,other,2025-11-19 06:40:13+00:00,171
0x8f48de8a21cb0ced7c53a7cdf67e3315411cf7e73574a60d6fe53181579460db,"XRP Up or Down - November 19, 10AM ET",crypto_price,2025-11-19 17:09:51+00:00,450
0xce662434ab0efeda05f8772ee8031f93bf10bb47236b02cdfa5c813d0ab45312,"Ethereum Up or Down - November 19, 8:45PM-9:00PM ET",crypto_price,2025-11-20 02:00:37+00:00,469
0x55c8c72a2f570daf8072f7d3be3e5cac110dad0b6329a702e463d1e12630357f,"Bitcoin Up or Down - November 20, 11:45PM-12:00AM ET",crypto_price,2025-11-21 05:00:37+00:00,1191
0xeaf1526e8668c6827d172d11f84104b3cd58f7dbc452dd79b9bc134873c4d7fa,Will Albania win Miss Universe 2025?,other,2025-11-21 05:26:01+00:00,814
0xa7f15ca26fe8958b58e62bbb9b08cadf6fddd3bcb3b486d43d28d8a6abd68f53,"Solana Up or Down - November 21, 2:00PM-2:15PM ET",crypto_price,2025-11-21 19:15:37+00:00,129
0x5ff1b41b07b8ed73c0e61141c00ea2a3b53813318672623cfbdf5f15a3424fc8,"Bitcoin Up or Down - November 21, 12PM ET",crypto_price,2025-11-21 19:22:45+00:00,2284
0x68dd701a03eaff341bfddcbe7f06e3da261ea6651e911a4a8d6e7f3cb91c148c,"XRP Up or Down - November 21, 6:45PM-7:00PM ET",crypto_price,2025-11-22 00:00:37+00:00,68
0xaf3bd29c7ab66b8e5e442050b85b809d93e8ccd50f67827435a28e47911a184c,Tennessee vs. Florida Gators: O/U 58.5,sports,2025-11-23 06:02:09+00:00,4
0x62798f363a712b87704f98b0775450601bc6bb8646ebae776891010c19aece71,O/U 0.5 Rounds,sports,2025-11-23 10:23:49+00:00,10
0x01ca9b590b2bc3a18bbf1135e547af182a6892eb7f311380e22b2e404622dd46,"XRP Up or Down - November 23, 6AM ET",crypto_price,2025-11-23 13:04:41+00:00,403
0x3a5f7222832bfb6fa9f5c70af4b4fb24d42d66cff769a7eb1e12adb635e12e29,Will Lance Stroll win the 2025 F1 Las Vegas Grand Prix?,sports,2025-11-23 14:08:53+00:00,96
0xc435ed744f445ca466f28ee5fa5e7aca27409b88dc7401f2a55cf414d46365f7,Spread: Bryne FK (-1.5),other,2025-11-23 17:45:19+00:00,1
0xe52fec2daa13e8d9b66609b14394b0415a9797c2667926d1c7ba262420f26aeb,Will the price of XRP be above $1.90 on November 23?,crypto_price,2025-11-23 19:13:11+00:00,115
0xfeadc9ac7f5ff091ff1a9a8d2641cf21dc7503bd57ea47b6780c898165804b8b,"Solana Up or Down - November 23, 5:45PM-6:00PM ET",crypto_price,2025-11-23 23:00:37+00:00,170
0x2b870064f3994875a3d680056bf9d3cdfd3f3e1785eb43e1bbe22d0021398f93,Colts vs. Chiefs,sports,2025-11-23 23:45:27+00:00,6075
0x58a1fe4933146f2d02fbb73a0dff00180c913ebd405ef1ff780e97e4d1c67f78,"Solana Up or Down - November 24, 7:45PM-8:00PM ET",crypto_price,2025-11-25 01:00:35+00:00,64
0x329c4aa2150c9cb402ea06cf9455d33afae46420b13087e3a1602924f91db0d0,"Ethereum Up or Down - November 24, 8:15PM-8:30PM ET",crypto_price,2025-11-25 01:30:45+00:00,607
0x1f70be035e55308a46c131dcba925f49d799846e62e1c70ff9b736bf9f99509a,Elon Phoenix vs. Appalachian State Mountaineers: O/U 143.5,sports,2025-11-25 03:36:01+00:00,3
0x15549462653dff035ba8e8983db652a3b9031930c397190e4e6a2d96b5e8877c,Will People Like Us (Jason Mott) win Readers' Favorite Fiction in the 2025 Goodreads Choice Awards?,other,2025-11-25 05:24:23+00:00,8
0x21eb6342c5ea0e65bc99ad8f6e47e31e0a367d89385f8903825cc2bf87955b75,"Will the price of Ethereum be above $3,400 on November 25?",crypto_price,2025-11-25 19:17:55+00:00,391
0x64a70da18020ab69abdae17c484cd9f657c99a6e89c1d48b47b8e5ba8fe09f89,Will Trump pardon both turkeys?,other,2025-11-26 01:24:37+00:00,268
0x4ebfba3001eb0b446d0d579a7e2e55e31d195f7a8a8a0051718d791f5403de8a,"Solana Up or Down - November 26, 2PM ET",crypto_price,2025-11-26 21:12:19+00:00,576
0x4f6e7007334048caab21d9548301d3841b62df9943f7c52358aedd504505126b,Bucks vs. Heat: O/U 234.5,sports,2025-11-27 04:49:39+00:00,29
0x86da33cb9dabf77dbd77da52c1bc45a3277554288218bcfe85fa5b376a4153a7,1H Spread: Suns (-2.5),sports,2025-11-27 06:42:05+00:00,3
0x44b6a9bc11592e2a6cd6242c7f1dd4ea3d439f186c6a5990436e04d746d048b7,"XRP Up or Down - November 27, 6AM ET",crypto_price,2025-11-27 13:07:55+00:00,937
0xbb019c230e16cdc184ffe47e3d65665c3ce34ae55e32617d9d4e9fb43179eaac,"Bitcoin Up or Down - November 27, 9:00AM-9:15AM ET",crypto_price,2025-11-27 14:15:41+00:00,2161
0xc6443ef9b471b507f563f5aec56c88167670da3688ff49a76130e07253a26b98,Columbia Lions vs. Kansas State Wildcats (W),sports,2025-11-27 22:53:45+00:00,0
0x3dbf3c385896fc52916a635bf26350d4df036668d427cbbde7c28cd534ec9077,Colorado State Rams vs. Wichita State Shockers,sports,2025-11-28 05:30:53+00:00,98
0x6fcc8fd855c4fd72d246c20be4271e162aaa52ff872f3ae32137e03d8b14db65,Honor of Kings: One Star Esports vs Flash Wolves (BO5),sports,2025-11-28 18:31:03+00:00,6
0x583d4967e192d8a5fffe5d39bab0501d67033fca02785fcc4b76beae4a51b15d,Will Apple (AAPL) close at $250-$255 on the final day of trading of the week of Nov 24 – Nov 28?,other,2025-11-29 01:48:05+00:00,37
0xbd2ba2ca5c1b6240a0c8fc7d6ebff3544ecfea40c51e87c8f0088ea339da5c09,Will Netflix (NFLX) finish week of November 24 above $110?,other,2025-11-29 02:22:17+00:00,33
0xc58ca98bb49dea702066b02701a4d96090a2dc8c2703382b2090563e9e75c8f0,Spread: 76ers (-6.5),sports,2025-11-29 06:50:25+00:00,251
0xe777f2d3022caba607293271c215030c01f704543cb57d615002e013e7d674a6,West Bromwich Albion FC vs. Swansea City AFC: O/U 1.5,sports,2025-11-29 17:46:47+00:00,6
0x8b3f522bd9ef9a88afb86aefeac3d5aaa207d89421a19f4040eda591421c94b8,"Bitcoin Up or Down - November 29, 11:15PM-11:30PM ET",crypto_price,2025-11-30 04:30:37+00:00,1317
0xd76a129a88a50ceecfe854b5f082ba6a1fee0f80349c1e1f7a2647a33ddb6107,O/U 47.5,other,2025-11-30 06:11:03+00:00,9
0xbb832528dff1d1e0bcb5a4bd71aedaa25b3c5963774c04bbdfa4a7a0ab206eeb,Will US Avranches Mont-Saint-Michel vs. FCM Aubervilliers end in a draw?,sports,2025-11-30 20:17:16+00:00,2
0xece1facd2790a2e10646582583ed571fe43cfeaac9b70786d5e272505df2f14d,Pengu above $0.05 on November 30?,other,2025-11-30 23:42:28+00:00,274
0xb67e6f9c6709feb094a7b36ac47a7c3a31c7aa0d0968e63d8f5c84045957d4bd,"Ethereum Up or Down - November 30, 8:00PM-8:15PM ET",crypto_price,2025-12-01 01:15:36+00:00,556
0xca520f164d4bc085683bfdd7620ab59f846de19a08b5d98deb261dea00593278,"Solana Up or Down - November 30, 11:00PM-11:15PM ET",crypto_price,2025-12-01 04:15:36+00:00,320
0xf5c1bbcb5f63e3b7d67191abf96fd09591dc590aec7b663604444e8fb7b89e20,Will Ferrari finish third in the 2025 F1 Constructors' Championship?,sports,2025-12-01 10:20:14+00:00,120
0xd223d0e36f00158a2ba0a8cfdecd7c387e18c522d17657812d4045aff584d881,"Ethereum Up or Down - December 1, 11:00AM-11:15AM ET",crypto_price,2025-12-01 16:15:36+00:00,422
0xd2348d2b486536ba35c6d7d5ce7e4d18a959321f89dc74aeb7c2a9d3a4814693,Suns vs. Lakers: O/U 231.5,sports,2025-12-02 07:23:46+00:00,56
0x244681abcfb3edfa2e26d94f2cddef048605c4e3fd306fe21587ccc0fcb542c5,"Ethereum Up or Down - December 2, 10AM ET",crypto_price,2025-12-02 17:09:02+00:00,581
0xf835a12a9edb269cbe5b62683f8132828d668408bf35b73cb5e5c5b38f84f834,"Bitcoin Up or Down - December 2, 5PM ET",crypto_price,2025-12-03 00:09:25+00:00,2253
0x64b633a00516a51edf18ec394f2bd9d96fe7614242d48755e6503d82ee9ac0e5,Will voter turnout in the next New York City mayoral election be less than 21%?,politics,2025-12-03 01:23:55+00:00,325
0x8c15b6ee99e196ad2fec7eebe2cd9ab2a40d795b8cd4c8489bf6caa0d5fb8f4d,Bruins vs. Red Wings: O/U 6.5,sports,2025-12-03 07:25:35+00:00,10
0xf5e7760450c1843c1d8cb6e6236a7bed2106d1e61eafd6d685127d9877581ced,Spread: AFC Ajax (-1.5),other,2025-12-03 17:09:19+00:00,24
0x886af58af8811e0ad58089873586e21e40c2f646647de1b58b2c1b2e89615ce8,"XRP Up or Down - December 4, 3AM ET",crypto_price,2025-12-04 10:12:11+00:00,279
0x1d7ba86fd2e9853f1b7ff36e14e4cb024b6a4dd66e9e77fcb0b3e660e38b3658,"Will MrBeast say ""Team Water"" at the NYT DealBook Summit?",other,2025-12-04 14:33:37+00:00,97
0xc37cff07a312daba1bf955fbc0c996d41a2ff6f7093241c1614480f26b582bf4,Warriors vs. 76ers: O/U 222.5,sports,2025-12-05 04:34:15+00:00,133
0xe99db8bc82ff2344d9da70adc5ba5fca397a8578a8865caa4f8409d18018ca7a,Will Charles Leclerc achieve the fastest lap in Practice 2 at the 2025 F1 Abu Dhabi Grand Prix?,sports,2025-12-05 17:34:57+00:00,0
0x54606618967ca1b0d2e6c8c9538ec9e07b2d383ffd826ae465a1c172a7042412,Will Microsoft (MSFT) finish week of December 1 above $450?,other,2025-12-06 02:11:39+00:00,15
0xb17f9d45a18faa43e88e6319c37f1b9bea7987d5df7a7d47d4fc033be2ee6af2,"Will ""Quizzical"" be said during the next episode of the All-In Podcast?",other,2025-12-06 08:06:13+00:00,11
0xc55485a4d4e659dc6e67e59a49f55117bfd4b5401a11e67688ab8ce14702564d,"Will ""Dystopian"" be said during the next episode of the All-In Podcast?",other,2025-12-06 08:06:13+00:00,21
0xd1ee5093139af2b800fc0e4e63a57632e8ddf13144fa889945ec004d770e5be2,UC Riverside Highlanders vs. Cal Poly Mustangs,sports,2025-12-07 04:05:23+00:00,99
0x4098ea11ce76b5f9e84ca54a0d219e297cfd185fe78e001f946954d81bf140c1,Will the highest temperature in Dallas be 54 °F or below on December 6?,other,2025-12-07 10:04:51+00:00,63
0x587e0d3e2289d14314c4615c12c9dd4da5a9388d50a1aa7eca81144c29c52b80,Will Red Bull have the highest constructor score at the 2025 F1 Abu Dhabi Grand Prix?,sports,2025-12-07 21:03:29+00:00,10
0xe3c506eca3d6c563873da19dd97291aa77653b15ae677730004cb2904cc8c2fd,Will the James Madison Dukes be the #12 seed in the 2025-2026 College Football Playoff?,sports,2025-12-07 21:45:23+00:00,27
0xeacf51562af98200d0e68b20f87b1a849de95478cbf382be99102b111e6ae339,Blackpool FC vs. Carlisle United FC: O/U 2.5,sports,2025-12-07 21:47:33+00:00,7
0x544c3f020721379d955d803ecc8ced147b3d21bf93d152637f0597af4ed1226c,Kyle Pitts Sr.: Anytime Touchdown,sports,2025-12-08 02:20:43+00:00,0
0x0738f6486f91e7ef62125d6a4029d8e4736deef2631db7744cec73f0d3be7592,Will Solana reach $150 December 1-7?,crypto_price,2025-12-08 07:13:19+00:00,575
0xb0c2638859b2bd88d3150691d66205bb192defaa3f98216bd18e631dd690bb65,"XRP Up or Down - December 8, 8:45PM-9:00PM ET",crypto_price,2025-12-09 02:00:37+00:00,478
0xe4f9a478ef300b49b503dec6560b2f89f1f8e5bd409302740297c4bc9afb433e,"Solana Up or Down - December 8, 10:30PM-10:45PM ET",crypto_price,2025-12-09 03:45:37+00:00,149
0x7b81a1c7a02369330dc090fed7759ec54fb9ee16cdd23c334c353b4f4406cf99,Andrew Nembhard: Points Over 16.5,sports,2025-12-09 10:20:45+00:00,3
0x6fc59924befdbedd53ec93b208ee1980633d2fe2831389352f204ad75b937241,"Will Trump say ""China"" 5+ times during Pennsylvania events on December 9?",other,2025-12-10 03:09:03+00:00,140
0x2789fc8ae5d401188343d174eb21d4f118203e5db90a0d02d7f52c776c30bf4c,Devils vs. Senators,sports,2025-12-10 04:54:31+00:00,1498
0x3a4c8081ccda2daec3d4cc27f4315abc7755a7f72845a44d3ab18b2d7423e572,Tyler Herro: Points Over 20.5,sports,2025-12-10 07:23:34+00:00,2
0xf060fabca88a88a738faade79e2eb540ec39a6266ace2e0345e0b4482be3fe06,"Ethereum Up or Down - December 10, 11:15AM-11:30AM ET",crypto_price,2025-12-10 16:30:34+00:00,1180
0xf2916f639ec2ad0ed22ee4c97e1fb420fd359a722896f352e319397e946e2baf,"Solana Up or Down - December 10, 2:00PM-2:15PM ET",crypto_price,2025-12-10 19:15:36+00:00,623
0x8a6560518b53db136911eb5a13c045b6f879c65e33b51879bb9ecd7a7def5ae5,"Will the price of Ethereum be between $3,400 and $3,500 on December 10?",crypto_price,2025-12-10 20:14:00+00:00,482
0xf86807f45953c96a2107ef7dedf979af24fb8b3d15d3ee017d02a371b35fef8e,"Bitcoin Up or Down - December 11, 1:45AM-2:00AM ET",crypto_price,2025-12-11 07:00:35+00:00,3283
0x8a65c2b9423f915e2c75996fa1f2cc43970b0e43dbead7e64706a07a19eb28d5,"Solana Up or Down - December 11, 5:30PM-5:45PM ET",crypto_price,2025-12-11 22:45:36+00:00,158
0xfc7bb96763a1b774f244f07cf08c99418bf4826ffee3375c7d7ecceda8c8f6b2,"XRP Up or Down - December 11, 8PM ET",crypto_price,2025-12-12 03:06:10+00:00,196
0x07f5854d6796bd729501515da8eeb77e2af3ad45e7a5cf828aaf2655a87933d9,Dota 2: Passion UA vs Team Tidebound - Game 1 Winner,sports,2025-12-12 14:23:36+00:00,57
0x05069d98456932de82e6ebde98b7d2581b1f33a321142575a7b62e134b75bb91,"Ethereum Up or Down - December 12, 4:15PM-4:30PM ET",crypto_price,2025-12-12 21:30:37+00:00,583
0x2a0ecac5e23103cb62239d13bcf3334a78274224217c3bdb981ee10079fb1676,Will Netflix (NFLX) close at $100-$110 on the final day of trading of the week of Dec 8 – Dec 12?,other,2025-12-13 00:51:22+00:00,9
0x6d4373d1cc7a008a55cc5ba24cfeda96acab0d3ce23ec7b6d1326120bb9d7b38,"XRP Up or Down - December 12, 9:00PM-9:15PM ET",crypto_price,2025-12-13 02:15:53+00:00,11
0xc43aa90e03162ef7a58a7508e2251a02d9e0c992d14a2186168e053d0be161d7,Will NVIDIA (NVDA) be the top performing Magnificent 7 company during the week of December 8?,other,2025-12-13 03:22:05+00:00,12
0xd0f2a18c2e6b072d3c080da184422f86d3cc0fd503a346d38cb7025d7b9b6731,"Solana Up or Down - December 13, 7:30AM-7:45AM ET",crypto_price,2025-12-13 12:45:37+00:00,316
0xdef3bbb8134ac11b08d1c9d98607a48cc480544a21b6bae46f735acec8dcbda1,Will the highest temperature in Buenos Aires be 33°C on December 13?,other,2025-12-13 20:38:37+00:00,13
0xbb50d055bdfb954e09b216cd6ddd028d70cee26486ec16d28e018779476d8558,"XRP Up or Down - December 13, 5:15PM-5:30PM ET",crypto_price,2025-12-13 22:30:37+00:00,326
0x892c15cb3aa1c4c967aca06662bfe515e4cfe77d3166fc3f44cc687e599f71a4,Lamar Jackson: 2+ Touchdowns,sports,2025-12-15 04:35:37+00:00,0
0xba8f5cbfd9b7ae5f9c65d8e9c61ac70705386ab2119d3f6bece2cc6d1aabda6f,De'Von Achane: Receiving Yards O/U 26.5,sports,2025-12-16 09:54:19+00:00,1
0x94014acc605d8dbb735b148f4734ffde0a12361e6a1e5721df427465995fd77e,"Ethereum Up or Down - December 16, 10:00AM-10:15AM ET",crypto_price,2025-12-16 15:15:37+00:00,1463
0x77137988cdd5aa2f166a84f667f21c26ce2a2956b4a06c1184066024b9bcad23,"Will Trump say ""Ambassador"" this week? (December 15 - 21)",other,2025-12-17 16:05:10+00:00,32
0x9ac7bd9ed634c1a81cc63851d968e4f69b0097a25edc341eb6ee2ee8dd9a58a8,Will the price of Solana be between $160 and $170 on December 17?,crypto_price,2025-12-17 20:45:47+00:00,28
0x484cc82c6e56db50455bdee4cd2d154e9ae9fcca9fa1a17117b40a8fc784f373,Jaren Jackson Jr.: Points Over 17.5,sports,2025-12-18 06:29:02+00:00,0
0xc9f6ebe81e67d22c44c8ca4ea6dda385e46a4d571a77ebf3bac9a8e01d024534,"Ethereum Up or Down - December 18, 9:55AM-10:00AM ET",crypto_price,2025-12-18 15:05:19+00:00,0
0x8c204cf57406ba2f01099643569c6d3c7e934972148b86c6e2f19078937d9e71,Bank of Japan increases interest rates by 25 bps after December 2025 meeting?,other,2025-12-19 06:53:11+00:00,5613
0xf5b556fc82a7566385f2f2acdfebe4aedcae14c925b55e896848620de52460e9,Jimmy Butler III: Points Over 18.5,sports,2025-12-19 11:27:48+00:00,2
0x4b462afcbc1bea6a120a2bfd91635e0a454bb11d84c2dbbcdab270352f928cdb,Kawhi Leonard: Rebounds Over 5.5,sports,2025-12-19 11:35:52+00:00,2
0xe53b066cbf3c09160ce22fc5f05c8707ef00a72d0fa2378c44ab0382d7af78af,De'Aaron Fox: Rebounds Over 3.5,sports,2025-12-19 11:54:50+00:00,0
0x30c3481fd18cb03604b0c66a1e04fb0ed219c7fc3eb7fe60122c32f1a3e6d26c,Will Jensen Huang be on the Time 2025 person of the year shortlist?,other,2025-12-19 17:19:13+00:00,907
0x70e468eaa3fe60cd61c9ef6e5039ee9e57296440da2661836754a13dded33159,Will ChatGPT be #2 Free App in the US Apple App Store on December 19?,other,2025-12-19 20:43:15+00:00,42
0xd6137c1ae7df026aece3f0e5cf9e5fcc2a8c5fcb554fa9633333dccc122c113a,Will Apple (AAPL) close at $265-$270 on the final day of trading of the week of Dec 15 – Dec 19?,other,2025-12-20 02:26:50+00:00,2
0x393a09832be41c13aea22e2854124e5638d7f16134713241da3507abfa24ccf8,Will the highest temperature in Seattle be between 42-43°F on December 19?,other,2025-12-20 12:23:24+00:00,34
0xf0ab5e21738382391be672661f99d758c5960644da06000209bb95463c006b31,Gwynedd Mercy Griffins vs. Bucknell Bison (W),sports,2025-12-21 00:16:53+00:00,0
0xb0a81b69d7853eb6008efe1ad85c6755f85b92a16d9791f8856de84873525099,"Ethereum Up or Down - December 20, 7:20PM-7:25PM ET",crypto_price,2025-12-21 00:30:31+00:00,0
0x9a2db6a5f178a15153e0064cf7400b71fefecda00a48ca6379078726013162df,"Ethereum Up or Down - December 20, 7PM ET",crypto_price,2025-12-21 02:13:09+00:00,1604
0x86d87abda40b8b5fa51648bb5afa3dae779b582974e4f6c232deb2ed064b7ffc,James Harden: Points Over 24.5,sports,2025-12-21 08:35:55+00:00,1
0xf431b25e2efbb20b8167d85e91a83294ee1bf2a3c81c6bbc63a04988fe693d23,Will US Chauvigny win on 2025-12-21?,other,2025-12-21 22:08:52+00:00,8
0xaf1f08bee2b8809fd334b242a7d8a8c90e42ea1527cb5891626ce9522ab22544,"XRP Up or Down - December 21, 7:00PM-7:15PM ET",crypto_price,2025-12-22 00:16:16+00:00,249
0xbe33954d9bf126a20c975fecce7dd6fb9c474efdd1663ab591df4f1dbc8c1a55,"Ethereum Up or Down - December 21, 7:30PM-7:35PM ET",crypto_price,2025-12-22 00:40:34+00:00,0
0xf9d4b69ca89db374d1ae886895138038eb2e043ad2d2abe5c6ba4d65e605b3b6,Raiders vs. Texans: O/U 37.5,sports,2025-12-22 02:19:40+00:00,140
0x715cd585d0eeb0460d513750e9363094b674b0c51136227204882a61abca2279,Breece Hall: Receiving Yards O/U 13.5,sports,2025-12-22 08:08:09+00:00,0
0xcc3b58c54ced7de063a7a6a844e2b9425908f7520bf78e97d980b0105bf766b8,"Solana Up or Down - December 22, 3:05AM-3:10AM ET",crypto_price,2025-12-22 08:15:35+00:00,0
0xd5adf7bde1a0f34a6a8aa9c90abaf3a70d7ac6e867d0dd289f134ed7a8dc7d60,"Ethereum Up or Down - December 22, 7:45AM-8:00AM ET",crypto_price,2025-12-22 13:01:39+00:00,2083
0xc9ce90c9b031008dab6fd5f1faae47183da1015608144eded56335f4c444e83f,"Will the total number of TSA passengers for December 20 be between 2,750,000 and 3,000,000?",other,2025-12-22 15:23:01+00:00,26
0xb028e453086960271ed26959bd15f456a242ed17b1d5671176ffc2d2c7e5b55d,"XRP Up or Down - December 22, 12PM ET",crypto_price,2025-12-22 19:11:13+00:00,316
0x78b41bf008842f597ca012d29f71187313a9ef6cdf427c08325e7954c9fd9846,"Will the price of Bitcoin be between $80,000 and $82,000 on December 22?",crypto_price,2025-12-22 20:26:43+00:00,150
0x7e6cfe5d928e922acd71eb0f018a26a3e28934c3f18f08c5c0784de96f0308a1,"Will ""The Housemaid"" Opening Weekend Box Office be less than 17m?",other,2025-12-22 23:24:29+00:00,325
0x10ae0b7e79c28301791eb8522bc959897b2bba22b7d753f13d6841fcc06e65d2,Spread: Bucks (-1.5),sports,2025-12-24 05:21:33+00:00,226
0x280ef07cdfce646f2c741d8adf4521bb260e168b1b0d79f99626a77bd7dddc6f,"XRP Up or Down - December 25, 8:00AM-8:15AM ET",crypto_price,2025-12-25 13:15:33+00:00,373
0x6352b4e792cc184d7bac4e64833b0a7fc22fc9c60315419f1853332861d38d1e,"Ethereum Up or Down - December 25, 8:30AM-8:45AM ET",crypto_price,2025-12-25 13:45:23+00:00,1395
0x2861c7e160c02c19e3785d684fd4fe5fa22853520634ce3eaeb491e52e4f73e9,"Bitcoin Up or Down - December 26, 2:55AM-3:00AM ET",crypto_price,2025-12-26 08:05:29+00:00,0
0x50dd185fa78d9e318d3040623ae849e8d15a62c307d9fd4d99eca5a3f9b02e63,"Bitcoin Up or Down - December 26, 3:35AM-3:40AM ET",crypto_price,2025-12-26 08:50:25+00:00,0
0x2abcc72139609b9193733e3566be3284cceccde4af3ec959c99e75e9a333c1ec,"Solana Up or Down - December 26, 7:30PM-7:45PM ET",crypto_price,2025-12-27 00:45:53+00:00,544
0xe8bc506eedae54f12e41ec364da765cb114591b706f411e11d33d8356311d426,"Bitcoin Up or Down - December 26, 8:40PM-8:45PM ET",crypto_price,2025-12-27 01:50:23+00:00,0
0xe74909740e17a03c1876269bff5effec13a6ed2d911c1c5737b4fd00cb156669,"Ethereum Up or Down - December 26, 8PM ET",crypto_price,2025-12-27 03:10:01+00:00,1532
0x315068581a317cbb92c56fd7ac10d53b9a3a1fdae54bcb9da64a6f8d32f07476,"XRP Up or Down - December 27, 12:20AM-12:25AM ET",crypto_price,2025-12-27 05:30:21+00:00,0
0x6a1c8c0938e7e957dc8462fa1bf5569d65cb1c93e8aa9ef5cf46f28aa7dce0cd,Honor of Kings: Rogue Warriors vs Weibo Gaming - Game 1 Winner,sports,2025-12-27 11:10:59+00:00,5
0x096088de5223ecfc30400cdf08ce926606f0c99c02c4475d961f7fe344226bfa,"Will the price of Ethereum be greater than $3,400 on December 27?",crypto_price,2025-12-27 20:13:23+00:00,71
0x296768e1c7af2cd0507b941d1e00c6601c31bf7a6efa664acf8d12e72754247c,"XRP Up or Down - December 27, 6PM ET",crypto_price,2025-12-28 01:21:55+00:00,215
0x6d15d4b4971b06a734be0e114192944740444909ac081cefb04e1d00d352635b,Devin Vassell: Points Over 16.5,sports,2025-12-28 07:06:59+00:00,0
0xd158219c6581431c246ad67b82e590c27f0e1b96084ef04f0bedcf722bf5fe61,Bears Team Total: O/U 24.5,sports,2025-12-29 05:39:21+00:00,3
0x0b6a24d4db3ab1596000ab0e61d2eea29f431c6a34cd17420aa33aab9dcb1516,Will Aleksandar Indjic win the 2025 FIDE World Blitz Open Championship?,other,2025-12-30 17:25:21+00:00,85
0x35b968e6400653ca6d53ff64633921b7859cbd4dd3bddc692eb2469d21a83a5e,"Will Elon Musk post 320-339 tweets from December 26 to January 2, 2026?",other,2025-12-31 19:32:09+00:00,2372
0xe5f9938f04f9ef83b4bf2e724809ab023df166a1e74eade2dc302a8a347cf43b,"XRP Up or Down - December 31, 7:30PM-7:45PM ET",crypto_price,2026-01-01 00:45:43+00:00,335
0xe1a16210a01e0efb9cc22c6c49ec899dd0445b603cf5c1bf6853f2f83b36ee13,"XRP Up or Down - January 1, 12:10AM-12:15AM ET",crypto_price,2026-01-01 05:20:23+00:00,0
0x62f31557b0e55475789b57a94ac385ee438ef9f800117fd1b823a0797b1fdd68,"Will the U.S. invade Venezuela by December 31, 2025?",other,2026-01-01 08:54:45+00:00,5730
0xa99f0e3afd7758c3e7cecbbedbff4d23e22384436d6fec83fc27ebe551dcae3b,Fetterman out in 2025?,other,2026-01-01 09:28:29+00:00,319
0x3e3770cae6cdcc10472046db723810eaf3993da13ff186b7765e6533cf318c73,Will Elon register the America Party in 2025?,other,2026-01-01 10:23:17+00:00,1603
0x90ddbff86379999bb22492f044f67030cf94dc5f065e511d6da56a8bf91ced70,Will Justin Bieber be on New Year's Rockin' Eve?,other,2026-01-01 11:27:59+00:00,16
0x4aec5fb1c1297eb91961015c308195e00bd8b803f12aab133454288ff2a24aae,"Solana Up or Down - January 1, 6PM ET",crypto_price,2026-01-02 01:00:11+00:00,422
0xbaf150bfa806f456baa21d3f20a57e874df3fedcfc27de142a922de4d6976e55,"Solana Up or Down - January 2, 4:55AM-5:00AM ET",crypto_price,2026-01-02 10:05:23+00:00,0
0x4e0efe94e53f8799ebf3ec4c8da4bf0205e6929451e8f9c4fe3d2e9f179bea9c,"Bitcoin Up or Down - January 2, 5:45AM-6:00AM ET",crypto_price,2026-01-02 11:00:31+00:00,6344
0x9c48083329a911a04fc7b75fbfd57c8e009877ed445777dcea25905c8ee152bf,"Solana Up or Down - January 2, 7:15PM-7:30PM ET",crypto_price,2026-01-03 00:30:55+00:00,622
0xdfb1fc9ed71904354323ef4598c08dcbc2ba18ba80f9e3a22921e9051905b352,Stony Brook Seawolves vs. Hampton Pirates (W),sports,2026-01-03 04:10:03+00:00,1
0x925a839b3355acc60e6b64308edae7ccaa8a327341f8ff2f24bd8121a1d38ae5,"Will Grok 4.20 be released on January 2, 2026?",other,2026-01-03 08:21:29+00:00,38
0x81a374fef475c325c778b53aa4dbc4e90ca354776ae2c11c1a3ca3957dc7974a,Arnaldi vs. Gaston: Match O/U 22.5,sports,2026-01-03 11:53:03+00:00,4
0x9aa95ada6504eac7892b9fa58296f4f41644f0e74cd2e5c7ecc5ac270ef06ada,Will Rangers FC win on 2026-01-03?,other,2026-01-03 17:49:27+00:00,530
0xf06f95906fe8537f1dd9c0ace040fd864fd8791d791f2154920dce645b72b48a,Sweeny vs. O'Connell: Match O/U 21.5,sports,2026-01-04 06:12:59+00:00,9
0x2af6d1ef1da237e2afac20bf13eee17641fc3e12b8339cd911c3f6ae92a4aab9,Vukic vs. Tiafoe: Match O/U 23.5,sports,2026-01-04 10:32:37+00:00,3
0xce25fc7e7bf2e0dc704747762fd8c3b8e0a4fc942f72798f3a6b14b84cc564f1,Big Bash League: Melbourne Stars vs Melbourne Renegades (Game 1) - Team Top Batter Melbourne Stars Winner,sports,2026-01-04 13:44:31+00:00,4
0x136f3e4f71602a6bcf54f3a64ef9e188c79ac17ebfa8273d1f0ec9440fd2b690,Will the price of XRP be above $2.00 on January 4?,crypto_price,2026-01-04 19:11:13+00:00,132
0x9f507a2eada0844edc363d643b56fafaa5c6a142c5fef6b9f5fe26988273ca4d,US strikes Yemen by December 31?,other,2026-01-05 01:47:47+00:00,1843
0x387805a8964d11ee1c76e2dc6fc744eac0db4b1176a50fe2caa54bf91ebb5242,Will the Washington Commanders be the Top Defense/Special Teams of the 2025–26 NFL Regular Season?,sports,2026-01-05 05:39:41+00:00,26
0x6d739b877df17b3723f60f9a4dad635584c428775e22df60303b0e30b00d05bd,"Ethereum Up or Down - January 5, 10:30AM-10:45AM ET",crypto_price,2026-01-05 15:45:31+00:00,1345
0xd6d45bdc7fc9d5ec56a8939f435a156ba3afbd114a85a18ab9914848a4c26e79,"XRP Up or Down - January 5, 1:30PM-1:45PM ET",crypto_price,2026-01-05 18:46:55+00:00,664
0x73501d4e6bbfc8ffc43e7deb895b5a3ef03f6fad7afbb930b4edf38acd24a776,"Ethereum Up or Down - January 5, 11:25PM-11:30PM ET",crypto_price,2026-01-06 04:35:23+00:00,0
0x92533adbe2f070c556f95a4a124fcb51905747f1ccc2fb76992e0173f6b4af1f,"Solana Up or Down - January 7, 11:15AM-11:30AM ET",crypto_price,2026-01-07 16:30:33+00:00,799
0x71d63b4d1fe0e696cffb661087e39628e3c05a3a4aeee909adf5f50ecc79441b,Will The Pitt be nominated for Best Ensemble in a Drama Series at the 2026 SAG Awards?,other,2026-01-07 20:55:55+00:00,11
0xabcf716c4a09698975e9a7b0eb95b94cf08c7b5e0cb793b6270a788332b1a846,"Bitcoin Up or Down - January 7, 10PM ET",crypto_price,2026-01-08 05:46:39+00:00,4430
0xef7194f3ef00f57e6cdc3d100212c491d79294d8462f9c94d5cc5ff7e9859dcb,"XRP Up or Down - January 8, 1:35AM-1:40AM ET",crypto_price,2026-01-08 06:45:21+00:00,0
0x238f2f9262890b557ffd1452897c6bad0ab12c75b78d2ac90f5e439f6289e868,SA20: Joburg Super Kings vs MI Cape Town (Game 1),sports,2026-01-10 22:39:04+00:00,233
0x42e53eb69ddfc06d4d8cd6bc1e1d72e6879b20aed29cac16c4ed221c51f2061e,"Solana Up or Down - January 10, 7:15PM-7:20PM ET",crypto_price,2026-01-11 00:25:22+00:00,0
0xcda1a23ebc70769353536546328f0070b996c10565fdacfb36907ae390941ca3,Will donk finish in the top 5 of the HLTV Top 20 Players of 2025? ,other,2026-01-11 00:39:28+00:00,41
0x92106160fcaa4192f5ba7ad80e433bd84b69d3a14169cdd5249ac5b1f5b119f7,Series: Most kills?,other,2026-01-11 00:44:34+00:00,2
0x79ec4fd150afbe4a3d0ddf5cbcea53dfcd3f5d22fd617b47b0639962f37d3578,Nancy vs. Monaco,sports,2026-01-11 16:51:20+00:00,8
0x4e57624d6fc41102813e27f5569e385e614495c79ec69b0a134eabe021d4a7f3,"Bitcoin Up or Down - January 11, 10:45PM-10:50PM ET",crypto_price,2026-01-12 03:55:24+00:00,0
0x7deb85ec19b850ae3f32dec6b7abf04fa02712c967e933732aa4e461d2b0dd38,Set 1 Winner: Herbert vs Ouden,sports,2026-01-12 07:29:34+00:00,2
0xe2ff073b88717d4f607b83819091fa44d20e0012ad8c5955468c25cc21c44046,Will The Secret Agent win Best Motion Picture – Drama at the 83rd Golden Globes?,other,2026-01-12 08:08:34+00:00,327
0x75c991fcf3e4c1645d84d1339aed59367054c6028a9a865461717bcf217a08d5,Will Hamnet win Best Motion Picture – Drama at the 83rd Golden Globes?,other,2026-01-12 08:08:36+00:00,729
0x2f4ae4ad54350e4b04022129f44f0ecbe135c6b88107086324233b56046eed5f,Gasanova vs. Quevedo: Set 1 Games O/U 9.5,sports,2026-01-12 09:23:56+00:00,3
0xecf14986bcaa1f146c52760e3784e6347c7af6c9f5c056473c1a21eceb4954b1,Kasatkina vs. Sakkari: Set 1 Games O/U 10.5,sports,2026-01-12 11:36:46+00:00,10
0xecf08bab220c6298593c148ce749f5700e1a15605076309088ac4a47462d5ba1,Will the highest temperature in Buenos Aires be 35°C or below on January 12?,other,2026-01-12 19:27:41+00:00,47
0x48e61cf51404a23a1cd316a9c63714c92e871d72e9710408f8449dbe74a01465,Will the price of XRP be between $2.20 and $2.30 on January 12?,crypto_price,2026-01-12 20:08:01+00:00,202
0xe90c8c3218ac8725cabbfcc8d01096603e4e1e7961c67daed5426de1f2b6b9d9,Alexandre Sarr: Rebounds Over 7.5,sports,2026-01-13 02:13:55+00:00,0
0x1614290ee7bf37ced94c5258e69a17eb4557d36516ff97bf5894d0bc39076dc5,Jovic vs. Tjen: Match O/U 21.5,sports,2026-01-13 05:43:47+00:00,17
0xfbd6d83fdd4129733007216f331017e9a2f789c8143259dd00670bab5be3cb2b,Fearnley vs. Halys: Total Sets O/U 2.5,sports,2026-01-13 06:16:37+00:00,46
0xf97bfdd5d8884aa0e5a2a568de6aa909e56e623fe67424eab4d3eef741e3d3d9,LoL: Gen.G Global Academy vs Dplus KIA Challengers - Game 1 Winner,sports,2026-01-13 11:18:51+00:00,242
0x6f2de50514a436ff608ada99fd10f1e7acfe019af2119f67606136f269b5633d,Will the price of Solana be above $90 on January 13?,crypto_price,2026-01-13 19:13:00+00:00,36
0x2fcadf50877c53b397f017cb8311adc12b088a436f335ac369e4975e9bc3bebd,"Will Elon Musk post 240-259 tweets from January 9 to January 16, 2026?",other,2026-01-13 19:26:48+00:00,1527
0x17a436b0090514e3b35c8998d12dda11e0de13b45adae4d003410b67c9a7b31a,Will Short n' Sweet by Sabrina Carpenter be the Billboard 200 #1 album for the week of January 17?,other,2026-01-13 23:59:28+00:00,11
0xbac6b41579b54efa4def54f46a0bb56b655ca432febb01aa894255cd8d2d466c,"Will ""Space"" be said during the first episode of the Joe Rogan Experience this week? (January 18)",other,2026-01-14 00:55:38+00:00,42
0x3102bec6d8603d5c4ed6784fa972150b7dd65156f5b0bb02d14f1a98f3935e6a,Glinka vs. Assche: Match O/U 21.5,sports,2026-01-14 08:29:08+00:00,7
0xd1266b461fdb8396cfe63f6fa9c2bfb7646ca4f0b16a7b0b394fb603318dcf3c,Spread: Warriors (-9.5),sports,2026-01-14 09:03:40+00:00,302
0xb1b98ef775e25618ca3a5b7a9da47ba3dfaad63e9be916ff1e1a959af8f55e76,Series: Dplus KIA Kill Handicap (-20.5),other,2026-01-14 14:53:48+00:00,3
0x95f27cce2c1aaa03936cd7c86840456d652fca446b1dc4577fbca617a5c45192,Dplus KIA to win 1 games?,other,2026-01-14 14:55:46+00:00,1
0xb696f7a54aebb7601ea1a2d14162c8233e79ef775437ba1fad5365cc888aa047,Al Qadisiyah Saudi Club vs. Al Fayha Saudi Club: O/U 1.5,sports,2026-01-14 18:15:30+00:00,314
0xed6306484d35e3b3c2401574dd0546888f91b19b84350385184ecef82e4cf2b5,"Will Elon Musk post 140-164 tweets from January 12 to January 14, 2026?",other,2026-01-14 20:38:44+00:00,3881
0xaa54723335ea64f1c66526a94b7502480aeee9ae2e0d8a8b95495a74343c48a9,Set 1 Winner: Travaglia vs Sweeny,sports,2026-01-15 03:47:02+00:00,12
0x82246f892023683af93a503903436b037ed76a137cf493e4a984ef6c566f98a0,Coby White: Points Over 20.5,sports,2026-01-15 07:34:04+00:00,1
0xec58a7620b19d0bf8ef24dceb8ee4850a7fb488d63c4858efe02ff8d78553956,Set 1 Winner: Raducanu vs Frech,sports,2026-01-15 08:13:16+00:00,13
0x7ad791f241ad7f094785e95e73b7107136f776fe77119b6df7bd28b15a64360e,Coppejans vs. Svajda: Set 1 Games O/U 9.5,sports,2026-01-15 08:41:54+00:00,5
0x0d9790562cff35012a9ce0317e50320cb9dedcb154866cc362419fc9121d34ea,Will Deportivo Toluca FC win on 2026-01-14?,other,2026-01-15 09:09:26+00:00,411
0xca098005c1e24021ecc78a2d7e11767792de43a27fe7210805eca688cd1d8c89,"Will Leavitt say ""Pam"" or ""Bondi"" during the next White House press briefing?",other,2026-01-15 20:56:42+00:00,30
0xf00beaec55c1d724f82e38094585d3de16064b24058b16e750d1746a004d2fda,Cloud9 to win 1 maps?,other,2026-01-16 05:23:18+00:00,2
0x1eff235952b261d4f6dd116f489c90b4172da64bbad1728358b1f419004719ce,Flames vs. Blackhawks,sports,2026-01-16 06:25:22+00:00,5199
0xc5fb025c75613ef9e22b7af26e5973e3427afa25b1f3fce2bb66e13104b8acd2,Counter-Strike: FC Famalicão Esports vs HyperSpirit (BO1),sports,2026-01-16 20:03:40+00:00,9
0x31672993c8439c2d97b6efec3c37636a8e48ebb0aabcc46594ee759db8cba891,Will Amazon (AMZN) close at $225-$230 on the final day of trading of the week of Jan 12 – Jan 16?,other,2026-01-17 01:09:18+00:00,37
0x948f74677fb5ed002f0e0acf86d18acc26e78f6cd49ca6983725b928dc209f40,Series KRÜ Esports Rounds Handicap (-3.5),other,2026-01-17 03:06:08+00:00,1
0xab08765d547f6b72977a12c868754d48c17b89c6e0b8dfbb0699d694db3003ba,Elon Phoenix vs. UNCW Seahawks (W),sports,2026-01-17 04:54:34+00:00,1
0x8f7cb58083390b3135aac7fbf8da19ad604acc683775f57eb63afa90f8943093,Bulls vs. Nets,sports,2026-01-17 04:54:34+00:00,7242
0x9ca562ff8765e65f76818e57927ad197260d0ba1381aa6703b29004971b5f1e1,Machado wears a dress or skirt during next Trump meeting?,other,2026-01-17 07:35:46+00:00,506
0x2a403605d6d28eaa757a1ba1aa3cff75a5c0ea12fb32d6414850fa3dcefbc722,"Will Trump's approval rating be between 41.5 and 41.9 on January 16, 2026?",other,2026-01-17 16:01:50+00:00,275
0xc8e65e1c3bc9f18d8a6db53e151997f19ccda07f657e1e188afa38af1d8535da,Ipswich Town FC vs. Blackburn Rovers FC: O/U 4.5,sports,2026-01-17 16:48:18+00:00,121
0x3567ba6d8789be813a7898d1c7abbdf296baab09c5ba34a34ef2fee499ebdaee,Western Illinois Leathernecks vs. Little Rock Trojans (W),sports,2026-01-18 00:45:54+00:00,65
0x302fc57f34a20ddf39c3500a8709381f2ca43eb86265955a564bee23cb0385a6,"Solana Up or Down - January 18, 9:40PM-9:45PM ET",crypto_price,2026-01-19 02:45:30+00:00,0
0x1b78ab364bc72e802ce83f3fb6f057a20e5d89998d833b04a5c028d58e8a1307,Will KPop Demon Hunters by Soundtrack be the Billboard 200 #1 album for the week of January 17?,other,2026-01-19 02:53:02+00:00,33
0x493b2f31dc20794efa4f633b120cf6f831a296ef380b274a3c8afbac86124c65,Set Handicap: Kessler (-1.5) vs Arango (+1.5),other,2026-01-19 03:59:02+00:00,4
0xea7c6d6715b0411a85adeea9a347bc812e3afebe49ea82a08850d95a4ab2cfbb,Will Chad Ramey win the 2026 Sony Open in Hawaii tournament?,sports,2026-01-19 06:14:58+00:00,25
0x2498287870e64e0a143c656d214b303260d8e8a20bca74948713e2da276bbb60,Will XRP reach $2.80 January 12-18?,crypto_price,2026-01-19 07:09:12+00:00,76
0x60a22d6c91960d8ef2bf9539d726beb3675c1a8a73e63ebd5d62bbd77d2c6cf7,Will Catarina Martins win 2nd place in the 1st round of the 2026 Portugal presidential election?,politics,2026-01-19 11:40:58+00:00,471
0x4456e0e64fd9225ae9f06bbed49be50471a616f9ed69c268ab10bce61cd44bc6,"Ethereum Up or Down - January 19, 8:00PM-8:15PM ET",crypto_price,2026-01-20 01:16:00+00:00,2129
0x717a7ad8c1b3f762ad140fcbd735999e18ee0696ff0d7941d88b597e2f97fdc3,Tottenham Hotspur FC vs. BV Borussia 09 Dortmund: O/U 1.5,sports,2026-01-20 22:53:40+00:00,152
0xc06555e68c63b9645b1c27a271a4a78188ab07c050a225dd400e84bfa41c26c8,North Texas Mean Green vs. UAB Blazers (W),sports,2026-01-21 03:50:12+00:00,9
0x75ee2b7d5d15d52d2426baeb14a78eecc3e67347b7189534a1d0149f435fbada,"Solana Up or Down - January 21, 12:55AM-1:00AM ET",crypto_price,2026-01-21 06:00:54+00:00,0
0x5ecddec50c6221c922d69abee220a0987e84e3e0e1dec437e58e6f8f54d7a501,Etcheverry vs. Fery: Match O/U 36.5,sports,2026-01-21 07:02:04+00:00,5
0xcabc57bdc5bd0203e76c087de357aebe4494c196f61bf496097e1bc2ac21138c,Set 1 Winner: Nava vs Norrie,sports,2026-01-21 09:31:36+00:00,27
0xc5d28961d951ff68b9ab75370b4e0eee8949be82e66fdcb7daf755fe79a9c2f8,"Solana Up or Down - January 21, 7:20PM-7:25PM ET",crypto_price,2026-01-22 00:25:46+00:00,0
0x98d1aaf1514d3e2fca35c3fc218e3697c80e7227fbb3b56137e6c8a5dc1882fe,Cavaliers vs. Hornets,sports,2026-01-22 05:31:46+00:00,6555
0x4391ceb1a755f70f50645ae760e8a69a735ded63a985bf6a7426c3c8e5e71927,Musetti vs. Sonego: Match O/U 38.5,sports,2026-01-22 05:37:46+00:00,7
0xde4a64f4e07e7164bca9dc3e438582fac334a34da73ebfa67bec8b2a1fcd6d59,Kalinskaya vs. Grabher: Set 1 Games O/U 10.5,sports,2026-01-22 05:54:40+00:00,10
0xc78d8b3e80a96dcbc825160671a28166f36b58b21f7077ebc8ead181e8b9e61c,Set Handicap: Hurkacz (-1.5) vs Quinn (+1.5),other,2026-01-22 06:58:12+00:00,10
0x4e8787cc09027567ae9327fa69a77ce71ee65ed10509cb0febf2aafe2665b32a,Game Handicap: OMG (-1.5) vs Ultra Prime (+1.5),other,2026-01-22 10:43:16+00:00,42
0x20cfc50fa6d463bc1bb4cf8ae1d21d5b40168f61da20bea036714d3500e5e819,LoL: Nongshim Esports Academy vs KT Rolster Challengers - Game 2 Winner,sports,2026-01-22 10:49:16+00:00,43
0xb0c1beaa7704370153b8a35fa60508447ebb09858a11fb1e9e5cb8c5c8fafc49,Series: Most drakes?,other,2026-01-22 12:44:20+00:00,4
0xa7c1ac97ae838aae8021ee1505cf3ad592ed6969d5c721d6900a68c9ae6da4c1,"Will the price of Ethereum be above $3,700 on January 22?",crypto_price,2026-01-22 19:31:26+00:00,102
0x1ef4de0de3c2e44fa33eb9ea09cf347ba1423b21da29059db3d946944dab5e02,"Bitcoin Up or Down - January 22, 8:00PM-8:05PM ET",crypto_price,2026-01-23 01:05:58+00:00,0
0xc55c5b9533193e6ad87766c8a833938e7621666caef349f47dcf420d7de2ed01,Will the highest temperature in Ankara be 5°C on January 22?,other,2026-01-23 01:13:38+00:00,56
0x2a6781555e64277d03681cecc7e4e8c417074e2cd08cfb644f2597bb31829d5b,Series: Most drakes?,other,2026-01-23 20:41:14+00:00,0
0x0d3aa37e1aa23a15c7177092bd7204b0a6882b75d56afe3b0be3f1f467fa395b,Will ChatGPT be #2 Free App in the US Apple App Store on January 23?,other,2026-01-23 21:42:46+00:00,120
0xf57e14b7155f11c952b56b885033543102d1b41cbdcf2dce2c93f8ca05353d45,CEHL: Liberec vs. Kometa,sports,2026-01-23 21:49:20+00:00,56
0x1b7bf9f067bab03400bb9fac2d20af0cf28bfa3c88af8aa7a507df7ef4bf2e5b,Pliskova vs. Keys: Set 1 Games O/U 10.5,sports,2026-01-24 02:36:42+00:00,9
0x1eea52fbbb3d552ea94d89c2b1a7a5b86a42da633e6198446c01ee0b60b5e0ae,Geladaris vs. Thompson: Total Sets O/U 2.5,sports,2026-01-24 03:04:34+00:00,10
0x83be7c8277a0cc79a601113ba6ac501ef3cabb85203c2a19805fb6bf36b64270,Filaretov vs. Tabata: Match O/U 23.5,sports,2026-01-24 03:57:50+00:00,1
0x3b7a80745315a676171f484692c67a540101784bbec1b71f865c191577759edf,Zandschulp vs. Djokovic: Match O/U 40.5,sports,2026-01-24 13:26:52+00:00,6
0xd9b1109f10a229d24b0ac33282a38642b3cb521283e2f7ea1b18d6ff699b356f,Game Handicap: LTG (-2.5) vs Titan King's Legion (+2.5),other,2026-01-24 19:26:30+00:00,5
0x316f2f147c152565487fbe872391af2ba0e2caa8f9181b33d00d9c636405a38a,Estoril Praia vs. Vitória SC: O/U 3.5,sports,2026-01-25 00:16:44+00:00,22
0xbc3ba434a04f9b1342878b1b369d2082e8d3592cc638f88244e7967c1e0cca26,"UFC 324: Lewis vs. Cortes-Acosta (Heavyweight, Main Card)",sports,2026-01-25 07:40:32+00:00,3113
0x3a3932585602ec3b237b6ac3d79445454de66ae6f3a10a78cfe8b8f7862d4d90,Will US Catanzaro 1929 vs. UC Sampdoria end in a draw?,sports,2026-01-25 21:24:02+00:00,49
0x163589fa1df04d206a3a97d25fd093137a8385c2387bf291bcf57c619ca8b60e,Bielinska vs. Burcescu: Total Sets O/U 2.5,sports,2026-01-26 04:35:48+00:00,9
0x4410aca3a0fc9b5f50da0ac3232fe3d7796effe673697e4de80e63c3f850e2b6,Australian Open Women's: Maddison Inglis vs Iga Swiatek,sports,2026-01-26 11:29:57+00:00,250
0xe0ad958e9f12c4402d0693683639d8035933ece759d833bbc72075f2288aa159,Lagaev vs. Stoyanov: Set 1 Games O/U 10.5,sports,2026-01-27 01:02:43+00:00,10
0x55fbe0c9f6e6a4c246b6343afa9a4c525aa2fd744322adf7e2cf498cbb64ae00,"Solana Up or Down - January 26, 6PM ET",crypto_price,2026-01-27 01:14:37+00:00,1196
0x4e883e3b200075abb2918f0b726978ddba0b9679311f25b9c6f837e1e8568d05,Set 1 Winner: Alame vs Sun,sports,2026-01-27 02:39:27+00:00,7
0xef736aa0a0234a359dc93ba6cc7b86de15389bfc62d4db826832421dd3d98679,Trail Blazers vs. Celtics: O/U 226.5,sports,2026-01-27 05:46:51+00:00,107
0x61c5d7f361630eb7eca1569ef53f7eea32049658e34bce5c0f208b47ab032620,Payton Pritchard: Assists O/U 5.5,sports,2026-01-27 05:53:41+00:00,5
0x6e8f0f31f8d46831f63f368f5d7e10a0c0ba17771c66a5f3bab4b24e608ca492,"Ethereum Up or Down - January 27, 7:45PM-8:00PM ET",crypto_price,2026-01-28 01:01:53+00:00,1121
0x43c5df803c0323d3d71e8a3af8d680a14e807063ffa28772da6ce5ea00a9eda4,Mikal Bridges: Points O/U 14.5,sports,2026-01-28 05:41:57+00:00,5
0x10ffbcb35263223bc0bc0e7d2f7b239df1a7b058318af06755c5b6e79169f7c2,WNCL: Tasmanian Tigers vs Western Australia Women - Team Top Batter Draw,sports,2026-01-28 11:54:43+00:00,1
0x703fc2be4e72f5b57bf2d9b979f226bc2dafbae438c11bfe955e80ce1ce74fd3,UCLA Bruins vs. Illinois Fighting Illini (W),sports,2026-01-29 04:42:48+00:00,38
0xc488136c1309fdf01ad2dc551cfbdd1a4ecb469bfa99ff730b3703f6fe781616,LoL: Gen.G Global Academy vs HANJIN BRION Challengers - Game 2 Winner,sports,2026-01-29 10:12:22+00:00,76
0x75f2c9db29ca090c861942679eed8158d80cadeaa8520472545692f239ceb5e9,"Solana Up or Down - January 29, 5PM ET",crypto_price,2026-01-30 00:30:14+00:00,912
0xd9e864892d6e7c8826b46ce3b390f5c473822d62c40e1258bf569829f399cb82,Set 1 Winner: Sesko vs Miguel,sports,2026-01-30 08:12:12+00:00,5
0x1d23651883e7168ddcaa829b632f21c18d34ed855b382078433fa8744192c550,LoL: Nongshim Red Force vs KT Rolster (BO5) - LCK Cup Group Stage,sports,2026-01-30 14:26:58+00:00,5184
0xbcf40ba08e57535433d19439d07032a9f41ee74d15b31f3a8ab78fd1a54a859c,Will the price of Solana be above $160 on January 30?,crypto_price,2026-01-30 19:47:00+00:00,16
0x2a4fcbfcdee5d956bc2e234e501859c8783444a2c89b8e2f2fd7c00b7e39ae76,Will ChatGPT be #1 Free App in the US Apple App Store on January 30?,other,2026-01-30 20:30:14+00:00,3500
0x807506cefbe45e9829167f4fb56ffa48dd11a23ef3cdb074479101646f3932b7,Will JumpJumpVPN: Fast & Secure be #2 Free App in the US Apple App Store on January 30?,other,2026-01-30 20:45:38+00:00,119
0x0ba09a83eb6ddf962446c3e46896459cad8bf1bc55170e2f553ff2ebb0c49246,Will Tesla reach $548 in January?,other,2026-01-31 04:18:16+00:00,168
0x74192fcd2fd3a04fb3c0b68c990a48ccbedf7275f9033be952c17921c4585e79,Will Silver (SI) settle over $100 on the final trading day of January 2026?,other,2026-01-31 09:30:50+00:00,844
0x77d7928ec8c9dead3e69e6b3b6b53d30e067bbf42e67000f552050809dc49fdc,International T20 Series: India vs New Zealand (Game 5) - Completed match?,sports,2026-01-31 19:42:04+00:00,9
0xde770ebfe670f08c28febb790da8ab33cb135af13e4862a5011d263635344ef5,"Will Bitcoin dip to $78,000 January 26-1?",crypto_price,2026-01-31 21:19:12+00:00,890
0x1ac23f1bbcf1feb427e3410cd876c43a58c6268a95ccad1de798302a9ddff387,Tupitsyna vs. Efremova: Total Sets O/U 2.5,sports,2026-02-01 05:39:14+00:00,6
0xd1e4e03a0129aad7b23e835bfb5c0166d7342fb98e91aa7dd0f3e6cb423d9c21,"Nicolás Maduro released from custody by January 31, 2026?",other,2026-02-01 07:41:50+00:00,4314
0xe2d850c0a197fbeea306cb1dbcdf20b706ed5bc28be84cfcd8f7924411d3dbaf,Werner vs. Pigossi: Match O/U 21.5,sports,2026-02-01 11:06:40+00:00,5
0x0eb12e9cf39c1c8dd47664bd0693ee537d2297f7e5f4530d0952a7cf1203a3f7,Dota 2: Team Rostikfacekid vs Team 9pasha - Game 3 Winner,sports,2026-02-02 03:01:06+00:00,4
0x42a9f6c3c2d185e1cd3fc4507aa96293c17a6c260da40ae1c25edac0770ef6af,"Ethereum Up or Down - February 1, 10:15PM-10:30PM ET",crypto_price,2026-02-02 03:30:46+00:00,2744
0x7755a683844038e2b74ad8ca3b5ae497a268947d3872def7bd314233352121a4,Avanesyan vs. Uchijima: Match O/U 22.5,sports,2026-02-02 07:11:52+00:00,2
0x100c7559155d0c38a2d2f1a96b59cc443a7a6d38a7ec6da44f740cc108f0e226,Total Kills Over/Under 25.5 in Game 2?,other,2026-02-02 08:40:06+00:00,2
0xe36d9ae04481b0085ef4ed0051fa8a4f8e3c30c4c756688937146f14123db5da,"Ethereum Up or Down - February 2, 4:00AM-8:00AM ET",crypto_price,2026-02-02 13:01:12+00:00,362
0xa2e31da6f91ad3f5ebb7750c38f01e4f9afeae609dffc7f62142e614a3ab839b,Will the price of Solana be above $80 on February 2?,crypto_price,2026-02-02 19:27:44+00:00,115
0xd7ddb01bd7c7c074a57bd2ac9ae59a39e4ca853cdcf5f6f043e8d3e25aa9ec7b,FC Botoşani vs. ASC Oțelul Galați: O/U 2.5,sports,2026-02-02 20:50:42+00:00,38
0xf23028fcd46dc13c71b8e15c88c3f36a3cb4ec78279d529028080e39bc74313a,Will Apple (AAPL) close above $255 on February 2?,other,2026-02-03 00:26:20+00:00,43
0x5e0d2cf6e98101c91d7c91240936c229193f4d1a1daa59d260e98a3b9f45382b,"Bitcoin Up or Down - February 3, 9:00AM-9:15AM ET",crypto_price,2026-02-03 14:15:48+00:00,8717
0x9288fef8fc53c6b9370be86f0348991604dca9dcfbfc013f080ed59407eab2c7,"Bitcoin Up or Down - February 3, 8AM ET",crypto_price,2026-02-03 15:23:10+00:00,6517
0xe4e23800660264993036b20d59c2d3463f68fabf4132979c71606badb69f94fc,"Will EA say ""The Sims"" during earnings call?",other,2026-02-04 06:08:26+00:00,152
0x8b24581d7f9aa3d6a4a455c120242d56793cbb88a8483e671e73a5ea38906b92,"Solana Up or Down - February 4, 9AM ET",crypto_price,2026-02-04 16:13:49+00:00,1460
0xeddf68feff910e51aa46cb317c318280e60a187f39fa5c02bd3f70a7f02c900c,Game Handicap: BIG (-2.5) vs Eintracht Frankfurt (+2.5),other,2026-02-05 04:50:37+00:00,9
0x90620a7e35084803746723ebbf7f4da5e1fe3b8dfb068ca95fe890f95121e4e1,Oilers vs. Flames: O/U 6.5,sports,2026-02-05 07:35:35+00:00,266
0x6f963b50f74b446c50ea00f0bd284e58b3de0d8f3561f0be204da14ebda3d9e7,Will Al Okhdood SC win on 2026-02-05?,other,2026-02-05 23:16:59+00:00,598
0x717d2f44ed7f1f488143e0e159852c69021345f2df75bd0135a035278718049d,Saint Peter's Peacocks vs. Manhattan Jaspers,sports,2026-02-06 05:47:19+00:00,318
0xb532369cc85e5d6076961e746032becdafc10548032b5f3285e496ccaf32524a,Will Drake Maye win the 2025–26 NFL MVP award?,sports,2026-02-06 07:42:07+00:00,10000
0x443a1c987428135b920a68605cce36c92ca278d5bc00d231dd098b1131d830df,Norwich City FC vs. Blackburn Rovers FC: Both Teams to Score,sports,2026-02-07 16:31:31+00:00,23
0xa8574eb90327cf8147b4e530a64aeb58230406a5d6ad55d2cf5b1c1df16f0904,Shimabukuro vs. Kwiatkowski: Total Sets O/U 2.5,sports,2026-02-07 22:30:55+00:00,2
0x060dda32b72fa3d93da6bde89b44b3dd74fb1b9fd9df48392c71f532c394d683,Will there be exactly 3 earthquakes of magnitude 6.5 or higher worldwide by February 8?,other,2026-02-09 09:22:05+00:00,307
0x5e56560a45a385da183e6ca9185bcc270952fbc16fad8b9ad3f29216e201fc81,"Will Trump say ""Anarchist"" this week? (February 8)",other,2026-02-09 09:23:43+00:00,182
0xaa2909a4cab67bf45753c8eb95ddeb1c2922639769e09c35fc67d066ad8b1134,Will Todd Monken be the next Las Vegas Raiders Head Coach?,other,2026-02-09 13:08:11+00:00,13
0x1f24c37c16f909a19b88c04315cd0c97516a48d07a3c33a58c969a920608ec70,Will the highest temperature in Ankara be 11°C or higher on February 9?,other,2026-02-10 01:10:15+00:00,199
0x881ab165ad362be97b5b431a1173bad0c67a39ab8b8d1f214c082c85ab8592dc,"Bitcoin Up or Down - February 9, 10PM ET",crypto_price,2026-02-10 05:00:57+00:00,3373
0x2621a223c3b49185b7f6afc74b68a315ccb1db2c5c308b1e468222f935cc109c,Jaylon Tyson: Rebounds O/U 4.5,sports,2026-02-10 07:20:55+00:00,15
0xc7393dffdcac12818df3b39035eb50617d2c396d57388adb2ce352e7d26b9aef,T20 World Cup: Namibia vs Netherlands (Game 1) - Who wins the toss?,sports,2026-02-10 07:47:17+00:00,8
0x1ff01c9ba34aed9f15985de211c62545746900460a25daa1df178429d9aac7da,"Will Coca-Cola say ""Dairy"" during earnings call?",other,2026-02-10 17:44:55+00:00,17
0x20c5e05b1c8277c2a6ae216f8e3ae0167e659a526d43a4c59335887ee15676ad,"Solana Up or Down - February 10, 4PM ET",crypto_price,2026-02-10 23:13:27+00:00,1089
0xb1adcf57ac9f368ad7dd8934dbec53f1aee1722f908b004b9bab251a14513535,Leicester City FC vs. Southampton FC: O/U 1.5,sports,2026-02-11 00:31:55+00:00,15
0x6ecc8ac19fb9c09af8c370c5543412d2874d93d0844ea070023af329b0403bfe,Will AGI Inc.'s market cap be between $3.00B and $3.25B at market close on IPO day?,other,2026-02-12 01:25:35+00:00,120
0x23adc7b3b541161a90c39b02c8c7dcd004070903270089d62f031b4f1126a5ab,"Will SOLV Energy, Inc.'s market cap be between $4.2B and $4.6B at market close on IPO day?",crypto_price,2026-02-12 01:39:29+00:00,85
0xf6246b116a892ebc4d26162bdea91fc38d2b83a021ecd6c47689756c11078921,Spread: Connecticut Huskies (-10.5),other,2026-02-12 04:50:11+00:00,155
0x54fbf8a9ed2c8de56cb7925767ed3251b75df6cc1f4059c004a74ae4541ea5b7,Franz Wagner: Assists O/U 2.5,sports,2026-02-12 06:16:23+00:00,7
0xcc57fa3802f7f27b2d0529fe3360c71c6ec9f011218b346522a34aed726444e3,"Bitcoin Up or Down - February 12, 7AM ET",crypto_price,2026-02-12 14:13:51+00:00,5117
0xde215f4b7f6a0f3d9d6f967e93990dc41a223171a7d0fc739a8810736af48268,"Will the price of Bitcoin be above $68,000 on February 12?",crypto_price,2026-02-12 19:35:17+00:00,7438
0xb7343abd2a6e74478d6f641b56758d29cf3afebe958910f33e37ff407a96353b,First Blood in Game 2?,other,2026-02-13 10:23:21+00:00,19
0x5c9f080796c78c5d993e9dca382e2a4bed9a40e363359c1e1b6600a86978cbbe,"Will the total number of TSA passengers for February 12 be between 2,200,000 and 2,400,000?",other,2026-02-13 16:48:01+00:00,91
0xb138ef1ebefa4bbe52bd75f3f6cbb66843652fc46c6499d80e3bd75ebd5126b2,Will the highest temperature in Miami be 71°F or below on February 13?,other,2026-02-13 19:06:37+00:00,387
0xc0c17acd9b79ab2b1664cf0e78778ca2da252b7d61b0553357c6bd791d85a326,Will Amazon (AMZN) finish week of February 9 above $245?,other,2026-02-13 23:41:29+00:00,23
0xcd50032712a25086397520ab6604583fac7941868dd41b73b234c908ee54d70f,Will Google (GOOGL) close at $350-$355 on the final day of trading of the week of Feb 9 – Feb 13?,other,2026-02-14 00:33:19+00:00,23
0xc99d9ce2e9faa0260a142bc60a19ef5b31fa9bd7e14878bb5ab9bcf83e030697,Svrcina vs. Mejia: Total Sets O/U 2.5,sports,2026-02-14 23:07:43+00:00,2
0x1cb5123b4800f5ce9a88d8a673edae6cf3ec5ce4d94fdf5d42c807423d9f6c8f,Odds of US strikes Iran in February over 50% by Feb 13?,other,2026-02-15 10:17:25+00:00,861
0x20fa006178f017d762e62ab9bc33b9a817499247c7e60ce046e9f6c23545967d,Will Toulon win?,other,2026-02-15 13:26:05+00:00,32
0x65ccd0af0f78f10206efc0011af3f8ffdebece2172f61ac1cb53dc53be163cb3,Counter-Strike: Outfit 49 vs InControl - Map 2 Winner,sports,2026-02-16 03:13:09+00:00,8
0xd76ae62b23623d254630439dfd03989b2b70d8468fb36d8eb7296c39c7bff324,"Bitcoin Up or Down - February 16, 12:00PM-4:00PM ET",crypto_price,2026-02-16 21:01:23+00:00,1058
0x5211aa32b23f6ed051ce87476e610ff9f48b2c1c00d1c3b1fe350613fdb33c22,Counter-Strike: MASONIC vs Bushido Wildcats (BO3) - NODWIN Clutch Series Play-In Group D,sports,2026-02-17 01:34:57+00:00,451
0xcfc2eabf75ad414cc7aaf3ebfcf83f742c1f99b4174d965103438864f406fb93,Busta vs. Bublik: Match O/U 22.5,sports,2026-02-17 04:13:01+00:00,0
0xd9b5f7af9055887e5c78bf350a6d62488c606a7fe9f879a50d16f1d730ed25ea,Oeiras 2: Yue Yuan vs Anouk Koevermans,sports,2026-02-17 17:17:43+00:00,370
0xfe11da9002720d69d25f5f75512e3beb9aaa72c2934951318096290ff5aa8b61,Nefve vs. Franco: Total Sets O/U 2.5,sports,2026-02-17 21:47:41+00:00,2
0x40fd7d3bbda1d883e06fe17da4e77dcfc64539264522ec15f40b14639b36bb76,Will the highest temperature in Buenos Aires be 30°C or below on February 17?,other,2026-02-17 22:12:03+00:00,398
0x19da405168eedb0e6fc4e5ecaa8a0ebf81184e4c49f3fd77f0630f98ac258cf6,"Bitcoin Up or Down - February 18, 2:40AM-2:45AM ET",crypto_price,2026-02-18 07:46:10+00:00,6721
0x7c65ba73e100648220e5fb5501552c5eace6340ea1edb4b8a0f06fa228a959fd,"Bitcoin Up or Down - February 18, 4:20AM-4:25AM ET",crypto_price,2026-02-18 09:25:30+00:00,3915
0x08fcd3d1ea1da8996ef0b364fcc9ea9f677f9fcfb802804a7ce16ff723c1747a,"Bitcoin Up or Down - February 18, 6:30AM-6:45AM ET",crypto_price,2026-02-18 11:45:50+00:00,5771
0xb7db836e8ef8e0f65cf8ae7de57549e0f301a476d17ad67ea2e860c1a953d809,"Bitcoin Up or Down - February 18, 8:15AM-8:20AM ET",crypto_price,2026-02-18 13:20:28+00:00,4229
0x142f6115f1f1b142742a0171ccf06fd993bf0debd058ca669650c9f0e1bff120,"Bitcoin Up or Down - February 18, 9:30AM-9:45AM ET",crypto_price,2026-02-18 14:45:52+00:00,10000
0x39595b9c3c828678968c2cee35f704c041b3152971ec1c21134dc9cc29f640c4,Counter-Strike: MOUZ NXT vs TDK - Map 1 Winner,sports,2026-02-18 15:06:20+00:00,96
0x3f9b3973b4087fc71fa3e41781109e13b20b60e1f57a91ce5c87925c89a5d839,Taverna vs. Palosi: Set 1 Games O/U 9.5,sports,2026-02-18 19:23:58+00:00,1
0xa91f609f2be7d58b40b88c24d8047a855022865428ecb941422fa27dc007f6d1,George Mason Patriots vs. Loyola Chicago Ramblers (W),sports,2026-02-19 04:32:24+00:00,11
0x90ff1097c4cad8edc2d3ce16d2690bcde877f928db4b5cfa21dabc98128f0f01,UAB Blazers vs. Temple Owls,sports,2026-02-19 04:32:26+00:00,628
0x07d6ac41e346338c2b0f209d95f2c282764742fe35244f4b3285c797c9e8b575,Will Barcelona SC vs. AA Argentinos Juniors end in a draw?,sports,2026-02-19 06:12:58+00:00,165
0x9bc3cd69e775a419c237f06e7f3011091488e48655f269f830bcc4da388d9dfd,Lee vs. Vidmanova: Set 1 Games O/U 10.5,sports,2026-02-19 19:15:32+00:00,4
0x34c635f87ad7e24a973351d6d0d494cc4973fc452fac8751ad20e7ad5739d391,Will Kuopion PS win on 2026-02-19?,other,2026-02-19 23:25:12+00:00,469
0x9b2cef81576d6ede1bf692aad97d5d1f12e8a5bb99ed87a1d35fb73c4985cb0b,Will the highest temperature in Atlanta be between 76-77°F on February 19?,other,2026-02-20 00:25:58+00:00,359
0xef08343738db9e369a1fe9f7c2db6bdaabf514e2bd1a77ba02256b14f7398429,Valorant: sleepers vs Shopify Rebellion Black (BO3) - VCL North America Playoffs,sports,2026-02-20 03:45:52+00:00,238
0x6c1a2d44bbc6fec6d973263ec73a4e88dd942252af13e938a898f61e7a4a9a32,Amen Thompson: Assists O/U 5.5,sports,2026-02-20 05:26:54+00:00,5
0x5e806d4cee5146d3fc80db4fc58a587f4eddd9c1b97881e90e59dccd448dd63e,Serna vs. Midon: Set 1 Games O/U 8.5,sports,2026-02-20 20:04:32+00:00,8
0x338fdc28aad23805ddaca8e520476523301591c1def70ded64b6c5dbc8297c01,Damac Saudi Club vs. Al Shabab Saudi Club: O/U 1.5,sports,2026-02-20 22:23:44+00:00,24
0x5d21d5524062934f1b359229eb7b64b8f8d9199c791986839750ddda5d3a5bf1,Will Opendoor (OPEN) finish week of February 16 above $5.00?,other,2026-02-20 23:46:04+00:00,277
0x2be54c0c77446c5e0d3297301418ccf0d0ff7728bbc5db41667fefc2b95b938d,Will Fortuna Sittard win on 2026-02-20?,other,2026-02-21 00:20:48+00:00,659
0xc3d49a5fc33a50fe5c184b5f5430e08e1c631855ce1075612b825b20bb11dd39,Will Team Spirit win DreamLeague 28?,other,2026-02-21 01:11:12+00:00,42
0x1f7080e6fb6c7ca761b045ee412a56f09f9d1820091565f7afabe106b69bd8df,Houston Dynamo vs. Chicago Fire FC: Both Teams to Score,sports,2026-02-22 05:27:02+00:00,29
0xa01d90fe411672e3afe37d3edcefdc2fba85f9ae5f4bb7f5fd9631e8df5836b6,1. FC Heidenheim 1846 vs. VfB Stuttgart: Both Teams to Score,sports,2026-02-22 21:19:36+00:00,68
0x19b3924ed8a70da63d000d2944fae8f599346d2b613014336a025c8e9a5f31c4,Set 1 Winner: Ajdukovic vs Shin,sports,2026-02-23 10:24:02+00:00,6
0xf400c0f449ae0840afb9fb7b42c5d410bc52827a9bf8fedb091bb0f5694831cb,Set Handicap: Rakhimova (-1.5) vs Bondar (+1.5),other,2026-02-23 23:13:24+00:00,12
0xa1dfa3c831f486e6252cfa1c4fdce89690c8c1d3a40ec1caae1a0895f1279942,Will the highest temperature in London be 11°C or below on February 24?,other,2026-02-24 02:46:02+00:00,469
0x4407ceba2997a735b5abcbc81eb29636a6cea3d29230d1388ce7e418df9c00f8,"Will ""Love is Blind: Season 10"" be the #2 US Netflix show this week?",other,2026-02-24 23:42:50+00:00,281
0xff49edebfd23aa036324e31ea02331e97567b1b3aae897c162e8fb7e34174cfa,Jay Huff: Rebounds O/U 4.5,sports,2026-02-25 07:57:34+00:00,3
0x024247cb95e0b95f1e1029acbfadf14bdabea281e2a88fc6a27abbb646c614bb,"Will Trump say ""Panama"" during the State of the Union address?",other,2026-02-25 09:49:06+00:00,92
0x83b2740a3d7ed00675c5960e315737e5e4a819b17a09244c35f834dbdb2f38cb,Lachinova vs. Gorgodze: Match O/U 21.5,sports,2026-02-25 10:50:20+00:00,1
0x45555c182805194f0e627117fe89ee48b7f4a44f5521a27caf8a0326cefacb94,First Blood in Game 5?,other,2026-02-25 13:06:34+00:00,0
0x94fdb6ebef63dfc22c68928715e888542edb3c2e38daa97b792e4b308ff41db0,"Will Starmer say ""Reform"" 3+ times during the next Prime Minister's Questions?",politics,2026-02-25 17:06:36+00:00,172
0x38cc880fe0ac98a8656026e0617d76771fe738097e33301b23c4a0d479f83ffa,Games Total: O/U 4.5,other,2026-02-25 21:42:06+00:00,5
0x0b8a3085c4b3df071879a055a7901bf73ad9d1c12826af9edd2c2b4b12b47539,Saint Joseph's Hawks vs. George Mason Patriots (W),sports,2026-02-26 04:14:58+00:00,12
0xb714529608dba9dcb94a7dbf10ffc74a346f0c0a2b87fee3bd8d93349bd80d60,Cade Cunningham: Rebounds O/U 5.5,sports,2026-02-26 06:34:46+00:00,19
0x2bfa2e3146e53e65607eb261628328efd483f148836f4b5ee420093715743b07,Total Kills Over/Under 28.5 in Game 3?,other,2026-02-26 14:33:24+00:00,6
0xa571de6630800eb1dcd9cf6a39113b6e436f748335c7bf88e126ee14078177d3,Will the next diplomatic US-Iran meeting be in the UAE?,other,2026-02-26 15:05:44+00:00,109
0x62d4a7796d8d989813b36548c70d7278503914ac138db4a5e876691dcafff61b,Game Handicap: AL (-1.5) vs JD Gaming (+1.5),other,2026-02-26 16:37:34+00:00,228
0x0680f378c61fa82f2064116042d3a824bc664f3ada5d7dbce1304a9f18733718,Justo vs. Meza: Set 1 Games O/U 8.5,sports,2026-02-26 21:03:58+00:00,3
0x241b9abc285e4c44502da433a989af9016011a5f7e2273ae684d49d660af651b,ZachXBT investigation post over 25M views on day one?,other,2026-02-26 22:06:08+00:00,9
0xe37df997bcaa94390ce8e8e2a96f955efe666389212c23c49a97a40e12cf5ccd,KKS Lech Poznań vs. Kuopion PS: O/U 2.5,sports,2026-02-27 00:09:26+00:00,52
0x0eebbe38bf03599f8b30d4a4ea779540c00c112a40bc3c18c3df4b1a4c98dbd4,"T20 Series New Zealand vs Zimbabwe, Women: New Zealand vs Zimbabwe",sports,2026-02-27 11:38:35+00:00,93
0x7ae34e52847de8a2c140f47ca63bde578ae104008f0dd8a7501df429210d43fe,Will Melbourne Victory FC win on 2026-02-27?,other,2026-02-27 13:38:11+00:00,981
0x7e9d825c4601f71f7a286a9f28a30cda15534285bbc387d9605b1b678d11c492,Kecmanovic vs. Cobolli: Match O/U 22.5,sports,2026-02-28 06:35:39+00:00,4
0x4f19969b323ac1166a4cb80f8ad8b9b5ea31270f650ddc0042a280ecd58566b7,Will AS Saint-Étienne win on 2026-02-28?,other,2026-03-01 00:19:27+00:00,127
0xe3d76d86715912b12f827861b8f7440d35fa7a949298174dd6904aeebe52b398,Set 1 Winner: Frech vs Zhang,sports,2026-03-01 03:53:07+00:00,10
0xe9e46be02239a30f80f3f8e21c877510369af7824c419f5daaba366f24cd6504,Will Sal Da Vinci win Sanremo 2026?,other,2026-03-01 05:32:47+00:00,331
0xb85b83c096badb68505b4020a02cf715c960c2194d2bff329e9813b7b24f46fc,Merida Open Akron: Jasmine Paolini vs Cristina Bucsa,sports,2026-03-01 08:33:33+00:00,1020
0xab01983215dc9f27dec1de1c10efe65d9c205da715bd6e271096d6c91a6c2da8,Will Trump meet with Kevin Hassett in February 2026?,other,2026-03-01 09:19:19+00:00,151
0xadbc94286ff6e164f05313bb26ac585fbbf4705757c482f82ffb9e005ff4f793,Will Trump talk to Ahmed al-Sharaa in February?,other,2026-03-01 09:40:49+00:00,30
0x0e63021a1e2225c447a85de4beb769a1e21b6259f29d2f750d78d0ddea515b54,Manchester United FC vs. Crystal Palace FC: O/U 1.5,sports,2026-03-01 18:00:53+00:00,253
0x32f98ad93ab9d2419115505027e8c0371bb1033c3321033d348f2d9823a741b4,Spread: CD Tondela (-1.5),other,2026-03-01 21:21:51+00:00,6
0xcfb38ea7e619fc9edec1f5d92be352d09f61519af5972741865f90bfd25571a6,Will Jesse Plemons win Outstanding Performance by a Male Actor in a Leading Role at the 2026 SAG Awards?,other,2026-03-02 07:29:11+00:00,107
0x5e1bac9f984178399e798addcc612385abb07375e0835f148a7a7027c849000f,"Will ""Wuthering Heights"" Third Weekend Box Office be between 8m and 9m?",other,2026-03-02 22:39:23+00:00,82
0x27fb86adcbe0f4c23d2b421ae6a8d9fd9d2f34e74d7978bf9f631e53640a138a,Buse vs. Draxl: Set 1 Games O/U 10.5,sports,2026-03-02 23:11:59+00:00,1
0xfbaac37c881a8c2c26db93cb4c455d6e2bbc30c66faddad070d69693d0d4f66c,"Ethereum Up or Down - March 2, 8:30PM-8:45PM ET",crypto_price,2026-03-03 01:45:21+00:00,1361
0xc9dc12094298c63d1f9f4d1c559ff2ee15f850f131f9c43f3456c0bda99e2c18,Kopriva vs. Sakamoto: Match O/U 23.5,sports,2026-03-03 05:13:07+00:00,1
0xd3df7d09f2bd60821081045a276a9821da48698aa156f6ffee1c8a6ca0b6dc6e,Valorant: G2 Esports vs XLG Gaming - Map 2 Winner,sports,2026-03-04 00:43:05+00:00,223
0xd36253b4925e68d3d7c81c3dfc0eaf5c3352bdcf7013669cff5b7fd06c1e7ae4,Pistons vs. Cavaliers: O/U 228.5,sports,2026-03-04 04:42:51+00:00,383
0x9aa2706c479a33d1244fce381a57dd8718141d7a84cf469c9c3d9dbd93eac289,Avalanche vs. Ducks,sports,2026-03-04 07:44:19+00:00,2155
0xc31980b28e0c5374cb1b840b69b09ab5f4c3a28620f3cf6f34e72e70be4678b6,Cassone vs. Broom: Match O/U 22.5,sports,2026-03-04 17:14:19+00:00,3
0x9faad02788c75a431e5e11bc4fe95943911320cebb3993fd2c9e1752bb154da5,Will Jeremy Story be the Republican Nominee for TX-10?,politics,2026-03-04 19:12:11+00:00,85
0x4ebeac124f62a8c3f555b7545bb1d62176386b1ede50e06c1c2a26c8b1d164c6,Counter-Strike: R2 Esports Club vs FOLHA AMARELA - Map 2 Winner,sports,2026-03-05 01:54:37+00:00,58
0x761d5e8c0f15df49a0b5f93cd4189bbda8e80dd48bcb95b5b03d5dfa171dabe2,Will Atlas FC vs. Club Tijuana end in a draw?,sports,2026-03-05 08:30:07+00:00,183
0x045e5b83e8667b3faf37b1c61470fc92aea9e1dbcf0dafa62a21695a4cdeb10c,Neumayer vs. Wendelken: Set 1 Games O/U 9.5,sports,2026-03-06 11:26:19+00:00,2
0x50a378df35c9233e709a789518a8adf823c244d8ba9f71201ea7c15d7da5531c,Kalinina vs. Udvardy: Match O/U 23.5,sports,2026-03-06 13:02:11+00:00,4
0xb7d0c5b6d375145d16ee0b4da60dc969bb3de3afb0153464d379984efb5a5567,"Will ""Guard"" be said during the next episode of the All-In Podcast?",other,2026-03-06 15:08:05+00:00,14
0x9a5a1d0663f7f0ca3b40e1fecdc70c8ac636707cdbbcf0a661295a7943306194,Spread: 1. FC Magdeburg (-1.5),other,2026-03-06 22:28:07+00:00,13
0x897dc818ad5fdf13a949360a33681be38072e4bd79f46a93c82e0651856b5fd9,Rodez Aveyron Football vs. Grenoble Foot 38: O/U 1.5,sports,2026-03-06 23:16:43+00:00,38
0x681308029b15860976c3817d1423807d9d8b89933e3d0c2d77bd17b5ec3a630d,Heracles Almelo vs. FC Utrecht: O/U 2.5,sports,2026-03-06 23:21:31+00:00,467
0x21fc45cd219ff73cb982e93427b8571ca8b57aee261747da9fa2bed1a9b68827,Will 'Deadline' - BlackPink debut week album sales be between 500k and 700k?,other,2026-03-07 03:41:41+00:00,80
0x2b2040ddab77b851270098bc1570a28f9e2d9df17109165a840e23a3244764d9,Set Handicap: Fokina (-1.5) vs Svajda (+1.5),other,2026-03-07 06:26:03+00:00,9
0x9ba774d244253bbda65dafb04b320abdf12a782faa51feec79824ea4d004bd4f,Will Carlos Sainz get pole position at the 2026 F1 Australian Grand Prix?,sports,2026-03-07 12:16:21+00:00,90
0x79b9b832dfd3a77e0946587fc5ceae99c79b37f81973d629d8566f5f90c2ac5a,National T20 Cup: Lahore Region Whites vs Peshawar Region - Team Top Batter Draw,sports,2026-03-07 20:40:53+00:00,1
0x5bbf7af1680399b03704db4224936c052fb4b3f5803e24cd8ab5335265782215,Capitals vs. Bruins,sports,2026-03-07 22:23:47+00:00,2467
0xb772cfd71068341c9e3d6aaab5217f81eca2038f9a1ba0b08a3b8bfea9a743ad,Burgos CF vs. CD Mirandés: O/U 2.5,sports,2026-03-07 22:27:35+00:00,38
0x4ad2833a1a91e787c2b0d0c1949c52ec7cc1ac5779dfec08298e6b4e1e4b6b40,Islanders vs. Sharks: O/U 4.5,sports,2026-03-08 08:25:07+00:00,46
0x5976f63ba9aced73eba26b6eedcd49ece1e03e408db5071f481ae870bbb1171d,Exact Score: Stade Brestois 29 2 - 1 Le Havre AC?,other,2026-03-08 21:42:51+00:00,0
0xb2c90c45b4facd80f3182b4e83184671671f486719b1ddbc240b56ade9ae0b7d,Will Pierina Imparato win the 2026 PPA: Newport Beach Open (Women's Singles) tournament?,sports,2026-03-08 21:57:53+00:00,2
0xfea48d01adc4ca0735775d14a54bf2c172f8a05141c513d190a043f26d8f88ec,T20 World Cup Sub Regional Americas Qualifier B: Cayman vs Argentina - Team Top Batter Cayman Winner,sports,2026-03-09 00:19:57+00:00,1
0x7627ef1509ce28da9baecb7efd6c1d38007d76a7fcc7992fcd960695ea79c4c0,First Round Pool B: Mexico vs. Brazil,sports,2026-03-09 06:29:37+00:00,146
0x07a65e5b9ae881dbde91377b0ed06f52a36a985e444608068cccc6ec46210937,"BNB Up or Down - March 9, 1AM ET",crypto_price,2026-03-09 07:45:33+00:00,11
0x7fb2e422a89d11d4929544e751db4728e2b860ca8e10f649081375861701e108,"Solana Up or Down - March 9, 6AM ET",crypto_price,2026-03-09 12:28:55+00:00,742
0x08771b630b143be345da5f7cbd18279bd3232feda3dd097be77256fb09a21824,Set 1 Winner: Forejtek vs Ouakaa,sports,2026-03-09 14:05:29+00:00,5
0xa014cd78c7f534db3be45f2bd6ccc84b3f4130e5b6ce37c5b55b3f73cbf6e93f,First Round Pool B: USA vs. Mexico,sports,2026-03-10 05:38:53+00:00,2449
0x34e93fc55bd1f9f92128e3fe7fc4f1c662a7dac674b313e192b6727f58c77966,"XRP Up or Down - March 10, 3:30AM-3:35AM ET",crypto_price,2026-03-10 07:35:21+00:00,307
0x26684ec3b1cccd5fa0e15091c38b5d8ce1675724abb0d37c55b182e13f995604,"Solana Up or Down - March 10, 4:10AM-4:15AM ET",crypto_price,2026-03-10 08:15:37+00:00,413
0x2acf96cb04b9949216a563ac54fc1500eb29437b0be34c8c58f42471462bf691,"Will Leavitt say ""Middle East"" during the next White House Press Briefing?",other,2026-03-10 23:06:23+00:00,47
0xd2c7082d45e60a59e0d7c6c1d12706815751ab81ddebe005ff07ec5c10a1522e,"XRP Up or Down - March 10, 4:00PM-8:00PM ET",crypto_price,2026-03-11 00:00:31+00:00,165
0xce976eb221081a9db1b82335aeef69b14889ad19c0dfee0e478294be43c445f6,"Ethereum Up or Down - March 10, 9:25PM-9:30PM ET",crypto_price,2026-03-11 01:30:53+00:00,699
0xf52755a506dd83a2cd964ee713fed0f6c22c664f9303890dd872ee913f868271,Subervi vs. Blockx: Match O/U 23.5,sports,2026-03-11 03:00:47+00:00,1
0x9e5ecc3a550a3aabe9765cd158b35b5512df14898033dc8d4a7e12079a367fa9,Game Handicap: FF (-1.5) vs 3BL Esports (+1.5),other,2026-03-12 00:32:35+00:00,6
0x14417d29536503cb214360f6986405111560b9c256973bcb7003cb7c58dceefa,"Bitcoin Up or Down - March 12, 5AM ET",crypto_price,2026-03-12 11:15:09+00:00,3849
0xa8d8e16cd4d024dfc227a659916de3ce2fe33cf983f06b9f0aaed023d59c68ff,Will the highest temperature in Miami be between 82-83°F on March 12?,other,2026-03-13 00:04:23+00:00,1772
0x8576874a6df74b8030b36401404c9b4d358f246c169d53a22fd76c235f5cef9c,Clube do Remo vs. Fluminense FC: O/U 2.5,sports,2026-03-13 02:53:15+00:00,686
0x13484cdded151a3c9bbac0a87d87fcd8b448b6d5f5e1ff1d6e567a49bde0cd57,Svitolina vs. Swiatek: Match O/U 22.5,sports,2026-03-13 03:31:09+00:00,15
0xffd2cf3ff0c46071528b6325d42f5465689fef45d23c0c7efa939a4e7e121b2e,Will Aryaan Bhatia win the Veolia Texas Open (Men's Singles) tournament?,sports,2026-03-13 06:26:27+00:00,1
0x35bcaaa6efb72366ac7793b6556bfb62f30dd1ac0a601be08dd714839de6cc82,Will ChatGPT be out as the #1 Free App in the US Apple Store by March 12?,other,2026-03-13 06:43:41+00:00,27
0xd09c0beda8ced00584b83305f5605e18b8b3f2a9da329403f5ff399fcd46645d,Will Brooke Buckner / Kate Fahey win the Veolia Texas Open (Women's Doubles) tournament?,sports,2026-03-13 09:10:25+00:00,1
0x728c1baf2020d583ddddab82af68dbfb2c78a67380cc4f29b23aa8ff2dd8a4ef,Game Handicap: TS.A (-1.5) vs Giggioletti (+1.5),other,2026-03-13 11:15:31+00:00,10
0xf360ee99f85c85d963d7df75105c30743088d7009fdff6d671cc2ccf0bf4f756,Will Meta (META) finish week of March 9 above $690?,other,2026-03-13 23:23:33+00:00,17
0xb2b15c87366b14d98d7328db09e3f660e7edc42743a6fb6d2d1bcf6e32c15156,Will Tesla (TSLA) finish week of March 9 above $420?,other,2026-03-13 23:25:35+00:00,59
0x824f67f2d4fa70628676a63d9df828b543ab94cbefdcb67ef7c3c6170db71982,AS Nancy-Lorraine vs. Le Mans FC: O/U 4.5,sports,2026-03-14 00:56:31+00:00,33
0xd7bb4c2caa4e0ca7a6708946f3227c14bcbe3abd29d8001fe2595a3f8c113c28,T20 World Cup Sub Regional Americas Qualifier B: Mexico vs Argentina - Who wins the toss?,sports,2026-03-14 21:44:59+00:00,9
0xa77895247e5966e2e2472ac98838d2733dc58d554d06841bc73ce65358ee368d,O/U 0.5 Rounds,sports,2026-03-15 00:17:23+00:00,6
0x8c88ec163c722dd1a3a01697328411884c36cfbcb3ca327a4efea4b647a5f250,Boyacá Chicó FC vs. Millonarios FC: Both Teams to Score,sports,2026-03-15 04:32:19+00:00,9
0x36b01e7c373092a5920bb08b34a11632e4dd4a77085f6e93931d83fe1facb4fd,Will George Russell achieve the fastest lap in Practice 2 at the 2026 F1 Bahrain Grand Prix?,sports,2026-03-15 04:48:23+00:00,4
0x899ba4b14acea12b7ac07f9e4589d087f2bd3d03460c43e761bcdf6fc160de62,Will Arvid Lindblad achieve the fastest lap in Practice 3 at the 2026 F1 Bahrain Grand Prix?,sports,2026-03-15 04:51:29+00:00,3
0x74b182a8a4e29a0b7c26a7ab945972299eea354fb5ceb91e5bee51bd45171e79,Spread: Chicago Fire FC (-2.5),other,2026-03-15 06:23:59+00:00,2
0xd7ee273c86e0d493526abbb04ad77c514a9946b509181e4bebc6de03c43fbdb5,Will Sevilla FC win on 2026-03-15?,other,2026-03-15 20:39:09+00:00,1358
0x6cbb04f55b3d897cd2a6ab8648ea48bcef9cc1aef81a169fa33c5b77380231fc,CD Ñublense vs. CD La Serena: Both Teams to Score,sports,2026-03-16 05:02:47+00:00,8
0x8932e325b5b7b138222187992ee6cbdb60d75ff35f8d72c312597b66a1dd92f7,Will Solana dip to $80 March 9-15?,crypto_price,2026-03-16 07:03:43+00:00,370
0x113a175638c1871bb60512e7733cb954be3d48f470ba3c418f48bcf04c177258,"Will the total number of TSA passengers for March 9 - March 15 be between 17,500,000 and 18,000,000?",other,2026-03-16 15:01:55+00:00,65
0x354bebd98c585b5c4e4fe8436a90d76b9557586236fd28968c969ff01309a313,"Will the price of Bitcoin be above $64,000 on March 16?",crypto_price,2026-03-16 19:18:15+00:00,1408
0xb2a6b20fe4ad76f5497cf66bbcab69f91b74d383b0b6af14416fbfde77d25561,FTSE 100 (UKX) Up or Down on March 16?,crypto_price,2026-03-16 19:58:51+00:00,16
0x5f75a18f64249cadc8408687241ab390418755da9b03c031d8c111138f96f2b0,Brentford FC vs. Wolverhampton Wanderers FC: Both Teams to Score,sports,2026-03-16 22:59:19+00:00,445
0x54fde4b1f3769a13968a6f4fa9b3c90e1d2515b791daa465c59f8979502aea1a,Spurs vs. Clippers,sports,2026-03-17 06:56:35+00:00,10000
0xb8bd6fd3c38fe9b92175029a877616376e9dd5c27f59cf02ab07f273010b1a81,Will the highest temperature in Shanghai be 7°C on March 18?,other,2026-03-17 18:37:21+00:00,190
0x7c4107e95550564b55913589b3565092f27ed657c8c95ed9dfea66b4f58aa89d,Houston Astros vs. Pittsburgh Pirates,sports,2026-03-17 22:44:59+00:00,192
0xbec8b87b983c5716e1d52cb33887a4061872d527d7645156b5a984d57aa27fac,Alexander Blockx vs. Christopher O'Connell: Total Sets O/U 2.5,sports,2026-03-17 22:47:09+00:00,6
0x633831d1adcb2aa1bf550d9ac77960318367b97ca1daadb2acc7f5600f03db62,AC Reggiana 1919 vs. AC Monza: O/U 2.5,sports,2026-03-17 23:42:45+00:00,265
0xe5cd23d24cc11efa857856674b51a275ba47f63683502b11e8d08ce61b7431c7,Set 1 Winner: Walton vs Hijikata,sports,2026-03-18 00:08:03+00:00,3
0xc9eb697dcb063bb8a3ea138c8f4b202328f4fbb89626d077b3880e72b4101e34,Katie Boulter vs. Jessica Bouzas Maneiro: Total Sets O/U 2.5,sports,2026-03-18 01:51:55+00:00,20
0x2a1cc025b525acef68396e97e49712ec75ba03d1ea0d576694bb6b201b12dc95,Will Cal Raleigh win MVP at the 2026 World Baseball Classic?,sports,2026-03-18 06:14:27+00:00,8
0x0609a79324b92a222b48793fab64589c8e1e0bf8bb70bcae85c65342350fa1d6,Daniel vs. Andrade: Match O/U 21.5,sports,2026-03-19 05:59:21+00:00,9
0x475193a9d67a78470f7c83679cbfc8d84dc712b636c6e8672233f42555260da6,Saint Joseph's Hawks vs. Colorado State Rams: O/U 144.5,sports,2026-03-19 07:46:39+00:00,118
0x35c0fbc5726ab36fd837731236f40f94d6c09bf4ebea9a69fe5f5173a1558630,Perricard vs. Carabelli: Match O/U 23.5,sports,2026-03-19 22:57:43+00:00,24
0x01ad538fad33b1c57ee0ad6f0a09753675800616e0aaf18ab877d5e99d065553,"Will ""Stateside + Zara Larsson - PinkPantheress, Zara Larsson"" be the #1 song on Spotify this week?",other,2026-03-20 16:09:37+00:00,307
0x7bc9cb085abf218fb9076e4549140da2a95adf3745ad186e0ae3634b2dc6a59f,Set Handicap: Mertens (-1.5) vs Kalieva (+1.5),other,2026-03-21 00:09:19+00:00,9
0x48bf51411cfeba93da9613fe23aede3caf018a2e4595d6ac3ce42fdf16afa5d8,Will Google (GOOGL) finish week of March 16 above $275?,other,2026-03-21 00:34:33+00:00,18
0xf52702cf71fd8e0e8f8e6c611b3d7334fe5fd3530e32dbb28592dc6110bf4c92,Will Amazon (AMZN) finish week of March 16 above $230?,other,2026-03-21 00:34:33+00:00,13
0x0957abddf4ba1084bbc49d1cd208b7e5697ef82561f2e354dc91d9045e2edc06,Fagiano Okayama vs. V-Varen Nagasaki: O/U 4.5,sports,2026-03-21 09:45:43+00:00,29
0x3811ddf51f035e0884c4b0f1347cbf73471f3232b451bcd5cd1adef8a77f2610,Parma Calcio 1913 vs. US Cremonese: Both Teams to Score,sports,2026-03-21 19:30:51+00:00,192
0xc19e9ebbfcfd74830ef0073d91a8a407b9169fc615ffc4d5282153a59b109349,Will Felipe Franco win by KO or TKO?,sports,2026-03-21 21:55:25+00:00,11
0x21ee8b554c2feefec8070cf006aff92f6d0c7023e10860b2bf029c35cccb6c15,Will Málaga CF win on 2026-03-21?,other,2026-03-21 22:13:33+00:00,217
0x145c3bae24a4975a74af6b3bb240ec131635b4be29a39a8527224fc35c3b921e,Cirstea vs. Mertens: Match O/U 21.5,sports,2026-03-22 01:15:57+00:00,4
0xe73b9f6f49cb1fed409ceff49b55dc8f3412275e14b6772db3dc4a81d3ee11fe,Spread: Fluminense FC (-1.5),other,2026-03-22 01:35:59+00:00,66
0x1c01eee0c3044533cf8a5b4c592e37e18fb4d24edcb01a506decf80933b3de7e,Will CA Newell's Old Boys win on 2026-03-21?,other,2026-03-22 01:55:43+00:00,363
0xa9f9e8cac96f3625f7e8e4b3d3f6a49e6fd5eecf12884725501ed43cf6e19aa8,Spread: Real Betis Balompié (-1.5),other,2026-03-22 22:21:25+00:00,500
0xcf3925254b25a8d5275581aaed68de5a56719343bf433fbc01284e99cc941536,Spread: Coritiba FBC (-2.5),other,2026-03-22 23:34:07+00:00,20
0xa5012b492968df6de97bba231b55d3758852192524ad48416c8e4e52bdd8bf7b,Miami Open: Carlos Alcaraz vs Sebastian Korda,sports,2026-03-22 23:51:05+00:00,4665
0x1199f9d472be2291f708580043017d1a91539b9e4d2eb8dbcda5ee7de6a90890,Will Kevin Wilson be the Republican Nominee for MS-02?,politics,2026-03-23 02:49:29+00:00,553
0xb2c2369ee7ee4c6f7d544f8e73d3fa5a854500deb57b4b10139ae095aa13e66b,Will New Slovenia – Christian Democrats (NSi) win the most seats in the 2026 Slovenian parliamentary election?,politics,2026-03-23 06:25:39+00:00,479
0x0c277fd1e77c301089b2137cb5598ee0b0de5ff71c551bd8021d82d897bc7cbb,Will Solana dip to $20 March 16-22?,crypto_price,2026-03-23 07:15:05+00:00,43
0x736070f2e687e81dbd986845289dd180e2fbc70548bc2e8aff148ceadda15c44,Purdue Fort Wayne Mastodons vs. IU Indy Jaguars,sports,2026-03-23 10:43:45+00:00,214
0x68f0d07b47616c05fc43c3002580dd6d35bb088ad94fa20cb652028a062778b7,"Bitcoin Up or Down - March 23, 6AM ET",crypto_price,2026-03-23 12:18:59+00:00,3686
0x3a5bb90b940e0c38cafb14ae5637136e5d1c8ba0d64c994aeeb7f60cb02d5652,Bu vs. Galarneau: Match O/U 21.5,sports,2026-03-25 23:23:47+00:00,0
0x2041611d8790d739ace7cbf2a14e70af5ad3d1604a5818f539b6d86524c6866f,Martin Landaluce vs. Jiri Lehecka: Total Sets O/U 2.5,sports,2026-03-26 00:17:59+00:00,82
0x4d0cf4d5fd8e1264e1f58d8f7e30b319d74f95e72bfb9e4463ee5c02059b9c2b,"Ethereum Up or Down - March 25, 8:15PM-8:30PM ET",crypto_price,2026-03-26 00:30:21+00:00,1252
0xdd2e9cb511ee992773088335d87835927b786e394a3ad7b4510a1f63348081fa,Will Aubry Bracco be voted off Survivor Season 50 this week?,other,2026-03-26 03:41:15+00:00,74
0xbdc3de198e8629d16fa883c527b13ce02dbe0c3b99de293dd676032f60067d75,Will Cirie Fields be voted off Survivor Season 50 this week?,other,2026-03-26 03:45:17+00:00,41
0x8019508a5b508995f67ff415c0975906a8d5fc374e88700abc39c84c6eda79b8,Spread: Spurs (-16.5),sports,2026-03-26 05:10:45+00:00,731
0xa86b0e38983147282239eaa721170ed53cff7868f3761f0cfa271240b0735c9a,Will Tom Protzek win the Greater Zion Cup at Black Desert Resort (Men's Singles) tournament?,sports,2026-03-26 05:13:05+00:00,1
0xa55347fd74ab71d8e5ffdb610b94f9100f971df477d320a19b4281155dd2f4ab,Will the highest temperature in Buenos Aires be 30°C or higher on March 25?,other,2026-03-26 06:09:09+00:00,447
0xb59116b21183961076f546ede1f7cb72acca23cb3387be474d620e117077fdb2,Map Handicap: RIG (-1.5) vs Murash (+1.5),other,2026-03-26 11:33:17+00:00,1
0x635d4b64d2c214953c27241b413f558e2c20f1b0411ba03634f37773450a93d7,Coulibaly vs. Vasilev: Match O/U 22.5,sports,2026-03-27 16:27:17+00:00,3
0x348920edde015fd5e1704503b15ebb9f6f14936e2f262f17ffee92e9be440e97,"T20 Nigeria Invitational Tournament, Women: Nigeria vs South Africa - Toss Match Double Nigeria Winner",sports,2026-03-27 18:23:25+00:00,2
0x9d9058c44acfaf9ce06e4b00fa7f1b0a615c3148aab149ad8d2749e9a79752aa,Spread: Germany (-2.5),other,2026-03-28 01:03:49+00:00,21
0x7a3230017488eb64cc71489d54879eb2e1df4a21b188c5bd6a434374af2be36e,Will 'Arirang' - BTS debut week album sales be between 4.5m and 5m?,other,2026-03-28 01:42:25+00:00,615
0xf0d3ff82632a7c1419e78c0bd519d3f65b36974f81d254dd46d10546de062757,Spread: Russia (-1.5),other,2026-03-28 04:45:25+00:00,59
0x6f4ddf81589050e4d3ba82a040c2fe56ec39873b3bd86b987aa2092b56610706,Will South Africa win on 2026-03-27?,other,2026-03-28 06:34:43+00:00,887
0x143110e34b8dc04c9c4895ded33c858913e941464592dd45ec453d0037d59e74,Will Pierre Gasly achieve the fastest lap in Practice 3 at the 2026 F1 Japanese Grand Prix?,sports,2026-03-28 07:00:49+00:00,7
0x03d0764d483ea282db2545ee6176017cc5e775eeb173c8f0f5fb25dbb8bb9e0e,Will Tennessee advance to the Quarterfinals?,other,2026-03-28 07:49:57+00:00,20
0xd2ae7067243f08beb38f0a0647d9d64ffe0f24f71dccdaff86aa9001724fff14,O/U 2.5 Rounds,sports,2026-03-29 01:56:50+00:00,26
0x8df252d7c744b53555e4524de405d6c93b6026bdd4726c06225b08ab63c67ad0,Will Brice Garnett win the 2026 Texas Children's Houston Open?,other,2026-03-29 22:38:48+00:00,26
0x5e166fa501d904121da29c015296a5f7b734847003c95311e82fdb408a23c4be,"Will Trump say ""Ethanol"" this week? (March 29)",other,2026-03-30 07:51:46+00:00,358
0xc488f3037a8ad8d6310c0525c23d8a19d7d12e03f2dca8c372cbf6ef7a5c1f49,Will Brest place 2nd for the 2025-26 Ligue 1 season?,other,2026-03-31 09:39:35+00:00,3
0x382d919a3d3f472c4b35053eafe1fb6f72017a4e4cfc6288aa34393c69f31ee5,Kyle Kuzma: Assists O/U 3.5,sports,2026-04-01 05:56:05+00:00,22
0x46f1c644a7bcc567df17e46c93df982f5330709de153f55bd20ec5b34e4b334d,Will Forsen be the NLC 2026 Winter Split MVP?,other,2026-04-01 08:07:09+00:00,132
0x03181e1a920b3890781ed3b716d195c462f53e8ca664174ff8315328dadcf5e9,U.S. Ambassador to Poland out by March 31?,other,2026-04-01 08:09:15+00:00,64
0x57b3da46344fe810d8b1be3e86a13e93482345a55ce58cf96ec5c3b5b48e2860,Will FC Machida Zelvia win on 2026-04-18?,other,2026-04-01 23:41:51+00:00,54
0x4267e0aa8d40be877bfe0172073598d28b44487dd488aeaa118715c4802fd902,Will the highest temperature in San Francisco be 47°F or below on April 2?,other,2026-04-02 09:49:15+00:00,130
0x121c699d2dfc2d1b3768aca5ac80b09ab5b35944a787610a6716cb9cea4b1f77,"Solana Up or Down - April 2, 4AM ET",crypto_price,2026-04-02 10:35:11+00:00,231
0xe0c63a029606abde56942e777be1ecc3bf765983697b2b9721291054f9a3818b,OL Lyonnes vs. VfL Wolfsburg: O/U 1.5,sports,2026-04-02 23:48:03+00:00,116
0xf78733b2bcd1f0498c009bbe4423d50b900a58752d60cd60b3a79980146dfc4f,Spread: CS Independiente Rivadavia (-2.5),other,2026-04-03 00:56:55+00:00,25
0x3cec1aa0f2496c59cfcd2fd1270ce798e2d7de14ea55d6fdc747cc814a4b9262,Will the Chicago Blackhawks win the 2026 NHL Stanley Cup?,sports,2026-04-03 08:51:37+00:00,8831
0xaf40e8cdeddd6b7a560e6aae93779f1f208a9d0aca76bde070b814b015c427fe,"Will Elon Musk post 240-259 tweets from March 27 to April 3, 2026?",other,2026-04-03 12:47:41+00:00,10000
0xfbeda1af2b48cf1bdcd37d93efc178f346253c9b19740a25668d59c588a54548,T20 Central American Championship: Brazil vs Costa Rica - Completed match?,sports,2026-04-03 20:24:49+00:00,4
0x5d43abbac9db81c32874fa1cb88f435a106d76e0dcb162515521afb5f78ede50,Southampton FC vs. Arsenal FC: O/U 3.5,sports,2026-04-05 02:04:27+00:00,404
0x805e74cf30ec9138a9f230220a18c22f9b05aa0b96b38d57d0d6c32f0955cddf,Spread: V-Varen Nagasaki (-2.5),other,2026-04-05 09:14:15+00:00,15
0x7a88358ef059b35668ec7c6e372f83c6b5f2066daaf15538f6ec9cdaab2f16cf,FC Volendam vs. Feyenoord Rotterdam: O/U 2.5,sports,2026-04-05 16:28:07+00:00,251
0xcbbb8556eb8005caf723d3bbcb078840b96921a39f651ba3974827938b29fad1,Will FC Volendam win on 2026-04-05?,other,2026-04-05 16:30:55+00:00,785
0x8f025256ab34a7eff608e02f747b3e8f83d2e21eff8f81d7c7340ba6b0692e42,Exact Score: US Cremonese 2 - 1 Bologna FC 1909?,other,2026-04-05 17:12:27+00:00,3
0xbceaf3af574e54090ac09d846b595b10b06f5f55ef464be646a0f762936cde31,Jean-Victor Makengo: Anytime Goalscorer,other,2026-04-05 20:52:49+00:00,1
0x7f6d88d5be5a7ef9af6ed6d01f3ca380f550abcb9946c0b0274eedb5b90aa7f6,Spread: MFK Karviná (-2.5),other,2026-04-05 20:55:57+00:00,8
0xc6867db2de4b7446a36469a846182a3a4324a467d3e9330a689e5fd7a5ab464a,"Will Iran take military action against a Gulf State on April 4, 2026?",other,2026-04-05 23:44:51+00:00,183
0x54c82b9c94f11089ec49141c0edba684466a6a96c67f00d76eed0b769942a10b,Jones vs. Mandlik: Match O/U 21.5,sports,2026-04-06 16:56:29+00:00,12
0xf055112772ee587a76de299aa8e7ea4658fd123538b505c99f2ba45c35b8d35a,Loffhagen vs. Piros: Match O/U 23.5,sports,2026-04-06 20:47:25+00:00,2
0xb5b527842d72c3dd81ff257d69752ba724560443cd2dbcd0a6dfbebb03568137,Spread: Girona FC (-1.5),other,2026-04-06 23:46:29+00:00,150
0xc61c21cf4d51e0840c70c1510d68cdff68daaed284d3cfba305380ed02fea010,"Will Iran conduct a military action against Israel on April 6, 2026?",other,2026-04-07 01:06:41+00:00,315
0xb0fbaf194deb898273c86c638ddc118ac8b8a079bd8ba521fbdb39902f6784e1,Lightning vs. Sabres: O/U 7.5,sports,2026-04-07 03:56:29+00:00,71
0xc707772983cab31369fe2625ca303276d61132684037a3469831f1b13a23ed75,Ellis vs. Boulais: Set 1 Games O/U 9.5,sports,2026-04-07 06:43:11+00:00,6
0x1980660ef0a9be0b0211d46a6de5d1a0eb8db502e5a59f76f195d266e650b9f1,Monfils vs. Bublik: Match O/U 23.5,sports,2026-04-07 17:14:57+00:00,3
0x1bf5a425785aa6a5ea6fe152b6e1a4136817f0fc60db20e37421fa2909895a79,"Will Elon Musk post 560-579 tweets from March 31 to April 7, 2026?",other,2026-04-07 19:29:01+00:00,286
0x6989c351300b6ad19e851e951e1e02cc49fc2b3395d80bd35fa73893b8716520,"Will Zelenskyy post 60-79 posts from March 31 to April 7, 2026?",other,2026-04-07 19:35:09+00:00,131
0xe7f55f5869f5ff61473eba9b1adf904db191f1ebb6446a0b579a019c22f27960,Will the Minnesota Timberwolves make the NBA Playoffs?,sports,2026-04-08 07:50:51+00:00,632
0x9a4071c9ac39fc989d8a00a90638aea77d21adb7519a5a3a676ccee67d71ee14,Will the highest temperature in Atlanta be 55°F or below on April 8?,other,2026-04-08 08:06:23+00:00,89
0x8b005cdddadf569e6441bf014aa2260af096805ca597842c3bfec39ac85f90bb,"T20 Kalahari Tournament, Women: Botswana vs Malawi",sports,2026-04-08 12:38:11+00:00,77
0x903f4dc14739b3bcf129f561b309e9fb26c36569c169a9bcde8ef9daf9746c6b,"Ethereum Up or Down - April 8, 9AM ET",crypto_price,2026-04-08 15:17:47+00:00,861
0x442fdf91bc410890747d2586661691f0edb226c19b0b4fa8ca0f418f5856f365,"T20 Kalahari Tournament, Women: Lesotho vs Mozambique - Most Sixes Lesotho Winner",sports,2026-04-08 18:02:53+00:00,4
0xbb9f5161cfeff85202f16d9df3657e39c868bee3b0e366b5c8f9006b0fcabf18,"Will the price of Ethereum be between $2,500 and $2,600 on April 8?",crypto_price,2026-04-08 18:51:25+00:00,381
0x5154e4cc9d9fdb7f76bd4d162b7d8f3c0aa23831da58ba3c17afd4b7a11d0ebd,Will Jiner Zhu win on 2026-04-08 at FIDE Candidates 2026 Women?,other,2026-04-08 19:46:33+00:00,3
0x9f7c3058a5e16c8182113d2e8d5ff8fb985ac1266bb0bf6112f049d433c223ec,FC Barcelona vs. Club Atlético de Madrid: O/U 3.5,sports,2026-04-08 23:53:07+00:00,3301
0x1db4570cdbb6c3bfc97e45cb255970f2b97eb588078b8cc709ee50d46f05deb5,Will the White House call a full lid by 6:30PM on April 9?,other,2026-04-10 03:18:07+00:00,4
0xedfd0af8f472f5141d40ae31d0b3a4ca04b63db632ef948d101b5f809e0a6b3f,Blue Jackets vs. Sabres: O/U 6.5,sports,2026-04-10 04:30:35+00:00,86
0x4a513bf78b29413a56c343186ce65fcd4c37c1091337ac7290dd6b2a6d782732,Will Kyōto Sanga FC vs. Fagiano Okayama end in a draw?,sports,2026-04-11 11:14:41+00:00,266
0x9d1afd1fe1a84f3426db4bf747e86ca127b9adf0f6759eb5f6da34a89e9ae2d2,Lillestrøm SK vs. IK Start: O/U 3.5,sports,2026-04-11 15:57:47+00:00,69
0x81ac571a1897a5ff8f0a7d0655ff4a21b1574d2ca5e78d7c95c4ee7c04b97835,Spread: Austin FC (-2.5),other,2026-04-11 23:22:11+00:00,20
0x052089d6dbb37c346fb8e294341c59a39bd142de9334ff2ff572e31a5726320e,Spread: Montedio Yamagata (-2.5),other,2026-04-12 09:52:51+00:00,1
0x26d7ca675c503ac580f2b9414007d7aa93ef5257b03a0b699915debebf018688,Will Tokushima Vortis win on 2026-04-12?,other,2026-04-12 09:55:27+00:00,129
0x676118e752288bef27da0c8213b211d442ba077f6a72db83ab09784cea122bc6,Alvark Tokyo vs. Shimane Susanoo Magic,sports,2026-04-12 11:02:23+00:00,85
0xfce77e355bf56b2b661947d1ad89c0ec69fc7f65f291cc621e52cfe7694feaeb,Will Rasmus Hojgaard shoot the lowest round at the 2026 Masters?,other,2026-04-12 20:03:39+00:00,9
0xc4437f90068efddf5a0c3022321987fac1b623050f67358ec4a2d24b07a80659,Will Michael Brennan shoot the lowest round at the 2026 Masters?,other,2026-04-12 22:50:27+00:00,5
0xddb6721b71225f5ce40e4ac45a3edf72f6be9493732f67708a6105088ae23c70,Buse vs. Moutet: Set 1 Games O/U 8.5,sports,2026-04-13 12:16:07+00:00,4
0xb3c998e1808e01c68e568a97229be8e519faa78786620778f6cd448f351f1007,Hugo Dellien vs. Stefano Napolitano: Total Sets O/U 2.5,sports,2026-04-13 20:47:55+00:00,7
0x9a0b95794a1068b3958f4292e7cf9969a6925a85b80d0238f554112843513c0a,HNK Vukovar 1991 vs. GNK Dinamo Zagreb: O/U 1.5,sports,2026-04-13 20:57:35+00:00,25
0xd3ecf839e5e2986cb6d942bda168d314cf23074f203997dbe5be4cd4ff53e913,Spread: Manchester United FC (-1.5),other,2026-04-14 00:41:17+00:00,927
0x241450e7f451e03eff490f3598bfe0bd66c834d2748ac48b094f675a5812aba0,Will the highest temperature in Munich be 10°C on April 14?,other,2026-04-14 01:39:39+00:00,293
0x33589434d7962f8f3f27a8d5b76298ff1b9c52fe1dc28e57291fad737c0a7e86,Moriya vs. Broom: Match O/U 23.5,sports,2026-04-14 05:43:09+00:00,3
0xa23559c798f4706050a21fcd328068ad939b8faa858ab5c6382146277ec79efb,Semenistaja vs. Jeanjean: Set 1 Games O/U 10.5,sports,2026-04-14 17:17:04+00:00,3
0x3e085c4e5981aa13c028b922d8002ee0da31a96d09e14625726bf4f0ef1e4c9c,Ruiz vs. Pereira: Set 1 Games O/U 10.5,sports,2026-04-14 19:01:50+00:00,2
0x03564d391d977c5d64130bc9e3cadeed0ff72320ae49194b04fa85717e23ad0d,Will the highest temperature in Beijing be 25°C on April 14?,other,2026-04-14 20:05:36+00:00,309
0xcb67f3107a49eeb6c6f4c5bf7a9e491472466c7bd4e3391e8c95bc7c4157fafd,Set 1 Winner: Villanueva vs Bueno,sports,2026-04-15 00:34:42+00:00,4
0xd1d73e590188d8693f5342981a6d768d4c5d160e424a338f44ed1237ba8784d7,Spread: Deportivo La Guaira FC (-2.5),other,2026-04-15 04:29:44+00:00,10
0x2427a92a892ace5ed48f9548bb28f9bb6990c36ff5b13c544665f2d6d6e2cc49,LoL: Weibo Gaming vs Invictus Gaming - Game 2 Winner,sports,2026-04-15 15:15:50+00:00,2373
0xab379a20ccb4a731e465a0ebdad756fddb7ce9344805feaec14cc0c423466e9f,"Will the price of Ethereum be above $1,800 on April 15?",crypto_price,2026-04-15 18:30:32+00:00,102
0xd7e0a42b536234c0513b5ba080fd6765e60aa2bf4824b35a08c77f1a8e031678,Will the highest temperature in Sao Paulo be 25°C on April 15?,other,2026-04-15 20:07:20+00:00,415
0xdb8d12c38bb10135ee8b344deccfcf3a93abfc8427b5da2474e6c1eadff65b01,Will the highest temperature in Paris be 22°C on April 15?,other,2026-04-16 00:04:34+00:00,966
0x48aad75bb2d807b4871570f263aa74160a991485d2d202f4980f13bbf5a4c73f,Gui Santos: Rebounds O/U 4.5,sports,2026-04-16 06:11:00+00:00,8
0x02127b95765917214d775aaf4a85e790cf332e2873f57a4e693177b8598e8f70,Will Los Angeles Clippers advance to the 2026 NBA Finals?,sports,2026-04-16 07:16:40+00:00,8
0xd769b70ec5097db42287d4ceb58e742a3c375eb370343600bc60d5d79a7ac28b,Pakistan Super League: Karachi Kings vs Islamabad United - Toss Match Double Draw,sports,2026-04-16 19:34:50+00:00,1
0x91d5b76851f6bb00d8ca8517d0a7f7f692caf16e14c52a8f3761c01c74ee50f7,Will Aboubakary Koïta score the most goals in the 2025-26 UEFA Europa Conference League?,other,2026-04-17 00:24:40+00:00,2
0xa83eeb38da449d14c1e29546410059491a50666aa4e47300fa564d3308ba606e,Soto vs. Bueno: Match O/U 22.5,sports,2026-04-17 03:25:48+00:00,6
0x89bf90f0ffb4863adb2336800be1f3ba81c63f9fb842dc11b8be6a41813d0111,Will Nick Suzuki win the 2025–2026 NHL Maurice 'Rocket' Richard Trophy?,sports,2026-04-17 08:44:16+00:00,144
0x26f01b88e5621a595cebc13e16b6df3961db8d3da7d1597eca626cd7f7d76452,Will Brayden Point win the 2025–2026 NHL Art Ross Trophy?,sports,2026-04-17 08:48:16+00:00,161
0x00ba11349bd6c4548b6ff6deab78742f1b7e7c75bfe0faaa778885c4bcc32d50,Will the match end in a draw?,sports,2026-04-17 15:29:42+00:00,30
0x2d575e1d0d4b725e93387a31749dc71681b8b7696aef61c495e3d172f6794ee4,Semenistaja vs. Kraus: Match O/U 21.5,sports,2026-04-17 16:17:24+00:00,13
0x158a6a9d230c0e3e4c08bb3a23a1ab6dc5cfa0f8bec2d6040ca0769d7abae11e,Norrie vs. Jodar: Set 1 Games O/U 9.5,sports,2026-04-17 19:34:52+00:00,3
0x4f43a99e769f1684db1094eed8d2b2f0cb7491127d6985314687b70f06bee654,Will Palantir (PLTR) finish week of April 13 above $124?,other,2026-04-17 23:59:00+00:00,12
0x5a059972547cc16a29150d8bff50e9db13fd3a1a1893f2bee0496afbcf7dcaf4,"Will Trump say ""Secret Service"" during TPUSA events on April 17?",other,2026-04-18 04:02:10+00:00,32
0x208fe1bba1712334f4f6bb327d5badebaf1b6a8102337dfe7e1d17ae0d92a000,"Will Amazon.com, Inc. (AMZN) hit (LOW) $228 Week of April 13 2026?",other,2026-04-18 05:14:02+00:00,19
0x35f52cf9f9654209955e879ab9a79afb672bdacb8cd976180b5b8177e7533c0e,Spread: FK LNZ Cherkasy (-2.5),other,2026-04-18 14:08:56+00:00,7
0xb9b68f612a3ef5de1c671668e5d46b814d1fb388d9ccb8a8c0f7ff4d8467d9d8,Sheffield Wednesday FC vs. Charlton Athletic FC: O/U 2.5,sports,2026-04-18 18:37:02+00:00,118
0x78005652e9a93b26a9259aac249f54c7f70040684d0353a7c238d7af464954a3,Will AS Roma win on 2026-04-18?,other,2026-04-18 23:12:26+00:00,1069
0x6259b1a6e46e0f755f44dbfb29e8414fecbb11e197c3be0eb4831338e53ecea6,Will Estudiantes de La Plata win on 2026-04-18?,other,2026-04-19 00:23:08+00:00,492
0x1b40ea4a872a73212a67ff211e5a639e950f426254b03fd5488d7d63f7398ae5,Spread: Houston Dynamo (-1.5),other,2026-04-19 05:05:56+00:00,20
0xfec04d672289e4586685113ffd7e8ef39436951c80eae4b52f75da30e1e8a10f,Will Sunderland finish in 2nd place in the 2025-26 English Premier League?,sports,2026-04-19 18:04:54+00:00,1183
0x63fd243f17035dcda5257309c14fd9e383b694c5665a574bc8060f29c8b71b62,Spread: Stade Rennais FC 1901 (-1.5),other,2026-04-19 20:09:50+00:00,65
0x0c1a357b474ffb9553d34529d372275222b5f85a707faf9e5e00cd7789478e35,Kopp vs. Zhalgasbay: Match O/U 21.5,sports,2026-04-20 13:36:40+00:00,3
0x8a9fd005613943d111297198f9b1685c528a23a7456c3e58c232208e35a5ff55,FK Oleksandriya vs. RNK Veres Rivne: O/U 2.5,sports,2026-04-20 15:05:14+00:00,57
0xe3dee1e6b2cd66b4cb3101f85a32007a773a5f9e54921cad92abe6d3ccab14c2,Will the highest temperature in Seoul be 12°C on April 21?,other,2026-04-21 03:28:34+00:00,998
0xa089d519e73121d4722f9953096e09558cc3b31ad063ea52c5bf7f6d0e210964,Broady vs. Zhukayev: Set 1 Games O/U 8.5,sports,2026-04-21 07:18:28+00:00,1
0xf93184373a252ca372e1e52e47ef36649ba813954f2801151bf6841dc55838f3,Rodesch vs. Lajovic: Match O/U 21.5,sports,2026-04-21 16:49:24+00:00,0
0x6484be4e4005f96174b47652795df3d5c37a3a04a3f2d8c6985d09f67f6d3a46,Singh vs. Alkaya: Set 1 Games O/U 10.5,sports,2026-04-21 20:46:20+00:00,1
0xaafe935435a1c0bf8a1801e7e966f8bd54400592893703b9480ce8ba1b5afe37,Game 1: Any Player Penta Kill?,other,2026-04-22 11:15:40+00:00,7
0xc58db9be2f2ad8358f36b5b7e1f6241761d53341c69d7d235f1e115a30094724,FC København vs. Odense BK: Both Teams to Score,sports,2026-04-22 19:37:24+00:00,103
0xd5bf1dfc034ec0e7bb9b759d37239cf0f850680776cde7dfffb5aecaa5e2ccc5,Will Middlesbrough FC win on 2026-04-21?,other,2026-04-23 01:18:04+00:00,294
0xe35d1f51552d6e10fa81102db4641054ff42127b6c9ae93b2c2b06a2ac4ac038,Goiás EC vs. Cruzeiro EC: O/U 2.5,sports,2026-04-23 01:45:42+00:00,42
0xa7179d63f913de1e8fe1696d29ca61077365120390d6db8d5474ac1f02c65a1f,Will Club Tijuana win on 2026-04-22?,other,2026-04-23 08:42:08+00:00,827
0xedf5bff09739736ef83b3ff034d63ddfa3eef0917fe0f8a90d1f87b4d2761f8a,Exact Score: Rayo Vallecano de Madrid 0 - 2 RCD Espanyol de Barcelona?,other,2026-04-23 22:25:18+00:00,7
0xd728be48cea52256e77c2230f1bd0db1e1724fb2bd6e953d704ee6a1ad840aea,Will Las Vegas Raiders draft Mansoor Delane in the 2026 pro football draft?,sports,2026-04-24 02:55:08+00:00,7
0x4767f822e49e15b4fe8dfc90b9f014bc7c6ff41c80638808b46f63ce573250a9,Will Max Iheanachor be drafted 8th overall in the 2026 pro football draft?,sports,2026-04-24 03:24:08+00:00,6
0xa751329523a62a28eb1e5ceba48c54d50205d7867c04bfa0ddafa76138542c66,Will Rueben Bain Jr. be drafted 8th overall in the 2026 pro football draft?,sports,2026-04-24 03:26:08+00:00,9
0xf1ae502bd206f9961796a130f795e69b867ceb8f1e272008bd7a3d70636d30db,Will Washington Commanders draft Spencer Fano in the 2026 pro football draft?,sports,2026-04-24 03:51:18+00:00,3
0x4ca71eb68463d3eccf9d3d4c327b917cc05ec5851ad4f6ea05986339a1fac915,Will Germie Bernard be drafted 10th overall in the 2026 pro football draft?,sports,2026-04-24 04:10:06+00:00,8
0xdfa384f075963987403df78f086cc7282640b4320e81e16893abb0843b47f915,Will Chicago Bears draft Ty Simpson in the 2026 pro football draft?,sports,2026-04-24 04:40:58+00:00,37
0x9b3cd08d81bd416569a620918260822131b1dbd9d9cc85ed8eea4efb23c55215,Will Las Vegas Raiders draft Kenyon Sadiq in the 2026 pro football draft?,sports,2026-04-24 05:33:54+00:00,4
0xea785dd409b1bd7eca28bbcb157154e531214605652f75b6396417ab5b1f6447,Will Philadelphia Eagles draft KC Concepcion in the 2026 pro football draft?,sports,2026-04-24 06:24:14+00:00,16
0x3d8f0da3a6a376cfd045d0fa69af88eedbc65cf998a463cbab5e7c794002d524,National Bank of Egypt Club vs. ZED FC: O/U 4.5,sports,2026-04-24 19:11:34+00:00,47
0x28831f4c1693ecd58c34e747637283845cde2580ea75425f5dbb164c9fb7f5e0,Will Rodez Aveyron Football win on 2026-04-24?,sports,2026-04-25 00:00:02+00:00,166
0x136f5a0c27a62cf9a2e40a4f48425e43d61b9571a53a2529372c0065f3218a73,Iran x Israel/US conflict ends by June 30?,other,2026-04-25 00:30:22+00:00,10000
0x363096c0d7772c96de001c043c11697dfd87fe572d1a66ba3b0f074e5538c30d,Will Shimizu S-Pulse win on 2026-04-25?,other,2026-04-25 09:44:06+00:00,79
0x44f7a21d8ec808b7eb5220a3550fe9b4ea3c6503a08f0f5daf9f0b7a6589a72a,Spread: Kataller Toyama (-2.5),other,2026-04-25 09:55:32+00:00,3
0xe1ca4552cb038ae0846dcaeb256e75217a662e7b16ccb071e027252e9d20529a,Spread: Feyenoord Rotterdam (-1.5),other,2026-04-25 20:37:26+00:00,41
0x5976ce31998cb6b8b2a645ed88ec0f635d7c2021240f41f048bb47f2a627b664,LoL: HANJIN BRION Challengers vs Hanwha Life Esports Challengers - Game 1 Winner,sports,2026-04-27 11:01:14+00:00,806
0xf35d7826acca196bed4113c5194169baf1c9144bd18023baa270c226fbd96601,Will FK Epitsentr Dunaivtsi win on 2026-04-27?,other,2026-04-27 14:15:46+00:00,90
0x8b8ff4fb0bcf08a09a6a769a162a9774a108d7a5808f1e4ef6ebeee69bb99029,Topo vs. Basavareddy: Set 1 Games O/U 10.5,sports,2026-04-27 15:47:28+00:00,0
0x9831f349d02319300e872c0dc8dedeab0e870be2e31b6a5dba789edf11e84244,Bennani vs. Singh: Match O/U 23.5,sports,2026-04-28 02:55:58+00:00,3
0x73638f36e85778e378e80a7b70fed6f5feb9ef00049e5463c0099fe0b40e1517,Sanchis vs. Cukierman: Match O/U 23.5,sports,2026-04-28 11:21:26+00:00,3
0x2def7b47e432096b3fbf22c8bca46e5f131c4ba0fc797222409f801cd2c0c1ab,Robert Strombachs vs. Florent Bax: Total Sets O/U 2.5,sports,2026-04-29 00:57:14+00:00,7
0xd10797db087b521968103a8e63d0c87c7cd1a7ede534f65e44b5f9aa00624709,Will Vitek Vanecek win the 2025–2026 NHL Vezina Trophy?,sports,2026-04-29 20:57:22+00:00,134
0xe9dcfcd5e1e3d3651b82ca3abb22ab79ffc3dc3cafe719218346dc52f86ee647,Barcelona SC vs. CD Universidad Católica: Both Teams to Score,sports,2026-04-30 04:06:36+00:00,39
0x7f55e43dc3b9954b093b1bd89268bf5da59e176aebe7102f854d2878209b7c62,"T20 Challenge Trophy, Women: Nepal vs Vanuatu - Who wins the toss?",sports,2026-04-30 13:16:08+00:00,7
0x7bdab7614c4731eb8d314ba42b1f476ef50710e6f12f44d2e45cf86115494706,Damas vs. Brunold: Set 1 Games O/U 10.5,sports,2026-04-30 13:56:58+00:00,2
0x21415eac2a9cfcb136d80d3d640f195933109cd6d40b26d914b925c99c3ac31f,Set 1 Winner: Naef vs Blinkova,sports,2026-04-30 18:40:50+00:00,19
0xe4cbcea4ca76f3811b5545849c502296d51326270cf1c1e2dc2c3539846e43fe,Will Mistral have the #1 AI model at the end of April 2026 (Style Control On)?,other,2026-04-30 20:04:48+00:00,840
0x09e960750bc91a5cbdf81b44445d6a3d3bf11d3b0862d589592624349fb61d68,Will xAI have the best Math AI model at the end of April 2026?,other,2026-04-30 20:45:56+00:00,58
0x9ba18c5318110279049d7ba00b0590aee90d3325f96395264cea68ec883f9ad5,"Will Zelenskyy post 100-119 posts from April 24 to May 1, 2026?",other,2026-05-01 20:31:26+00:00,65
0x06b4ba165f281436f713281b26d563084f566111381700ead8fd091523b68619,Set 1 Winner: Blockx vs Zverev,sports,2026-05-01 21:01:20+00:00,29
0xc1b5400bf65040b18fa506bfb242fb2e9af8c6e5df2f7d16442c1d72efc43744,Will Wolves place 17th for the 2025-26 English Premier League season?,sports,2026-05-02 07:17:52+00:00,7
0x02870cfb1ca5770f92315547cd0297a29818c1e77018ebd753abb80eb7869d0e,T20 Series Bangladesh vs. New Zealand: Bangladesh vs New Zealand - Team Top Batter Draw,sports,2026-05-02 15:45:38+00:00,8
0xe5f510b63d456eb5d7fcb7a555526e66b87286675d47fa5476119cf64c911886,Mansfield Town FC vs. Cardiff City FC: O/U 1.5,sports,2026-05-02 18:35:54+00:00,8
0x7276ff7276fcec6470057ea699c3f4f8f71df15b6e20f2f084ca6bfd52067a6d,Barrow AFC vs. Newport County AFC: Both Teams to Score,sports,2026-05-02 19:18:30+00:00,3
0x0e579d45deecc93224c591deeb33e5e478aa2a7929d39a3c00e966797c0cc9a2,Cruzeiro EC vs. CA Mineiro: Both Teams to Score,sports,2026-05-03 04:50:36+00:00,125
0xf71be753faea4cab4fb719f5ff80052229038645d71b2ff3ddc23916a8898920,Exact Score: US Sassuolo Calcio 2 - 1 AC Milan?,other,2026-05-03 19:16:10+00:00,2
0x252f1c2c151db0ba258cce173cbeb25bfc04a30ee005888fbb303d6401f1514e,Will Seoul have between 50-55mm of precipitation in April?,other,2026-05-04 10:56:04+00:00,183
0xef8469d6a743e1763fe348b6f816847f0807fd9f163a9cf2c5aa870c3240748f,Piros vs. Rocha: Set 1 Games O/U 9.5,sports,2026-05-04 16:00:08+00:00,0
0xe842641df6ff47a35152c7903d9597f87481a3c310d0fbb9f2d7c3d40624e72f,Set Handicap: Piros (-1.5) vs Rocha (+1.5),other,2026-05-04 16:01:22+00:00,52
0x213f86891b2e98e17847dacb1fd1f1b001f91281187b2d119b2f8968380c78cc,Will Club Blooming win on 2026-05-04?,other,2026-05-05 03:57:18+00:00,56
0x1d5e9033b82ae8b81e359f7280b3f40078fd1434222dc19ab101cb8d1336f252,Jung vs. Ilagan: Match O/U 22.5,sports,2026-05-05 07:48:38+00:00,1
0x623244e471153e8a03c088c4070500c2a338dab168b2ccd37f2bd03e641a925e,Game 3: Both Teams Destroy Inhibitors?,other,2026-05-05 13:38:08+00:00,0
0x069e2b9a3e65104909d365470d3ce07fd6b91dea5136ddd36b172f02fa91e280,Spread: Chengdu Rongcheng FC (-1.5),other,2026-05-05 15:43:10+00:00,126
0x9f145e3c085d21cb469593e72e1ea90e9e3efb45f92022ceecb070ec0d820c9d,Anastasia Zakharova vs. Dayana Yastremska: Total Sets O/U 2.5,sports,2026-05-05 19:32:06+00:00,14
0xccf713dfdbaa637d4f14c0bb001ca11586a6674d293f432ffbb11c41648c5754,Will Scott Bessent be the first substitute White House Press Secretary?,other,2026-05-05 22:49:34+00:00,61
0x4848ee45a4a44f2ba101a6851178c94da4b3440c180ff45004224a591d22f80e,Will Erika Kirk be the first substitute White House Press Secretary?,other,2026-05-05 22:59:32+00:00,71
0x13f50a9197612baed4b0536bb54c33d088faa889a8c3413f9949ff25d79c8f85,Will Club Always Ready win on 2026-05-05?,other,2026-05-06 04:59:18+00:00,355
0x3588fb9ac57dc88ffbbe7b4b2400293d21d1834b3233a87de6677490f5de7925,Will the price of XRP be above $1.00 on May 6?,crypto_price,2026-05-06 18:29:06+00:00,3
0x19bb182b1ced3dd791a28bff42ec7012f61aaeee8d14b824322c3c9cfd94251c,"ODI Series Pakistan vs Zimbabwe, Women: Pakistan vs Zimbabwe - Team Top Batter Draw",sports,2026-05-06 19:34:25+00:00,2
0xa1227be05f48bd9627297929e097ac0dbd9d44a71c0f71bb12c80a11f33159d8,Cocciaretto vs. Kraus: Set 1 Games O/U 8.5,sports,2026-05-06 21:04:06+00:00,7
0x924fae9431f1d68e652786a3392d06d4358b386248c698b1032ec8332ffbc32a,Game 2: Both Teams Slay a Dragon?,other,2026-05-06 21:59:50+00:00,3
0x2bfde0e128a4f4ebfaba82887fb50e30a963d2fe8975003d4ce62f36afb21916,Will the highest temperature in Sao Paulo be 26°C on May 7?,other,2026-05-07 16:07:56+00:00,88
0x84d29bee4e69797f918897d9b7bc57598ec15717dc030f7ac4424f855258844c,Will Javokhir Sindarov win on 2026-05-07 at GCT: Super Rapid & Blitz Poland 2026 | Rapid?,other,2026-05-07 18:07:31+00:00,8
0x57fbffb61a76b6a211a386841eee701ff05e11add08f33310373a23233176ec3,"Will the price of Ethereum be above $2,100 on May 7?",crypto_price,2026-05-07 18:50:48+00:00,235
0xfa18d57972442569975adf09e35b8171718f423a0748e5f9af650ac3b65451ce,Cleveland Guardians vs. Kansas City Royals,sports,2026-05-07 22:41:09+00:00,2043
0x5dc759a76f1c8bca10b6a02fcb19cad2300271dc40acc4a6396177629e6e4ee1,Spread: São Paulo FC (-2.5),other,2026-05-08 02:12:33+00:00,13
0x362859cc95ddd334cbd78fd3ee29a35ad947b071cc02daf59487316a8c8a8904,Game 2: Any Player Penta Kill?,other,2026-05-08 02:35:23+00:00,0
0xebb6b860afb34b71b50f8d69c023b28763aba2ecbc355156f6cac622ee4f7fb9,CDP Junior FC vs. Club Cerro Porteño: O/U 1.5,sports,2026-05-08 06:04:24+00:00,109
0x76255f64651e27d29f7fb94237f4b5d12726aa0642e41414e640bbc732ddb07d,Set 1 Winner: Cabrera vs Bai,sports,2026-05-08 06:29:57+00:00,4
0x4de604a79ad25605cffabc79b4231883578c6accef3e5f20f2b26823de3f9da7,"T20 World Cup, East Asia-Pacific Qualifier, Regional Final: Cook Islands vs Korea Republic - Toss Match Double Korea Republic Winner",sports,2026-05-08 07:13:40+00:00,2
0x102e7c40d2d00beca819085817628aaf0b0ad74dbf142c0cee287f5744c33f9e,Set 1 Winner: Kwon vs Santillan,sports,2026-05-08 12:34:18+00:00,9
0x3c9731d2a569ffe9f0e1630ef4c2130674eafacd4996d9650f587c6320eb67ea,"Will the price of Ethereum be above $2,400 on May 8?",crypto_price,2026-05-08 20:10:39+00:00,664
0x0ee04f26cc2db4b32a9f02f4a83be68fd9aef3ef84ed3d425679982eddcf7520,Will Lingwei Kong win the 2026 PPA: PPA Finals (Women's Singles) tournament?,sports,2026-05-09 03:58:36+00:00,4
0xde414c90ae5487d5d6f0729e64c480f0dc0ffd70c4197b8c675e92eef8cd2ff8,VfB Stuttgart vs. Bayer 04 Leverkusen: O/U 4.5,sports,2026-05-09 18:39:40+00:00,711
0xaf383e3c3d808a1abc4cee07e742d768b71891f6c98a047918483668644f5331,Rams Başakşehir FK vs. Samsunspor: O/U 1.5,sports,2026-05-09 22:17:57+00:00,17
0xeea23fad48e2814491b9c8713fec7a290ab3e52b318341d60b8152c7c78b217f,Jamshedpur FC vs. Bengaluru FC: O/U 1.5,sports,2026-05-09 22:58:11+00:00,20
0xf6eecb387313c234bf54945f6e1909c3ffd7fdbc472e045cad2d8901687cc56e,Will MrBeast's next video get between 80 and 90 million views on week 1?,other,2026-05-09 23:12:37+00:00,2396
0x343d7c8be2f8aa25274027d0dddc8e82816184be83546c0517a8b61e7102da5c,Spread: D.C. United SC (-2.5),other,2026-05-10 06:26:33+00:00,31
0x4da6baa5a9822be9803c2283ad2d428938d79325ab2e492406e2397ebaa505f3,Tochigi SC vs. Blaublitz Akita: O/U 4.5,sports,2026-05-10 09:26:27+00:00,12
0x3f5053365b0ec90e241e7aa258cf180e535d92c4e6e270a8b2ffdff54dc219c3,Will Brooklyn Nets receive the third overall pick at the 2026 NBA Draft Lottery?,sports,2026-05-10 23:54:12+00:00,1
0x21ba56d6fe0fbf865dca5c95234e8a76f1be338d480736888a9e63d969b2df1f,Cecchinato vs. Wendelken: Set 1 Games O/U 8.5,sports,2026-05-11 18:22:19+00:00,3
0x138db10fc13ab48a83bb6aae3f3a70a63971d14914d64c800d665b249041dfcb,Spread: Randers FC (-2.5),other,2026-05-11 22:36:41+00:00,46
0xba828b395f020d19bf14a454a3d4d474d61af05d3046b18447651875b0de5fa3,Girona FC leading at halftime?,other,2026-05-11 23:45:14+00:00,44
0xc51899ae3d99f704aa0569eae3c7a70ed611687b277d75d039f3af465bca8e21,Bordeaux: Rinky Hijikata vs Aleksandar Vukic,sports,2026-05-12 18:03:26+00:00,1208
0x60f045e742843d7b4b677c915606083413ec3bd5b94e45f8a44e384cdcbbfed5,Will Trump Leave China on May 13?,other,2026-05-13 18:37:19+00:00,55
0x23b5fb6511760b59cb9cd59a9d1a85f79e152ed7f0f356d348be959aadae2cfb,ZED FC vs. Ghazl El Mahalla SC: O/U 1.5,sports,2026-05-13 22:46:57+00:00,68
0x8eac19e00b1ed909c5d8f28bb25e8fa129384240e9bb13b9f9b8b91f8c8cbe67,Game 3: Odd/Even Total Kills?,other,2026-05-14 22:27:12+00:00,0
0xea44a87d520f7ceb5683b33f515c9cf69acd9f9a707afc615c3bb0758cc6df6b,Will Czechia advance through the second Eurovision Semi-Final?,other,2026-05-14 23:18:53+00:00,977
0xe37daf33682c6b960a876289934f8ada9502b93fc8702bbfc774ab093ea1666e,Minnesota Lynx vs. Dallas Wings,sports,2026-05-15 03:01:15+00:00,1557
0xa4030e77cc16b05f422ffddae6763f28430bb571ecc844a228c5384bf96e4cff,Exact Score: CDOriente Petrolero 1 - 1 Club Guabirá?,other,2026-05-15 04:03:29+00:00,3
0xf323c3e1f695bf17008340c3a88f00adf264d18d2cd70718618c69dc6079412c,Exact Score: Adelaide United FC 0 - 2 Auckland FC?,other,2026-05-15 13:46:49+00:00,2
0xef1e02f7e6ff307730843aa2d43e89e39d431bcd7bed43d99450ff9827fde48d,Spread: Damac Saudi Club (-1.5),other,2026-05-15 21:41:04+00:00,63
0x35ccc1642ee9d8067402b3117bf0f61d638deece559197638446e86c5d4aa695,Will Enrique Valderrama finish in second place in the first round of the 2026 Peruvian presidential election?,politics,2026-05-16 04:22:59+00:00,263
0xf459a2e732e08fe28796135383d0d71c76a7f4077a7b0633de73d2a681b8ed07,Will Bazoumana Toure have the most assists during the 2025-26 Bundesliga season?,other,2026-05-16 18:17:48+00:00,29
0xaccfd6b237bb395ded4232e542f8a8e14103c412f03219d16d402572781819a3,Spread: FC DAC 1904 Dunajská Streda (-2.5),other,2026-05-16 20:45:54+00:00,0
0xa7146a1716ff5dbd4b470fffad7688f3bb7352179abb6458d3bb76dac808fea7,ŠK Slovan Bratislava vs. MFK Zemplín Michalovce: O/U 2.5,sports,2026-05-16 21:17:49+00:00,5
0x37e2a87b716b98906807086b694570a27fffb84b6b4aff299b53bc5a2b17857a,KFC Komárno vs. FC Tatran Prešov: O/U 1.5,sports,2026-05-16 21:30:32+00:00,3
0x969440cc2d06d9ae718a500c3abfb71eb6978e3a8c006abb7d897d12c68090ed,O/U 1.5 Rounds,sports,2026-05-17 01:35:55+00:00,3
0x1b761fd69151ef45d15bd5f8e9b8e4e2b778738e0d5c7f995c6f19d2138ef2de,O/U 2.5 Rounds,sports,2026-05-17 05:44:39+00:00,4
0x5f6eec99fed2b5e87db094f835a5181b6f291af42bd6d54c5f0b0a158fa37ed8,Spread: Leeds United FC (-2.5),other,2026-05-17 19:49:26+00:00,19
0x70e5ad3c6eb611725933d29747363459d20253c76da7709d874b8e962e618449,Spread: FK Rostov (-2.5),other,2026-05-17 21:17:10+00:00,4
0xa9b6032d7ab6dfdab18f77fae25f9b51cd0155bef5f86c3b865ce8abd7f16860,Game 1: Any Player Quadra Kill?,other,2026-05-18 14:54:17+00:00,1
0x242d2f37207af617a5686700cd9b7a0dea4bcd7089bfd1f5b73c9ab2cd75b784,Kahrabaa Ismailia FC vs. Haras El Hodood SC: Both Teams to Score,sports,2026-05-18 18:25:11+00:00,133
0x577fc8f55d09fd21ab3c0d15fc5ae36c290191a825ca9f2c4d51604374bc7b0f,Set Handicap: Altmaier (-1.5) vs Hijikata (+1.5),other,2026-05-18 19:13:15+00:00,3
0x86572367f2d6603d2fbdb5b731f155256dde7fb919c939ce68337f4590ede07b,Brancaccio vs. Wawrinka: Match O/U 23.5,sports,2026-05-18 21:13:58+00:00,11
0x2724d640e22b4b76586c302b322c6d1191f597623addc48b36cec34bce7db1cf,Will Ghazl El Mahalla SC vs. El Ittihad SC El Iskandary end in a draw?,sports,2026-05-18 22:17:40+00:00,296
0x98d154f4c4bb7c2b66182dc2f3d72bc7c8379303b0f982d9eaf8c58fcac6b08e,Qingdao Xihaian FC vs. Beijing Guoan FC: O/U 3.5,sports,2026-05-19 17:39:44+00:00,188
0xbeac5c13d3fa3e3b47d8287e8209bbb483f71fee3bd37c5fb11d5d722e08844d,Barton/Vrbensky vs. Jecan/Pavel: Set 1 Games O/U 9.5,sports,2026-05-19 19:00:59+00:00,1
0xa91bb94b6571dec6512fed192fd43c8bd807814e1bb43a36154263806222adea,Dodig vs. Zhou: Match O/U 22.5,sports,2026-05-19 19:35:21+00:00,1
0x84e1c2dda3fc16f9015173866d91f50b2b7af1d70d98f343022039342b37644a,Club Always Ready vs. Mirassol FC: Both Teams to Score,sports,2026-05-20 05:20:45+00:00,111
0xc955d855505fdd31ef565fbfe826279c3314bf5dc8888329e9fda1b2dca44ac2,Bengaluru 3 (Doubles): Palan/Singh vs Kalyanpur/Mukund,sports,2026-05-20 13:54:21+00:00,5
0x554c9c03974c1b1a110a49a93fe76bb84bc9590bd254da39c062b798ac64cd55,Will Hasbro (HAS) beat quarterly earnings?,other,2026-05-20 14:46:23+00:00,162
0x664bd4cfb88bacbe46b7ad740e17f7aa09dd7b3c70398c47adb76f96bf7626ce,Exact Score: Portland Thorns FC 1 - 3 Bay FC?,other,2026-05-21 06:47:06+00:00,0
0x29e89ab3ddfd58cf53c37aa18de15991bb3c37ed861ef2744696dafbfd4cb71f,"Roland Garros, Qualification WTA: Completed Match: Hanyu Guo vs Sofia Costoulas",sports,2026-05-21 16:36:54+00:00,2
0x9abb0a271087f521b6fb63ab85f71d4c5c6ec5414c9239f44accc95a0b393aa9,Will DetonatioN FocusMe win LCP 2026 Split 2?,other,2026-05-21 23:46:27+00:00,13
0x90efbbcf25363a7a99b514427ffa2ff17af27257134f68ecd8fc4c755d30f825,Set Handicap: Ruud (-1.5) vs Navone (+1.5),other,2026-05-22 15:54:19+00:00,114
0xf35d702732813dc5237072575479ff4484961f74fb61b5fb2d47f46e55148f7e,T20 Blast: Leicestershire vs Worcestershire - Most Sixes Worcestershire Winner,sports,2026-05-23 01:25:36+00:00,3
0x6d0e6d144185fe2a7cceeeeab6eb7927a62d94232bf5610d90252bdb57beffc1,Will Chet Holmgren be named to the 2026 NBA All-Defensive First Team?,sports,2026-05-23 02:29:51+00:00,3
0x67101c72ec94d30134b694590859bf1904a418d6109c5f75eb7f2ef78a4d7376,Exact Score: Boston Legacy FC 0 - 0 Seattle Reign FC?,other,2026-05-23 05:09:06+00:00,0
0xe46c2a0749b04325330f4e0e44443fb056d8de4491ffa0d50ac8827555b450df,Exact Score: Kashiwa Reysol 2 - 2 JEF United Ichihara Chiba?,other,2026-05-23 14:42:10+00:00,4
0xf0309f0aaee1c88725c2373608352fa9b292d2434d555f28528393042be52a2b,Exact Score: Dalian Yingbo FC 0 - 1 Chengdu Rongcheng FC?,other,2026-05-23 16:08:14+00:00,6
0x3098f55db624622f113c946593fb3b41a681294b0b6f070be7388ea2a5d75615,Exact Score: FC Barcelona 2 - 0 OL Lyonnes?,other,2026-05-23 21:10:02+00:00,7
0x780d51bfd2dad961376decf3ec9ad512220aaebe43d7ac396e3ef12b59fc8c06,Exact Score: Racing Louisville FC 3 - 2 North Carolina Courage?,other,2026-05-24 00:29:44+00:00,0
0x576ce243ca740437457c9a69476d7f37de3b9156f79ef879f18380b9a034e9ba,Exact Score: Utah Royals FC 1 - 2 Denver Summit FC?,other,2026-05-24 03:30:30+00:00,0
0x98de42473c1bd90383ad5e036ce2500f87c1df4ba6e71b8fd20297a8e5038025,Will New York City FC win on 2026-05-23?,other,2026-05-24 04:12:13+00:00,438
0x89c5f25e20e0bd52b45bd55ecde1a553d9e92cb55da1aefc5a238b65ebf4b8e1,Exact Score: Nashville SC 2 - 1 New York City FC?,other,2026-05-24 04:15:59+00:00,2
0x44f72e37abd66db6f98e31a301d917bf185038cc6efdb9c71fe05b9188ce341d,Will Lorenzo Musetti win the 2026 Roland Garros Men's Singles?,other,2026-05-24 11:53:34+00:00,48
0xaf7af2e9d8775cc72f15def9d7d7b652a6d5034d5c2602ef820c024053d72287,Exact Score: Qingdao Hainiu FC 3 - 1 Chongqing Tonglianglong FC?,other,2026-05-24 14:21:08+00:00,1
0xdba6416697e6919f44f4e4722c7cc674cdb6c538e9e7b0cf3d9a555f0e5101a1,Yunnan Yukun FC vs. Qingdao Xihaian FC: Draw at halftime?,sports,2026-05-24 14:30:07+00:00,5
0x0e00597946d70fe57f7d8f173d2b2deb219f3db373029e8caa5c6d0ebb48de20,Will Antoine Semenyo be the top goal scorer in the 2025–26 English Premier League season?,sports,2026-05-24 21:00:13+00:00,103
0xaa5cf24ab71e5e6af479635bbedb1e506d99c665ceee3c9735f911f74fb0cf5b,Cruzeiro EC leading at halftime?,other,2026-05-24 23:01:43+00:00,19
0xd3c2ecf9a5b243a5f9c15334c680e0b86dd209e118e796ff57e0a096fa3481e9,Spread: Inter Miami CF (-2.5),other,2026-05-25 03:06:24+00:00,103
0x1c8f36b1a4f8dc0c07363d7f2647cc8d9a0de5b8b061150a4f82884a60da866c,Will George Russell achieve the fastest lap at the 2026 F1 Canadian Grand Prix?,sports,2026-05-25 04:26:56+00:00,11
0x9a2777e017bac643f94afa0ce0b914934389a0b39689b48c38d97140fc244423,Exact Score: Tromsø IL 0 - 3 Aalesunds FK?,other,2026-05-25 19:43:40+00:00,1
0x57f565bdbf2227edd457c5e5d952ec61e50c1a6faa6ee5167d528d81c45f58d0,Exact Score: Sarpsborg 08 FF 2 - 2 Molde FK?,other,2026-05-25 19:58:43+00:00,1
0xd2a037c335d81e2b78f060ea18e79231b45f442a72b38037df486c6c76826bb4,Spread: Coritiba FBC (-2.5),other,2026-05-26 03:11:58+00:00,35
0x06341ea88040dc1fd984d54e47fc882cc8bf437a04c95c9de79648b67da1101b,Faurel vs. Vacherot: Match O/U 36.5,sports,2026-05-26 16:09:47+00:00,4
0xeae2076dfa5b2ddaf4552ee35cd80c158752b2fe2f6e8b14cd367494ebd19e32,"T20 World Cup, Sub Regional Africa, Qualifier A: Ivory Coast vs Cameroon - Most Sixes Ivory Coast Winner",sports,2026-05-26 20:28:10+00:00,0
0x7d3af9c8f2dd814b3da0781e90c10d2ed4a2809883f07b2aa4bc91730a5d9ced,"Will ""The Art of Loving - Olivia Dean"" be the Billboard 200 #1 album for the week of May 30?",other,2026-05-26 21:19:05+00:00,16
0xeb4d076c190656830ff4dd65423bd6a4745b7fb6fb1df4d78f04a57d72ecac23,"Will ""Devil May Cry: Season 2"" be the top US Netflix show this week?",other,2026-05-27 01:47:07+00:00,26
0x23e269351fd4de67cfc9eb5c3055ac4c6326c16eafc0cb68f20800e830a37aa7,Will LDU de Quito win on 2026-05-26?,other,2026-05-27 06:52:03+00:00,910
0x74b6a639f8b15aa4c5b4cf1c1e353cea32293de30f327ea8b0f3f53209505276,"Will Donald Trump publicly insult someone on May 27, 2026?",other,2026-05-27 15:11:41+00:00,186
0xf230892511c35aa74a315a37c901aa1404ce6af45c1f41745dba7bc0fff7ab61,Fonseca vs. Prizmic: Match O/U 38.5,sports,2026-05-27 21:16:47+00:00,47
0xe81efb4b508a5b96cdbbe264dc047b0494991735a2774e171a14ce354a37aee2,CS Cienciano vs. CA Juventud: O/U 0.5,sports,2026-05-28 01:54:39+00:00,23
0x419ac37a0e05c1f6efab52c96e16674ef1dd3be0b514eefc65bc68dbdd0c5ba1,Exact Score: Club Libertad 0 - 1 Universidad Central de Venezuela FC?,other,2026-05-28 08:26:59+00:00,0
0x94be19fa8eaad537f0925fe5714936946bdd72d61ba5179921beea05314da109,Sinner vs. Cerundolo: Set 1 Games O/U 9.5,sports,2026-05-28 12:46:44+00:00,0
0xf1eccad2b27c313541c868b6afc7680b8c4ec4383feed9d3f0f841064d1a38e2,Martin Landaluce vs. Vit Kopriva: Total Sets O/U 3.5,sports,2026-05-28 18:04:48+00:00,28
0x9f9d11bf8b05d31c7527c286b95928c411d2bcdaaeaccc731bc6ecceeb4ee5ec,"T20 Ireland Tri-Series, Women: Ireland vs West Indies - Team Top Batter Draw",sports,2026-05-29 00:39:48+00:00,0
0x5d1561d5996b201717ab42cc23999a2e4034467a1cfdfd258b66c2de9f4dcbef,KBO: LG Twins vs. Lotte Giants,sports,2026-05-29 10:26:52+00:00,280
0xc7e9087fba0db4059c6189daeeae09ff36fb7f813cc470f9b104651b048da7c7,Exact Score: Fredrikstad FK 2 - 1 IK Start?,other,2026-05-30 04:06:14+00:00,2
0xc93b4eb8f0c4ff35802a1bc00fa749ce4215297f4f2f8152994e2615fa997d0c,T20 Blast: Worcestershire vs Warwickshire - Team Top Batter Worcestershire Winner,sports,2026-05-30 04:42:55+00:00,4
0x9b5b3b585e0c52d4b2b2f5e100c5622dec09d6d8f6799f8925a4e42c716e781e,Gauff vs. Potapova: Match O/U 23.5,sports,2026-05-30 20:10:45+00:00,10
0x6f4dfac5a6a193e6290ce4c7e0c84365c3edd0b43cd8deb08a4a36fbbad23a15,Will MrBeast hit 494 million subscribers by June 30?,other,2026-05-31 01:47:58+00:00,75
0x966e6012d4f89326890850e2115f5034bbaad16dea8d8b6923a799578a5b6e9f,Will Fluxo W7M win CBLOL 2026 Split 1?,other,2026-05-31 08:39:55+00:00,62
0x9355983c9d90cb14a2597857d4c8eee92678e310dffc1ad65c366daf90aae6a7,Will Palm Beach Royals finish in 1st place at the Major League Pickleball Columbus Event?,other,2026-05-31 12:48:08+00:00,12
0x1f26128487f62adfa31a918471d4a9136b706ea0c1ebca00d2cda9d82b2ab8b5,Will Baidu have the best Coding AI model at the end of May 2026?,other,2026-05-31 21:08:27+00:00,109
0x5ae9570fc095da37316e6e628418b079d4520c8178f00cb4294554654690c18a,Bielinska vs. Gomez: Match O/U 22.5,sports,2026-06-01 01:22:10+00:00,3
0xa4932209d91d0301addd39220d8ec418ab776128ccbd8d7c2997c20c174133c6,Will Google have the #1 AI model at the end of May 2026 (Style Control On)?,other,2026-06-01 02:35:32+00:00,734
0xc423dcc42812cbdf3e86282020de1214151c69bc3900ebe799e506b710b08e07,Will Mukul Choudhary win the 2026 IPL Emerging Player of the Season award?,other,2026-06-01 06:17:27+00:00,9
0x2e545956294bb0ca46550a37fd680791767208e2753f6f0140fd01fe970cb800,"Will the median home value in the US be greater than $445,000 on May 31?",other,2026-06-01 07:29:58+00:00,27
0xb2677dadfa0574703ce551fcd3208bad967f02c759a8b890408389b1d5a1edd2,Will Cruzeiro EC vs. Fluminense FC end in a draw?,sports,2026-06-01 10:52:23+00:00,622
0x958fda26ce8f350e5c41e1fc7e47d4945fad2db1478b14385f8577102e37e492,Will Jarrett Jack be the next Orlando Magic head coach?,other,2026-06-01 20:48:12+00:00,8
0x77733bc921a28d483a8e3c866f3ec58898b491febec21791c2a41250b5290331,Will SDM Tigres win LRN 2026 Split 1?,other,2026-06-02 12:28:00+00:00,68
0x068dfc990d3081db91c3d7c2bdd0ed803080200392db58dedf32137eaa5507e4,Yu-Chen Lin vs. Xinran Sun: Total Sets O/U 2.5,sports,2026-06-02 18:30:08+00:00,5
0x2a3731d5b3d1f38736dfb4de909cba51ee66efbc44994448413ca6a1a4074a3c,Alvarez vs. Storck: Match O/U 22.5,sports,2026-06-02 19:53:37+00:00,0
0xa216ddf73deea709fcf225a10c5cf96d45834280716cc99fca4527818146ce64,Will Madagascar win on 2026-06-02?,other,2026-06-02 21:24:56+00:00,451
0x291f3333954fffbf74fdf5a7ba59f780d822f54bab0c07aa3cc050987d721540,Set 1 Winner: Storck vs Nurlanuly,sports,2026-06-03 12:57:55+00:00,1
0xfade52cbef1b25170c905da9bbbe6866135b69d96894228352b56ea75e8ea84e,Fernandez vs. Montsi: Set 1 Games O/U 8.5,sports,2026-06-03 15:44:12+00:00,0
0xf6b12b756995bcee1de81e4e7275197a87e5e1edcd644a2e10dbe0d27adce26e,Thomas vs. Mackenzie: Match O/U 23.5,sports,2026-06-03 16:00:18+00:00,1
0x4c5743f180138aaef1430463e01e48f41abefa7d525105468265b5ca422d7c90,James McCabe vs. Kamil Majchrzak: Total Sets O/U 2.5,sports,2026-06-03 16:40:21+00:00,1
0x535344e5cc47b54d4d947333b756584e0f1973ee0f887643990b68c039bfea30,"T20 Ireland Tri-Series, Women: Pakistan vs West Indies - Toss Match Double Draw",sports,2026-06-03 20:29:54+00:00,2
0x683daf5f75562cf7f518801b9d64bb68e2863ee08f6a0182b2ff800925a0dcae,ITF Sumter: Maria Sholokhova vs Victoria Hu,sports,2026-06-04 00:33:15+00:00,149
0x916f5b7cffea16963e378c20e594512eb73d3562ef6ed8a7ac4c002c098c54d8,Exact Score: Panama 0 - 1 Dominican Republic?,other,2026-06-04 05:02:22+00:00,6
0x75b9331ae6464ebad2d7ca69a7f84b700c245d2a97fa38e9a2d420c58d2fd8cc,Will Internacional de Bogotá win Colombia Primera A?,sports,2026-06-04 05:32:51+00:00,2
0x2a4cd23bb0af1666eb65afdef67a2b6e28ec98fb98f6688a5ccb25480aa91231,Sachko vs. Kopriva: Set 1 Games O/U 8.5,sports,2026-06-04 11:40:01+00:00,2
0x2dd19b75b2cb25d03372f47adf3e19e26be63a998839acb893eab24c631931e3,Set 1 Winner: Sesko vs Antonius,sports,2026-06-04 14:32:37+00:00,2
0x48277f561ac819a45c407c4864989d88bec369ef4c5d2390141a60784a0c4b51,Centurion 2: Completed Match: Alexander Donski vs Edward Winter,sports,2026-06-04 15:21:15+00:00,0
0x1d6a4514ffe89c4aa8afc2718c36ce95aae0477130cf1a6d547fcae9a4dfa18b,Will HEROIC win IEM Cologne Major 2026?,other,2026-06-04 21:04:28+00:00,2997
0x9deb8ce98c36672116b7f035bfe2e4d2d60fa6b37c923e171f390063e08cb3b4,Exact Score: Spain 2 - 3 Iraq?,other,2026-06-04 21:30:49+00:00,5
0x22d6b1592c28fc502e6bf7d9a7c408ca4a2a27cc15aa5040099730d88e19998e,Will the highest temperature in Madrid be 29°C on June 4?,other,2026-06-04 22:44:31+00:00,574
0xc5929e3153a2ef60b26f61ae23990ea17174a55785170532c597d8031e7b92f4,Will the highest temperature in Austin be between 90-91°F on June 4?,other,2026-06-05 06:34:13+00:00,258
0xeb010cbf0631f06fb06504c5afad162ab2cd8630985b37d95f0814152cc35754,"Will the price of Bitcoin be above $82,000 on June 5?",crypto_price,2026-06-05 18:11:24+00:00,81
0xedbb19c7dc05193664da7ff65bf8ee0107701937079306600b47d55a5ea73c67,"Will NYC Mayor post 60-79 posts from May 29 to June 5, 2026?",other,2026-06-05 18:16:51+00:00,11
0x2ecb1d3ef61c40482c4c86841e784694f4cfd1f8bbe78c422925dd21f36cdad0,Slovakia vs. Montenegro: O/U 4.5,sports,2026-06-05 20:25:06+00:00,273
0x1439c7ac3275dfe32af6f153a573360184cb83e21fad36b609a32e2d81704e82,Birmingham: Arthur Fery vs Yunchaokete Bu,sports,2026-06-07 13:14:52+00:00,2224
0x058ba726abf71ea524281ea215637a97ffd4e471c239f122d4b516c377bf192d,Will FlyQuest win IEM Cologne Major 2026?,other,2026-06-07 18:39:43+00:00,2841
0x7f9ec005ee7c0c93f564e3d016083e19f92ece1e82fbb31dd75b6cb5bbe73d2a,Spread: Bahrain (-1.5),other,2026-06-08 12:00:34+00:00,57
0x7d5a7e979401404e45154ff65e8277aef907b48288ff3af25565020fc609969f,Set Handicap: Marozsan (-1.5) vs Onclin (+1.5),other,2026-06-08 17:51:21+00:00,50
0xde82a79d8cee3bd1fca633aa89593d44940b4348f20cad8bcc44536b715f7ee5,Laslo Djere vs. Kimmer Coppejans: Total Sets O/U 2.5,sports,2026-06-08 18:24:43+00:00,1
0x69937ce68c96fe22d994018d77dcfa89a45bde5e9d13e002696e1dd488bca04f,"Will Elon Musk post 180-199 tweets from June 2 to June 9, 2026?",other,2026-06-08 22:35:49+00:00,2935
0x3cf00c7eec370509155a51dd932bb42f48db7de37e44c3931dccbe93a896b7fe,Exact Score: Any Other Score?,other,2026-06-09 21:42:45+00:00,0
0xa1f1fa199be5b44528fbb8276a4ec5e41ee3d6d2944c9e24c1c9bd5898325ad2,"Dogecoin Up or Down - June 9, 8PM ET",crypto_price,2026-06-10 01:13:15+00:00,45
0x437a1bf391da0d44bc4673138729d6da9f7f8a6994ad0a6f1b8860bc2a75610f,Gianmarco Ferrari vs. Roberto Carballes Baena: Total Sets O/U 2.5,sports,2026-06-10 11:52:04+00:00,7
0x74a247943e6d6854022d4d6d408eb1b66d2b5649e9ae34c5a7ec4a4fb0dbe4e0,ITF Men Monastir: Completed Match: Rodrigo Fernandes vs Aziz Dougaz,sports,2026-06-10 13:31:12+00:00,0
0x64a4affbf45b07dfba5881e8a33dde92b01239e2ddc8952dcf95f88ce9023ce2,Will NRG win Valorant Masters London 2026?,other,2026-06-10 19:26:15+00:00,195
0xe063229979f06da3471c5fcc5f979a5f331bdb607eaa32e54fc56399af35653c,Hardt vs. Fernandez: Match O/U 22.5,sports,2026-06-10 19:55:10+00:00,8
0x53c7c262937d7eea9352ca736a2e9b19ca6956859c085369a72a2009344121c8,ITF Women Merzig: Completed Match: Tamila Gadamauri vs Jolie Angelique Abendroth,sports,2026-06-10 20:19:16+00:00,0
0x45796a8fce579cdb280f7819ec746ba4d3aad3555c8d3f5a232a23d816fb5380,ITF Kayseri: Ustiniya Lekomtseva vs Sofiia Bielinska,sports,2026-06-11 09:21:48+00:00,27
0x065f6ec5178217079f94abc132d6b7125ea071aaed500c73192023095f866e87,Valle vs. Jover: Set 2 Games O/U 10.5,sports,2026-06-11 16:38:19+00:00,1
0xb544d00e1811314416e1a11190e636cb4c320548a59af8b808ed95cc322bf810,Golden Knights vs. Hurricanes: O/U 4.5,sports,2026-06-12 02:50:18+00:00,314
0x9dd94a9c0404b2b5242d2a7409c56d024eafc115adbc56931390b296a88a785c,Set Handicap: Yoshimoto (-1.5) vs Yamazaki (+1.5),other,2026-06-12 04:34:13+00:00,1
0x4bc96110942bcd2f022c9e2c84938ef71a3bd356aed1f1f51883781d3c8e6e68,Yamasaki vs. Kim: Set 2 Games O/U 8.5,sports,2026-06-12 07:09:33+00:00,2
0x3371dba4221ee61e3e7285689db030563f34fbad4b468733a5daa244c6960ed2,Set Handicap: Gormaz (-1.5) vs Kasintseva (+1.5),other,2026-06-12 14:41:49+00:00,4
0x304c495231ad08d6ffb350cc0f802077e9c2451db1b4866c6676f77d4111132a,Set Handicap: Minaur (-1.5) vs Bonzi (+1.5),other,2026-06-12 14:47:09+00:00,50
0x6e876aba1e55cbdf424dd50066940ce0bb8a4356f8b4e2535ebb6ce0e10a6ee4,HSBC Championships: Sorana Cirstea vs Emma Raducanu,sports,2026-06-12 16:05:34+00:00,2354
0x104ee83a26e8562567cf5b3d4b7954516eb75d1f5f7b13ae3050d359caf43c2b,"Will the U.S. flu hospitalization rate per 100,000 in Week 22 be between 95 and 100?",other,2026-06-12 17:06:33+00:00,20
0x4ad0c9065174ac8ee345598bccd2344f5467538565c161700c1940c221591335,"Will the price of Bitcoin be greater than $70,000 on June 12?",crypto_price,2026-06-12 18:06:22+00:00,80
0x6bbdd34cc59fc5ea2c99054e03658ab7310aeaea66898824c5aaf17407bb9892,Will George Russell achieve the fastest lap in Practice 2 at the 2026 F1 Catalunya Grand Prix?,sports,2026-06-12 18:25:36+00:00,1
0x64e70245ffc0f307db147a90c0dae6e239240c382d72b007a228a7072da39050,Will Mackenzie Hughes finish in the Top 5 at the 2026 RBC Canadian Open?,other,2026-06-13 01:45:30+00:00,4
0xcf0bba94acda462d1f9e59acc167ea65b547ff11106fd9414f4ea6b447f5d0d8,Houston Astros vs. Kansas City Royals,sports,2026-06-14 03:49:13+00:00,2425
0x5afeea2584165f0bab7843452d49ff7b36f72808847feb75fab830e70943c5d7,Will Jalen Brunson win the 2026 NBA Finals MVP?,sports,2026-06-14 06:15:27+00:00,4830
0xc1a870496030a49bf6be7d93f648abcaa4725e40222d0dc4fddd5a837eef8403,"Will the price of Bitcoin be above $58,000 on June 14?",crypto_price,2026-06-14 18:03:45+00:00,255
0x8aa947f25d92738c7c027f527bba4f523198bf990cd56cda3c05dd1cf128e47a,Poznan: Alexander Shevchenko vs Genaro Alberto Olivieri,sports,2026-06-14 19:41:36+00:00,313
0x80e738ad1ad5b7ff7c7a265d137c34438e956a89bce302532fc8eafadf1e5366,Will Brooks Koepka finish in the Top 20 at the 2026 RBC Canadian Open?,other,2026-06-14 22:00:43+00:00,83
0xf5b5255c6e5e96ac3cb2ed9e1a54754ed9f1d7c874a609e2b534b17378a447b7,Will Bright Armenia win the most seats in the 2026 Armenian National Assembly election?,politics,2026-06-14 23:26:57+00:00,271
0x7fed166378837d6c0d74379031087392e10ea015df45ebdea7c56fd9c5dd2313,Will Taylor Moore finish in the Top 10 at the 2026 RBC Canadian Open?,other,2026-06-15 00:24:00+00:00,3
0xe7c56cf756c7b1fc590cf08e7a4523a96f3c7bfbe4017eafc0dfed41bce3c770,Exact Score: Grêmio Novorizontino 3 - 1 Clube Náutico Capibaribe?,other,2026-06-15 00:58:58+00:00,0
0xf0d420e9248f24512cd712e9e3a9e74354461937231b16223284e4118aabcbf0,Exact Score: Grêmio Novorizontino 2 - 2 Clube Náutico Capibaribe?,other,2026-06-15 01:13:27+00:00,3
0x0cdb888eb71814f40b405dbc84d6477b5fffaf0070339ad8eeb2808b98c09d6e,Faria vs. Echargui: Set 1 Games O/U 8.5,sports,2026-06-15 16:46:58+00:00,1
0x6655c73c7951254b4be7c32fdfde2a7a16f1f0f7f340f7bc1023ac37b3613f95,Will Sharon Brown advance from the CA-04 primary election?,politics,2026-06-16 08:07:00+00:00,65
0x1ac0ceac33dcc5d4c340b7a25a44d17f3b2cdfcf87eb61321f13c0e75ebfac03,Minaur vs. Diallo: Set 1 Games O/U 9.5,sports,2026-06-16 16:30:02+00:00,1
0x00569c2161afff12face45ff060c3afedd9f91963c3b991a9372358d026d1a8a,Will Troy win the 2026 College World Series?,other,2026-06-17 00:44:16+00:00,81
0xbe2113835fff9936d39836cf7a27d371df885a74b77659167361b8e847dc788b,Will Steve Marshall be the Republican nominee for Senate in Alabama?,politics,2026-06-17 05:29:16+00:00,896
0x814759b839e9edd72cf0efa64eede236003109eecfff0378f2175aa2eaab100d,Starodubtseva vs. Navarro: Set 2 Games O/U 10.5,sports,2026-06-17 13:23:49+00:00,4
0xf5753548318d9419c7a26c88c06a5a414896a3ba464eb64bbe18e6d202e89ba5,Szabo vs. Kuczer: Set 2 Games O/U 9.5,sports,2026-06-17 13:26:20+00:00,0
0x1597469b9ac8fbb8958178566d43c468dbea330040176aabb7b780101c262a7e,Set 1 Winner: Shkutova vs Ronde,sports,2026-06-17 15:16:20+00:00,1
0x3f4bbc737b8fa745c1fca6f5268fb3122c9329ca20d789594019c3b3c5cbdc97,Marozsan vs. Fritz: Match O/U 22.5,sports,2026-06-18 11:21:49+00:00,6
0xbedd5465d8e4b1c36ae5b0ea79b35a0e2d30b970bade670cc8a4d751fe104809,ITF Ystad: Vivian Wolff vs Lea Nilsson,sports,2026-06-18 14:12:19+00:00,113
0xd98d482cece83eed62b06e1875a68ce4b4ce10def9619c1faaa9f1589f0eff17,"Kwibuka T20 Tournament, Women: Malawi vs Zimbabwe High Performance Xi - Most Sixes Draw",sports,2026-06-18 17:24:16+00:00,1
0xdb8705fe62e1998823ab7999b91ba1b5ea326f1ce364c690b0f7f8cae2a2e3a6,Fick/McGiffin vs. Bagaric/Huergo: Match O/U 23.5,sports,2026-06-19 11:17:29+00:00,0
0xdabfa9189e772a3b01a3792ea59ae3c9ca2119f15aebe77f53f24b50d7a7492a,Exact Score: CF Universidad de Chile 1 - 0 O'Higgins FC?,other,2026-06-19 12:14:46+00:00,1
0x0f1e00b44dc8d24c83e2b08f8fb16f18f4f454ff2c69e719b015d368732ea11a,Dart/Lumsden vs. Sutjiadi/Tjen: Match O/U 23.5,sports,2026-06-19 16:10:49+00:00,1
0x8f40e6befbf9e627be187bcaf57be159a53000c0df1dadedb730fdfc89847936,Will the text of the US-Iran agreement be released by June 30?,other,2026-06-20 02:38:50+00:00,907
0x66e7c2b417ddb4651d4c96e234e97d36fd026f98cdcc2eada7591a13ace9192b,Moriya vs. Roh: Match O/U 21.5,sports,2026-06-20 11:07:20+00:00,0
0x3673d7ed7aa6adc312be82b1542b1fbc4f56bbed8782821de8799cceb8dc9e3d,Acosta vs. Heide: Match O/U 23.5,sports,2026-06-20 14:26:50+00:00,3
0x687c999e855e77d8338688bc6e5e9efae8e088c0e5af839789043f6207a564dd,Ravel vs. Gurri: Set 2 Games O/U 9.5,sports,2026-06-20 14:52:50+00:00,0
0xecca3ac330afefcbc86355f351d289de3fa176f25a131fd4c975533887d86dd9,Marchi vs. Djuric: Match O/U 21.5,sports,2026-06-21 09:16:31+00:00,0
0x376b49cdf429b65a4521fb7e7f82e6ec46dc74d94a44dde34870623b367cf843,ITF Monastir: Aziz Ouakaa vs Ergi Kirkin,sports,2026-06-21 11:04:49+00:00,72
0x36edef0e61f89b7c92d7e994dfac858a52fa63daf6116fa8427f72c013486ac8,Hussey vs. Trungelliti: Set 1 Games O/U 10.5,sports,2026-06-21 14:32:34+00:00,1
0x2aa516e19cba36d214f22edc515b74f91317e80a396a5c8042b927afb2c6074f,Games Total: O/U 3.5,other,2026-06-21 16:25:49+00:00,1
0x21fcca8fe82daedc5522e0930f994a683db202a77c21b6fbfea6ca19bc793078,Exact Score: Belgium 0 - 1 IR Iran?,other,2026-06-21 21:17:49+00:00,937
0x2507baae227be7ef06124852442cc64743ecc02e634967564337c84f79bed1eb,Set 1 Winner: Osaka vs Frech,sports,2026-06-22 11:46:37+00:00,29
0x31899cf909ecdfe0944b1b4e6f292e8553765137baa647b391936d51ceeee030,Norway vs. Senegal: Second half draw?,sports,2026-06-23 02:16:34+00:00,66
0xcdac922e35d2cf1181620c3604492a40ea5668cb261d3c77a475128554a4d007,Will Jayden Quaintance be drafted with the 8th pick in the 2026 NBA Draft?,sports,2026-06-24 02:55:34+00:00,2
0x573dbbe74dbae50c134b86edc023d828913c308c3b65a3e47aa71c7d98617b42,Set Handicap: Ymer (-1.5) vs Skatov (+1.5),other,2026-06-24 16:46:02+00:00,4
0xcd5aa597742c225fe25530a3e197ffddec3672627d36513d626978abbcccd3a2,Set 1 Winner: Kopp vs Blanch,sports,2026-06-25 13:07:34+00:00,0
0xf68f4f0ff4429e41bd0e0b2e80808a0d5ba9e67af538ed2fb8092f99f07927ca,Colton Smith vs. Michael Zheng: Total Sets O/U 3.5,sports,2026-06-25 13:27:35+00:00,4
0x671a0cb1c18cc4166536648335ee075380776b54b89218999a4cdd842e27168a,Will Iván Cepeda Castro win the second round of the 2026 Colombian presidential election?,politics,2026-06-25 21:13:02+00:00,856
0xd8be6aaafb6c8034e51d4c5f2ebf2ec0beff11cbd7cd5e7ce3c3599a7ef0454e,"ICC T20 World Cup, Women: South Africa vs Netherlands - Team Top Batter South Africa Winner",sports,2026-06-25 23:05:32+00:00,0
0x148dbacf0e533ae060634944d3ce0c038267f77ab277a350ab9e468fa23afada,Japan vs. Sweden: Sweden O/U 1.5,sports,2026-06-26 01:10:38+00:00,435
0x4e7f5a8c2a41ed605661ff9ef85047b366648f74a668c70e2bb952af6d9050de,Will Japan finish second in Group F in the 2026 FIFA World Cup Group Stage?,sports,2026-06-26 03:31:04+00:00,84
0x1590825932d3d43e54ebf726f6cfe36248ee03a62c955eb4d26fcd44392831f0,Türkiye vs. United States: Second half draw?,sports,2026-06-26 04:31:26+00:00,72
0xde94ee9bb90f45efa07a7cb069086941f68939494256c27ff1f9c098b681e218,Will Iván Cepeda Castro win the first round of the 2026 Colombian presidential election by 15-20%?,politics,2026-06-26 07:03:53+00:00,336
0xc3306762d0566072d736667a6e294742a5ae91df2dcf4ae9cade7fb218f92991,T20 Series Ireland vs India: Ireland vs India - Most Sixes Draw,sports,2026-06-26 18:04:52+00:00,0
0xfd7969946db8eef7b15e53c4f8e38dd4b45bf09cd7f43eb261d7bce96f7acbf4,Will JP Hurlbert be drafted in the top 3 of the 2026 NHL Draft?,sports,2026-06-27 01:39:56+00:00,11
0x74f07fe98e8fe708ffa3e6d7f05914f52a411e7066dbd3bc42459ee97808bf74,Cabo Verde vs. Saudi Arabia: O/U 0.5,sports,2026-06-27 02:14:25+00:00,1383
0x77c1415fcc714c7ac0460bf39168c69172356a4d6312339a334d7b1ccc08826b,Cabo Verde vs. Saudi Arabia: O/U 5.5,sports,2026-06-27 02:14:26+00:00,310
0xb3b7fe452677ffaef24999bc40cc3216f18b5b482a607802e5794fd30f22d1ab,Will Liam Ruck be drafted 1st overall in the 2026 NHL Draft?,sports,2026-06-27 02:57:34+00:00,102
0x611edcef703205e9b7bb784ca0dec366037bd1699dd5dc2ed3a509d3adbd45af,Will New Zealand be eliminated in the Round of 32 of the World Cup?,sports,2026-06-27 07:02:05+00:00,49
0x791d57ec72561e6e5380800c2fc45341886e374666032d85640117bdcb5796a0,Mallorca Championships (Doubles): Goransson/King vs Arribage/Olivetti,sports,2026-06-27 12:28:04+00:00,88
0xc45204d04ecacccdca829fe333f190be08b79f94fa9e75569e601b7c080d12e8,Goransson/King vs. Arribage/Olivetti: Match O/U 23.5,sports,2026-06-27 13:21:04+00:00,1
0xf7327ee0a2475c2c9b4a1ac7bb4e1b49fce57c2a33ebf704e03630ec800f2944,Will Jamie Davis Jr. be the Democratic nominee for Senate in Louisiana?,politics,2026-06-28 04:27:53+00:00,630
0x9374e0bf8ec665d9673a7065938d249559700e00e6a22bbbfa1de1a3e2b91d4f,Rinderknech vs. Tarvet: Set 1 Games O/U 8.5,sports,2026-06-29 14:47:52+00:00,0
0x8204bd69f25b0977656cc39f53a3fd631b6a0222ac64088c30b8d32cce585644,NSK Trophy State T20: Malappuram vs Alappuzha - Team Top Batter Alappuzha Winner,sports,2026-06-29 15:19:20+00:00,0
0x1c87355a075b5f51936e1126b219bd95ac08f5ed04371cddcc5a8db3c4d0eaa3,Agut vs. Fonseca: Match O/U 38.5,sports,2026-06-29 16:06:50+00:00,0
0x3a0dcd64115255597949526dad15acaf46c6721ddc12c3671d498e8f971db1bc,Struff vs. Baez: Set 4 Games O/U 10.5,sports,2026-06-29 16:56:53+00:00,0
0x8e3542ee66908a78d821fb1d220f31bec6c887ccac6c8c1d757850c6307d0cf4,Will Tijjani Reijnders score a goal at the 2026 FIFA World Cup?,sports,2026-06-30 06:01:52+00:00,46
0x8b10e5293caf771a79a66dc3a5b6311fce5a0a0c780cccac87fd533b9b04bc95,Set 2 Winner: Blockx vs Zverev,sports,2026-06-30 17:04:13+00:00,20
0x2c5f9d7953d06393d5f2199ffd00fd2d4754e1edecff1cbac1e0c813f3d27e26,Will Microsoft Corporation (MSFT) hit (LOW) $315 in June?,other,2026-06-30 20:36:10+00:00,53
0x69cb0354b3f750edd6bcb52f3785f7d6e671afff8537f8faa2fb99d756fc503a,Maharaja T20 Trophy: Mysore Warriors vs Coastal Kings Mangaluru - Most Sixes Mysore Warriors Winner,sports,2026-06-30 23:16:20+00:00,0
0x95916e85707c0dfbed43cc727272e4d3743d453f5ee3c887eeb1c287255e30cc,Shpageeza Cricket League: Amo Sharks vs Band-e-Amir Dragons - Who wins the toss?,sports,2026-07-01 09:58:53+00:00,0
0x681bde71458a7704d8f1503bdbf497a34b24591c4f43e433cc68d31de46ca0ac,Shpageeza Cricket League: Amo Sharks vs Band-e-Amir Dragons - Toss Match Double Draw,sports,2026-07-01 10:01:19+00:00,0
0xc05f91aecd3a57d0e45786c0d8d3099b928d29d4f2abaa10f2eaf26f7665b3b3,Brasov: Completed Match: Duda/Latinovic vs Betov/Simakin,sports,2026-07-01 11:09:23+00:00,0
0x645ba399544b7a04ba9f1c15d81d0073604b3ba892b2844ead92d18eda102f39,Set 1 Winner: Hurkacz vs Ofner,sports,2026-07-01 11:38:35+00:00,46
0xfe5df2b9f309594b4e92613fa79152c73d139d15460a7a67487a595ab89c47a9,Bolelli/Vavassori vs. Jones/Paris: Total Sets O/U 2.5,sports,2026-07-01 11:43:10+00:00,0
0x9afd0e28622fce5bd3164ad75b995a191186748482ce235ccb301e92faebd563,T20 Series Sweden vs Portugal: Sweden vs Portugal - Who wins the toss?,sports,2026-07-01 13:50:25+00:00,1
0x583b0b4fac7c990326fdde1290385747c1c400d109aad4d7399e6fbac5e0bac9,Sierra vs. Gauff: Set 2 Games O/U 10.5,sports,2026-07-01 15:50:26+00:00,0
0x8bd3ab657deadb24fdb8c0af6529d2d24967bbefce3c1298bb6d2bcdfd6bbc77,Will the fight be won by submission?,sports,2026-07-01 18:17:10+00:00,0
0x0af08bcfbcd2dff45de4b4bd27e79aa7bd0ef47ac84461915e40b4f93d416cee,Griekspoor/Zandschulp vs. Nouza/Oberleitner: Set 2 Games O/U 9.5,sports,2026-07-03 14:15:25+00:00,0
0xb93caa35104c90bcc4cbcd594619a792b389a3da21e3c00b5d3b01513a0655ab,Yunnan Yukun FC vs. Henan FC: Both Teams to Score in First Half,sports,2026-07-03 16:11:37+00:00,7
0x9bbd28e74637a4b95c5bec65b5c6db4b3d87d06fddc55614aacbcd907af9d09f,Calderano vs. Shinozuka: Total Games O/U 4.5,sports,2026-07-04 02:37:22+00:00,0
0x8b65354b576f6e8ce0cf245f5d2e9dae683923a45e8ffdfa1bfe5f15a810d7aa,"Wimbledon Juniors, Girls: Completed Match: Anastasija Cvetkovic vs Yihan Qu",sports,2026-07-04 16:32:41+00:00,0
0xa1202c48ce08cff576514da8181e868e2a7bde935c156940b07ec4296290c124,Tiafoe vs. Bublik: Set 3 Games O/U 10.5,sports,2026-07-04 20:34:50+00:00,2
0x983a02214feac575752ec531c73e07eac43627570c4717a0328cf591d16931d7,North Carolina Courage vs. Seattle Reign FC: 2nd Half O/U 1.5,sports,2026-07-05 03:40:56+00:00,0
0x9c552ed2e874f2eafd61d5122fe799e580f97a934a388ed3b292664287ef58b5,Dota 2: Spirit Academy vs PuckChamp - Game 1 Winner,sports,2026-07-05 13:02:22+00:00,113
0xe8c8fcddc1b7c12a6ec8fee3aa0d43dbd799d6d14818fb265551f3ef1ae92680,Esquiva vs. Zajickova: Match O/U 21.5,sports,2026-07-05 13:39:08+00:00,0
0xcc726d36aa4e2b101aaacbe59d3b792efce26d41a6673a02e6c87cef896df4d2,Gwangju FC vs. Ulsan HD FC: Both Teams to Score,sports,2026-07-05 14:30:46+00:00,41
0xd979bcb2fc090fb8247d43d34756801637cb3b121b125cb677a5fb4977219c45,"Will the price of Ethereum be above $1,700 on July 5?",crypto_price,2026-07-05 16:14:26+00:00,312
0xdb6b01b0a3a30d9bc1dae682491108b2e9ac836615f5930a844f6448cc099069,Will Mercedes achieve the fastest lap at the 2026 F1 British Grand Prix?,sports,2026-07-05 21:48:55+00:00,5
0xe3768de037f30b57a90841ef90d8bef64f320f5565db685ac9514c63efed78b3,Will there be exactly 5 earthquakes of magnitude 6.5 or higher worldwide from June 29 - July 5?,other,2026-07-06 06:06:50+00:00,18
0xc3d6decac9b67c1c68ce50394b048e60bd25e1850b4928ad321443036b4fc1e0,Will there be exactly 11 earthquakes of magnitude 5.5 or higher worldwide from June 29 - July 5?,other,2026-07-06 07:51:20+00:00,28
0x96214478f08d6b088030bb09539c547ada7f59c2d3e68259fd1dad2814aff9b0,Adelina Lachinova vs. Emily Victoria Eigelsbach: Total Sets O/U 2.5,sports,2026-07-06 12:45:05+00:00,0
0x0a8c3814a45b02d92415777d9108ffd68b97aa424fb65222c92198521515d1d3,"Wimbledon Juniors, Girls: Mariia Makarova vs Jordyn Hazelitt",sports,2026-07-06 15:49:14+00:00,0
0xb67243f4e66e1efcf04b895b7615f6bd32383be38c4b83e6f80eac6bc835067e,Set Handicap: Fritz (-1.5) vs Bublik (+1.5),other,2026-07-06 19:22:32+00:00,88
0x5df5025de0e2e28e08b2d972c6e72d59dd120824ac1fdb2d0b7a5f8160c7c15b,Carle vs. Pigossi: Set 2 Games O/U 10.5,sports,2026-07-07 11:05:32+00:00,1
0x8db35a9d5d435b2fc5431354643361e5063375ca9df68df16f16918b8be84ae1,Will Jessica Pegula be the 2026 Women’s Wimbledon Winner?,other,2026-07-07 17:40:25+00:00,1893
0x16cf4b050187e2de9f74618096f1c8305d6bfa61b6c449d5c65f4daf4c157ecd,Benjamin Pietri vs. Pablo Pradat: Total Sets O/U 2.5,sports,2026-07-08 09:57:29+00:00,1
0x6cf25a689f4a49c977694fb0004432efdd20c9cd95779b841802af07b9f09e22,Masarova vs. Curmi: Set 1 Games O/U 8.5,sports,2026-07-08 10:21:19+00:00,1
0x57a9d74213a400f1fc076d7ec82d91ab552b49f8ce8e66e9425c2f2cbb12f018,Set Handicap: Azkara/Ozdemir (-1.5) vs Parizzia/Romano (+1.5),other,2026-07-08 13:31:59+00:00,0
0xc9524c52ddae78a8fe07dbf2df7b64ca3e9a0d644873dfbe26c1695b45ba8cfb,FC Déifferdeng 03 vs. Ilves Tampere: Ilves Tampere 2nd Half O/U 0.5,sports,2026-07-08 21:22:44+00:00,0
0xfa13aec064349ad7307fede735a52c45ee86130e1afedb4cf99b408148fdb1d4,T20 World Cup Sub Regional Europe Qualifier B: Norway vs Hungary - Toss Match Double Draw,sports,2026-07-09 03:08:41+00:00,0
0xb417f39026f46ab474e44ad8b7fbfd2fff15846e282a07de55570bb870fd9477,FCI Levadia leading at halftime?,other,2026-07-09 21:48:43+00:00,8
0x7aceed24786ad594dcf8f8da1ccd066b264b9d7a7d64a897e43ef24e35cc9a41,FK Vojvodina Novi Sad vs. Ferencvárosi TC: Both Teams to Score,sports,2026-07-09 21:56:32+00:00,46
0xbb4dc70e726f76f8465782da85a73dc00b159c68d9cbd6a3cb889ca2887bd041,UMF Stjarnan vs. Víkingur: UMF Stjarnan 2nd Half O/U 0.5,sports,2026-07-09 23:00:55+00:00,4
0xe0633e46a1d79dfc028612c0f8bdaff87e29f476e4475e785489308daa4a9073,Europa FC vs. KF Shkëndija 79: Europa FC O/U 0.5,sports,2026-07-09 23:02:16+00:00,7
0xf719423b5a8e273b0e3dde7a844ab9db949a2dffb6d1a7b223b283199ec86b7d,Djere vs. Rincon: Set 1 Games O/U 9.5,sports,2026-07-10 11:47:41+00:00,5
0x57a22f69fd46f8c01a9812776c68680bf9d139fb509dff7cd761271c447b974d,"Will NYC Mayor post 120-139 posts from July 3 to July 10, 2026?",other,2026-07-10 18:07:11+00:00,21
0x79ec2d060d081e8f449780a6e22dc55d3cd0fa12e0f1ebf9229bc1676c3913b7,T20 Blast: Durham vs Derbyshire - Most Sixes Durham Winner,sports,2026-07-10 22:27:19+00:00,0
0xb9fc7613ed8d108291492eef3996617b5ffed24ab2b2ef8cafed5ef4ce08f652,Chicago Sky vs. Los Angeles Sparks,sports,2026-07-11 04:39:43+00:00,2141
0x3a3e3f3fdfea7fdc56300f0afa53c52dc663c10aa5b6502c5a25e9f50e120956,Exact Score: CR Brasil 3 - 0 Goiás EC?,other,2026-07-13 02:28:56+00:00,8
0x2266c69d65da2e98267f75a7c90645ad126d83c912e5dd3c15b1dff882a4090d,Johnson/Zielinski vs. Pellegrino/Vavassori: Set 1 Games O/U 9.5,sports,2026-07-13 11:28:56+00:00,1
0x745d8c8f7db8d3254faa02d35be554e3eda91423bf62a1f9504ee325b35ee6a0,"Will ""Choosin' Texas - Ella Langley"" be the Billboard Hot 100 #1 song for the week of July 18?",other,2026-07-13 21:31:22+00:00,46
0x2392f9e7f8f357870b99322d960e57789097bb3ea2fbd85600876350101353ff,Meza vs. Bondioli: Set 2 Games O/U 10.5,sports,2026-07-14 10:53:10+00:00,0
0x444fda7be63c3092ace6464e48514700d5ff91666643fa140fe7a79bd931d305,APIA Leichhardt FC vs. Peninsula Power FC: 1st Half O/U 0.5,sports,2026-07-14 13:35:16+00:00,20
0x19b0f93104f6c501a9f1fa46845a84cbbbe8c23c70d2b78261161ad216474c47,Inter Club d'Escaldes vs. Lincoln Red Imps FC: Lincoln Red Imps FC 1st Half O/U 0.5,sports,2026-07-14 18:20:43+00:00,2
0xa23ae3aedbfe7be3410cbbb19e62cd01b0f4cab929b0d5da9cf8a7af32ad4afc,Will Floriana FC win on 2026-07-14?,other,2026-07-14 21:19:02+00:00,216
0xf35297af51b506f29d98d8c98db42146b53f673525b7f25e34cd8d40776a9cdf,Exact Score: Universitatea Craiova CS 0 - 2 FK ML Viciebsk?,other,2026-07-15 19:42:52+00:00,10
0x370e77f15d4a77ae8469af825b8e94cc1535fa744fb51a65d234502b2032249e,Moscow air traffic suspended by July 31?,other,2026-07-16 05:51:32+00:00,58
0x02fdcc24a931b931f07afa5865563b3858825d0d50f81c767c73a1fd99a57e01,Tauson vs. Tona: Match O/U 23.5,sports,2026-07-16 19:59:16+00:00,0
0x3c60da53438251c97ced3d5c53f9bfa09e172a1dac883a5ab0e95c1258c57d46,FK Žalgiris Vilnius vs. OFK Petrovac: 2nd Half O/U 1.5,sports,2026-07-16 21:47:58+00:00,0
0xc8f2fd25a82f462672e86fdd6e5b7b6633c543f60b3f283caaac8cd804b3e4ec,Exact Score: Any Other Score?,other,2026-07-16 22:00:35+00:00,3
0xc0877910a72a441332ed849488961e43aa39c88a8f27b5de057959bebbe8d48d,Exact Score: AC Virtus 3 - 1 SK Dila Gori?,other,2026-07-16 22:56:16+00:00,3
0x037ea62b1a5b1321253c165cd06d9723d36ac45fafaccd44aefbb77ef0ac5412,AC Virtus vs. SK Dila Gori: AC Virtus 1st Half O/U 0.5,sports,2026-07-16 22:59:16+00:00,4
0x9b9fd14fc2706ea2d1218d2c3d66e3a5e249f74f489d2c90ed4df7400f5bdb80,Exact Score: FC Ballkani 1 - 0 Connah's Quay Nomads FC?,other,2026-07-16 23:11:56+00:00,2
0xa5b50e79cd0ed182c917799b9e184b31c57445969bdbfe113ab0c347e9a9896e,Exact Score: CF Montréal 0 - 3 Toronto FC?,other,2026-07-17 02:01:06+00:00,30
0x966452f5195fc589813dfc6e28fbdf430a70a2693cfd8b51ebb2718e91e822fa,Club Tijuana vs. Tigres de la UANL: O/U 3.5,sports,2026-07-17 07:21:07+00:00,323
0xbc2c41e2eb69a0a568e688a8d1bc2f153a19db34e77c8b691e91279d7b4bb40f,Will Pierre Gasly achieve the fastest lap in Practice 1 at the 2026 F1 Belgian Grand Prix?,sports,2026-07-17 14:57:09+00:00,2
0x5ce0afc4cd31a56199a9451cf6ade6af815b7c72fcdacfff2137acb1d08040e6,Henan FC leading at halftime?,other,2026-07-17 15:40:48+00:00,18
0x0154c3431d3054b0a1fa308f10d8a655290f2fa44cb9b92760e037a06bbceefc,Exact Score: Yunnan Yukun FC 1 - 1 Shanghai Haigang FC?,other,2026-07-17 16:04:07+00:00,10
0x6ab2f54abe33d3a6c5763cf00bbf01541f99a98b8365e67ec2d59f8527d94d11,FC Voluntari vs. FC Botoşani: Both Teams to Score in Second Half,sports,2026-07-17 20:29:15+00:00,5
0xbad64de119fb26c06dca0c810269dedb6af22f93d5796c9f824bb3c22c306135,Exact Score: Chongqing Tonglianglong FC 3 - 3 Zhejiang Zhiye FC?,other,2026-07-18 14:59:03+00:00,0
0xb37f993ec3efd615d64377d32b1b71bb168da4775fa56a8c531877aacccf7b4e,Spread: ASC Oțelul Galați (-1.5),other,2026-07-18 20:12:18+00:00,26
0x3ed2500e166f6dc2c9aee63f374a7cd3b1ade5afdb9f207a995a6e9f5fce2b0c,Exact Score: ASC Oțelul Galați 2 - 1 FC CFR 1907 Cluj?,other,2026-07-18 20:15:42+00:00,5
0x10e1250e8d00200b931c6f6ff67f4044ffe545a5af0154f20399381454b0c37b,Bay FC vs. North Carolina Courage: Neither team to score first?,sports,2026-07-19 00:12:43+00:00,3
0x04198053f0f583eda9c9aec9c09eb04eb1bda4cd2515125b905c6a424deafc4e,Map 3 Total Rounds: Over/Under 19.5,other,2026-07-19 02:07:45+00:00,4
0x345d7609f53fee3da2aad7d7545bddc0eb60ee39bac73a151352fa7e3928a749,FC Anyang vs. Gwangju FC: O/U 1.5,sports,2026-07-19 14:36:07+00:00,340
0x68f7e5b96a613d78228d872caf5e0b84b786b41de227b7ccac415d0910e10555,Will Lamine Yamal score 4+ goals during the 2026 FIFA World Cup?,sports,2026-07-20 00:15:30+00:00,111
0x4d7c9af060f757509017e15e1ff0995048b5f0e734864111a42c873c2031777c,Will Kenan Yıldız win the Young Player Award at the 2026 FIFA World Cup?,sports,2026-07-20 00:34:31+00:00,84
0x8216a4ad37613d19bdf64ae86b0895eeb563eca36c85b40ea85a83ff01624b98,Set 1 Winner: Muller vs Navone,sports,2026-07-20 10:53:00+00:00,60
0xa8f982a2e144df74ba867893093dc3e6c405d7bcb6135d1be4d2e0f202b28449,FC Rapid 1923 vs. Sepsi OSK: FC Rapid 1923 2nd Half O/U 0.5,sports,2026-07-20 23:06:46+00:00,3
0xd7ca86a2ddafb605ff6eda2f5500b9efaab14c6e4cdc2e2ff8c933d3c4d38b48,Will Preston Lions FC win on 2026-07-21?,other,2026-07-21 13:43:42+00:00,118
0x7a7692405757f41ac8e30f4e48b552af036d95ef968fbc10876d493f550e9b0a,Sydney FC leading at halftime?,other,2026-07-21 14:33:43+00:00,2
0xb70bb5d8d0943dc90b04bb07c048b031c46f4aef203de0bb9b0a9ed5e54adbfa,Ulsan HD FC vs. Incheon United FC: Draw at halftime?,sports,2026-07-21 14:44:00+00:00,17
0xf1e9395b9704614869c193488848a491112ccf6e9880fbad161f10410f0a5bcc,Will Teresa Ruiz be the Arizona Superintendent of Public Instruction Democratic nominee?,politics,2026-07-22 05:54:10+00:00,148
0x4e520ecc1f84ac20cb3fdc13aec07a0d99a3f845b30a502d5fb41a65f6f77986,Detiuc/Khromacheva vs. Brooks/Haverlag: Set 2 Games O/U 8.5,sports,2026-07-22 12:51:37+00:00,0
0x5205d4e7fcf9c624d27fa0bdf5efe9cccd56df9c1ef38d628896f60bf90b9453,Gwangju FC vs. Gimcheon Sangmu FC: Gwangju FC O/U 0.5,sports,2026-07-22 14:31:49+00:00,17
0xbb4d46a720ae06112f522eba8a0938f7eb2cb42ae5adb1383e95c9e7fa8906a6,Pavlasek/Rikl vs. Miedler/Polmans: Set 2 Games O/U 8.5,sports,2026-07-22 17:48:16+00:00,0
0x157b23d593616443afe5717e6cb5d5a4464562346816dd29dfe9903308598ce1,PAOK WF vs. MA Hapoel Jerusalem: Both Teams to Score in First Half,sports,2026-07-22 19:46:55+00:00,1
0x1210ded3010091b2f9977ea724fe4657ef6cbc07232197dd821a177dcc738cee,Will International Business Machines (IBM) Q2 Software revenue be above $8.35B?,other,2026-07-22 22:15:43+00:00,23
0xbb58b9ede928127eed02d2aee3d493bee565565553c2c2124a37cb406e28551f,Will South Korea GDP growth in Q2 2026 be between 2.0% and 2.4%?,other,2026-07-23 01:05:13+00:00,157
0x9fc49783a5b4d026e953bf96b9fb363530b0d41ee729fe5b34d60dd65802d96d,Will Rick McCartney be the AZ-01 Democratic nominee?,politics,2026-07-23 04:11:12+00:00,20
0x2c1b9e2043507c200ac80fa149e8b37c7b73793a96bfff3d47d9811677fba131,Spread: Red Bull Bragantino (-1.5),other,2026-07-23 04:36:15+00:00,62
0x64ffb0b00f06691973062d6fcbbb7a51dd3b7f54f67eb2144973a2f67282fdc4,Exact Score: Portland Timbers 1 - 1 FC Dallas?,other,2026-07-23 04:57:43+00:00,14
0x62615cb7502ee1b95dadfc28aa00788a27f96679bddb8ede36af5a43b1948892,São Bernardo FC leading at halftime?,other,2026-07-24 03:00:00+00:00,1
0x8e30247d4e36753f6fb7fcf11e2923c1f6ff960c6866f29a6efa05fb4c02df9a,Athletic Club vs. São Bernardo FC: Draw at halftime?,sports,2026-07-24 03:02:42+00:00,7
0x1799ded280df477b4b981140280882260fb24489d16f3f27217e4e1b38f199bd,SC Wieselburg vs. WSG Tirol: Draw at halftime?,sports,2026-07-24 20:24:34+00:00,1
0x3a934615c82c74b420688623134290beaa4e8cc7fa017dfa24dbda581673cdd7,Exact Score: SV Tillmitsch 1 - 0 SKN St. Pölten?,other,2026-07-24 22:40:42+00:00,2
0x6882561a4f6cdb2e53c0c2348992551ed73eb8fe551ad77425aac2fdb2123208,SV Seekirchen vs. SK Puntigamer Sturm Graz: Draw at halftime?,sports,2026-07-24 22:58:43+00:00,6
0xaf7b609a5069c2c4703d860eb0057f77b8233610c4c11cfafd8099f727d62fc6,Exact Score: Any Other Score?,other,2026-07-25 04:38:46+00:00,4
0x3cc52635c03340e7184800fc5979eb5b236bd76c4623e40a8d4ce9a983498ceb,Exact Score: Any Other Score?,other,2026-07-25 06:35:43+00:00,5
0x1c65bcba4be895c58f3c990e2dee91c4310668daa42ac81b8f003cc66c6f0fbd,MLP Chicago: Brooklyn Pickleball Team vs Texas Ranchers,sports,2026-07-25 23:38:43+00:00,9
0xd52abf24e647303d5005a2c4a70658511aa4c98bf90cedd3b44db8c12c06d665,Exact Score: FK Orenburg 1 - 2 FK Rostov?,other,2026-07-26 22:11:43+00:00,4
0x23675a6c5bc2cc1886f3748224356135d30a8166de155b1aa02ec9088c954f62,Spread: FK Csíkszereda Miercurea Ciuc (-1.5),other,2026-07-26 23:15:58+00:00,7
0x24da2d855d7561b582fb430802eeeeead3de0bc0881b96d86dc1a9fbd9a68001,Will Graham Platner be the Maine Senate Democratic nominee on July 27?,politics,2026-07-28 06:10:42+00:00,456
0x7524ea2f35d6681d85ea25818b23dde43c973780229f1ecd135cf858d140e27c,Kuopion PS to score first vs. Sabah FK?,sports,2026-07-28 17:14:11+00:00,2
0xfa8196443b86f6c3f743913ed5973529036a9c45b1d2e4f0985ea5609b8f7ecd,Spread: GNK Dinamo Zagreb (-2.5),other,2026-07-28 22:10:01+00:00,52
0xb2e0f297a728eda0e6e4a6dfcb68e2fcd7197a430d1617ae6d17280ff407acff,San Marino (Doubles): Gille/Verbeek vs Loof/Uesugi,sports,2026-07-29 17:53:57+00:00,5
0x66d46551d488d422aa9e775f56020e7fcc957f910fe7285affbc51efa0c2b3c9,Qairat FK vs. AS Omónoia Leukosías: AS Omónoia Leukosías 2nd Half O/U 0.5,sports,2026-07-29 21:55:02+00:00,1
0x080785474b416dc1e3dcdee46c21be5403d027301cfd50224f5ca69b9b775d22,ŠK Slovan Bratislava vs. SK Iberia 1999: ŠK Slovan Bratislava O/U 0.5,sports,2026-07-29 22:09:15+00:00,7
0x01c95b4d0422d8f8f6e765eed9fcc1039b1c83c768a9f371d29fa404f1740dfa,Exact Score: Páfos FC 2 - 2 HNK Hajduk Split?,other,2026-07-30 21:37:44+00:00,2
0xeac43ebd8fe7d32753cd22e6ab15f7ec609524f8253403675d20b788cfa656da,Exact Score: CA Talleres 0 - 0 CA Vélez Sarsfield?,other,2026-07-31 00:14:00+00:00,3
0xdb7a4e517d3aacf7f81bf27d6785752ebea9fbe8ae4130dd40cf1210e7fd518c,SC Corinthians Paulista vs. CA Paranaense: Draw at halftime?,sports,2026-07-31 03:23:42+00:00,55
0xcfb473639b0923d3f69be6e21fecda7b75700a1bb9812b153c878cf052654e7d,Will S&P 500 (SPY) hit (LOW) $710 in July?,other,2026-07-31 20:20:12+00:00,305
0xf2f3fcf1df493b59bc62e643633290d45b3a1aded849c79140952401b78cff12,Exact Score: Dundee United FC 2 - 2 Rangers FC?,other,2026-07-31 22:56:14+00:00,3
0xc6789a2ac662dd271d11f0d4e65fb0f323b680619de5ffd57815342aa3a6cecf,"Will the United Kingdom send warships through the Strait of Hormuz by July 31, 2026?",other,2026-08-01 06:03:06+00:00,674
0x1e5b97ca3b3c0db335b5b6b5c3e446b1cd3d1a383814cf2c2857b55c52108417,Exact Score: FK Akron Tolyatti 3 - 2 FK Rubin Kazan?,other,2026-08-01 15:01:32+00:00,0
0xfa47dfa4b0e8506e6415026350e2dd925d9ded8f26c8e0eda0e0d2349ccf42ae,Will Glean's valuation hit (LOW) $6B by July 31?,other,2026-08-01 19:19:30+00:00,50
0x1dfc1b563e61b056edd24d111e790fd5edf43bc766af41cc44593561e874a76e,Exact Score: FC Baník Ostrava 2 - 3 SK Slavia Praha?,other,2026-08-01 19:21:17+00:00,2
0x42e6f1e9ca5fbd9675907899d3ad49c9365f0a31a859d4aa1f257bf079d82568,Exact Score: Any Other Score?,other,2026-08-01 21:04:42+00:00,2
0xde9349c9e343eb0e231207db9afeeedfe26c9edc00df66635cb2056c33d19175,Exact Score: Sporting Kansas City 1 - 2 Houston Dynamo?,other,2026-08-02 02:47:14+00:00,1
0xe4ecf87698c76bcf96c8940c189cb74dcb13899c4d8cfc6657814e25b5602ebb,Exact Score: CF Cruz Azul 3 - 1 Atlante FC?,other,2026-08-02 07:06:44+00:00,20
0xc82bf12e03ada3b1c76c74a447677fdd61230600d329fe407cba008abf745b3e,Exact Score: RFK Akhmat Groznyi 0 - 0 FK Spartak Moskva?,other,2026-08-02 21:42:45+00:00,0
0x1a45e4a97c0597a4207f0a94c33bbd7e5db86463fb5185589d29c36bf351198b,FC Corvinul 1921 Hunedoara vs. Sepsi OSK: Sepsi OSK 2nd Half O/U 1.5,sports,2026-08-03 03:45:03+00:00,1
0xbfdb5949e28aba1a077b1b5954a67513d3d8c7980985808ba96087868e31c6f6,Set 1 Winner: Berrettini vs Navone,sports,2026-08-03 20:53:48+00:00,44
0xb5e3e49426bb8c456d979d9cefcc74230ea938ffd5814d5d590b91e113c4f577,Celtic FC to score first vs. Dundee FC?,sports,2026-08-03 22:27:00+00:00,5
0x67341089dbe0b99f1078675b230a987cd9ca9f6f88dea5fed739cba63fad2cb3,ECS England: Comilla Warriors (ENG) vs Sharks Cricket Academy - Team Top Batter Comilla Warriors (ENG) Winner,other,2026-08-04 17:53:42+00:00,0
0x59c7e9c0327d5bf4339a40bb892a79450cd0a1c886418f6f2263fe0c6322c65b,Will there be a run scored in the first inning?: Minnesota Twins vs. Kansas City Royals,sports,2026-08-05 00:25:14+00:00,66
0x7433bb72a6d74580940f06cdbd81f74e5afb3020b37adba8565ca113cb5961b9,Exact Score: Charlotte FC 3 - 3 Pumas de la UNAM?,other,2026-08-05 05:16:47+00:00,6
0x5ee75aa0bbb2dbb444573f5b66cdb9ef03d11fe730fa9353a3ac2276c7c9b190,ZHFK Metalist 1925 Kharkiv vs. Fenerbahçe SK: Fenerbahçe SK 2nd Half O/U 0.5,sports,2026-08-05 14:52:00+00:00,0
0x2ea82fe0ed39910b929c47b72409099431597e0a9f86f5162c0eac0edbfe0409,Ho/Liutarevich vs. Hsu/Watanabe: Set 2 Games O/U 8.5,sports,2026-08-05 22:47:27+00:00,1
0x10a3732cba02a69e466314f3a114684571613c1b4f36c3f3b7e9681ef5e87196,Miami Marlins vs. Atlanta Braves,sports,2026-08-06 01:54:47+00:00,747
0xdb0e632eebcb157fff3e2d9ce03c69b2736222456306cb6b4175eb5685d3e7e9,Fortaleza EC vs. SE Palmeiras: Fortaleza EC 1st Half O/U 1.5,sports,2026-08-06 04:45:57+00:00,1
0x228fc6aadd70b32939191138594757044a1a7f7f8761e47f45a99d140c95d492,Fluminense FC vs. CR Vasco da Gama: O/U 3.5,sports,2026-08-06 05:18:18+00:00,599
0xfd7763d6bc5f1d5df66af5631b8a0291b15bbd37c8358fcbec51bac9629f953b,Game 1: Any Player Penta Kill?,other,2026-08-06 19:50:29+00:00,0
0x405616c9831b76d7c3aeb309dabc119644a6f968498a5891561d5d8aaa2a86a9,Cruzeiro EC vs. Associação Chapecoense de Futebol: Team to Take First Corner,sports,2026-08-07 07:00:55+00:00,0
0x2ee173d3a73a82d1ee0d44b878228369786d68a82b1f2f3293c5d58b92eff7f2,VfL Bochum vs. Hertha BSC: Hertha BSC O/U 2.5 Corners,sports,2026-08-07 22:27:45+00:00,0
0x1498daafe7dc25227a22150a9db89d91fc604224a073ed3ac22f54a3b18cdfea,Orlando Pride vs. Racing Louisville FC: O/U 5.5,sports,2026-08-08 03:12:13+00:00,3
0x6ef3530009d1e6e6ee2e807d0685bc971d4cddce4a9f34ba517438d82288b8b6,FC Cincinnati vs. Pumas de la UNAM: O/U 8.5 Total Corners,sports,2026-08-08 04:26:30+00:00,3
0xc5a45684bbfba1ccb37d053d73b3051dfb196efb203ac1aa64a2951912d48dee,FC Porto vs. FC Alverca: FC Alverca O/U 3.5 Corners,sports,2026-08-09 21:15:45+00:00,0
0x56af09686c0aff1fff4cedbced1f4e13dab3d2732f7cd5ad2613d6e74f037eb9,Seattle Reign FC vs. Angel City FC: Angel City FC 2nd Half O/U 1.5,sports,2026-08-10 05:05:30+00:00,0
0xe13727d791571f529bf46477412524cb6e87f44d6875d2f6967ed285b6e038e9,V-Varen Nagasaki vs. Kyōto Sanga FC: V-Varen Nagasaki O/U 5.5 Corners,sports,2026-08-10 07:42:55+00:00,1
0x532179b2be6468d81de25ee974309abb05e72a1938b8a7c81fec4d1789b2b7f8,Will WTI Crude Oil (WTI) hit (HIGH) $80 in August?,other,2026-08-10 15:42:27+00:00,950
0xcef459cf5e22bd8714f0aa2ea90dbd7e1fec44227fb26b509320373bf35f4106,Sagan Tosu vs. Ventforet Kōfu: 1st Half O/U 3.5 Total Corners,sports,2026-08-10 23:04:31+00:00,0
0x98ba10ca3213c03896691a7fa8c0f0d2a696891ec9e3477373e9234d2ac1e14e,Henan FC vs. Qingdao Xihaian FC: 2nd Half O/U 5.5 Total Corners,sports,2026-08-10 23:53:15+00:00,0
0xdb6dbdc4fad4c20498e49304853c1f69afea6c84655d8e209cc063451da204f8,FK Bodø/Glimt vs. RU Saint-Gilloise: 2nd Half O/U 3.5 Total Corners,sports,2026-08-11 18:57:00+00:00,1
0x1b30a8a1206c597c9c48bcb77812245de4811c60f68e2c62f5b47d566ced4f89,NK Celje vs. Ararat-Armenia FA: O/U 13.5 Total Corners,sports,2026-08-11 20:30:48+00:00,4
0x38e0c6d956f482de3c74dc235deaed58051020809d9a4ceb890ed0bd426653b9,Olympique Lyonnais vs. AC Sparta Praha: 1st Half O/U 1.5,sports,2026-08-11 21:07:03+00:00,99
0xce05ada72b287f4c0dc3641a7b1267b0f5d30e4b3fc317e7579c072f1c14aa32,FC København vs. Debreceni VSC: FC København 2nd Half O/U 1.5,sports,2026-08-12 19:52:15+00:00,1
0x63881e90a50a1f5b4048619837c302d5934750b9be48f9094aff23514d0039b9,FSV Frankfurt 1899 vs. Eintracht Frankfurt: 2nd Half O/U 1.5,sports,2026-08-12 20:22:16+00:00,1
0x6c67ba563bc3fd53b2f279203412dbeaac991c59aa7605194b79a0cf4fa356c8,Arsenal FC vs. Como 1907: O/U 0.5,sports,2026-08-12 22:21:00+00:00,55
0xa3240cd8c62a2f8fcb4434fbcb14ef09c4fe403100b01882473a9337c0adea6b,Exact Score: Ilves Tampere 3 - 3 HNK Rijeka?,other,2026-08-13 20:07:01+00:00,2
0x6742f72e1a69186c9a5a757c5a902f519da623f1edf43ab2b0acdb7587c2f130,Páfos FC vs. FC Red Bull Salzburg: Páfos FC O/U 0.5,sports,2026-08-13 20:53:37+00:00,10
0x5abf5c44e54431be0917c34532ae0a8736dec1e33308e61a4404f4808ceef4af,Exact Score: FC Sion 2 - 3 Noah FA?,other,2026-08-13 22:09:58+00:00,5
0x1df0a32fc65d93234f1f6f3cb91659377dc4aa0b50af14bb103f6988759d38bf,FK Orenburg vs. FK Lokomotiv Moskva: FK Orenburg 1st Half O/U 1.5,sports,2026-08-14 18:04:18+00:00,0
0xc7e3947bf01761fe75c2235ddd3bdab26a6982c0e0d5d3a11640e0274b27d548,NJ/NY Gotham FC to score first vs. Kansas City Current?,sports,2026-08-15 04:16:30+00:00,0
0x5bb6b494db236f4a23640cd21f3fb959983e2cafecbfeeb3d8bdd50f24fbf834,Exact Score: FK Pardubice 1 - 2 FK Mladá Boleslav?,other,2026-08-15 18:58:00+00:00,1
0x6ecbf53da85619984c98872d22f4eb8585315c0833731edb30d317d8c2b0cb8c,Sunderland AFC vs. Stade Rennais FC: Sunderland AFC O/U 1.5,sports,2026-08-15 19:59:01+00:00,1
0xc150006d90955cd8b2241154a0e1899fc0e66a0afdb24e934df4a4cc6eed60e5,Liverpool FC vs. Como 1907: Como 1907 O/U 4.5 Corners,sports,2026-08-17 06:47:10+00:00,0
0x2a845ab3df2c0e05191a20435d11e743bfea88df7e0190a83866d741e788cd63,Pisa SC vs. Empoli FC: O/U 0.5,sports,2026-08-17 20:09:43+00:00,109
0x12709dd693db4526d8c87d031692cf9724dabbfd2611df97f9882bcf9fbf517b,Spread: Al Zulfi Saudi Club (-2.5),other,2026-08-17 20:12:33+00:00,0
0x98c1a5acd4b47568d572826d488d8c23832fdb37b33dc598e9582ae9746b97c7,Real Sporting de Gijón vs. CE Sabadell FC: O/U 13.5 Total Corners,sports,2026-08-17 20:52:30+00:00,2
0xd2be2c93bc408913c4ab4c70f998b802ee1b54371538820d536bddf09e65ce87,US Cremonese vs. UC Sampdoria: 1st Half O/U 1.5,sports,2026-08-17 22:40:00+00:00,17
0xa34fd6838a48caab7ec0bdab8e1a92d29be15d27525749c5a2020d0b3014f5a8,CA Gimnasia y Esgrima de Mendoza vs. CA Talleres: CA Talleres 2nd Half O/U 0.5,sports,2026-08-18 02:43:33+00:00,1
0x86c9b129e351719cbd400ee4bc72f982482a8c23e092147f70886f5233043cb4,Exact Score: CD Palestino 3 - 3 CD Huachipato?,other,2026-08-18 04:31:31+00:00,2
0xb45bc54d5c5c1023bbbd9cfa1b8dd3fa1bc390e3000154315d3b44b37a1c604c,Al Jabalain Saudi Club vs. Al Ettifaq Saudi Club: 2nd Half O/U 5.5 Total Corners,sports,2026-08-18 22:41:03+00:00,0
0xe257be005512a2ab1924429aae67ff77e0026e577f16f726a5fad3eb3968848d,Al Najmah Saudi Club vs. Al Ittihad Saudi Club: O/U 13.5 Total Corners,sports,2026-08-18 22:42:18+00:00,0
0x98ec71f1b84d6d419766b72f4845d0fdfa80dc83559c1334a29ff391630b851d,Exact Score: CA Mineiro 2 - 1 Red Bull Bragantino?,other,2026-08-20 02:04:01+00:00,3
0xaee9f031fdd6a61e07f25fd035d1444ff9ce58498bc01b9b633678c1514b9ba0,Sporting Kansas City vs. St. Louis City SC: Sporting Kansas City O/U 2.5,sports,2026-08-20 02:36:31+00:00,12
0x0867c00d99cdf2c5684397fe38ad8842536666867460c99b9d46937f1f09e11c,Montevideo City Torque vs. CA Tigre: CA Tigre O/U 0.5,sports,2026-08-20 04:30:48+00:00,11
0xa5ae909036818b9b952d3f4c5076d74cc0c3a3b9738044de8ddfc8fabe24b25d,Exact Score: Los Angeles Galaxy 0 - 0 San Jose Earthquakes?,other,2026-08-20 04:50:42+00:00,36
0x752ed1a6fc9e0c4c853471c7d6a30018d2f87a22735509af098a301cd1b43d08,FC Tōkyō vs. JEF United Ichihara Chiba: JEF United Ichihara Chiba O/U 3.5 Corners,sports,2026-08-21 12:51:18+00:00,0
0x65f15be9280df0a08c53e5404e8175a3c35d33cbfe06289cef27fbf32e1a4385,Exact Score: SC St. Tönis 11/20 3 - 0 Eintracht Frankfurt?,other,2026-08-21 20:05:43+00:00,8
0xd59303386d8a284ffea196c272f3df0edcebba7935e85ee052f4de46060af28a,Al Qadisiyah Saudi Club vs. Al Ittihad Saudi Club: Al Ittihad Saudi Club O/U 1.5,sports,2026-08-21 22:03:03+00:00,16
0x4263fce034fbaebae6343043d03135c6eb1684190ede13d0664f8ab5407103d6,US Boulogne Côte d'Opale vs. Red Star FC: Total Corners Odd or Even?,sports,2026-08-21 22:21:33+00:00,0
0xefc9c157c81d44401d754b7b9e853232b25d192dc733bb4f16719260ee4eb01e,San Diego Wave FC vs. Utah Royals FC: Utah Royals FC 1st Half O/U 1.5,sports,2026-08-22 06:07:45+00:00,1
0x8a1c600a414171489d4eecc143719e1a9919b0d7376a4f3d63ab57e2651b533e,SV Wehen Wiesbaden vs. Bayer 04 Leverkusen: Bayer 04 Leverkusen 2nd Half O/U 0.5,sports,2026-08-22 15:06:48+00:00,1
0xc8096e7c2fdedf105474dc7acb388866d095fd16326fb6d82888035f36131f31,Exact Score: FK Fakel Voronezh 3 - 0 FK Orenburg?,other,2026-08-22 16:34:01+00:00,0
0x9c949eefb6b62ea2ab8da466a9345e407aa70d9af30798629f5ad24497c13897,Exact Score: Hungerford Town FC 1 - 0 Wokingham Town FC?,other,2026-08-22 17:25:42+00:00,0
0x7acb695bd3386e55814317cbb41bfca8d72995bc4bdb867c7d3f04e840aec14a,Lüneburger SK Hansa vs. SV Werder Bremen: Both Teams to Score in First Half,sports,2026-08-22 19:22:15+00:00,1
0x56681d1ee1762e30401727ae01d45e667aa3824b7b02195974d2393538a16d80,Samsunspor leading at halftime?,other,2026-08-22 19:57:33+00:00,5
0x6daee7402bd6cbb3531e4399731702f9b206a082d70a7bb6fb584f1c6138ad03,Nottingham Forest vs. Stade Brest 29: O/U 9.5 Total Corners,sports,2026-08-22 22:16:42+00:00,0
0xd22a859c45e1a1025f4df64b2ef92bbc6b5a40aa3b33f1cbf7a0e199a01f38cc,Vancouver Whitecaps FC vs. FC Dallas: Vancouver Whitecaps FC O/U 1.5,sports,2026-08-23 03:57:03+00:00,19
0x16d5358407a92d68dc9f56774e828c58eb17cbc45f8bad84089b079871a6bab3,Exact Score: Vancouver Whitecaps FC 3 - 2 FC Dallas?,other,2026-08-23 03:57:46+00:00,12
0x85e0b3fd71c0c7c2a7197d91ca5fa76054c2a8d7656c1a99002ee50f57e458ce,FC Dallas leading at halftime?,other,2026-08-23 03:57:46+00:00,3
0x394cd29f6806545d92e1a0e82ab645ded54661b91dfacf0fcd893efa9339ebcc,Portland Thorns FC vs. Denver Summit FC: O/U 4.5,sports,2026-08-23 04:39:46+00:00,1
0x137afa43b32cef2e5a3c8503aef5028b03f88f0c85a34ae3d99aa0317c28fa53,Will Club Santos Laguna win on 2026-08-22?,other,2026-08-23 05:00:00+00:00,477
0x407034454abe297f43659ca5073b2f95dc669312ab2bbaf086b6a2df1c104b8d,CS Herediano vs. Sporting FC: CS Herediano O/U 4.5 Corners,sports,2026-08-23 06:16:30+00:00,0
0x0b781f74c2d4f4a35980774113912d86de4efd847b5ed9a2a4fc8ff9b0a57fb1,Exact Score: Pontefract Collieries FC 2 - 3 Parkgate FC?,other,2026-08-23 07:13:15+00:00,0
0x566fb62467aec80487c43d121065e8bbab664a88b4fca8a14e4a2c0a5834ce7d,Exact Score: Dorchester Town FC 0 - 3 Winchester City FC?,other,2026-08-23 08:03:43+00:00,0
0x4c849d80161805537066f269be7fb94c97f04b7d75ad4064a0f792970efcb4bf,PFK CSKA Moskva vs. FK Lokomotiv Moskva: PFK CSKA Moskva O/U 3.5 Corners,sports,2026-08-23 11:12:33+00:00,0
0xbe3e0e9ddca53239e191077b076c7388b5255c73ca44398f0fe5b8b45b9ed0ee,Will Alianza FC win on 2026-08-24?,other,2026-08-23 13:27:10+00:00,42
0xcfe93b6885c1137ba408e487ae8f73bd36177d8e4d346088df9a475f735b7884,Exact Score: PSV 0 - 2 FC Groningen?,other,2026-08-23 16:29:13+00:00,0
0xfecbc32fe816254f7b256503f25f8b0170dec3f2466908a68a17518543165b87,Eintracht Braunschweig vs. 1. FC Union Berlin: Neither team to score first?,sports,2026-08-23 18:08:43+00:00,29
0x8c090c1927b1c2a3567d7f75454a99a37486d79a07c4fc310be8ba41d1665a55,Aarhus GF vs. Odense BK: Odense BK O/U 4.5 Corners,sports,2026-08-23 18:12:00+00:00,0
0x9637875fe0868d36ddcf07e8e96a4d29ae05fb6f6c56f150dd0d410531f3b410,Exact Score: NEOM SC 1 - 3 Al Qadisiyah Saudi Club?,other,2026-08-24 20:38:01+00:00,7
0xee0d9650e38d63da160f94bc5aea2323ea733bae37b52c81454a80e65bc79a6c,AS Roma vs. ACF Fiorentina: O/U 4.5,sports,2026-08-24 20:54:12+00:00,167
0x9e21f82ba20bc9f86358c3dc3aed80deddedf3904f26008b2dfb504bdbac78ed,Granada CF vs. RCD Mallorca: RCD Mallorca O/U 4.5 Corners,sports,2026-08-24 23:38:15+00:00,0
0xf78c7b778ecfa61d704ad6de5bb850b479c711c0be0aa4aee3d5c08dfed98a31,Spread: Gimcheon Sangmu FC (-2.5),other,2026-08-25 14:31:30+00:00,5
0xf6bcdb6a9a200d71b566f4b03e493e762b63691c4043d5efbc78f450d28742d4,Exact Score: Sabah FK 0 - 1 MH Hapoel Be'er Sheva?,other,2026-08-25 19:39:43+00:00,9
0x08b7ea2a01290d1a981a17f67638f12420fe06392156ca065d9f0a4ae1264190,Al Taawoun Saudi Club leading at halftime?,other,2026-08-25 20:07:31+00:00,9
0x3e7b9aff81e624e4f9ef7677696f2d4fae5837bdf83bd9ed2d62ec7a87aaf7a6,Will Elliot Anderson be named to the 2026 PFA Premier League Team of the Year?,sports,2026-08-25 21:29:12+00:00,2
0xb2a86fd6136c4694d61e64d9238b5ee2ce628fadda835ffdcc5bcc243e024887,Exact Score: Blackburn Rovers FC 2 - 0 Sheffield United FC?,other,2026-08-25 22:49:31+00:00,1
0xf2171d86edc9470fa6306c2db92838e7cd4436ee24a198bd605e9441a5278d46,Watford FC vs. Peterborough United FC: 2nd Half O/U 3.5 Total Corners,sports,2026-08-25 23:23:33+00:00,0
0x366291aadf0e2dcf1f9609b2692a8e6e46aa435217d9be44bd3e0c947ae6c4b6,FC Anyang vs. Incheon United FC: FC Anyang O/U 2.5,sports,2026-08-26 14:34:00+00:00,1
0xd86a6b74be7905394f59b8dbe56a6ace63e6d99919252b7cde98164b9851ff76,Exact Score: AEK 2 - 2 PFK Levski Sofia?,other,2026-08-26 21:11:31+00:00,9
0x51136ccff310ba3b7d4033d770aa5f492e87d2b2aa8afba755721a773ae0dc50,Al Diraiyah Saudi Club vs. Al Kholood Saudi Club: Al Kholood Saudi Club O/U 5.5 Corners,sports,2026-08-26 21:58:00+00:00,0
0x6613cce2117a4221ea4ad1b6e21683c434052b881ef9877b1c210909a204081a,Exact Score: Tottenham Hotspur FC 2 - 2 Charlton Athletic FC?,other,2026-08-26 22:43:01+00:00,10
0x2cb8b5601f1c9c0a5c424bd7463a88893b45b2bf929da7d6e9da98e4d1d02fa1,CR Vasco da Gama to win the second half?,other,2026-08-27 05:06:43+00:00,4
0xa36ae530a870b6c2cda2a2438c293a1ce5ae991a45dd8581bad48880e25f0e9f,Exact Score: Atlético Nacional 0 - 2 AD Cali?,other,2026-08-27 05:27:43+00:00,0
0xf7ba3cf0bec027c579cab400cf173aa0c4e13909fa42fe2974edc470846fcb05,Exact Score: Club Blooming 3 - 3 CDT RealOruro?,other,2026-08-27 06:24:13+00:00,0
0x5a58f7706e7bea1f10ec5e5f7f2629b32c3a20f649cd3f1af219a3ad2a07721c,RC Celta de Vigo vs. CA Osasuna: 2nd Half O/U 4.5 Total Corners,sports,2026-08-27 20:58:40+00:00,0
0x179f41584eb962cc977ace3c1d6d44ec63b793e6dd5978dbadce825a8f5ef78f,FK Partizan Beograd vs. Getafe CF: Getafe CF 1st Half O/U 0.5,sports,2026-08-27 23:03:00+00:00,0
0xc507fce3c50b8948854d9898317ddfe01cc37e6b5c0629349dad891de0e36763,Exact Score: Sharkia ENPPI 1 - 0 Wadi Degla SC?,other,2026-08-28 18:05:03+00:00,1
0x9338eb398d229556c5704241e7ffe6a626580af85a61527437504a24a9656626,Al Fayha Saudi Club vs. Abha Saudi Club: O/U 2.5,sports,2026-08-28 20:02:48+00:00,217
0x4f1033ee6d94ce7e4d55734b8ff8b9554bed2da8d520e8108b22b1d15030061b,AC Milan vs. Venezia FC: O/U 13.5 Total Corners,sports,2026-08-28 21:22:18+00:00,1
0xf6a86673ac1f1304c7b73394c06a00a9e2bfa94da5b5b5c4408d5ded97c6690f,Rodez Aveyron Football to win the second half?,sports,2026-08-28 22:01:49+00:00,0
0x218bb22f984247e317a53024e48031fb8b8be88b02b0bc3ca2723eada3694f55,Wealdstone FC leading at halftime?,other,2026-08-28 22:44:51+00:00,2
0xb6dad5e00b1ad83a9772be13110ecc5be569f6057eece253f729bac3dbd250c0,Exact Score: Any Other Score?,other,2026-08-29 00:12:18+00:00,25
0xfed123340560d42cb726928985eb35339530b2aa14361bdccbc61f278f30e4ae,San Diego FC to win the second half?,other,2026-08-30 05:03:30+00:00,2
0x0a001a00a81ce93600329a1cddc50dc285ff4da170d4c3bc1886570f837a9507,FC Utrecht vs. PSV: Draw at halftime?,sports,2026-08-30 14:12:51+00:00,9
0x44de1c7b404d3e8f07d6af267ef8e290bf7fbac8252c3a17d29256fc23b143e9,"Will Leavitt say ""Red"" during the next White House Press Briefing?",other,2026-09-01 06:02:18+00:00,29
0xfa52f5817ea613138cbd376abf4adf5d128dcee82c7b04751409577b70cb15bc,Will the total domestic gross for Spider-Man: Brand New Day be at least 900m by August 31?,other,2026-09-01 23:07:31+00:00,5534
0xa4b7f621c6669a3ba52bf33b58f145bb7d23f17b3f3cdf4f7665490fe2f6c6cd,"Will ""Talk To You - ANOTR & 54 Ultra"" be the song of the summer?",other,2026-09-02 05:37:01+00:00,14
