window_end,p_btc_up,p_eth_up,btc_up_resolved,eth_up_resolved,spread,spread_bucket
1788548700,0.965,0.965,True,True,0.0,0.0
1788548100,0.495,0.285,True,True,0.21000000000000002,0.2
1788551400,0.785,0.595,True,True,0.19000000000000006,0.2
1788550200,0.635,0.785,True,True,-0.15000000000000002,-0.15000000000000002
1788549300,0.065,0.065,False,True,0.0,0.0
1788556200,0.565,0.605,True,True,-0.040000000000000036,-0.05
1788546600,0.235,0.315,False,False,-0.08000000000000002,-0.1
1788555300,0.085,0.025,False,False,0.060000000000000005,0.05
1788547200,0.055,0.205,False,True,-0.15,-0.15000000000000002
1788557100,0.565,0.7,False,False,-0.135,-0.15000000000000002
1788550800,0.165,0.175,False,False,-0.009999999999999981,-0.0
1788556500,0.835,0.725,True,True,0.10999999999999999,0.1
1788551100,0.715,0.825,True,True,-0.10999999999999999,-0.1
1788548400,0.235,0.305,True,True,-0.07,-0.05
1788553200,0.755,0.785,True,True,-0.030000000000000027,-0.05
1788549000,0.725,0.735,True,False,-0.010000000000000009,-0.0
1788550500,0.025,0.055,False,False,-0.03,-0.05
1788554100,0.265,0.445,False,False,-0.18,-0.2
1788553800,0.115,0.385,False,False,-0.27,-0.25
1788552900,0.665,0.605,True,False,0.06000000000000005,0.05
1788549900,0.615,0.545,True,True,0.06999999999999995,0.05
1788552600,0.175,0.105,False,False,0.06999999999999999,0.05
1788555000,0.645,0.755,True,True,-0.10999999999999999,-0.1
1788551700,0.295,0.575,False,False,-0.27999999999999997,-0.30000000000000004
1788547500,0.915,0.575,True,True,0.3400000000000001,0.35000000000000003
1788554400,0.865,0.945,False,True,-0.07999999999999996,-0.1
1788555900,0.745,0.805,True,True,-0.06000000000000005,-0.05
1788552300,0.905,0.885,True,True,0.020000000000000018,0.0
1788552000,0.985,0.895,True,True,0.08999999999999997,0.1
1788546900,0.865,0.925,True,True,-0.06000000000000005,-0.05
1788549600,0.845,0.815,True,True,0.030000000000000027,0.05
1788553500,0.235,0.655,False,False,-0.42000000000000004,-0.4
1788547800,0.165,0.315,False,False,-0.15,-0.15000000000000002
1788556800,0.825,0.715,True,True,0.10999999999999999,0.1
1788546300,0.865,0.79,True,True,0.07499999999999996,0.05
1788557400,0.295,0.265,False,False,0.02999999999999997,0.05
1788554700,0.145,0.395,False,False,-0.25,-0.25
1788558000,0.425,0.625,True,False,-0.2,-0.2
1788555600,0.265,0.255,False,False,0.010000000000000009,0.0
1788557700,0.825,0.865,True,True,-0.040000000000000036,-0.05
1788559500,0.705,0.825,True,True,-0.12,-0.1
1788559200,0.785,0.715,True,True,0.07000000000000006,0.05
1788561000,0.205,0.175,False,False,0.03,0.05
1788561300,0.665,0.645,False,True,0.020000000000000018,0.0
1788560700,0.355,0.455,False,True,-0.10000000000000003,-0.1
1788558600,0.655,0.565,False,False,0.09000000000000008,0.1
1788558300,0.425,0.935,False,True,-0.51,-0.5
1788561600,0.725,0.935,True,True,-0.21000000000000008,-0.2
1788563100,0.235,0.135,True,False,0.09999999999999998,0.1
1788558900,0.725,0.445,False,False,0.27999999999999997,0.30000000000000004
1788562500,0.685,0.815,True,True,-0.1299999999999999,-0.15000000000000002
1788559800,0.295,0.24,False,False,0.05499999999999999,0.05
1788561900,0.385,0.285,False,False,0.10000000000000003,0.1
1788560100,0.515,0.255,True,False,0.26,0.25
1788565200,0.505,0.915,False,True,-0.41000000000000003,-0.4
1788562800,0.555,0.375,False,False,0.18000000000000005,0.2
1788562200,0.385,0.115,False,False,0.27,0.25
1788564600,0.875,0.635,True,True,0.24,0.25
1788564300,0.965,0.995,True,True,-0.030000000000000027,-0.05
1788563400,0.615,0.315,True,False,0.3,0.30000000000000004
1788567900,0.695,0.485,True,False,0.20999999999999996,0.2
1788560400,0.575,0.325,True,False,0.24999999999999994,0.25
1788566100,0.365,0.305,False,True,0.06,0.05
1788568200,0.835,0.655,True,False,0.17999999999999994,0.2
1788563700,0.575,0.605,False,False,-0.030000000000000027,-0.05
1788566400,0.965,0.925,True,True,0.039999999999999925,0.05
1788564000,0.535,0.775,True,True,-0.24,-0.25
1788566700,0.195,0.155,False,False,0.04000000000000001,0.05
1788565800,0.245,0.835,False,True,-0.59,-0.6000000000000001
1788567300,0.975,0.975,True,True,0.0,0.0
1788569400,0.035,0.025,False,False,0.010000000000000002,0.0
1788569100,0.805,0.785,True,True,0.020000000000000018,0.0
1788568500,0.945,0.855,True,False,0.08999999999999997,0.1
1788568800,0.625,0.895,False,True,-0.27,-0.25
1788567000,0.095,0.065,False,False,0.03,0.05
1788570900,0.615,0.635,True,False,-0.020000000000000018,-0.0
1788567600,0.025,0.125,False,False,-0.1,-0.1
1788571500,0.405,0.265,False,False,0.14,0.15000000000000002
1788564900,0.075,0.055,False,False,0.019999999999999997,0.0
1788573900,0.125,0.135,False,False,-0.010000000000000009,-0.0
1788570600,0.405,0.565,True,True,-0.15999999999999992,-0.15000000000000002
1788574200,0.835,0.795,True,True,0.039999999999999925,0.05
1788574800,0.565,0.565,True,True,0.0,0.0
1788573000,0.855,0.805,False,False,0.04999999999999993,0.05
1788573300,0.355,0.665,False,True,-0.31000000000000005,-0.30000000000000004
1788571800,0.115,0.185,False,True,-0.06999999999999999,-0.05
1788570300,0.725,0.815,True,True,-0.08999999999999997,-0.1
1788574500,0.805,0.715,True,True,0.09000000000000008,0.1
1788570000,0.155,0.175,False,False,-0.01999999999999999,-0.0
1788572100,0.905,0.695,True,True,0.21000000000000008,0.2
1788576600,0.045,0.065,False,False,-0.020000000000000004,-0.0
1788576300,0.915,0.805,True,True,0.10999999999999999,0.1
1788565500,0.485,0.525,False,False,-0.040000000000000036,-0.05
1788575100,0.515,0.695,True,True,-0.17999999999999994,-0.2
1788569700,0.905,0.915,True,True,-0.010000000000000009,-0.0
1788577500,0.605,0.385,False,False,0.21999999999999997,0.2
1788577200,0.705,0.755,True,True,-0.050000000000000044,-0.05
1788571200,0.675,0.495,True,False,0.18000000000000005,0.2
1788575700,0.875,0.875,True,True,0.0,0.0
1788572400,0.065,0.265,False,False,-0.2,-0.2
1788575400,0.685,0.575,False,False,0.1100000000000001,0.1
1788578100,0.665,0.785,True,True,-0.12,-0.1
1788578400,0.905,0.655,True,True,0.25,0.25
1788579000,0.275,0.245,False,False,0.030000000000000027,0.05
1788580500,0.155,0.155,False,False,0.0,0.0
1788579900,0.525,0.085,True,False,0.44,0.45
1788579600,0.725,0.745,True,True,-0.020000000000000018,-0.0
1788576000,0.885,0.755,True,True,0.13,0.15000000000000002
1788573600,0.155,0.185,False,False,-0.03,-0.05
1788584400,0.255,0.395,False,False,-0.14,-0.15000000000000002
1788583200,0.165,0.115,False,False,0.05,0.05
1788578700,0.225,0.235,True,True,-0.009999999999999981,-0.0
1788577800,0.475,0.555,False,False,-0.08000000000000007,-0.1
1788572700,0.945,0.645,True,False,0.29999999999999993,0.30000000000000004
1788576900,0.315,0.275,False,True,0.03999999999999998,0.05
1788584100,0.145,0.305,False,True,-0.16,-0.15000000000000002
1788581100,0.065,0.265,False,False,-0.2,-0.2
1788579300,0.775,0.875,True,True,-0.09999999999999998,-0.1
1788583500,0.365,0.585,True,True,-0.21999999999999997,-0.2
1788582900,0.165,0.255,False,False,-0.09,-0.1
1788580800,0.115,0.055,False,False,0.060000000000000005,0.05
1788581700,0.035,0.065,False,False,-0.03,-0.05
1788582000,0.895,0.855,True,True,0.040000000000000036,0.05
1788582300,0.515,0.385,True,False,0.13,0.15000000000000002
1788581400,0.935,0.865,True,True,0.07000000000000006,0.05
1788586500,0.835,0.685,True,False,0.1499999999999999,0.15000000000000002
1788586800,0.115,0.27,False,False,-0.15500000000000003,-0.15000000000000002
1788580200,0.725,0.795,True,True,-0.07000000000000006,-0.05
1788588900,0.915,0.845,True,True,0.07000000000000006,0.05
1788588600,0.435,0.505,False,False,-0.07,-0.05
1788582600,0.455,0.26,False,True,0.195,0.2
1788585300,0.965,0.955,True,True,0.010000000000000009,0.0
1788585900,0.475,0.545,False,False,-0.07000000000000006,-0.05
1788588300,0.755,0.795,True,True,-0.040000000000000036,-0.05
1788589200,0.395,0.385,False,False,0.010000000000000009,0.0
1788589500,0.605,0.735,True,True,-0.13,-0.15000000000000002
1788585000,0.555,0.575,True,True,-0.019999999999999907,-0.0
1788584700,0.325,0.215,False,False,0.11000000000000001,0.1
1788587700,0.825,0.935,True,True,-0.1100000000000001,-0.1
1788587100,0.435,0.965,False,True,-0.53,-0.55
1788590400,0.495,0.565,True,True,-0.06999999999999995,-0.05
1788590100,0.445,0.685,False,True,-0.24000000000000005,-0.25
1788591300,0.595,0.785,False,True,-0.19000000000000006,-0.2
1788593400,0.735,0.855,True,True,-0.12,-0.1
1788590700,0.495,0.095,False,False,0.4,0.4
1788586200,0.735,0.595,True,True,0.14,0.15000000000000002
1788583800,0.585,0.105,True,False,0.48,0.5
1788591000,0.435,0.495,False,False,-0.06,-0.05
1788588000,0.775,0.775,True,False,0.0,0.0
1788589800,0.345,0.085,True,False,0.25999999999999995,0.25
1788593100,0.665,0.805,True,True,-0.14,-0.15000000000000002
1788592500,0.685,0.255,True,True,0.43000000000000005,0.45
1788596400,0.795,0.905,True,True,-0.10999999999999999,-0.1
1788595500,0.105,0.14,False,False,-0.03500000000000002,-0.05
1788591600,0.45,0.895,False,True,-0.445,-0.45
1788587400,0.255,0.125,False,False,0.13,0.15000000000000002
1788593700,0.115,0.205,True,True,-0.08999999999999998,-0.1
1788591900,0.925,0.735,True,True,0.19000000000000006,0.2
1788596100,0.915,0.895,True,False,0.020000000000000018,0.0
1788595200,0.315,0.79,False,True,-0.47500000000000003,-0.5
1788592800,0.375,0.525,False,False,-0.15000000000000002,-0.15000000000000002
1788592200,0.785,0.885,True,True,-0.09999999999999998,-0.1
1788585600,0.775,0.755,False,False,0.020000000000000018,0.0
1788594000,0.625,0.885,True,True,-0.26,-0.25
1788595800,0.235,0.215,False,False,0.01999999999999999,0.0
1788594300,0.195,0.225,False,False,-0.03,-0.05
1788594600,0.955,0.475,True,False,0.48,0.5
1788594900,0.645,0.245,False,False,0.4,0.4
1788597600,0.785,0.835,True,True,-0.04999999999999993,-0.05
1788597000,0.075,0.215,False,True,-0.14,-0.15000000000000002
1788601500,0.115,0.47,False,True,-0.355,-0.35000000000000003
1788602700,0.705,0.485,True,False,0.21999999999999997,0.2
1788599400,0.5,0.485,False,False,0.015000000000000013,0.0
1788596700,0.085,0.105,False,False,-0.01999999999999999,-0.0
1788597900,0.245,0.545,False,True,-0.30000000000000004,-0.30000000000000004
1788603000,0.225,0.155,False,False,0.07,0.05
1788598500,0.735,0.435,True,True,0.3,0.30000000000000004
1788601800,0.145,0.54,False,False,-0.395,-0.4
1788600300,0.765,0.695,False,False,0.07000000000000006,0.05
1788600900,0.435,0.22,True,True,0.215,0.2
1788598200,0.455,0.595,False,False,-0.13999999999999996,-0.15000000000000002
1788602100,0.675,0.725,True,False,-0.04999999999999993,-0.05
1788599100,0.945,0.935,True,True,0.009999999999999898,0.0
1788598800,0.445,0.66,True,True,-0.21500000000000002,-0.2
1788600600,0.485,0.545,True,True,-0.06000000000000005,-0.05
1788601200,0.285,0.505,False,True,-0.22000000000000003,-0.2
1788602400,0.085,0.205,False,False,-0.11999999999999998,-0.1
1788604200,0.865,0.465,False,False,0.39999999999999997,0.4
1788597300,0.185,0.31,False,False,-0.125,-0.1
1788605100,0.855,0.825,False,True,0.030000000000000027,0.05
1788603600,0.705,0.735,True,False,-0.030000000000000027,-0.05
1788606900,0.755,0.775,False,False,-0.020000000000000018,-0.0
1788607200,0.305,0.265,False,False,0.03999999999999998,0.05
1788600000,0.065,0.115,False,False,-0.05,-0.05
1788603300,0.345,0.385,False,False,-0.040000000000000036,-0.05
1788609900,0.965,0.965,True,True,0.0,0.0
1788603900,0.225,0.025,True,False,0.2,0.2
1788608100,0.865,0.625,True,True,0.24,0.25
1788599700,0.795,0.785,True,True,0.010000000000000009,0.0
1788604800,0.115,0.035,False,False,0.08,0.1
1788605700,0.865,0.705,True,True,0.16000000000000003,0.15000000000000002
1788606600,0.935,0.745,True,True,0.19000000000000006,0.2
1788606300,0.265,0.265,False,False,0.0,0.0
1788606000,0.905,0.685,True,False,0.21999999999999997,0.2
1788608700,0.245,0.265,False,False,-0.020000000000000018,-0.0
1788605400,0.405,0.505,False,False,-0.09999999999999998,-0.1
1788607500,0.565,0.485,True,False,0.07999999999999996,0.1
1788609600,0.095,0.105,False,False,-0.009999999999999995,-0.0
1788610200,0.685,0.545,True,True,0.14,0.15000000000000002
1788612000,0.335,0.885,True,True,-0.55,-0.55
1788611100,0.405,0.355,True,True,0.050000000000000044,0.05
1788604500,0.885,0.725,True,True,0.16000000000000003,0.15000000000000002
1788608400,0.495,0.385,False,True,0.10999999999999999,0.1
1788607800,0.455,0.775,False,True,-0.32,-0.30000000000000004
1788613200,0.865,0.795,False,False,0.06999999999999995,0.05
1788611700,0.205,0.235,True,True,-0.03,-0.05
1788609000,0.295,0.275,True,True,0.019999999999999962,0.0
1788615300,0.265,0.635,False,False,-0.37,-0.35000000000000003
1788610800,0.465,0.525,False,False,-0.06,-0.05
1788615000,0.315,0.105,False,False,0.21000000000000002,0.2
1788614100,0.255,0.275,True,True,-0.020000000000000018,-0.0
1788614700,0.915,0.925,True,True,-0.010000000000000009,-0.0
1788610500,0.135,0.105,False,False,0.030000000000000013,0.05
1788612300,0.965,0.94,True,True,0.025000000000000022,0.05
1788613500,0.445,0.445,False,True,0.0,0.0
1788612900,0.315,0.395,True,True,-0.08000000000000002,-0.1
1788611400,0.165,0.255,False,False,-0.09,-0.1
1788612600,0.855,0.965,False,False,-0.10999999999999999,-0.1
1788613800,0.435,0.48,False,False,-0.044999999999999984,-0.05
1788617700,0.205,0.255,False,False,-0.05000000000000002,-0.05
1788616500,0.055,0.015,False,False,0.04,0.05
1788619200,0.115,0.245,False,True,-0.13,-0.15000000000000002
1788618600,0.965,0.945,True,True,0.020000000000000018,0.0
1788616200,0.915,0.755,True,True,0.16000000000000003,0.15000000000000002
1788609300,0.955,0.915,True,True,0.039999999999999925,0.05
1788616800,0.245,0.455,True,True,-0.21000000000000002,-0.2
1788614400,0.455,0.225,False,False,0.23,0.25
1788618900,0.515,0.665,True,True,-0.15000000000000002,-0.15000000000000002
1788619800,0.845,0.275,True,False,0.57,0.55
1788617400,0.745,0.735,True,True,0.010000000000000009,0.0
1788618000,0.645,0.555,True,False,0.08999999999999997,0.1
1788621900,0.955,0.965,True,True,-0.010000000000000009,-0.0
1788619500,0.515,0.535,False,False,-0.020000000000000018,-0.0
1788622200,0.705,0.775,False,False,-0.07000000000000006,-0.05
1788622500,0.745,0.745,True,True,0.0,0.0
1788620100,0.585,0.625,True,True,-0.040000000000000036,-0.05
1788617100,0.935,0.875,True,True,0.06000000000000005,0.05
1788620400,0.575,0.495,True,True,0.07999999999999996,0.1
1788615900,0.735,0.875,False,False,-0.14,-0.15000000000000002
1788620700,0.335,0.235,False,False,0.10000000000000003,0.1
1788621600,0.085,0.065,False,False,0.020000000000000004,0.0
1788622800,0.275,0.575,True,True,-0.29999999999999993,-0.30000000000000004
1788623400,0.555,0.515,False,False,0.040000000000000036,0.05
1788624000,0.895,0.605,True,True,0.29000000000000004,0.30000000000000004
1788621300,0.185,0.555,False,True,-0.37000000000000005,-0.35000000000000003
1788615600,0.105,0.225,False,False,-0.12000000000000001,-0.1
1788623100,0.555,0.795,True,True,-0.24,-0.25
1788625500,0.965,0.945,True,True,0.020000000000000018,0.0
1788623700,0.185,0.435,True,True,-0.25,-0.25
1788624300,0.725,0.415,True,True,0.31,0.30000000000000004
1788618300,0.415,0.225,False,True,0.18999999999999997,0.2
1788626100,0.965,0.985,True,True,-0.020000000000000018,-0.0
1788627000,0.675,0.775,True,True,-0.09999999999999998,-0.1
1788624600,0.025,0.155,False,False,-0.13,-0.15000000000000002
1788627300,0.255,0.305,True,True,-0.04999999999999999,-0.05
1788628500,0.385,0.425,False,False,-0.03999999999999998,-0.05
1788625800,0.925,0.955,True,True,-0.029999999999999916,-0.05
1788624900,0.865,0.775,False,False,0.08999999999999997,0.1
1788621000,0.785,0.725,False,True,0.06000000000000005,0.05
1788625200,0.945,0.835,True,True,0.10999999999999999,0.1
1788627600,0.905,0.315,True,False,0.5900000000000001,0.6000000000000001
1788626400,0.375,0.185,False,False,0.19,0.2
1788629400,0.235,0.345,False,False,-0.10999999999999999,-0.1
1788630000,0.32,0.145,False,False,0.17500000000000002,0.2
1788630300,0.505,0.575,True,True,-0.06999999999999995,-0.05
1788630900,0.735,0.645,True,True,0.08999999999999997,0.1
1788628800,0.145,0.295,False,False,-0.15,-0.15000000000000002
1788628200,0.245,0.345,True,True,-0.09999999999999998,-0.1
1788629100,0.745,0.715,True,True,0.030000000000000027,0.05
1788631200,0.35,0.56,False,True,-0.21000000000000008,-0.2
1788630600,0.725,0.715,False,True,0.010000000000000009,0.0
1788461400,0.505,0.5,True,True,0.0050000000000000044,0.0
1788631800,0.515,0.475,False,False,0.040000000000000036,0.05
1788460800,0.505,0.5,True,False,0.0050000000000000044,0.0
1788631500,0.625,0.565,False,False,0.06000000000000005,0.05
1788629700,0.935,0.685,True,True,0.25,0.25
1788632100,0.265,0.435,False,False,-0.16999999999999998,-0.15000000000000002
1788459900,0.505,0.305,False,False,0.2,0.2
1788460200,0.505,0.305,False,False,0.2,0.2
1788462000,0.505,0.5,True,True,0.0050000000000000044,0.0
1788627900,0.225,0.825,False,True,-0.6,-0.6000000000000001
1788461100,0.505,0.5,False,False,0.0050000000000000044,0.0
1788462900,0.5,0.5,False,False,0.0,0.0
1788626700,0.685,0.785,True,True,-0.09999999999999998,-0.1
1788461700,0.505,0.5,True,True,0.0050000000000000044,0.0
1788632400,0.315,0.215,True,True,0.1,0.1
1788465600,0.915,0.855,True,True,0.06000000000000005,0.05
1788463500,0.5,0.52,True,True,-0.020000000000000018,-0.0
1788460500,0.505,0.305,True,True,0.2,0.2
1788467100,0.505,0.48,False,False,0.025000000000000022,0.05
1788462300,0.505,0.5,True,True,0.0050000000000000044,0.0
1788466800,0.505,0.5,False,False,0.0050000000000000044,0.0
1788466500,0.495,0.48,False,False,0.015000000000000013,0.0
1788468900,0.405,0.655,False,False,-0.25,-0.25
1788462600,0.5,0.5,False,False,0.0,0.0
1788466200,0.495,0.5,True,True,-0.0050000000000000044,-0.0
1788465900,0.475,0.5,False,False,-0.025000000000000022,-0.05
1788465000,0.905,0.365,False,False,0.54,0.55
1788465300,0.935,0.915,True,True,0.020000000000000018,0.0
1788469500,0.275,0.635,False,False,-0.36,-0.35000000000000003
1788463800,0.5,0.48,True,False,0.020000000000000018,0.0
1788470400,0.655,0.33,False,False,0.325,0.30000000000000004
1788468300,0.145,0.16,False,False,-0.015000000000000013,-0.0
1788467700,0.505,0.48,False,False,0.025000000000000022,0.05
1788464400,0.5,0.5,True,True,0.0,0.0
1788464100,0.5,0.48,False,False,0.020000000000000018,0.0
1788470700,0.695,0.365,False,False,0.32999999999999996,0.35000000000000003
1788468600,0.325,0.78,True,True,-0.455,-0.45
1788468000,0.075,0.075,True,True,0.0,0.0
1788467400,0.505,0.52,True,True,-0.015000000000000013,-0.0
1788471000,0.785,0.81,True,True,-0.025000000000000022,-0.05
1788464700,0.925,0.935,True,True,-0.010000000000000009,-0.0
1788469800,0.255,0.455,True,True,-0.2,-0.2
1788472200,0.155,0.205,True,True,-0.04999999999999999,-0.05
1788469200,0.705,0.51,True,False,0.19499999999999995,0.2
1788474900,0.345,0.4,False,False,-0.05500000000000005,-0.05
1788471300,0.975,0.955,True,True,0.020000000000000018,0.0
1788474000,0.575,0.655,False,True,-0.08000000000000007,-0.1
1788471600,0.065,0.095,False,False,-0.03,-0.05
1788470100,0.925,0.95,True,True,-0.02499999999999991,-0.0
1788473100,0.035,0.055,False,False,-0.019999999999999997,-0.0
1788463200,0.5,0.5,True,True,0.0,0.0
1788473700,0.215,0.35,False,False,-0.13499999999999998,-0.15000000000000002
1788472800,0.075,0.115,False,False,-0.04000000000000001,-0.05
1788475500,0.965,0.935,True,True,0.029999999999999916,0.05
1788478800,0.915,0.94,True,True,-0.02499999999999991,-0.0
1788472500,0.745,0.905,True,True,-0.16000000000000003,-0.15000000000000002
1788475800,0.845,0.955,False,True,-0.10999999999999999,-0.1
1788475200,0.985,0.885,True,True,0.09999999999999998,0.1
1788477600,0.645,0.86,True,True,-0.21499999999999997,-0.2
1788480600,0.595,0.77,True,True,-0.17500000000000004,-0.2
1788471900,0.235,0.255,False,False,-0.020000000000000018,-0.0
1788476700,0.385,0.235,True,False,0.15000000000000002,0.15000000000000002
1788474600,0.195,0.035,False,False,0.16,0.15000000000000002
1788473400,0.265,0.195,False,False,0.07,0.05
1788480000,0.395,0.585,False,False,-0.18999999999999995,-0.2
1788476100,0.095,0.555,False,True,-0.4600000000000001,-0.45
1788474300,0.145,0.17,False,False,-0.025000000000000022,-0.05
1788477000,0.815,0.885,True,True,-0.07000000000000006,-0.05
1788478200,0.665,0.885,True,True,-0.21999999999999997,-0.2
1788477300,0.065,0.1,False,False,-0.035,-0.05
1788477900,0.345,0.235,False,False,0.10999999999999999,0.1
1788485100,0.665,0.875,False,False,-0.20999999999999996,-0.2
1788476400,0.575,0.075,False,False,0.49999999999999994,0.5
1788481200,0.845,0.92,False,False,-0.07500000000000007,-0.1
1788480900,0.835,0.765,True,True,0.06999999999999995,0.05
1788479700,0.955,0.815,True,True,0.14,0.15000000000000002
1788482400,0.625,0.545,True,True,0.07999999999999996,0.1
1788481800,0.045,0.095,False,False,-0.05,-0.05
1788478500,0.045,0.155,False,True,-0.11,-0.1
1788484500,0.415,0.775,False,False,-0.36000000000000004,-0.35000000000000003
1788481500,0.825,0.845,True,True,-0.020000000000000018,-0.0
1788479400,0.155,0.045,False,False,0.11,0.1
1788486000,0.915,0.745,True,False,0.17000000000000004,0.15000000000000002
1788480300,0.295,0.425,False,False,-0.13,-0.15000000000000002
1788479100,0.475,0.805,False,True,-0.33000000000000007,-0.35000000000000003
1788484200,0.925,0.925,True,True,0.0,0.0
1788486600,0.715,0.43,True,True,0.285,0.30000000000000004
1788487200,0.545,0.485,False,True,0.06000000000000005,0.05
1788486300,0.175,0.345,False,False,-0.16999999999999998,-0.15000000000000002
1788483600,0.235,0.175,False,False,0.06,0.05
1788489000,0.355,0.395,False,False,-0.040000000000000036,-0.05
1788483000,0.755,0.575,False,False,0.18000000000000005,0.2
1788484800,0.835,0.915,False,True,-0.08000000000000007,-0.1
1788482700,0.715,0.635,False,False,0.07999999999999996,0.1
1788489600,0.145,0.035,True,True,0.10999999999999999,0.1
1788490500,0.755,0.905,True,True,-0.15000000000000002,-0.15000000000000002
1788487500,0.085,0.015,False,False,0.07,0.05
1788485400,0.245,0.245,True,True,0.0,0.0
1788482100,0.935,0.9,True,True,0.03500000000000003,0.05
1788486900,0.685,0.565,True,True,0.1200000000000001,0.1
1788488700,0.205,0.315,False,False,-0.11000000000000001,-0.1
1788489300,0.905,0.895,True,True,0.010000000000000009,0.0
1788488400,0.785,0.835,False,False,-0.04999999999999993,-0.05
1788488100,0.465,0.745,True,True,-0.27999999999999997,-0.30000000000000004
1788487800,0.57,0.745,False,False,-0.17500000000000004,-0.2
1788485700,0.685,0.57,False,False,0.1150000000000001,0.1
1788489900,0.395,0.435,False,False,-0.03999999999999998,-0.05
1788483900,0.825,0.615,True,False,0.20999999999999996,0.2
1788490200,0.095,0.115,False,False,-0.020000000000000004,-0.0
1788492000,0.205,0.395,False,False,-0.19000000000000003,-0.2
1788492300,0.775,0.715,True,True,0.06000000000000005,0.05
1788493200,0.62,0.52,True,True,0.09999999999999998,0.1
1788492600,0.235,0.065,False,False,0.16999999999999998,0.15000000000000002
1788490800,0.815,0.825,True,True,-0.010000000000000009,-0.0
1788496500,0.075,0.065,False,False,0.009999999999999995,0.0
1788491100,0.915,0.965,True,True,-0.04999999999999993,-0.05
1788495000,0.835,0.785,True,True,0.04999999999999993,0.05
1788491400,0.855,0.945,True,True,-0.08999999999999997,-0.1
1788497100,0.885,0.535,False,False,0.35,0.35000000000000003
1788495300,0.765,0.725,True,True,0.040000000000000036,0.05
1788491700,0.315,0.125,False,False,0.19,0.2
1788493800,0.695,0.455,True,True,0.23999999999999994,0.25
1788494700,0.095,0.085,False,False,0.009999999999999995,0.0
1788492900,0.415,0.705,False,False,-0.29,-0.30000000000000004
1788493500,0.335,0.355,True,True,-0.019999999999999962,-0.0
1788483300,0.145,0.415,False,True,-0.27,-0.25
1788494100,0.435,0.405,True,True,0.02999999999999997,0.05
1788496200,0.765,0.675,True,True,0.08999999999999997,0.1
1788496800,0.175,0.105,False,False,0.06999999999999999,0.05
1788494400,0.095,0.335,False,False,-0.24000000000000002,-0.25
1788498300,0.065,0.185,False,False,-0.12,-0.1
1788500100,0.055,0.105,False,False,-0.049999999999999996,-0.05
1788499800,0.395,0.215,False,False,0.18000000000000002,0.2
1788502800,0.285,0.125,False,False,0.15999999999999998,0.15000000000000002
1788501900,0.185,0.185,False,False,0.0,0.0
1788499500,0.125,0.105,False,True,0.020000000000000004,0.0
1788497400,0.935,0.695,True,False,0.2400000000000001,0.25
1788495600,0.965,0.965,True,True,0.0,0.0
1788497700,0.355,0.215,True,False,0.13999999999999999,0.15000000000000002
1788498900,0.085,0.295,False,False,-0.20999999999999996,-0.2
1788499200,0.155,0.225,True,True,-0.07,-0.05
1788498000,0.705,0.685,False,True,0.019999999999999907,0.0
1788501000,0.525,0.395,False,False,0.13,0.15000000000000002
1788498600,0.605,0.725,True,True,-0.12,-0.1
1788501600,0.985,0.975,True,True,0.010000000000000009,0.0
1788502200,0.535,0.565,True,True,-0.029999999999999916,-0.05
1788500700,0.705,0.785,True,True,-0.08000000000000007,-0.1
1788503700,0.675,0.51,False,False,0.16500000000000004,0.15000000000000002
1788503100,0.255,0.195,False,False,0.06,0.05
1788507300,0.455,0.505,False,False,-0.04999999999999999,-0.05
1788505500,0.855,0.915,True,True,-0.06000000000000005,-0.05
1788504900,0.145,0.265,False,True,-0.12000000000000002,-0.1
1788507600,0.035,0.035,False,False,0.0,0.0
1788504000,0.205,0.115,True,True,0.08999999999999998,0.1
1788501300,0.285,0.055,False,False,0.22999999999999998,0.25
1788504300,0.905,0.875,True,True,0.030000000000000027,0.05
1788502500,0.955,0.955,True,True,0.0,0.0
1788500400,0.555,0.365,False,False,0.19000000000000006,0.2
1788503400,0.045,0.025,False,False,0.019999999999999997,0.0
1788506700,0.165,0.125,False,False,0.04000000000000001,0.05
1788504600,0.265,0.245,False,False,0.020000000000000018,0.0
1788506100,0.775,0.745,True,True,0.030000000000000027,0.05
1788508200,0.095,0.105,False,True,-0.009999999999999995,-0.0
1788509400,0.865,0.925,True,True,-0.06000000000000005,-0.05
1788507000,0.415,0.605,True,True,-0.19,-0.2
1788505200,0.455,0.705,True,True,-0.24999999999999994,-0.25
1788495900,0.635,0.865,True,True,-0.22999999999999998,-0.25
1788509100,0.395,0.415,False,True,-0.019999999999999962,-0.0
1788507900,0.52,0.735,True,True,-0.21499999999999997,-0.2
1788505800,0.42,0.755,True,True,-0.335,-0.35000000000000003
1788510900,0.685,0.615,True,True,0.07000000000000006,0.05
1788511200,0.255,0.785,True,True,-0.53,-0.55
1788510000,0.875,0.8,True,True,0.07499999999999996,0.05
1788509700,0.545,0.685,True,True,-0.14,-0.15000000000000002
1788508500,0.145,0.105,False,False,0.039999999999999994,0.05
1788510300,0.355,0.105,True,False,0.25,0.25
1788514200,0.475,0.255,True,False,0.21999999999999997,0.2
1788508800,0.105,0.255,False,False,-0.15000000000000002,-0.15000000000000002
1788512400,0.095,0.065,False,False,0.03,0.05
1788511800,0.725,0.835,True,True,-0.10999999999999999,-0.1
1788506400,0.045,0.045,False,False,0.0,0.0
1788513600,0.975,0.985,True,True,-0.010000000000000009,-0.0
1788512700,0.425,0.565,True,True,-0.13999999999999996,-0.15000000000000002
1788510600,0.835,0.665,True,True,0.16999999999999993,0.15000000000000002
1788512100,0.455,0.525,True,True,-0.07,-0.05
1788511500,0.695,0.685,False,False,0.009999999999999898,0.0
1788513900,0.005,0.005,False,False,0.0,0.0
1788515100,0.545,0.34,False,False,0.20500000000000002,0.2
1788513000,0.235,0.28,False,False,-0.04500000000000004,-0.05
1788519900,0.065,0.03,False,False,0.035,0.05
1788516300,0.505,0.695,True,True,-0.18999999999999995,-0.2
1788516900,0.915,0.675,True,True,0.24,0.25
1788516600,0.085,0.075,False,False,0.010000000000000009,0.0
1788515700,0.185,0.225,False,True,-0.04000000000000001,-0.05
1788518400,0.795,0.665,True,True,0.13,0.15000000000000002
1788514500,0.425,0.735,True,True,-0.31,-0.30000000000000004
1788515400,0.515,0.125,False,False,0.39,0.4
1788513300,0.765,0.895,False,True,-0.13,-0.15000000000000002
1788519000,0.705,0.485,True,False,0.21999999999999997,0.2
1788514800,0.815,0.725,True,True,0.08999999999999997,0.1
1788517200,0.365,0.085,False,False,0.27999999999999997,0.30000000000000004
1788517500,0.495,0.655,False,False,-0.16000000000000003,-0.15000000000000002
1788519300,0.115,0.065,False,False,0.05,0.05
1788518100,0.615,0.635,True,True,-0.020000000000000018,-0.0
1788518700,0.355,0.535,False,True,-0.18000000000000005,-0.2
1788516000,0.735,0.585,False,False,0.15000000000000002,0.15000000000000002
1788517800,0.685,0.625,True,True,0.06000000000000005,0.05
1788520500,0.215,0.175,True,False,0.04000000000000001,0.05
1788521100,0.965,0.925,True,True,0.039999999999999925,0.05
1788519600,0.935,0.845,True,True,0.09000000000000008,0.1
1788520200,0.865,0.845,True,True,0.020000000000000018,0.0
1788522300,0.155,0.215,False,False,-0.06,-0.05
1788520800,0.525,0.66,False,False,-0.135,-0.15000000000000002
1788524400,0.125,0.155,False,False,-0.03,-0.05
1788525000,0.815,0.975,True,True,-0.16000000000000003,-0.15000000000000002
1788522600,0.515,0.615,True,True,-0.09999999999999998,-0.1
1788523200,0.505,0.335,False,False,0.16999999999999998,0.15000000000000002
1788526800,0.035,0.065,False,False,-0.03,-0.05
1788521700,0.085,0.185,False,False,-0.09999999999999999,-0.1
1788524700,0.775,0.785,True,True,-0.010000000000000009,-0.0
1788526200,0.025,0.04,False,False,-0.015,-0.0
1788525300,0.005,0.015,False,False,-0.009999999999999998,-0.0
1788522900,0.905,0.775,True,False,0.13,0.15000000000000002
1788527400,0.245,0.435,False,True,-0.19,-0.2
1788523800,0.125,0.175,True,True,-0.04999999999999999,-0.05
1788523500,0.075,0.3,False,True,-0.22499999999999998,-0.2
1788530100,0.285,0.215,False,False,0.06999999999999998,0.05
1788527700,0.255,0.175,False,False,0.08000000000000002,0.1
1788521400,0.725,0.655,True,True,0.06999999999999995,0.05
1788525900,0.795,0.835,False,False,-0.039999999999999925,-0.05
1788528300,0.855,0.755,True,True,0.09999999999999998,0.1
1788528000,0.885,0.925,True,True,-0.040000000000000036,-0.05
1788525600,0.105,0.125,False,True,-0.020000000000000004,-0.0
1788524100,0.055,0.025,False,False,0.03,0.05
1788531900,0.365,0.835,True,True,-0.47,-0.45
1788532500,0.615,0.665,False,True,-0.050000000000000044,-0.05
1788526500,0.585,0.805,True,True,-0.22000000000000008,-0.2
1788532800,0.255,0.185,False,False,0.07,0.05
1788529200,0.045,0.095,True,True,-0.05,-0.05
1788530700,0.875,0.885,True,True,-0.010000000000000009,-0.0
1788533100,0.185,0.175,False,False,0.010000000000000009,0.0
1788533700,0.895,0.815,True,True,0.08000000000000007,0.1
1788531000,0.485,0.54,False,False,-0.05500000000000005,-0.05
1788532200,0.595,0.425,True,True,0.16999999999999998,0.15000000000000002
1788533400,0.76,0.795,False,False,-0.03500000000000003,-0.05
1788522000,0.565,0.745,True,True,-0.18000000000000005,-0.2
1788529500,0.695,0.565,True,True,0.13,0.15000000000000002
1788537600,0.455,0.4,False,False,0.05499999999999999,0.05
1788531300,0.675,0.565,True,True,0.1100000000000001,0.1
1788527100,0.785,0.575,False,False,0.21000000000000008,0.2
1788530400,0.695,0.815,True,True,-0.12,-0.1
1788534300,0.385,0.39,True,True,-0.0050000000000000044,-0.0
1788531600,0.205,0.175,False,False,0.03,0.05
1788535500,0.295,0.395,False,True,-0.10000000000000003,-0.1
1788536400,0.89,0.665,True,True,0.22499999999999998,0.2
1788534000,0.945,0.84,True,True,0.10499999999999998,0.1
1788528600,0.515,0.455,False,False,0.06,0.05
1788535200,0.755,0.785,True,True,-0.030000000000000027,-0.05
1788534600,0.675,0.445,True,True,0.23000000000000004,0.25
1788537900,0.365,0.315,True,False,0.04999999999999999,0.05
1788538500,0.625,0.695,False,False,-0.06999999999999995,-0.05
1788538200,0.395,0.64,True,True,-0.245,-0.25
1788529800,0.925,0.935,True,True,-0.010000000000000009,-0.0
1788536100,0.265,0.225,False,False,0.04000000000000001,0.05
1788528900,0.845,0.82,False,False,0.025000000000000022,0.05
1788535800,0.925,0.935,True,True,-0.010000000000000009,-0.0
1788540600,0.115,0.455,False,True,-0.34,-0.35000000000000003
1788534900,0.265,0.355,True,True,-0.08999999999999997,-0.1
1788536700,0.765,0.765,True,True,0.0,0.0
1788541500,0.085,0.085,False,False,0.0,0.0
1788540000,0.885,0.535,True,False,0.35,0.35000000000000003
1788544200,0.265,0.185,False,False,0.08000000000000002,0.1
1788538800,0.445,0.315,True,False,0.13,0.15000000000000002
1788540900,0.785,0.815,False,True,-0.029999999999999916,-0.05
1788540300,0.975,0.955,True,True,0.020000000000000018,0.0
1788537000,0.315,0.325,False,False,-0.010000000000000009,-0.0
1788543600,0.235,0.215,True,True,0.01999999999999999,0.0
1788543000,0.495,0.605,False,False,-0.10999999999999999,-0.1
1788374100,0.625,0.425,False,True,0.2,0.2
1788539700,0.695,0.855,True,True,-0.16000000000000003,-0.15000000000000002
1788544800,0.875,0.635,True,True,0.24,0.25
1788542700,0.775,0.695,False,False,0.08000000000000007,0.1
1788542400,0.085,0.025,False,False,0.060000000000000005,0.05
1788541200,0.715,0.28,True,False,0.43499999999999994,0.45
1788373800,0.735,0.795,True,True,-0.06000000000000005,-0.05
1788539100,0.665,0.825,True,False,-0.15999999999999992,-0.15000000000000002
1788373500,0.205,0.295,False,False,-0.09,-0.1
1788537300,0.695,0.755,False,True,-0.06000000000000005,-0.05
1788546000,0.915,0.965,True,True,-0.04999999999999993,-0.05
1788545400,0.725,0.805,False,False,-0.08000000000000007,-0.1
1788539400,0.345,0.525,True,True,-0.18000000000000005,-0.2
1788543300,0.645,0.765,False,True,-0.12,-0.1
1788374700,0.675,0.785,False,True,-0.10999999999999999,-0.1
1788542100,0.345,0.225,False,False,0.11999999999999997,0.1
1788541800,0.565,0.625,True,True,-0.06000000000000005,-0.05
1788545100,0.955,0.935,True,True,0.019999999999999907,0.0
1788545700,0.535,0.31,False,False,0.22500000000000003,0.2
1788375900,0.155,0.245,False,False,-0.09,-0.1
1788543900,0.215,0.145,False,False,0.07,0.05
1788375300,0.175,0.295,False,False,-0.12,-0.1
1788379500,0.835,0.725,True,True,0.10999999999999999,0.1
1788376200,0.545,0.675,True,True,-0.13,-0.15000000000000002
1788544500,0.165,0.235,False,False,-0.06999999999999998,-0.05
1788377700,0.195,0.1,False,False,0.095,0.1
1788375000,0.435,0.385,True,True,0.04999999999999999,0.05
1788377400,0.215,0.08,False,False,0.135,0.15000000000000002
1788376500,0.085,0.125,False,False,-0.039999999999999994,-0.05
1788374400,0.095,0.075,False,False,0.020000000000000004,0.0
1788376800,0.405,0.325,False,False,0.08000000000000002,0.1
1788377100,0.165,0.255,False,False,-0.09,-0.1
1788381000,0.265,0.075,False,False,0.19,0.2
1788378000,0.655,0.43,True,False,0.22500000000000003,0.2
1788378900,0.935,0.81,False,False,0.125,0.1
1788381600,0.725,0.635,True,True,0.08999999999999997,0.1
1788380100,0.315,0.235,False,False,0.08000000000000002,0.1
1788380700,0.985,0.975,True,True,0.010000000000000009,0.0
1788381900,0.065,0.065,False,False,0.0,0.0
1788378600,0.735,0.765,False,True,-0.030000000000000027,-0.05
1788379200,0.585,0.715,True,True,-0.13,-0.15000000000000002
1788384900,0.155,0.105,False,False,0.05,0.05
1788381300,0.595,0.465,True,True,0.12999999999999995,0.15000000000000002
1788378300,0.935,0.905,True,True,0.030000000000000027,0.05
1788375600,0.735,0.795,True,True,-0.06000000000000005,-0.05
1788379800,0.835,0.875,False,False,-0.040000000000000036,-0.05
1788382500,0.215,0.485,True,True,-0.27,-0.25
1788383400,0.255,0.195,False,False,0.06,0.05
1788384600,0.135,0.115,False,False,0.020000000000000004,0.0
1788380400,0.065,0.055,False,False,0.010000000000000002,0.0
1788382200,0.425,0.335,True,True,0.08999999999999997,0.1
1788384000,0.155,0.205,False,False,-0.04999999999999999,-0.05
1788387600,0.365,0.665,False,False,-0.30000000000000004,-0.30000000000000004
1788382800,0.405,0.265,False,False,0.14,0.15000000000000002
1788385200,0.925,0.905,True,True,0.020000000000000018,0.0
1788387300,0.575,0.745,True,True,-0.17000000000000004,-0.15000000000000002
1788384300,0.715,0.715,True,True,0.0,0.0
1788385800,0.065,0.055,False,False,0.010000000000000002,0.0
1788386700,0.255,0.295,False,False,-0.03999999999999998,-0.05
1788388500,0.825,0.585,True,True,0.24,0.25
1788385500,0.735,0.74,True,True,-0.0050000000000000044,-0.0
1788389100,0.435,0.5,True,True,-0.065,-0.05
1788383100,0.035,0.055,False,False,-0.019999999999999997,-0.0
1788383700,0.755,0.875,True,True,-0.12,-0.1
1788386100,0.735,0.575,True,True,0.16000000000000003,0.15000000000000002
1788387900,0.095,0.085,False,False,0.009999999999999995,0.0
1788388200,0.385,0.195,False,False,0.19,0.2
1788390300,0.545,0.595,True,True,-0.04999999999999993,-0.05
1788389700,0.675,0.785,False,False,-0.10999999999999999,-0.1
1788387000,0.065,0.055,False,False,0.010000000000000002,0.0
1788386400,0.665,0.725,False,False,-0.05999999999999994,-0.05
1788390000,0.585,0.395,True,False,0.18999999999999995,0.2
1788392100,0.905,0.925,False,False,-0.020000000000000018,-0.0
1788393600,0.625,0.735,True,True,-0.10999999999999999,-0.1
1788389400,0.265,0.485,False,False,-0.21999999999999997,-0.2
1788391200,0.135,0.135,False,False,0.0,0.0
1788392400,0.375,0.505,False,False,-0.13,-0.15000000000000002
1788395700,0.455,0.335,False,False,0.12,0.1
1788394800,0.065,0.095,False,False,-0.03,-0.05
1788392700,0.245,0.295,False,False,-0.04999999999999999,-0.05
1788393900,0.415,0.53,True,True,-0.11500000000000005,-0.1
1788390900,0.625,0.775,True,True,-0.15000000000000002,-0.15000000000000002
1788391800,0.855,0.855,True,True,0.0,0.0
1788390600,0.945,0.945,True,True,0.0,0.0
1788394500,0.725,0.635,False,False,0.08999999999999997,0.1
1788396000,0.295,0.325,True,True,-0.030000000000000027,-0.05
1788395400,0.215,0.075,False,False,0.14,0.15000000000000002
1788388800,0.745,0.925,True,True,-0.18000000000000005,-0.2
1788394200,0.075,0.035,False,False,0.039999999999999994,0.05
1788397200,0.135,0.175,True,False,-0.03999999999999998,-0.05
1788396600,0.625,0.69,True,True,-0.06499999999999995,-0.05
1788399600,0.005,0.045,False,False,-0.04,-0.05
1788396900,0.405,0.305,False,False,0.10000000000000003,0.1
1788393300,0.985,0.965,True,True,0.020000000000000018,0.0
1788398100,0.515,0.59,True,True,-0.07499999999999996,-0.05
1788399000,0.335,0.52,False,True,-0.185,-0.2
1788397500,0.055,0.015,True,False,0.04,0.05
1788395100,0.245,0.165,False,False,0.07999999999999999,0.1
1788396300,0.645,0.535,True,False,0.10999999999999999,0.1
1788391500,0.445,0.555,True,False,-0.11000000000000004,-0.1
1788400800,0.405,0.285,False,False,0.12000000000000005,0.1
1788398400,0.215,0.265,False,False,-0.05000000000000002,-0.05
1788400200,0.345,0.135,False,False,0.20999999999999996,0.2
1788398700,0.365,0.505,True,True,-0.14,-0.15000000000000002
1788402900,0.895,0.965,True,True,-0.06999999999999995,-0.05
1788399900,0.105,0.405,False,False,-0.30000000000000004,-0.30000000000000004
1788400500,0.635,0.545,True,True,0.08999999999999997,0.1
1788393000,0.935,0.96,True,True,-0.02499999999999991,-0.0
1788397800,0.965,0.995,True,True,-0.030000000000000027,-0.05
1788401400,0.655,0.82,False,False,-0.16499999999999992,-0.15000000000000002
1788401100,0.195,0.325,False,False,-0.13,-0.15000000000000002
1788402000,0.475,0.425,True,True,0.04999999999999999,0.05
1788404100,0.745,0.895,True,True,-0.15000000000000002,-0.15000000000000002
1788402300,0.435,0.525,True,True,-0.09000000000000002,-0.1
1788403800,0.32,0.255,True,True,0.065,0.05
1788406200,0.625,0.695,False,True,-0.06999999999999995,-0.05
1788403500,0.915,0.965,True,True,-0.04999999999999993,-0.05
1788407400,0.395,0.495,True,True,-0.09999999999999998,-0.1
1788405600,0.265,0.295,True,True,-0.02999999999999997,-0.05
1788404400,0.185,0.185,False,False,0.0,0.0
1788406800,0.245,0.355,False,False,-0.10999999999999999,-0.1
1788403200,0.375,0.14,False,False,0.235,0.25
1788405000,0.335,0.305,False,True,0.030000000000000027,0.05
1788399300,0.915,0.715,True,True,0.20000000000000007,0.2
1788401700,0.965,0.975,True,True,-0.010000000000000009,-0.0
1788402600,0.195,0.365,True,True,-0.16999999999999998,-0.15000000000000002
1788407100,0.245,0.175,False,False,0.07,0.05
1788405300,0.345,0.235,True,True,0.10999999999999999,0.1
1788405900,0.085,0.035,False,False,0.05,0.05
1788406500,0.575,0.665,False,False,-0.09000000000000008,-0.1
1788404700,0.135,0.245,False,False,-0.10999999999999999,-0.1
1788413400,0.125,0.37,False,True,-0.245,-0.25
1788408900,0.315,0.185,False,False,0.13,0.15000000000000002
1788408300,0.495,0.605,True,True,-0.10999999999999999,-0.1
1788408000,0.385,0.585,False,True,-0.19999999999999996,-0.2
1788410100,0.685,0.765,True,True,-0.07999999999999996,-0.1
1788408600,0.495,0.685,True,True,-0.19000000000000006,-0.2
1788413700,0.895,0.865,True,True,0.030000000000000027,0.05
1788409800,0.295,0.295,False,False,0.0,0.0
1788411000,0.955,0.965,True,True,-0.010000000000000009,-0.0
1788407700,0.745,0.395,True,True,0.35,0.35000000000000003
1788410700,0.355,0.36,False,False,-0.0050000000000000044,-0.0
1788413100,0.025,0.005,False,False,0.02,0.0
1788409500,0.43,0.295,True,True,0.135,0.15000000000000002
1788409200,0.375,0.205,False,False,0.17,0.15000000000000002
1788412500,0.145,0.31,False,False,-0.165,-0.15000000000000002
1788410400,0.205,0.105,False,False,0.09999999999999999,0.1
1788414000,0.905,0.895,True,True,0.010000000000000009,0.0
1788412200,0.165,0.055,False,False,0.11000000000000001,0.1
1788411900,0.695,0.745,True,True,-0.050000000000000044,-0.05
1788411600,0.165,0.195,False,False,-0.03,-0.05
1788415800,0.385,0.375,False,False,0.010000000000000009,0.0
1788411300,0.945,0.985,True,True,-0.040000000000000036,-0.05
1788412800,0.375,0.265,False,False,0.10999999999999999,0.1
1788416100,0.365,0.525,False,True,-0.16000000000000003,-0.15000000000000002
1788414900,0.985,0.975,True,True,0.010000000000000009,0.0
1788414600,0.105,0.095,True,True,0.009999999999999995,0.0
1788414300,0.675,0.625,True,True,0.050000000000000044,0.05
1788416700,0.555,0.565,True,True,-0.009999999999999898,-0.0
1788420000,0.025,0.025,False,False,0.0,0.0
1788416400,0.785,0.875,True,True,-0.08999999999999997,-0.1
1788418500,0.665,0.495,False,False,0.17000000000000004,0.15000000000000002
1788415500,0.115,0.105,False,False,0.010000000000000009,0.0
1788420300,0.585,0.635,True,False,-0.050000000000000044,-0.05
1788417900,0.475,0.265,True,True,0.20999999999999996,0.2
1788419700,0.835,0.535,True,True,0.29999999999999993,0.30000000000000004
1788419100,0.705,0.755,True,True,-0.050000000000000044,-0.05
1788421500,0.975,0.975,True,True,0.0,0.0
1788417000,0.355,0.645,False,True,-0.29000000000000004,-0.30000000000000004
1788417600,0.365,0.285,True,True,0.08000000000000002,0.1
1788421800,0.055,0.065,False,False,-0.010000000000000002,-0.0
1788418200,0.665,0.595,True,False,0.07000000000000006,0.05
1788420900,0.065,0.025,False,False,0.04,0.05
1788420600,0.055,0.025,False,False,0.03,0.05
1788415200,0.965,0.895,True,True,0.06999999999999995,0.05
1788423300,0.735,0.605,False,False,0.13,0.15000000000000002
1788423000,0.975,0.975,True,True,0.0,0.0
1788417300,0.375,0.225,True,True,0.15,0.15000000000000002
1788422100,0.125,0.055,False,False,0.07,0.05
1788421200,0.315,0.425,True,True,-0.10999999999999999,-0.1
1788425700,0.215,0.065,True,False,0.15,0.15000000000000002
1788418800,0.455,0.735,True,True,-0.27999999999999997,-0.30000000000000004
1788422400,0.115,0.055,False,False,0.060000000000000005,0.05
1788424500,0.465,0.245,False,False,0.22000000000000003,0.2
1788422700,0.935,0.84,True,True,0.09500000000000008,0.1
1788426300,0.215,0.135,False,False,0.07999999999999999,0.1
1788428100,0.295,0.215,False,False,0.07999999999999999,0.1
1788425100,0.175,0.235,False,False,-0.06,-0.05
1788423900,0.165,0.17,False,False,-0.0050000000000000044,-0.0
1788427500,0.345,0.245,False,False,0.09999999999999998,0.1
1788419400,0.645,0.575,False,False,0.07000000000000006,0.05
1788424200,0.345,0.705,True,True,-0.36,-0.35000000000000003
1788427200,0.755,0.72,True,False,0.03500000000000003,0.05
1788423600,0.345,0.255,True,False,0.08999999999999997,0.1
1788428400,0.725,0.475,False,False,0.25,0.25
1788425400,0.535,0.805,False,False,-0.27,-0.25
1788430200,0.485,0.605,False,False,-0.12,-0.1
1788431700,0.275,0.245,False,False,0.030000000000000027,0.05
1788430800,0.245,0.315,True,True,-0.07,-0.05
1788431400,0.435,0.515,False,False,-0.08000000000000002,-0.1
1788426000,0.835,0.73,True,False,0.10499999999999998,0.1
1788429000,0.615,0.745,False,False,-0.13,-0.15000000000000002
1788426600,0.565,0.54,True,True,0.02499999999999991,0.0
1788428700,0.105,0.095,False,False,0.009999999999999995,0.0
1788427800,0.495,0.645,False,False,-0.15000000000000002,-0.15000000000000002
1788432600,0.755,0.715,True,True,0.040000000000000036,0.05
1788432000,0.125,0.075,False,False,0.05,0.05
1788424800,0.515,0.475,True,True,0.040000000000000036,0.05
1788433200,0.675,0.79,True,True,-0.11499999999999999,-0.1
1788426900,0.935,0.915,False,False,0.020000000000000018,0.0
1788432300,0.235,0.32,False,False,-0.08500000000000002,-0.1
1788431100,0.865,0.905,True,True,-0.040000000000000036,-0.05
1788430500,0.625,0.625,False,False,0.0,0.0
1788429900,0.665,0.645,True,False,0.020000000000000018,0.0
1788429300,0.61,0.745,False,False,-0.135,-0.15000000000000002
1788434100,0.275,0.225,True,True,0.05000000000000002,0.05
1788437100,0.195,0.235,False,False,-0.03999999999999998,-0.05
1788435600,0.315,0.315,False,False,0.0,0.0
1788433800,0.835,0.785,True,True,0.04999999999999993,0.05
1788429600,0.205,0.185,False,False,0.01999999999999999,0.0
1788435900,0.835,0.865,True,True,-0.030000000000000027,-0.05
1788436500,0.835,0.86,True,False,-0.025000000000000022,-0.05
1788438900,0.995,0.985,True,True,0.010000000000000009,0.0
1788433500,0.775,0.705,True,True,0.07000000000000006,0.05
1788434400,0.875,0.815,True,True,0.06000000000000005,0.05
1788432900,0.815,0.765,True,True,0.04999999999999993,0.05
1788434700,0.155,0.115,False,False,0.039999999999999994,0.05
1788436800,0.58,0.63,True,True,-0.050000000000000044,-0.05
1788438600,0.245,0.375,False,False,-0.13,-0.15000000000000002
1788436200,0.845,0.91,False,False,-0.06500000000000006,-0.05
1788437400,0.535,0.645,True,True,-0.10999999999999999,-0.1
1788435000,0.935,0.945,True,True,-0.009999999999999898,-0.0
1788440100,0.645,0.535,True,True,0.10999999999999999,0.1
1788435300,0.245,0.335,True,True,-0.09000000000000002,-0.1
1788441300,0.5,0.5,True,True,0.0,0.0
1788438300,0.265,0.435,False,True,-0.16999999999999998,-0.15000000000000002
1788443100,0.815,0.845,True,True,-0.030000000000000027,-0.05
1788439500,0.175,0.055,False,False,0.12,0.1
1788442200,0.505,0.48,False,False,0.025000000000000022,0.05
1788439200,0.305,0.3,True,False,0.0050000000000000044,0.0
1788441000,0.485,0.475,False,False,0.010000000000000009,0.0
1788439800,0.895,0.945,True,True,-0.04999999999999993,-0.05
1788438000,0.435,0.625,False,False,-0.19,-0.2
1788444300,0.335,0.215,True,True,0.12000000000000002,0.1
1788444000,0.235,0.285,True,True,-0.04999999999999999,-0.05
1788437700,0.975,0.985,True,True,-0.010000000000000009,-0.0
1788441900,0.5,0.5,True,True,0.0,0.0
1788440400,0.925,0.805,True,True,0.12,0.1
1788442800,0.165,0.205,True,True,-0.03999999999999998,-0.05
1788442500,0.915,0.955,True,True,-0.039999999999999925,-0.05
1788444600,0.615,0.785,True,True,-0.17000000000000004,-0.15000000000000002
1788441600,0.505,0.5,False,False,0.0050000000000000044,0.0
1788444900,0.715,0.785,True,True,-0.07000000000000006,-0.05
1788443700,0.805,0.745,False,False,0.06000000000000005,0.05
1788445800,0.955,0.785,True,True,0.16999999999999993,0.15000000000000002
1788445200,0.895,0.72,True,True,0.17500000000000004,0.2
1788448500,0.105,0.065,False,False,0.039999999999999994,0.05
1788449400,0.245,0.215,False,False,0.03,0.05
1788447900,0.945,0.85,True,True,0.09499999999999997,0.1
1788440700,0.145,0.055,False,False,0.09,0.1
1788447000,0.905,0.915,True,True,-0.010000000000000009,-0.0
1788446100,0.875,0.855,True,True,0.020000000000000018,0.0
1788448200,0.265,0.355,False,False,-0.08999999999999997,-0.1
1788443400,0.555,0.13,False,False,0.42500000000000004,0.4
1788446400,0.395,0.38,True,False,0.015000000000000013,0.0
1788448800,0.315,0.52,True,False,-0.20500000000000002,-0.2
1788449700,0.585,0.505,True,True,0.07999999999999996,0.1
1788450300,0.615,0.625,True,True,-0.010000000000000009,-0.0
1788447300,0.055,0.115,False,False,-0.060000000000000005,-0.05
1788450900,0.985,0.985,True,True,0.0,0.0
1788447600,0.735,0.615,True,True,0.12,0.1
1788450000,0.605,0.575,True,True,0.030000000000000027,0.05
1788453300,0.905,0.775,True,True,0.13,0.15000000000000002
1788451500,0.115,0.095,False,False,0.020000000000000004,0.0
1788454500,0.39,0.295,False,False,0.09500000000000003,0.1
1788446700,0.395,0.325,True,False,0.07,0.05
1788453000,0.285,0.27,False,False,0.014999999999999958,0.0
1788451800,0.395,0.305,True,True,0.09000000000000002,0.1
1788445500,0.855,0.605,True,True,0.25,0.25
1788454800,0.435,0.47,True,False,-0.034999999999999976,-0.05
1788452100,0.555,0.295,False,False,0.26000000000000006,0.25
1788453900,0.385,0.195,False,False,0.19,0.2
1788454200,0.895,0.895,True,True,0.0,0.0
1788450600,0.055,0.035,False,False,0.019999999999999997,0.0
1788452700,0.885,0.655,True,False,0.22999999999999998,0.25
1788455400,0.565,0.645,True,True,-0.08000000000000007,-0.1
1788455100,0.205,0.305,False,True,-0.1,-0.1
1788452400,0.215,0.29,False,False,-0.07499999999999998,-0.05
1788451200,0.605,0.455,True,True,0.14999999999999997,0.15000000000000002
1788457200,0.505,0.51,True,True,-0.0050000000000000044,-0.0
1788457800,0.505,0.305,True,True,0.2,0.2
1788456600,0.505,0.5,True,True,0.0050000000000000044,0.0
1788289200,0.945,0.895,True,True,0.04999999999999993,0.05
1788456300,0.495,0.5,False,False,-0.0050000000000000044,-0.0
1788455700,0.495,0.5,True,True,-0.0050000000000000044,-0.0
1788456900,0.505,0.5,True,True,0.0050000000000000044,0.0
1788453600,0.265,0.175,False,False,0.09000000000000002,0.1
1788288900,0.945,0.965,True,True,-0.020000000000000018,-0.0
1788287700,0.865,0.41,True,False,0.455,0.45
1788457500,0.505,0.51,False,False,-0.0050000000000000044,-0.0
1788458100,0.505,0.27,False,False,0.235,0.25
1788287400,0.155,0.235,False,False,-0.07999999999999999,-0.1
1788456000,0.505,0.5,False,False,0.0050000000000000044,0.0
1788288300,0.695,0.725,False,False,-0.030000000000000027,-0.05
1788290400,0.875,0.865,True,True,0.010000000000000009,0.0
1788291300,0.215,0.385,False,False,-0.17,-0.15000000000000002
1788458700,0.505,0.305,True,True,0.2,0.2
1788459600,0.505,0.305,False,False,0.2,0.2
1788290100,0.565,0.625,True,True,-0.06000000000000005,-0.05
1788288600,0.33,0.235,True,True,0.09500000000000003,0.1
1788287100,0.405,0.415,True,True,-0.009999999999999953,-0.0
1788290700,0.655,0.645,True,True,0.010000000000000009,0.0
1788288000,0.045,0.04,False,False,0.0049999999999999975,0.0
1788458400,0.505,0.305,False,False,0.2,0.2
1788292800,0.845,0.895,True,True,-0.050000000000000044,-0.05
1788291900,0.485,0.535,False,False,-0.050000000000000044,-0.05
1788289500,0.775,0.845,True,True,-0.06999999999999995,-0.05
1788295200,0.885,0.635,True,True,0.25,0.25
1788459000,0.505,0.305,True,True,0.2,0.2
1788291600,0.455,0.385,True,False,0.07,0.05
1788293100,0.385,0.16,False,False,0.225,0.2
1788294600,0.195,0.325,False,True,-0.13,-0.15000000000000002
1788292200,0.265,0.255,False,False,0.010000000000000009,0.0
1788289800,0.425,0.315,False,False,0.10999999999999999,0.1
1788459300,0.505,0.305,False,True,0.2,0.2
1788292500,0.555,0.305,False,False,0.25000000000000006,0.25
1788293700,0.595,0.765,True,True,-0.17000000000000004,-0.15000000000000002
1788293400,0.635,0.345,True,False,0.29000000000000004,0.30000000000000004
1788295800,0.255,0.125,False,False,0.13,0.15000000000000002
1788295500,0.055,0.04,False,False,0.015,0.0
1788297900,0.935,0.975,True,True,-0.039999999999999925,-0.05
1788294000,0.205,0.235,True,True,-0.03,-0.05
1788298500,0.085,0.08,False,False,0.0050000000000000044,0.0
1788297300,0.015,0.005,False,False,0.009999999999999998,0.0
1788294300,0.295,0.235,False,False,0.06,0.05
1788294900,0.275,0.475,False,True,-0.19999999999999996,-0.2
1788301200,0.065,0.12,False,False,-0.05499999999999999,-0.05
1788298200,0.845,0.785,True,True,0.05999999999999994,0.05
1788299400,0.735,0.79,True,True,-0.05500000000000005,-0.05
1788296100,0.555,0.415,True,True,0.14000000000000007,0.15000000000000002
1788300000,0.735,0.755,False,False,-0.020000000000000018,-0.0
1788291000,0.855,0.92,True,True,-0.06500000000000006,-0.05
1788297600,0.015,0.085,False,False,-0.07,-0.05
1788296700,0.245,0.215,False,False,0.03,0.05
1788302400,0.915,0.79,True,True,0.125,0.1
1788297000,0.035,0.055,False,False,-0.019999999999999997,-0.0
1788299700,0.975,0.88,True,True,0.09499999999999997,0.1
1788299100,0.795,0.635,True,True,0.16000000000000003,0.15000000000000002
1788296400,0.885,0.75,True,True,0.135,0.15000000000000002
1788300300,0.235,0.35,True,True,-0.11499999999999999,-0.1
1788298800,0.725,0.655,True,True,0.06999999999999995,0.05
1788301500,0.085,0.135,False,False,-0.05,-0.05
1788302100,0.305,0.605,False,False,-0.3,-0.30000000000000004
1788300600,0.095,0.065,False,False,0.03,0.05
1788306300,0.825,0.835,True,True,-0.010000000000000009,-0.0
1788307200,0.135,0.34,False,False,-0.20500000000000002,-0.2
1788302700,0.275,0.26,True,False,0.015000000000000013,0.0
1788307500,0.615,0.465,True,False,0.14999999999999997,0.15000000000000002
1788309300,0.805,0.665,True,False,0.14,0.15000000000000002
1788308700,0.095,0.05,False,False,0.045,0.05
1788300900,0.735,0.775,True,True,-0.040000000000000036,-0.05
1788311700,0.865,0.895,True,True,-0.030000000000000027,-0.05
1788301800,0.555,0.305,False,False,0.25000000000000006,0.25
1788310800,0.935,0.94,True,True,-0.004999999999999893,-0.0
1788306600,0.315,0.455,True,True,-0.14,-0.15000000000000002
1788308400,0.475,0.44,True,True,0.034999999999999976,0.05
1788312900,0.415,0.555,False,False,-0.14000000000000007,-0.15000000000000002
1788307800,0.245,0.595,False,True,-0.35,-0.35000000000000003
1788309900,0.275,0.29,True,True,-0.014999999999999958,-0.0
1788306900,0.045,0.03,False,False,0.015,0.0
1788308100,0.155,0.255,False,True,-0.1,-0.1
1788306000,0.505,0.885,True,True,-0.38,-0.4
1788309600,0.085,0.135,False,False,-0.05,-0.05
1788310500,0.365,0.355,False,False,0.010000000000000009,0.0
1788310200,0.475,0.47,False,False,0.0050000000000000044,0.0
1788313800,0.505,0.5,False,False,0.0050000000000000044,0.0
1788309000,0.115,0.115,False,False,0.0,0.0
1788313500,0.505,0.5,False,False,0.0050000000000000044,0.0
1788314100,0.505,0.5,False,False,0.0050000000000000044,0.0
1788311400,0.175,0.255,False,False,-0.08000000000000002,-0.1
1788316200,0.505,0.35,True,True,0.15500000000000003,0.15000000000000002
1788312600,0.055,0.09,False,False,-0.034999999999999996,-0.05
1788313200,0.505,0.5,False,False,0.0050000000000000044,0.0
1788311100,0.515,0.625,False,True,-0.10999999999999999,-0.1
1788315300,0.505,0.35,True,True,0.15500000000000003,0.15000000000000002
1788315600,0.505,0.35,True,True,0.15500000000000003,0.15000000000000002
1788312300,0.255,0.46,True,True,-0.20500000000000002,-0.2
1788317400,0.505,0.35,True,True,0.15500000000000003,0.15000000000000002
1788314700,0.505,0.51,False,False,-0.0050000000000000044,-0.0
1788319500,0.505,0.285,False,False,0.22000000000000003,0.2
1788317700,0.505,0.35,True,True,0.15500000000000003,0.15000000000000002
1788314400,0.505,0.5,True,True,0.0050000000000000044,0.0
1788316800,0.505,0.35,False,False,0.15500000000000003,0.15000000000000002
1788316500,0.505,0.35,False,False,0.15500000000000003,0.15000000000000002
1788318600,0.505,0.35,False,True,0.15500000000000003,0.15000000000000002
1788318300,0.505,0.35,True,True,0.15500000000000003,0.15000000000000002
1788318000,0.505,0.35,True,True,0.15500000000000003,0.15000000000000002
1788312000,0.105,0.135,False,False,-0.030000000000000013,-0.05
1788318900,0.505,0.35,True,True,0.15500000000000003,0.15000000000000002
1788319200,0.505,0.305,True,True,0.2,0.2
1788321000,0.5,0.305,True,True,0.195,0.2
1788320400,0.5,0.305,True,True,0.195,0.2
1788320100,0.505,0.305,False,False,0.2,0.2
1788315900,0.505,0.35,True,True,0.15500000000000003,0.15000000000000002
1788323100,0.5,0.305,True,True,0.195,0.2
1788321600,0.5,0.305,False,True,0.195,0.2
1788317100,0.505,0.35,False,False,0.15500000000000003,0.15000000000000002
1788319800,0.505,0.305,True,True,0.2,0.2
1788315000,0.505,0.51,True,True,-0.0050000000000000044,-0.0
1788321300,0.5,0.285,False,False,0.21500000000000002,0.2
1788322500,0.5,0.305,False,False,0.195,0.2
1788320700,0.5,0.305,False,False,0.195,0.2
1788321900,0.5,0.305,False,True,0.195,0.2
1788324600,0.5,0.495,True,True,0.0050000000000000044,0.0
1788322800,0.5,0.305,True,True,0.195,0.2
1788322200,0.5,0.305,False,False,0.195,0.2
1788325200,0.445,0.655,False,True,-0.21000000000000002,-0.2
1788327600,0.675,0.635,True,True,0.040000000000000036,0.05
1788326100,0.925,0.685,True,True,0.24,0.25
1788327300,0.135,0.205,False,False,-0.06999999999999998,-0.05
1788328200,0.815,0.895,True,True,-0.08000000000000007,-0.1
1788324900,0.5,0.48,False,False,0.020000000000000018,0.0
1788323700,0.5,0.52,True,True,-0.020000000000000018,-0.0
1788323400,0.5,0.305,True,True,0.195,0.2
1788324300,0.5,0.49,True,True,0.010000000000000009,0.0
1788326700,0.545,0.735,True,True,-0.18999999999999995,-0.2
1788329100,0.945,0.925,True,False,0.019999999999999907,0.0
1788324000,0.5,0.5,True,True,0.0,0.0
1788325500,0.065,0.1,False,False,-0.035,-0.05
1788326400,0.965,0.98,True,True,-0.015000000000000013,-0.0
1788330000,0.895,0.805,True,False,0.08999999999999997,0.1
1788330300,0.405,0.57,False,True,-0.16499999999999992,-0.15000000000000002
1788329400,0.265,0.075,True,False,0.19,0.2
1788328500,0.155,0.315,False,False,-0.16,-0.15000000000000002
1788329700,0.535,0.875,False,False,-0.33999999999999997,-0.35000000000000003
1788325800,0.085,0.045,False,False,0.04000000000000001,0.05
1788328800,0.085,0.165,False,False,-0.08,-0.1
1788331800,0.175,0.245,False,False,-0.07,-0.05
1788327000,0.205,0.335,True,True,-0.13000000000000003,-0.15000000000000002
1788330600,0.915,0.975,False,True,-0.05999999999999994,-0.05
1788334200,0.275,0.315,False,False,-0.03999999999999998,-0.05
1788332100,0.125,0.185,False,False,-0.06,-0.05
1788333600,0.075,0.075,False,False,0.0,0.0
1788331200,0.845,0.815,True,True,0.030000000000000027,0.05
1788332700,0.815,0.805,True,True,0.009999999999999898,0.0
1788332400,0.895,0.665,True,True,0.22999999999999998,0.25
1788330900,0.065,0.075,False,False,-0.009999999999999995,-0.0
1788336900,0.035,0.125,False,False,-0.09,-0.1
1788331500,0.975,0.945,True,True,0.030000000000000027,0.05
1788333900,0.78,0.525,True,False,0.255,0.25
1788335400,0.305,0.395,False,False,-0.09000000000000002,-0.1
1788335100,0.885,0.9,False,False,-0.015000000000000013,-0.0
1788333300,0.955,0.97,True,True,-0.015000000000000013,-0.0
1788336600,0.875,0.845,True,True,0.030000000000000027,0.05
1788327900,0.855,0.81,True,True,0.04499999999999993,0.05
1788334800,0.445,0.485,True,True,-0.03999999999999998,-0.05
1788336300,0.185,0.285,False,True,-0.09999999999999998,-0.1
1788337200,0.845,0.795,False,False,0.04999999999999993,0.05
1788336000,0.555,0.855,False,False,-0.29999999999999993,-0.30000000000000004
1788339300,0.245,0.415,False,False,-0.16999999999999998,-0.15000000000000002
1788337800,0.415,0.605,False,True,-0.19,-0.2
1788335700,0.735,0.64,False,False,0.09499999999999997,0.1
1788334500,0.835,0.845,False,False,-0.010000000000000009,-0.0
1788342300,0.715,0.495,False,False,0.21999999999999997,0.2
1788340200,0.535,0.63,True,True,-0.09499999999999997,-0.1
1788338400,0.575,0.51,False,False,0.06499999999999995,0.05
1788339000,0.425,0.385,False,False,0.03999999999999998,0.05
1788333000,0.205,0.475,False,True,-0.27,-0.25
1788341700,0.025,0.005,False,False,0.02,0.0
1788343200,0.795,0.785,True,True,0.010000000000000009,0.0
1788341100,0.125,0.15,False,False,-0.024999999999999994,-0.0
1788338700,0.275,0.145,False,False,0.13000000000000003,0.15000000000000002
1788341400,0.935,0.825,True,True,0.1100000000000001,0.1
1788342000,0.105,0.235,False,False,-0.13,-0.15000000000000002
1788337500,0.065,0.085,False,False,-0.020000000000000004,-0.0
1788338100,0.035,0.015,False,False,0.020000000000000004,0.0
1788344100,0.455,0.395,False,True,0.06,0.05
1788339600,0.715,0.555,True,True,0.15999999999999992,0.15000000000000002
1788344700,0.605,0.455,False,False,0.14999999999999997,0.15000000000000002
1788342600,0.845,0.575,True,True,0.27,0.25
1788344400,0.445,0.545,True,True,-0.10000000000000003,-0.1
1788347700,0.545,0.525,True,True,0.020000000000000018,0.0
1788340500,0.605,0.435,False,False,0.16999999999999998,0.15000000000000002
1788343800,0.275,0.245,True,False,0.030000000000000027,0.05
1788347100,0.165,0.165,False,False,0.0,0.0
1788345300,0.105,0.045,False,False,0.06,0.05
1788343500,0.085,0.245,False,False,-0.15999999999999998,-0.15000000000000002
1788345000,0.505,0.315,False,False,0.19,0.2
1788346800,0.785,0.835,True,True,-0.04999999999999993,-0.05
1788349800,0.275,0.305,False,True,-0.02999999999999997,-0.05
1788339900,0.955,0.965,True,True,-0.010000000000000009,-0.0
1788345600,0.875,0.865,False,False,0.010000000000000009,0.0
1788348900,0.685,0.545,True,True,0.14,0.15000000000000002
1788340800,0.075,0.025,False,False,0.049999999999999996,0.05
1788350100,0.465,0.455,True,True,0.010000000000000009,0.0
1788349500,0.265,0.195,False,False,0.07,0.05
1788348600,0.115,0.315,True,True,-0.2,-0.2
1788348000,0.225,0.445,False,False,-0.22,-0.2
1788349200,0.855,0.925,True,True,-0.07000000000000006,-0.05
1788346500,0.085,0.425,True,True,-0.33999999999999997,-0.35000000000000003
1788350400,0.925,0.825,True,True,0.10000000000000009,0.1
1788345900,0.425,0.275,True,True,0.14999999999999997,0.15000000000000002
1788347400,0.115,0.325,True,True,-0.21000000000000002,-0.2
1788346200,0.085,0.075,False,False,0.010000000000000009,0.0
1788352200,0.675,0.495,True,True,0.18000000000000005,0.2
1788352800,0.215,0.165,False,False,0.04999999999999999,0.05
1788356100,0.035,0.115,False,False,-0.08,-0.1
1788342900,0.535,0.615,True,False,-0.07999999999999996,-0.1
1788351600,0.885,0.785,True,True,0.09999999999999998,0.1
1788348300,0.155,0.445,False,False,-0.29000000000000004,-0.30000000000000004
1788354600,0.925,0.88,False,False,0.04500000000000004,0.05
1788351000,0.325,0.505,True,True,-0.18,-0.2
1788355800,0.955,0.945,True,True,0.010000000000000009,0.0
1788351300,0.765,0.85,True,True,-0.08499999999999996,-0.1
1788353400,0.255,0.115,False,False,0.14,0.15000000000000002
1788354900,0.775,0.665,True,False,0.10999999999999999,0.1
1788354000,0.085,0.315,False,False,-0.22999999999999998,-0.25
1788354300,0.955,0.975,True,True,-0.020000000000000018,-0.0
1788353700,0.355,0.275,False,False,0.07999999999999996,0.1
1788355500,0.055,0.245,False,False,-0.19,-0.2
1788355200,0.745,0.805,True,True,-0.06000000000000005,-0.05
1788350700,0.715,0.575,False,False,0.14,0.15000000000000002
1788353100,0.635,0.835,True,True,-0.19999999999999996,-0.2
1788356700,0.995,0.975,True,True,0.020000000000000018,0.0
1788357600,0.565,0.375,False,False,0.18999999999999995,0.2
1788357300,0.425,0.4,True,False,0.024999999999999967,0.0
1788360600,0.085,0.145,False,False,-0.059999999999999984,-0.05
1788351900,0.955,0.9,True,True,0.05499999999999994,0.05
1788358500,0.455,0.295,True,False,0.16000000000000003,0.15000000000000002
1788357000,0.235,0.395,False,False,-0.16000000000000003,-0.15000000000000002
1788359100,0.935,0.855,False,False,0.08000000000000007,0.1
1788352500,0.205,0.185,False,False,0.01999999999999999,0.0
1788360900,0.455,0.22,False,False,0.23500000000000001,0.25
1788360000,0.225,0.385,False,False,-0.16,-0.15000000000000002
1788356400,0.165,0.175,False,False,-0.009999999999999981,-0.0
1788357900,0.475,0.445,False,False,0.02999999999999997,0.05
1788361800,0.385,0.455,False,False,-0.07,-0.05
1788361500,0.095,0.095,True,True,0.0,0.0
1788361200,0.775,0.665,False,False,0.10999999999999999,0.1
1788365100,0.165,0.125,False,False,0.04000000000000001,0.05
1788358200,0.945,0.945,True,True,0.0,0.0
1788359400,0.525,0.37,True,True,0.15500000000000003,0.15000000000000002
1788358800,0.395,0.31,True,True,0.08500000000000002,0.1
1788362100,0.385,0.175,False,False,0.21000000000000002,0.2
1788363600,0.185,0.345,False,False,-0.15999999999999998,-0.15000000000000002
1788367200,0.055,0.055,False,False,0.0,0.0
1788362400,0.91,0.885,True,True,0.025000000000000022,0.05
1788359700,0.035,0.02,False,False,0.015000000000000003,0.0
1788363300,0.795,0.555,True,True,0.24,0.25
1788360300,0.865,0.925,True,True,-0.06000000000000005,-0.05
1788367500,0.115,0.12,False,False,-0.0049999999999999906,-0.0
1788363900,0.845,0.51,True,True,0.33499999999999996,0.35000000000000003
1788364500,0.595,0.345,True,False,0.25,0.25
1788366000,0.345,0.265,True,True,0.07999999999999996,0.1
1788362700,0.095,0.075,False,False,0.020000000000000004,0.0
1788368100,0.355,0.185,False,False,0.16999999999999998,0.15000000000000002
1788368700,0.525,0.255,False,False,0.27,0.25
1788369000,0.075,0.195,False,False,-0.12000000000000001,-0.1
1788365700,0.775,0.795,True,True,-0.020000000000000018,-0.0
1788365400,0.635,0.44,True,True,0.195,0.2
1788367800,0.325,0.555,True,True,-0.23000000000000004,-0.25
1788366600,0.735,0.4,False,False,0.33499999999999996,0.35000000000000003
1788366300,0.585,0.635,True,True,-0.050000000000000044,-0.05
1788364200,0.2,0.035,False,False,0.165,0.15000000000000002
1788363000,0.565,0.485,True,True,0.07999999999999996,0.1
1788369900,0.535,0.575,True,True,-0.039999999999999925,-0.05
1788370200,0.545,0.435,True,True,0.11000000000000004,0.1
1788364800,0.605,0.685,True,True,-0.08000000000000007,-0.1
1788366900,0.76,0.845,True,True,-0.08499999999999996,-0.1
1788372900,0.535,0.305,True,False,0.23000000000000004,0.25
1788371100,0.555,0.525,True,True,0.030000000000000027,0.05
1788372300,0.085,0.165,False,False,-0.08,-0.1
1788371400,0.955,0.975,True,True,-0.020000000000000018,-0.0
1788201900,0.965,0.945,True,True,0.020000000000000018,0.0
1788370800,0.315,0.635,False,False,-0.32,-0.30000000000000004
1788369600,0.775,0.525,False,False,0.25,0.25
1788372000,0.355,0.315,True,True,0.03999999999999998,0.05
1788368400,0.155,0.275,False,False,-0.12000000000000002,-0.1
1788200700,0.065,0.155,False,False,-0.09,-0.1
1788202200,0.025,0.035,False,False,-0.010000000000000002,-0.0
1788373200,0.645,0.545,True,True,0.09999999999999998,0.1
1788370500,0.665,0.725,True,True,-0.05999999999999994,-0.05
1788201600,0.915,0.935,True,True,-0.020000000000000018,-0.0
1788371700,0.265,0.375,False,False,-0.10999999999999999,-0.1
1788205200,0.845,0.675,False,False,0.16999999999999993,0.15000000000000002
1788203100,0.765,0.685,True,True,0.07999999999999996,0.1
1788204300,0.265,0.215,True,True,0.05000000000000002,0.05
1788372600,0.495,0.525,True,True,-0.030000000000000027,-0.05
1788203400,0.845,0.895,True,True,-0.050000000000000044,-0.05
1788203700,0.205,0.63,True,True,-0.42500000000000004,-0.4
1788201000,0.175,0.165,False,False,0.009999999999999981,0.0
1788204900,0.235,0.145,False,False,0.09,0.1
1788202500,0.305,0.385,False,False,-0.08000000000000002,-0.1
1788201300,0.455,0.515,False,False,-0.06,-0.05
1788207000,0.835,0.585,True,False,0.25,0.25
1788206100,0.125,0.285,False,False,-0.15999999999999998,-0.15000000000000002
1788207600,0.865,0.855,True,True,0.010000000000000009,0.0
1788369300,0.825,0.915,True,True,-0.09000000000000008,-0.1
1788204600,0.175,0.14,True,True,0.034999999999999976,0.05
1788210600,0.175,0.585,True,True,-0.41,-0.4
1788208200,0.195,0.08,False,False,0.115,0.1
1788205800,0.635,0.83,True,True,-0.19499999999999995,-0.2
1788204000,0.045,0.065,False,False,-0.020000000000000004,-0.0
1788209100,0.865,0.845,True,True,0.020000000000000018,0.0
1788208500,0.535,0.425,False,False,0.11000000000000004,0.1
1788205500,0.025,0.035,False,False,-0.010000000000000002,-0.0
1788206400,0.265,0.355,True,True,-0.08999999999999997,-0.1
1788207300,0.605,0.445,True,False,0.15999999999999998,0.15000000000000002
1788202800,0.735,0.74,True,True,-0.0050000000000000044,-0.0
1788210300,0.305,0.315,False,False,-0.010000000000000009,-0.0
1788207900,0.535,0.405,False,False,0.13,0.15000000000000002
1788213000,0.385,0.5,False,False,-0.11499999999999999,-0.1
1788210900,0.245,0.155,False,False,0.09,0.1
1788212700,0.775,0.535,True,True,0.24,0.25
1788215100,0.085,0.105,False,False,-0.01999999999999999,-0.0
1788213900,0.72,0.415,False,False,0.305,0.30000000000000004
1788209400,0.655,0.3,False,False,0.35500000000000004,0.35000000000000003
1788212100,0.565,0.755,True,True,-0.19000000000000006,-0.2
1788206700,0.295,0.355,False,False,-0.06,-0.05
1788213600,0.155,0.385,False,False,-0.23,-0.25
1788209700,0.845,0.785,True,True,0.05999999999999994,0.05
1788211200,0.365,0.255,False,False,0.10999999999999999,0.1
1788213300,0.225,0.35,False,False,-0.12499999999999997,-0.1
1788210000,0.165,0.12,False,False,0.04500000000000001,0.05
1788211500,0.685,0.805,True,True,-0.12,-0.1
1788212400,0.845,0.855,True,True,-0.010000000000000009,-0.0
1788214800,0.105,0.16,False,False,-0.05500000000000001,-0.05
1788214200,0.895,0.83,True,True,0.06500000000000006,0.05
1788217800,0.925,0.94,True,True,-0.014999999999999902,-0.0
1788218400,0.52,0.435,True,True,0.08500000000000002,0.1
1788215400,0.355,0.4,False,False,-0.04500000000000004,-0.05
1788219000,0.505,0.5,True,True,0.0050000000000000044,0.0
1788220500,0.505,0.5,True,False,0.0050000000000000044,0.0
1788216600,0.065,0.2,False,False,-0.135,-0.15000000000000002
1788208800,0.215,0.125,False,False,0.09,0.1
1788211800,0.965,0.955,True,True,0.010000000000000009,0.0
1788219600,0.505,0.5,False,False,0.0050000000000000044,0.0
1788214500,0.275,0.555,False,False,-0.28,-0.30000000000000004
1788220800,0.505,0.5,True,True,0.0050000000000000044,0.0
1788216900,0.405,0.635,True,True,-0.22999999999999998,-0.25
1788219300,0.505,0.5,False,False,0.0050000000000000044,0.0
1788216300,0.435,0.235,False,False,0.2,0.2
1788224400,0.5,0.5,False,False,0.0,0.0
1788222600,0.505,0.5,True,False,0.0050000000000000044,0.0
1788216000,0.275,0.255,False,False,0.020000000000000018,0.0
1788222300,0.505,0.5,True,True,0.0050000000000000044,0.0
1788217200,0.205,0.35,False,False,-0.145,-0.15000000000000002
1788215700,0.615,0.465,False,False,0.14999999999999997,0.15000000000000002
1788219900,0.505,0.7,True,True,-0.19499999999999995,-0.2
1788221700,0.505,0.5,True,True,0.0050000000000000044,0.0
1788218100,0.175,0.18,False,False,-0.0050000000000000044,-0.0
1788222000,0.505,0.5,True,True,0.0050000000000000044,0.0
1788223500,0.505,0.5,False,False,0.0050000000000000044,0.0
1788223200,0.505,0.5,True,True,0.0050000000000000044,0.0
1788221400,0.505,0.5,True,True,0.0050000000000000044,0.0
1788217500,0.055,0.075,False,False,-0.019999999999999997,-0.0
1788220200,0.505,0.74,False,False,-0.235,-0.25
1788223800,0.505,0.5,True,True,0.0050000000000000044,0.0
1788218700,0.505,0.5,True,True,0.0050000000000000044,0.0
1788226200,0.035,0.025,False,False,0.010000000000000002,0.0
1788225900,0.505,0.395,False,False,0.10999999999999999,0.1
1788222900,0.505,0.5,False,False,0.0050000000000000044,0.0
1788221100,0.505,0.5,True,False,0.0050000000000000044,0.0
1788228300,0.105,0.105,False,False,0.0,0.0
1788225300,0.175,0.155,False,False,0.01999999999999999,0.0
1788225600,0.265,0.265,True,True,0.0,0.0
1788229200,0.575,0.465,False,False,0.10999999999999993,0.1
1788227100,0.775,0.725,True,True,0.050000000000000044,0.05
1788226500,0.495,0.375,False,False,0.12,0.1
1788224700,0.5,0.5,True,True,0.0,0.0
1788228900,0.385,0.445,False,False,-0.06,-0.05
1788230700,0.615,0.675,True,True,-0.06000000000000005,-0.05
1788224100,0.505,0.5,False,False,0.0050000000000000044,0.0
1788228000,0.185,0.345,False,False,-0.15999999999999998,-0.15000000000000002
1788225000,0.985,0.97,True,True,0.015000000000000013,0.0
1788232500,0.825,0.915,False,True,-0.09000000000000008,-0.1
1788231300,0.865,0.585,True,False,0.28,0.30000000000000004
1788227700,0.185,0.265,False,False,-0.08000000000000002,-0.1
1788229500,0.825,0.905,True,True,-0.08000000000000007,-0.1
1788230400,0.345,0.155,False,False,0.18999999999999997,0.2
1788226800,0.965,0.965,True,True,0.0,0.0
1788234900,0.825,0.515,True,False,0.30999999999999994,0.30000000000000004
1788229800,0.425,0.625,False,False,-0.2,-0.2
1788234600,0.065,0.11,False,False,-0.045,-0.05
1788233100,0.175,0.095,False,False,0.07999999999999999,0.1
1788235800,0.175,0.115,True,True,0.059999999999999984,0.05
1788235200,0.405,0.315,False,False,0.09000000000000002,0.1
1788231000,0.595,0.475,True,True,0.12,0.1
1788227400,0.025,0.025,False,False,0.0,0.0
1788228600,0.285,0.455,False,False,-0.17000000000000004,-0.15000000000000002
1788232200,0.635,0.405,False,False,0.22999999999999998,0.25
1788230100,0.985,0.915,True,True,0.06999999999999995,0.05
1788231600,0.645,0.845,True,True,-0.19999999999999996,-0.2
1788232800,0.915,0.835,True,True,0.08000000000000007,0.1
1788233700,0.945,0.95,True,True,-0.0050000000000000044,-0.0
1788233400,0.315,0.63,True,True,-0.315,-0.30000000000000004
1788238500,0.055,0.105,False,False,-0.049999999999999996,-0.05
1788231900,0.355,0.56,True,True,-0.20500000000000007,-0.2
1788236700,0.595,0.445,True,True,0.14999999999999997,0.15000000000000002
1788237900,0.085,0.065,False,False,0.020000000000000004,0.0
1788240300,0.075,0.235,False,False,-0.15999999999999998,-0.15000000000000002
1788236100,0.255,0.325,False,False,-0.07,-0.05
1788237300,0.385,0.275,False,False,0.10999999999999999,0.1
1788236400,0.955,0.955,True,True,0.0,0.0
1788237600,0.115,0.245,False,False,-0.13,-0.15000000000000002
1788239700,0.065,0.085,False,False,-0.020000000000000004,-0.0
1788239400,0.855,0.905,True,True,-0.050000000000000044,-0.05
1788240000,0.675,0.73,False,False,-0.05499999999999994,-0.05
1788241500,0.825,0.795,True,True,0.029999999999999916,0.05
1788242400,0.705,0.67,True,True,0.03499999999999992,0.05
1788235500,0.965,0.925,True,False,0.039999999999999925,0.05
1788238200,0.775,0.335,True,True,0.44,0.45
1788239100,0.865,0.825,True,True,0.040000000000000036,0.05
1788242700,0.135,0.21,False,False,-0.07499999999999998,-0.05
1788234000,0.985,0.975,True,True,0.010000000000000009,0.0
1788243600,0.055,0.115,False,False,-0.060000000000000005,-0.05
1788244500,0.695,0.735,True,True,-0.040000000000000036,-0.05
1788241800,0.135,0.175,True,True,-0.03999999999999998,-0.05
1788240900,0.715,0.905,True,True,-0.19000000000000006,-0.2
1788243000,0.115,0.145,False,False,-0.029999999999999985,-0.05
1788244200,0.735,0.745,True,True,-0.010000000000000009,-0.0
1788242100,0.095,0.52,False,True,-0.42500000000000004,-0.4
1788234300,0.495,0.445,False,False,0.04999999999999999,0.05
1788237000,0.935,0.93,True,True,0.0050000000000000044,0.0
1788243900,0.545,0.565,False,False,-0.019999999999999907,-0.0
1788245400,0.315,0.335,False,False,-0.020000000000000018,-0.0
1788245100,0.275,0.46,False,False,-0.185,-0.2
1788244800,0.095,0.105,False,False,-0.009999999999999995,-0.0
1788243300,0.675,0.475,True,False,0.20000000000000007,0.2
1788238800,0.395,0.215,False,False,0.18000000000000002,0.2
1788240600,0.965,0.945,True,True,0.020000000000000018,0.0
1788241200,0.655,0.83,True,True,-0.17499999999999993,-0.15000000000000002
1788246600,0.255,0.175,True,True,0.08000000000000002,0.1
1788245700,0.145,0.225,False,False,-0.08000000000000002,-0.1
1788250800,0.695,0.665,False,False,0.029999999999999916,0.05
1788248700,0.445,0.34,True,True,0.10499999999999998,0.1
1788246300,0.735,0.855,True,True,-0.12,-0.1
1788248400,0.025,0.035,False,False,-0.010000000000000002,-0.0
1788247500,0.755,0.845,True,True,-0.08999999999999997,-0.1
1788247800,0.575,0.835,False,False,-0.26,-0.25
1788249900,0.185,0.66,False,False,-0.47500000000000003,-0.5
1788247200,0.915,0.935,True,True,-0.020000000000000018,-0.0
1788250500,0.545,0.715,False,True,-0.16999999999999993,-0.15000000000000002
1788248100,0.78,0.635,True,True,0.14500000000000002,0.15000000000000002
1788249600,0.425,0.615,False,False,-0.19,-0.2
1788252300,0.215,0.095,False,False,0.12,0.1
1788251100,0.755,0.805,False,True,-0.050000000000000044,-0.05
1788249000,0.335,0.285,True,True,0.050000000000000044,0.05
1788254700,0.875,0.935,True,True,-0.06000000000000005,-0.05
1788251400,0.055,0.115,False,False,-0.060000000000000005,-0.05
1788253200,0.225,0.385,False,False,-0.16,-0.15000000000000002
1788249300,0.535,0.725,True,True,-0.18999999999999995,-0.2
1788254100,0.185,0.48,False,False,-0.295,-0.30000000000000004
1788252900,0.095,0.13,True,False,-0.035,-0.05
1788259200,0.565,0.415,True,True,0.14999999999999997,0.15000000000000002
1788253800,0.525,0.325,True,False,0.2,0.2
1788246900,0.065,0.125,False,False,-0.06,-0.05
1788256200,0.155,0.115,False,False,0.039999999999999994,0.05
1788246000,0.165,0.09,False,False,0.07500000000000001,0.1
1788251700,0.465,0.335,True,True,0.13,0.15000000000000002
1788252000,0.755,0.835,True,True,-0.07999999999999996,-0.1
1788253500,0.305,0.115,False,False,0.19,0.2
1788250200,0.015,0.02,False,False,-0.005000000000000001,-0.0
1788255300,0.695,0.465,False,False,0.22999999999999993,0.25
1788252600,0.785,0.825,False,False,-0.039999999999999925,-0.05
1788255900,0.935,0.815,True,True,0.1200000000000001,0.1
1788258000,0.635,0.705,False,False,-0.06999999999999995,-0.05
1788256800,0.42,0.455,False,True,-0.03500000000000003,-0.05
1788259500,0.505,0.375,False,False,0.13,0.15000000000000002
1788261000,0.185,0.385,False,False,-0.2,-0.2
1788257400,0.305,0.41,False,False,-0.10499999999999998,-0.1
1788255600,0.095,0.265,False,True,-0.17,-0.15000000000000002
1788262500,0.855,0.825,True,True,0.030000000000000027,0.05
1788256500,0.655,0.845,False,False,-0.18999999999999995,-0.2
1788261900,0.045,0.11,False,False,-0.065,-0.05
1788255000,0.315,0.885,False,True,-0.5700000000000001,-0.55
1788258300,0.995,0.975,True,True,0.020000000000000018,0.0
1788259800,0.815,0.755,False,False,0.05999999999999994,0.05
1788260100,0.165,0.105,False,False,0.06000000000000001,0.05
1788257100,0.955,0.785,True,False,0.16999999999999993,0.15000000000000002
1788261300,0.785,0.645,True,True,0.14,0.15000000000000002
1788257700,0.525,0.445,True,True,0.08000000000000002,0.1
1788262200,0.475,0.385,True,True,0.08999999999999997,0.1
1788261600,0.825,0.795,True,True,0.029999999999999916,0.05
1788258900,0.985,0.955,True,True,0.030000000000000027,0.05
1788260700,0.085,0.055,True,False,0.030000000000000006,0.05
1788254400,0.665,0.405,True,False,0.26,0.25
1788258600,0.535,0.455,False,False,0.08000000000000002,0.1
1788264300,0.025,0.025,False,False,0.0,0.0
1788265800,0.875,0.895,True,True,-0.020000000000000018,-0.0
1788265500,0.345,0.495,False,False,-0.15000000000000002,-0.15000000000000002
1788260400,0.625,0.455,True,True,0.16999999999999998,0.15000000000000002
1788263700,0.935,0.935,True,True,0.0,0.0
1788263100,0.515,0.805,False,False,-0.29000000000000004,-0.30000000000000004
1788266400,0.165,0.065,False,False,0.1,0.1
1788262800,0.965,0.965,True,True,0.0,0.0
1788266100,0.035,0.025,False,False,0.010000000000000002,0.0
1788264000,0.045,0.015,False,False,0.03,0.05
1788269700,0.655,0.635,False,False,0.020000000000000018,0.0
1788267900,0.075,0.15,False,False,-0.075,-0.05
1788267300,0.555,0.465,False,False,0.09000000000000002,0.1
1788264600,0.735,0.515,True,True,0.21999999999999997,0.2
1788267600,0.745,0.715,False,True,0.030000000000000027,0.05
1788269100,0.67,0.685,False,True,-0.015000000000000013,-0.0
1788270600,0.705,0.525,True,True,0.17999999999999994,0.2
1788270900,0.705,0.555,False,False,0.1499999999999999,0.15000000000000002
1788271500,0.955,0.955,True,True,0.0,0.0
1788265200,0.915,0.945,False,False,-0.029999999999999916,-0.05
1788267000,0.725,0.535,True,True,0.18999999999999995,0.2
1788268500,0.685,0.725,False,True,-0.039999999999999925,-0.05
1788266700,0.81,0.365,True,True,0.44500000000000006,0.45
1788270000,0.075,0.115,False,False,-0.04000000000000001,-0.05
1788273900,0.295,0.22,False,False,0.07499999999999998,0.05
1788272100,0.215,0.335,False,False,-0.12000000000000002,-0.1
1788270300,0.375,0.355,True,True,0.020000000000000018,0.0
1788268800,0.605,0.565,False,False,0.040000000000000036,0.05
1788271200,0.595,0.525,False,False,0.06999999999999995,0.05
1788264900,0.485,0.425,False,False,0.06,0.05
1788273000,0.905,0.935,True,True,-0.030000000000000027,-0.05
1788276300,0.625,0.72,False,True,-0.09499999999999997,-0.1
1788274200,0.735,0.855,True,True,-0.12,-0.1
1788278100,0.675,0.875,False,True,-0.19999999999999996,-0.2
1788263400,0.685,0.515,False,False,0.17000000000000004,0.15000000000000002
1788275100,0.015,0.055,False,False,-0.04,-0.05
1788274500,0.255,0.135,False,False,0.12,0.1
1788271800,0.845,0.825,True,True,0.020000000000000018,0.0
1788275400,0.675,0.69,False,False,-0.014999999999999902,-0.0
1788273600,0.725,0.555,True,True,0.16999999999999993,0.15000000000000002
1788272700,0.735,0.795,True,True,-0.06000000000000005,-0.05
1788269400,0.825,0.915,True,True,-0.09000000000000008,-0.1
1788275700,0.265,0.455,True,True,-0.19,-0.2
1788273300,0.435,0.535,True,True,-0.10000000000000003,-0.1
1788268200,0.155,0.135,False,False,0.01999999999999999,0.0
1788272400,0.785,0.785,False,False,0.0,0.0
1788277500,0.695,0.715,True,True,-0.020000000000000018,-0.0
1788276000,0.395,0.365,True,True,0.030000000000000027,0.05
1788276900,0.195,0.295,True,True,-0.09999999999999998,-0.1
1788280200,0.895,0.835,True,True,0.06000000000000005,0.05
1788277200,0.515,0.575,True,False,-0.05999999999999994,-0.05
1788281700,0.465,0.595,True,True,-0.12999999999999995,-0.15000000000000002
1788278700,0.105,0.055,False,False,0.049999999999999996,0.05
1788279300,0.255,0.155,False,False,0.1,0.1
1788277800,0.595,0.64,True,True,-0.04500000000000004,-0.05
1788274800,0.115,0.105,False,False,0.010000000000000009,0.0
1788279000,0.495,0.315,False,False,0.18,0.2
1788280800,0.035,0.005,False,True,0.030000000000000002,0.05
1788276600,0.235,0.435,True,True,-0.2,-0.2
1788279600,0.55,0.685,False,False,-0.135,-0.15000000000000002
1788278400,0.305,0.445,False,False,-0.14,-0.15000000000000002
1788282300,0.595,0.52,False,False,0.07499999999999996,0.05
1788286500,0.585,0.805,True,True,-0.22000000000000008,-0.2
1788282000,0.335,0.38,False,False,-0.044999999999999984,-0.05
1788283800,0.075,0.075,False,False,0.0,0.0
1788280500,0.045,0.045,False,False,0.0,0.0
1788282600,0.135,0.265,False,True,-0.13,-0.15000000000000002
1788281400,0.895,0.805,True,True,0.08999999999999997,0.1
1788282900,0.345,0.585,False,True,-0.24,-0.25
1788284400,0.585,0.43,False,False,0.15499999999999997,0.15000000000000002
1788279900,0.095,0.065,False,False,0.03,0.05
1788285300,0.115,0.045,False,False,0.07,0.05
1788115800,0.275,0.355,False,False,-0.07999999999999996,-0.1
1788281100,0.855,0.895,False,False,-0.040000000000000036,-0.05
1788284100,0.925,0.945,True,True,-0.019999999999999907,-0.0
1788114300,0.505,0.5,False,True,0.0050000000000000044,0.0
1788116100,0.405,0.245,False,False,0.16000000000000003,0.15000000000000002
1788283200,0.155,0.045,True,True,0.11,0.1
1788285900,0.185,0.25,False,False,-0.065,-0.05
1788286800,0.105,0.295,False,False,-0.19,-0.2
1788284700,0.505,0.675,False,False,-0.17000000000000004,-0.15000000000000002
1788285000,0.025,0.015,False,False,0.010000000000000002,0.0
1788117300,0.545,0.88,True,True,-0.33499999999999996,-0.35000000000000003
1788116400,0.545,0.625,True,True,-0.07999999999999996,-0.1
1788283500,0.665,0.66,True,True,0.0050000000000000044,0.0
1788119700,0.895,0.745,True,True,0.15000000000000002,0.15000000000000002
1788286200,0.305,0.26,False,False,0.044999999999999984,0.05
1788285600,0.485,0.395,False,False,0.08999999999999997,0.1
1788117600,0.115,0.155,False,False,-0.039999999999999994,-0.05
1788114600,0.505,0.525,True,True,-0.020000000000000018,-0.0
1788118800,0.095,0.055,False,False,0.04,0.05
1788116700,0.195,0.145,False,False,0.05000000000000002,0.05
1788117900,0.075,0.105,False,False,-0.03,-0.05
1788120600,0.125,0.23,False,True,-0.10500000000000001,-0.1
1788117000,0.095,0.14,True,True,-0.04500000000000001,-0.05
1788118200,0.615,0.495,False,False,0.12,0.1
1788118500,0.805,0.725,False,False,0.08000000000000007,0.1
1788121500,0.815,0.705,True,True,0.10999999999999999,0.1
1788120000,0.585,0.8,True,True,-0.21500000000000008,-0.2
1788120900,0.655,0.295,True,False,0.36000000000000004,0.35000000000000003
1788123300,0.875,0.885,True,True,-0.010000000000000009,-0.0
1788115200,0.3,0.355,True,True,-0.05499999999999999,-0.05
1788114900,0.985,0.775,True,True,0.20999999999999996,0.2
1788115500,0.185,0.125,False,False,0.06,0.05
1788121800,0.215,0.155,False,False,0.06,0.05
1788120300,0.855,0.94,True,True,-0.08499999999999996,-0.1
1788119400,0.525,0.475,False,False,0.050000000000000044,0.05
1788119100,0.755,0.685,False,False,0.06999999999999995,0.05
1788127200,0.835,0.835,True,True,0.0,0.0
1788126000,0.345,0.495,False,False,-0.15000000000000002,-0.15000000000000002
1788123000,0.385,0.445,True,True,-0.06,-0.05
1788123900,0.015,0.005,False,False,0.009999999999999998,0.0
1788124200,0.325,0.295,True,False,0.030000000000000027,0.05
1788127800,0.155,0.145,False,False,0.010000000000000009,0.0
1788128100,0.105,0.03,False,False,0.075,0.05
1788122400,0.955,0.935,False,False,0.019999999999999907,0.0
1788124800,0.795,0.785,True,True,0.010000000000000009,0.0
1788123600,0.285,0.065,False,False,0.21999999999999997,0.2
1788122700,0.225,0.055,False,False,0.17,0.15000000000000002
1788125700,0.695,0.585,True,True,0.10999999999999999,0.1
1788125400,0.905,0.93,True,True,-0.025000000000000022,-0.05
1788126900,0.775,0.675,True,True,0.09999999999999998,0.1
1788122100,0.005,0.005,False,False,0.0,0.0
1788124500,0.355,0.365,True,False,-0.010000000000000009,-0.0
1788128400,0.035,0.045,False,True,-0.009999999999999995,-0.0
1788129900,0.885,0.925,True,True,-0.040000000000000036,-0.05
1788129000,0.155,0.225,False,False,-0.07,-0.05
1788128700,0.095,0.17,False,False,-0.07500000000000001,-0.1
1788125100,0.525,0.605,False,False,-0.07999999999999996,-0.1
1788121200,0.66,0.575,False,False,0.08500000000000008,0.1
1788126600,0.225,0.24,False,False,-0.014999999999999986,-0.0
1788126300,0.185,0.54,False,True,-0.35500000000000004,-0.35000000000000003
1788134100,0.935,0.945,True,True,-0.009999999999999898,-0.0
1788131700,0.985,0.815,True,False,0.17000000000000004,0.15000000000000002
1788133200,0.375,0.355,False,False,0.020000000000000018,0.0
1788135000,0.095,0.335,False,False,-0.24000000000000002,-0.25
1788127500,0.885,0.875,True,True,0.010000000000000009,0.0
1788136500,0.785,0.545,True,True,0.24,0.25
1788131400,0.575,0.68,True,True,-0.1050000000000001,-0.1
1788130500,0.255,0.165,True,False,0.09,0.1
1788129300,0.775,0.41,True,False,0.36500000000000005,0.35000000000000003
1788129600,0.195,0.465,True,True,-0.27,-0.25
1788130800,0.845,0.795,False,True,0.04999999999999993,0.05
1788132900,0.685,0.475,True,False,0.21000000000000008,0.2
1788136800,0.985,0.965,True,True,0.020000000000000018,0.0
1788136200,0.305,0.435,False,False,-0.13,-0.15000000000000002
1788135600,0.935,0.965,True,True,-0.029999999999999916,-0.05
1788138900,0.305,0.595,False,True,-0.29,-0.30000000000000004
1788130200,0.275,0.355,False,False,-0.07999999999999996,-0.1
1788133500,0.205,0.435,False,True,-0.23,-0.25
1788132000,0.355,0.25,False,False,0.10499999999999998,0.1
1788131100,0.155,0.105,False,False,0.05,0.05
1788132300,0.765,0.375,False,False,0.39,0.4
1788133800,0.135,0.055,False,False,0.08000000000000002,0.1
1788134400,0.845,0.865,True,True,-0.020000000000000018,-0.0
1788132600,0.755,0.575,False,False,0.18000000000000005,0.2
1788139800,0.415,0.57,True,True,-0.15499999999999997,-0.15000000000000002
1788134700,0.475,0.44,True,True,0.034999999999999976,0.05
1788138600,0.505,0.505,False,False,0.0,0.0
1788137100,0.685,0.555,True,False,0.13,0.15000000000000002
1788137700,0.5,0.5,True,True,0.0,0.0
1788135300,0.925,0.915,True,True,0.010000000000000009,0.0
1788141600,0.395,0.165,False,False,0.23,0.25
1788137400,0.495,0.5,False,False,-0.0050000000000000044,-0.0
1788135900,0.815,0.725,True,True,0.08999999999999997,0.1
1788141900,0.175,0.565,False,True,-0.38999999999999996,-0.4
1788139200,0.445,0.445,True,True,0.0,0.0
1788142500,0.945,0.905,True,True,0.039999999999999925,0.05
1788138000,0.505,0.5,False,False,0.0050000000000000044,0.0
1788142200,0.99,0.925,True,True,0.06499999999999995,0.05
1788141300,0.535,0.55,False,False,-0.015000000000000013,-0.0
1788143700,0.525,0.58,False,False,-0.05499999999999994,-0.05
1788146400,0.345,0.415,False,False,-0.07,-0.05
1788140100,0.165,0.135,False,False,0.03,0.05
1788138300,0.505,0.5,False,False,0.0050000000000000044,0.0
1788144000,0.185,0.525,False,False,-0.34,-0.35000000000000003
1788141000,0.735,0.555,False,False,0.17999999999999994,0.2
1788145800,0.475,0.575,True,True,-0.09999999999999998,-0.1
1788144300,0.295,0.315,False,False,-0.020000000000000018,-0.0
1788142800,0.225,0.175,False,False,0.05000000000000002,0.05
1788140400,0.885,0.895,True,True,-0.010000000000000009,-0.0
1788145200,0.495,0.915,False,True,-0.42000000000000004,-0.4
1788144900,0.035,0.06,False,False,-0.024999999999999994,-0.0
1788147000,0.405,0.175,False,False,0.23000000000000004,0.25
1788140700,0.565,0.55,False,False,0.014999999999999902,0.0
1788139500,0.695,0.43,True,True,0.26499999999999996,0.25
1788147600,0.895,0.835,True,True,0.06000000000000005,0.05
1788145500,0.705,0.505,True,True,0.19999999999999996,0.2
1788144600,0.605,0.42,False,False,0.185,0.2
1788146100,0.865,0.91,True,True,-0.04500000000000004,-0.05
1788147900,0.265,0.235,True,True,0.030000000000000027,0.05
1788147300,0.275,0.365,False,False,-0.08999999999999997,-0.1
1788143100,0.385,0.145,False,False,0.24000000000000002,0.25
1788153000,0.765,0.715,True,True,0.050000000000000044,0.05
1788143400,0.565,0.27,True,False,0.29499999999999993,0.30000000000000004
1788151500,0.585,0.585,True,True,0.0,0.0
1788153300,0.715,0.575,True,True,0.14,0.15000000000000002
1788149700,0.495,0.515,False,False,-0.020000000000000018,-0.0
1788149400,0.965,0.945,True,True,0.020000000000000018,0.0
1788148800,0.275,0.25,False,False,0.025000000000000022,0.05
1788150300,0.535,0.805,False,False,-0.27,-0.25
1788154200,0.63,0.645,False,False,-0.015000000000000013,-0.0
1788152700,0.035,0.095,False,True,-0.06,-0.05
1788153900,0.395,0.46,True,True,-0.065,-0.05
1788151200,0.825,0.795,True,True,0.029999999999999916,0.05
1788148500,0.165,0.305,False,False,-0.13999999999999999,-0.15000000000000002
1788155700,0.755,0.765,True,True,-0.010000000000000009,-0.0
1788154500,0.625,0.61,True,True,0.015000000000000013,0.0
1788148200,0.445,0.535,True,True,-0.09000000000000002,-0.1
1788155400,0.735,0.765,True,True,-0.030000000000000027,-0.05
1788154800,0.045,0.08,False,False,-0.035,-0.05
1788152100,0.495,0.855,True,True,-0.36,-0.35000000000000003
1788152400,0.355,0.515,True,True,-0.16000000000000003,-0.15000000000000002
1788146700,0.915,0.955,True,True,-0.039999999999999925,-0.05
1788150000,0.365,0.575,False,False,-0.20999999999999996,-0.2
1788151800,0.145,0.125,False,False,0.01999999999999999,0.0
1788149100,0.075,0.055,False,False,0.019999999999999997,0.0
1788150900,0.155,0.385,False,False,-0.23,-0.25
1788156300,0.595,0.545,True,False,0.04999999999999993,0.05
1788155100,0.935,0.965,True,True,-0.029999999999999916,-0.05
1788156000,0.075,0.095,True,True,-0.020000000000000004,-0.0
1788153600,0.855,0.9,True,True,-0.04500000000000004,-0.05
1788150600,0.355,0.445,True,True,-0.09000000000000002,-0.1
1788157500,0.115,0.125,False,False,-0.009999999999999995,-0.0
1788157200,0.925,0.925,True,True,0.0,0.0
1788160500,0.505,0.505,True,False,0.0,0.0
1788160800,0.505,0.505,True,True,0.0,0.0
1788158700,0.505,0.5,True,True,0.0050000000000000044,0.0
1788162000,0.505,0.505,True,True,0.0,0.0
1788159300,0.505,0.505,True,False,0.0,0.0
1788161400,0.505,0.495,False,False,0.010000000000000009,0.0
1788162300,0.505,0.505,True,False,0.0,0.0
1788161700,0.505,0.505,False,False,0.0,0.0
1788159600,0.505,0.505,False,False,0.0,0.0
1788159000,0.505,0.505,False,False,0.0,0.0
1788160200,0.505,0.505,True,True,0.0,0.0
1788162600,0.505,0.505,False,False,0.0,0.0
1788156600,0.045,0.135,False,False,-0.09000000000000001,-0.1
1788158100,0.095,0.11,False,False,-0.015,-0.0
1788159900,0.505,0.505,False,False,0.0,0.0
1788163500,0.505,0.505,False,False,0.0,0.0
1788157800,0.965,0.975,True,True,-0.010000000000000009,-0.0
1788156900,0.795,0.725,True,True,0.07000000000000006,0.05
1788158400,0.495,0.405,True,True,0.08999999999999997,0.1
1788161100,0.505,0.505,True,True,0.0,0.0
1788165300,0.505,0.505,True,True,0.0,0.0
1788162900,0.505,0.505,False,False,0.0,0.0
1788164100,0.505,0.505,True,True,0.0,0.0
1788164700,0.505,0.505,False,False,0.0,0.0
1788167100,0.505,0.505,False,False,0.0,0.0
1788165000,0.505,0.505,True,True,0.0,0.0
1788163200,0.505,0.495,False,True,0.010000000000000009,0.0
1788166200,0.505,0.505,True,True,0.0,0.0
1788163800,0.505,0.505,True,True,0.0,0.0
1788170100,0.505,0.505,False,False,0.0,0.0
1788167700,0.505,0.505,False,False,0.0,0.0
1788167400,0.505,0.505,True,True,0.0,0.0
1788164400,0.505,0.495,False,False,0.010000000000000009,0.0
1788170400,0.505,0.505,False,False,0.0,0.0
1788166800,0.505,0.505,True,False,0.0,0.0
1788168900,0.505,0.505,False,True,0.0,0.0
1788166500,0.505,0.505,True,True,0.0,0.0
1788169200,0.505,0.505,False,False,0.0,0.0
1788171300,0.505,0.505,True,True,0.0,0.0
1788170700,0.505,0.505,False,False,0.0,0.0
1788169800,0.505,0.505,False,True,0.0,0.0
1788172800,0.5,0.53,True,True,-0.030000000000000027,-0.05
1788168300,0.505,0.505,True,True,0.0,0.0
1788174300,0.265,0.425,False,False,-0.15999999999999998,-0.15000000000000002
1788172500,0.5,0.475,False,False,0.025000000000000022,0.05
1788165600,0.505,0.505,True,False,0.0,0.0
1788165900,0.505,0.505,True,True,0.0,0.0
1788171600,0.505,0.505,False,False,0.0,0.0
1788173400,0.685,0.2,True,False,0.48500000000000004,0.5
1788173100,0.115,0.25,True,True,-0.135,-0.15000000000000002
1788169500,0.505,0.505,True,True,0.0,0.0
1788168000,0.505,0.505,True,True,0.0,0.0
1788168600,0.505,0.505,False,False,0.0,0.0
1788177600,0.715,0.785,True,True,-0.07000000000000006,-0.05
1788171900,0.505,0.505,False,False,0.0,0.0
1788178800,0.545,0.535,True,True,0.010000000000000009,0.0
1788177000,0.535,0.395,False,False,0.14,0.15000000000000002
1788174600,0.885,0.915,False,False,-0.030000000000000027,-0.05
1788176400,0.095,0.105,False,False,-0.009999999999999995,-0.0
1788172200,0.505,0.505,True,True,0.0,0.0
1788175200,0.09,0.185,False,True,-0.095,-0.1
1788179400,0.025,0.095,False,False,-0.07,-0.05
1788173700,0.895,0.945,True,True,-0.04999999999999993,-0.05
1788177300,0.605,0.715,False,False,-0.10999999999999999,-0.1
1788180600,0.325,0.495,False,False,-0.16999999999999998,-0.15000000000000002
1788177900,0.955,0.755,True,True,0.19999999999999996,0.2
1788178500,0.27,0.325,False,False,-0.05499999999999999,-0.05
1788174900,0.705,0.815,True,True,-0.10999999999999999,-0.1
1788178200,0.505,0.375,False,False,0.13,0.15000000000000002
1788171000,0.505,0.505,False,False,0.0,0.0
1788175500,0.125,0.215,False,False,-0.09,-0.1
1788180000,0.625,0.485,False,False,0.14,0.15000000000000002
1788180300,0.035,0.125,False,False,-0.09,-0.1
1788175800,0.145,0.155,False,False,-0.010000000000000009,-0.0
1788180900,0.695,0.595,True,True,0.09999999999999998,0.1
1788176700,0.255,0.415,False,False,-0.15999999999999998,-0.15000000000000002
1788174000,0.375,0.375,True,True,0.0,0.0
1788179700,0.095,0.155,False,False,-0.06,-0.05
1788179100,0.065,0.485,False,True,-0.42,-0.4
1788184200,0.145,0.215,False,False,-0.07,-0.05
1788181800,0.555,0.455,True,False,0.10000000000000003,0.1
1788182100,0.555,0.465,True,True,0.09000000000000002,0.1
1788183600,0.335,0.245,True,True,0.09000000000000002,0.1
1788176100,0.615,0.475,False,False,0.14,0.15000000000000002
1788181500,0.985,0.955,True,True,0.030000000000000027,0.05
1788182700,0.925,0.925,True,True,0.0,0.0
1788184800,0.945,0.915,True,False,0.029999999999999916,0.05
1788185400,0.125,0.095,True,False,0.03,0.05
1788187200,0.875,0.925,True,True,-0.050000000000000044,-0.05
1788182400,0.235,0.385,False,False,-0.15000000000000002,-0.15000000000000002
1788187500,0.985,0.985,True,True,0.0,0.0
1788185700,0.105,0.085,False,False,0.01999999999999999,0.0
1788181200,0.585,0.585,True,True,0.0,0.0
1788186900,0.715,0.645,True,True,0.06999999999999995,0.05
1788183900,0.735,0.715,False,False,0.020000000000000018,0.0
1788189300,0.055,0.075,False,False,-0.019999999999999997,-0.0
1788183300,0.935,0.945,False,False,-0.009999999999999898,-0.0
1788183000,0.055,0.025,False,False,0.03,0.05
1788188400,0.975,0.965,True,True,0.010000000000000009,0.0
1788189900,0.955,0.955,True,True,0.0,0.0
1788188100,0.365,0.435,False,False,-0.07,-0.05
1788186600,0.575,0.405,True,True,0.16999999999999993,0.15000000000000002
1788192300,0.825,0.665,True,True,0.15999999999999992,0.15000000000000002
1788186300,0.215,0.285,False,False,-0.06999999999999998,-0.05
1788192600,0.825,0.805,False,False,0.019999999999999907,0.0
1788191700,0.475,0.685,False,False,-0.21000000000000008,-0.2
1788189000,0.685,0.635,True,False,0.050000000000000044,0.05
1788184500,0.465,0.145,False,False,0.32000000000000006,0.30000000000000004
1788190500,0.615,0.625,True,True,-0.010000000000000009,-0.0
1788186000,0.375,0.515,True,True,-0.14,-0.15000000000000002
1788190800,0.645,0.535,False,False,0.10999999999999999,0.1
1788191100,0.785,0.655,True,True,0.13,0.15000000000000002
1788185100,0.555,0.535,True,True,0.020000000000000018,0.0
1788193200,0.085,0.23,True,True,-0.14500000000000002,-0.15000000000000002
1788193500,0.125,0.095,False,False,0.03,0.05
1788194100,0.585,0.625,False,True,-0.040000000000000036,-0.05
1788193800,0.445,0.28,True,False,0.16499999999999998,0.15000000000000002
1788188700,0.315,0.525,False,False,-0.21000000000000002,-0.2
1788194700,0.795,0.815,True,True,-0.019999999999999907,-0.0
1788192000,0.615,0.385,False,False,0.22999999999999998,0.25
1788196200,0.565,0.575,True,True,-0.010000000000000009,-0.0
1788195900,0.375,0.36,True,False,0.015000000000000013,0.0
1788190200,0.515,0.485,True,True,0.030000000000000027,0.05
1788196800,0.065,0.18,False,False,-0.11499999999999999,-0.1
1788192900,0.975,0.855,True,False,0.12,0.1
1788191400,0.175,0.145,False,False,0.03,0.05
1788187800,0.055,0.135,False,False,-0.08000000000000002,-0.1
1788189600,0.725,0.785,False,True,-0.06000000000000005,-0.05
1788198300,0.895,0.825,True,True,0.07000000000000006,0.05
1788195000,0.175,0.315,False,True,-0.14,-0.15000000000000002
1788198900,0.775,0.85,True,True,-0.07499999999999996,-0.05
1788197400,0.145,0.045,False,False,0.09999999999999999,0.1
1788199200,0.745,0.71,True,True,0.03500000000000003,0.05
1788197100,0.505,0.875,False,True,-0.37,-0.35000000000000003
1788195600,0.445,0.28,False,False,0.16499999999999998,0.15000000000000002
1788195300,0.205,0.215,True,True,-0.010000000000000009,-0.0
1788194400,0.815,0.745,False,True,0.06999999999999995,0.05
1788198600,0.305,0.485,False,True,-0.18,-0.2
1788029100,0.745,0.855,False,True,-0.10999999999999999,-0.1
1788027900,0.565,0.595,True,True,-0.030000000000000027,-0.05
1788196500,0.705,0.695,True,True,0.010000000000000009,0.0
1788197700,0.825,0.795,True,True,0.029999999999999916,0.05
1788030300,0.385,0.69,True,True,-0.30499999999999994,-0.30000000000000004
1788200100,0.605,0.625,True,True,-0.020000000000000018,-0.0
1788199800,0.845,0.725,True,False,0.12,0.1
1788031200,0.715,0.715,False,True,0.0,0.0
1788029700,0.625,0.535,False,False,0.08999999999999997,0.1
1788028200,0.355,0.275,False,False,0.07999999999999996,0.1
1788033600,0.055,0.2,False,False,-0.14500000000000002,-0.15000000000000002
1788028800,0.905,0.86,True,True,0.04500000000000004,0.05
1788031800,0.215,0.185,False,False,0.03,0.05
1788030000,0.275,0.205,False,False,0.07000000000000003,0.05
1788198000,0.535,0.595,True,True,-0.05999999999999994,-0.05
1788032100,0.255,0.325,False,False,-0.07,-0.05
1788200400,0.945,0.965,True,True,-0.020000000000000018,-0.0
1788032400,0.135,0.095,False,False,0.04000000000000001,0.05
1788036000,0.675,0.625,True,True,0.050000000000000044,0.05
1788029400,0.735,0.71,True,True,0.025000000000000022,0.05
1788034200,0.775,0.735,False,True,0.040000000000000036,0.05
1788033900,0.385,0.165,True,True,0.22,0.2
1788033300,0.135,0.135,False,False,0.0,0.0
1788032700,0.925,0.87,True,True,0.05500000000000005,0.05
1788199500,0.075,0.095,False,False,-0.020000000000000004,-0.0
1788031500,0.475,0.685,False,True,-0.21000000000000008,-0.2
1788033000,0.305,0.395,True,False,-0.09000000000000002,-0.1
1788028500,0.585,0.615,True,True,-0.030000000000000027,-0.05
1788034500,0.345,0.645,False,True,-0.30000000000000004,-0.30000000000000004
1788036600,0.605,0.445,False,False,0.15999999999999998,0.15000000000000002
1788034800,0.505,0.675,True,True,-0.17000000000000004,-0.15000000000000002
1788030900,0.865,0.855,True,True,0.010000000000000009,0.0
1788030600,0.885,0.77,True,True,0.11499999999999999,0.1
1788035700,0.075,0.195,False,False,-0.12000000000000001,-0.1
1788038400,0.105,0.205,True,True,-0.09999999999999999,-0.1
1788035100,0.085,0.055,False,False,0.030000000000000006,0.05
1788035400,0.365,0.46,False,False,-0.09500000000000003,-0.1
1788041400,0.795,0.73,True,True,0.06500000000000006,0.05
1788039300,0.865,0.88,True,True,-0.015000000000000013,-0.0
1788037200,0.385,0.335,False,False,0.04999999999999999,0.05
1788038700,0.435,0.38,False,False,0.05499999999999999,0.05
1788040800,0.755,0.635,False,False,0.12,0.1
1788039600,0.185,0.225,False,True,-0.04000000000000001,-0.05
1788043200,0.785,0.45,True,False,0.335,0.35000000000000003
1788040200,0.665,0.395,True,True,0.27,0.25
1788039000,0.045,0.08,False,False,-0.035,-0.05
1788036900,0.715,0.4,True,True,0.31499999999999995,0.30000000000000004
1788042000,0.775,0.51,False,False,0.265,0.25
1788036300,0.435,0.725,False,True,-0.29,-0.30000000000000004
1788042300,0.525,0.455,True,False,0.07,0.05
1788042900,0.665,0.725,False,True,-0.05999999999999994,-0.05
1788037800,0.915,0.91,True,True,0.0050000000000000044,0.0
1788039900,0.395,0.605,False,False,-0.20999999999999996,-0.2
1788044400,0.855,0.715,True,True,0.14,0.15000000000000002
1788040500,0.805,0.695,True,True,0.1100000000000001,0.1
1788041100,0.495,0.335,True,True,0.15999999999999998,0.15000000000000002
1788037500,0.075,0.065,False,False,0.009999999999999995,0.0
1788042600,0.415,0.275,True,True,0.13999999999999996,0.15000000000000002
1788043500,0.445,0.635,True,True,-0.19,-0.2
1788041700,0.515,0.665,False,False,-0.15000000000000002,-0.15000000000000002
1788038100,0.515,0.465,True,True,0.04999999999999999,0.05
1788045600,0.345,0.365,True,False,-0.020000000000000018,-0.0
1788044700,0.655,0.755,True,True,-0.09999999999999998,-0.1
1788045300,0.505,0.63,True,True,-0.125,-0.1
1788048300,0.095,0.2,False,False,-0.10500000000000001,-0.1
1788048600,0.175,0.405,False,False,-0.23000000000000004,-0.25
1788047100,0.435,0.865,False,True,-0.43,-0.45
1788045000,0.815,0.86,False,True,-0.04500000000000004,-0.05
1788049200,0.865,0.975,True,True,-0.10999999999999999,-0.1
1788044100,0.475,0.42,True,True,0.05499999999999999,0.05
1788046500,0.675,0.535,False,False,0.14,0.15000000000000002
1788047400,0.745,0.745,True,True,0.0,0.0
1788047700,0.085,0.265,False,False,-0.18,-0.2
1788046800,0.725,0.865,True,True,-0.14,-0.15000000000000002
1788048000,0.605,0.185,False,False,0.42,0.4
1788050400,0.955,0.975,True,True,-0.020000000000000018,-0.0
1788050100,0.775,0.495,False,False,0.28,0.30000000000000004
1788051000,0.305,0.465,True,True,-0.16000000000000003,-0.15000000000000002
1788043800,0.915,0.9,True,True,0.015000000000000013,0.0
1788052500,0.365,0.2,False,False,0.16499999999999998,0.15000000000000002
1788045900,0.325,0.195,False,False,0.13,0.15000000000000002
1788052200,0.135,0.125,False,False,0.010000000000000009,0.0
1788049800,0.785,0.515,True,True,0.27,0.25
1788052800,0.085,0.115,False,False,-0.03,-0.05
1788050700,0.555,0.72,False,False,-0.16499999999999992,-0.15000000000000002
1788051900,0.145,0.285,False,True,-0.13999999999999999,-0.15000000000000002
1788051600,0.155,0.105,False,False,0.05,0.05
1788048900,0.125,0.265,False,False,-0.14,-0.15000000000000002
1788051300,0.415,0.25,False,False,0.16499999999999998,0.15000000000000002
1788054000,0.545,0.855,True,True,-0.30999999999999994,-0.30000000000000004
1788055200,0.145,0.085,True,False,0.059999999999999984,0.05
1788046200,0.295,0.425,True,True,-0.13,-0.15000000000000002
1788054900,0.175,0.115,False,False,0.059999999999999984,0.05
1788054600,0.965,0.975,True,True,-0.010000000000000009,-0.0
1788053100,0.935,0.825,True,True,0.1100000000000001,0.1
1788053700,0.195,0.26,True,True,-0.065,-0.05
1788056400,0.465,0.595,False,False,-0.12999999999999995,-0.15000000000000002
1788053400,0.105,0.045,False,False,0.06,0.05
1788056700,0.655,0.685,False,False,-0.030000000000000027,-0.05
1788054300,0.655,0.355,True,False,0.30000000000000004,0.30000000000000004
1788055500,0.345,0.13,True,True,0.21499999999999997,0.2
1788056100,0.365,0.49,True,True,-0.125,-0.1
1788057000,0.105,0.075,True,True,0.03,0.05
1788057300,0.185,0.095,False,False,0.09,0.1
1788057900,0.915,0.785,True,True,0.13,0.15000000000000002
1788058500,0.915,0.955,True,True,-0.039999999999999925,-0.05
1788058800,0.335,0.165,False,False,0.17,0.15000000000000002
1788061500,0.815,0.95,True,False,-0.135,-0.15000000000000002
1788058200,0.295,0.275,True,False,0.019999999999999962,0.0
1788059700,0.425,0.515,False,True,-0.09000000000000002,-0.1
1788049500,0.065,0.31,False,False,-0.245,-0.25
1788060900,0.795,0.825,True,True,-0.029999999999999916,-0.05
1788055800,0.045,0.095,False,False,-0.05,-0.05
1788059400,0.205,0.355,True,True,-0.15,-0.15000000000000002
1788061200,0.085,0.085,False,False,0.0,0.0
1788060600,0.685,0.465,True,True,0.22000000000000003,0.2
1788065700,0.925,0.845,True,True,0.08000000000000007,0.1
1788060300,0.255,0.275,True,True,-0.020000000000000018,-0.0
1788063600,0.755,0.945,False,True,-0.18999999999999995,-0.2
1788057600,0.915,0.775,True,True,0.14,0.15000000000000002
1788062700,0.325,0.355,True,True,-0.02999999999999997,-0.05
1788061800,0.115,0.155,False,False,-0.039999999999999994,-0.05
1788064800,0.105,0.265,False,False,-0.16000000000000003,-0.15000000000000002
1788065100,0.435,0.755,False,True,-0.32,-0.30000000000000004
1788064200,0.825,0.875,True,True,-0.050000000000000044,-0.05
1788062100,0.175,0.18,False,False,-0.0050000000000000044,-0.0
1788064500,0.075,0.12,False,False,-0.045,-0.05
1788060000,0.335,0.415,False,True,-0.07999999999999996,-0.1
1788063000,0.245,0.145,False,False,0.1,0.1
1788059100,0.815,0.685,False,False,0.1299999999999999,0.15000000000000002
1788066900,0.075,0.065,False,False,0.009999999999999995,0.0
1788063900,0.085,0.035,False,False,0.05,0.05
1788063300,0.345,0.55,False,True,-0.20500000000000007,-0.2
1788066600,0.065,0.055,False,False,0.010000000000000002,0.0
1788065400,0.425,0.195,False,False,0.22999999999999998,0.25
1788066300,0.795,0.925,True,True,-0.13,-0.15000000000000002
1788066000,0.605,0.675,True,True,-0.07000000000000006,-0.05
1788067800,0.435,0.225,True,False,0.21,0.2
1788069600,0.195,0.325,False,True,-0.13,-0.15000000000000002
1788069000,0.375,0.275,False,False,0.09999999999999998,0.1
1788070800,0.885,0.935,True,True,-0.050000000000000044,-0.05
1788067200,0.325,0.305,False,False,0.020000000000000018,0.0
1788070500,0.215,0.415,False,False,-0.19999999999999998,-0.2
1788068100,0.575,0.66,False,False,-0.08500000000000008,-0.1
1788071400,0.755,0.275,True,False,0.48,0.5
1788072000,0.985,0.965,True,True,0.020000000000000018,0.0
1788067500,0.515,0.61,True,True,-0.09499999999999997,-0.1
1788073500,0.195,0.065,False,False,0.13,0.15000000000000002
1788068400,0.145,0.235,False,True,-0.09,-0.1
1788062400,0.805,0.475,False,False,0.33000000000000007,0.35000000000000003
1788072300,0.945,0.95,True,True,-0.0050000000000000044,-0.0
1788070200,0.205,0.145,False,False,0.06,0.05
1788074100,0.745,0.645,True,True,0.09999999999999998,0.1
1788071700,0.495,0.825,True,True,-0.32999999999999996,-0.35000000000000003
1788072600,0.295,0.55,True,True,-0.25500000000000006,-0.25
1788069300,0.395,0.13,True,False,0.265,0.25
1788072900,0.185,0.46,False,False,-0.275,-0.30000000000000004
1788073800,0.295,0.595,False,False,-0.3,-0.30000000000000004
1788069900,0.265,0.165,True,True,0.1,0.1
1788071100,0.835,0.775,True,True,0.05999999999999994,0.05
1788068700,0.865,0.825,True,True,0.040000000000000036,0.05
1788078600,0.875,0.885,False,True,-0.010000000000000009,-0.0
1788074700,0.255,0.245,False,False,0.010000000000000009,0.0
1788077100,0.325,0.375,True,True,-0.04999999999999999,-0.05
1788075000,0.575,0.455,False,True,0.11999999999999994,0.1
1788077700,0.025,0.02,False,False,0.005000000000000001,0.0
1788076200,0.345,0.175,True,False,0.16999999999999998,0.15000000000000002
1788077400,0.705,0.545,True,True,0.15999999999999992,0.15000000000000002
1788080100,0.225,0.335,False,False,-0.11000000000000001,-0.1
1788076500,0.425,0.685,False,True,-0.26000000000000006,-0.25
1788078300,0.635,0.35,False,False,0.28500000000000003,0.30000000000000004
1788079200,0.015,0.005,False,False,0.009999999999999998,0.0
1788073200,0.645,0.37,True,True,0.275,0.30000000000000004
1788081000,0.455,0.355,False,False,0.10000000000000003,0.1
1788078900,0.275,0.285,False,True,-0.009999999999999953,-0.0
1788082200,0.355,0.605,False,False,-0.25,-0.25
1788075900,0.405,0.615,False,False,-0.20999999999999996,-0.2
1788078000,0.875,0.915,True,True,-0.040000000000000036,-0.05
1788075300,0.225,0.495,False,False,-0.27,-0.25
1788076800,0.135,0.035,False,False,0.1,0.1
1788074400,0.075,0.045,False,False,0.03,0.05
1788080400,0.855,0.965,True,True,-0.10999999999999999,-0.1
1788080700,0.805,0.825,True,True,-0.019999999999999907,-0.0
1788079800,0.105,0.045,True,False,0.06,0.05
1788083700,0.065,0.22,False,False,-0.155,-0.15000000000000002
1788083100,0.965,0.935,True,True,0.029999999999999916,0.05
1788075600,0.205,0.805,False,False,-0.6000000000000001,-0.6000000000000001
1788085200,0.685,0.605,False,False,0.08000000000000007,0.1
1788083400,0.695,0.66,True,True,0.03499999999999992,0.05
1788085800,0.935,0.92,False,True,0.015000000000000013,0.0
1788084600,0.985,0.975,True,True,0.010000000000000009,0.0
1788087600,0.315,0.605,False,True,-0.29,-0.30000000000000004
1788085500,0.875,0.9,True,True,-0.025000000000000022,-0.05
1788089400,0.925,0.815,True,True,0.1100000000000001,0.1
1788081900,0.955,0.97,False,False,-0.015000000000000013,-0.0
1788082800,0.755,0.125,True,False,0.63,0.65
1788082500,0.435,0.515,False,False,-0.08000000000000002,-0.1
1788084000,0.875,0.68,True,True,0.19499999999999995,0.2
1788084300,0.395,0.495,False,False,-0.09999999999999998,-0.1
1788086100,0.925,0.885,True,True,0.040000000000000036,0.05
1788084900,0.435,0.305,False,False,0.13,0.15000000000000002
1788086400,0.685,0.675,True,True,0.010000000000000009,0.0
1788081300,0.805,0.695,True,True,0.1100000000000001,0.1
1788090600,0.355,0.465,False,False,-0.11000000000000004,-0.1
1788092100,0.945,0.895,True,True,0.04999999999999993,0.05
1788089700,0.505,0.355,True,False,0.15000000000000002,0.15000000000000002
1788090300,0.965,0.965,True,True,0.0,0.0
1788089100,0.525,0.505,False,True,0.020000000000000018,0.0
1788086700,0.915,0.915,True,True,0.0,0.0
1788087300,0.295,0.395,True,False,-0.10000000000000003,-0.1
1788079500,0.465,0.26,True,True,0.20500000000000002,0.2
1788088800,0.145,0.175,True,True,-0.03,-0.05
1788091800,0.985,0.98,True,True,0.0050000000000000044,0.0
1788091500,0.975,0.925,True,True,0.04999999999999993,0.05
1788088500,0.065,0.035,False,False,0.03,0.05
1788093000,0.405,0.245,True,True,0.16000000000000003,0.15000000000000002
1788087000,0.815,0.61,True,True,0.20499999999999996,0.2
1788091200,0.575,0.665,True,True,-0.09000000000000008,-0.1
1788081600,0.315,0.535,False,False,-0.22000000000000003,-0.2
1788092700,0.325,0.36,False,False,-0.034999999999999976,-0.05
1788088200,0.955,0.955,True,True,0.0,0.0
1788094800,0.975,0.955,True,True,0.020000000000000018,0.0
1788093900,0.865,0.775,True,True,0.08999999999999997,0.1
1788090000,0.015,0.035,False,False,-0.020000000000000004,-0.0
1788092400,0.055,0.075,False,False,-0.019999999999999997,-0.0
1788090900,0.065,0.035,False,False,0.03,0.05
1788094200,0.405,0.575,False,True,-0.16999999999999993,-0.15000000000000002
1788099600,0.205,0.175,False,False,0.03,0.05
1788097500,0.565,0.775,True,True,-0.21000000000000008,-0.2
1788095700,0.205,0.155,False,False,0.04999999999999999,0.05
1788093600,0.275,0.425,False,True,-0.14999999999999997,-0.15000000000000002
1788087900,0.725,0.245,True,False,0.48,0.5
1788096600,0.485,0.275,True,True,0.20999999999999996,0.2
1788095400,0.255,0.07,False,False,0.185,0.2
1788093300,0.905,0.545,True,False,0.36,0.35000000000000003
1788096000,0.185,0.255,True,True,-0.07,-0.05
1788094500,0.535,0.325,True,True,0.21000000000000002,0.2
1788096300,0.805,0.835,True,True,-0.029999999999999916,-0.05
1788100200,0.775,0.345,True,True,0.43000000000000005,0.45
1788096900,0.555,0.705,False,True,-0.1499999999999999,-0.15000000000000002
1788098100,0.715,0.315,False,False,0.39999999999999997,0.4
1788097200,0.655,0.69,True,True,-0.03499999999999992,-0.05
1788102000,0.635,0.455,False,False,0.18,0.2
1788099000,0.135,0.285,False,True,-0.14999999999999997,-0.15000000000000002
1788095100,0.265,0.185,True,True,0.08000000000000002,0.1
1788101100,0.915,0.915,True,True,0.0,0.0
1788098700,0.735,0.205,True,False,0.53,0.55
1788101400,0.185,0.275,True,True,-0.09000000000000002,-0.1
1788100800,0.115,0.295,False,False,-0.18,-0.2
1788100500,0.925,0.805,False,False,0.12,0.1
1788102600,0.785,0.845,True,True,-0.05999999999999994,-0.05
1788101700,0.8,0.795,True,True,0.0050000000000000044,0.0
1788098400,0.585,0.805,False,True,-0.22000000000000008,-0.2
1788099300,0.375,0.615,True,True,-0.24,-0.25
1788103200,0.705,0.665,True,True,0.039999999999999925,0.05
1788102300,0.105,0.345,False,False,-0.24,-0.25
1788099900,0.675,0.545,False,True,0.13,0.15000000000000002
1788097800,0.775,0.835,True,True,-0.05999999999999994,-0.05
1788105900,0.645,0.275,True,True,0.37,0.35000000000000003
1788103800,0.945,0.865,True,False,0.07999999999999996,0.1
1788103500,0.765,0.67,True,True,0.09499999999999997,0.1
1788106500,0.255,0.95,True,True,-0.695,-0.7000000000000001
1788107400,0.595,0.575,True,True,0.020000000000000018,0.0
1788108000,0.355,0.95,False,True,-0.595,-0.6000000000000001
1788106800,0.275,0.735,False,True,-0.45999999999999996,-0.45
1788104400,0.415,0.35,True,False,0.065,0.05
1788104100,0.775,0.875,True,True,-0.09999999999999998,-0.1
1788105600,0.145,0.155,False,True,-0.010000000000000009,-0.0
1788109500,0.185,0.095,False,False,0.09,0.1
1788104700,0.465,0.72,True,True,-0.25499999999999995,-0.25
1788110400,0.055,0.035,False,False,0.019999999999999997,0.0
1788102900,0.055,0.035,False,False,0.019999999999999997,0.0
1788105300,0.265,0.325,False,True,-0.06,-0.05
1788108600,0.755,0.675,True,True,0.07999999999999996,0.1
1788109800,0.125,0.335,False,True,-0.21000000000000002,-0.2
1788110700,0.585,0.555,False,False,0.029999999999999916,0.05
1788111600,0.635,0.895,True,True,-0.26,-0.25
1788108300,0.935,0.995,True,True,-0.05999999999999994,-0.05
1788107100,0.395,0.185,False,False,0.21000000000000002,0.2
1788109200,0.735,0.725,True,True,0.010000000000000009,0.0
1787941500,0.025,0.025,False,False,0.0,0.0
1788108900,0.205,0.055,True,False,0.15,0.15000000000000002
1788111000,0.605,0.165,True,False,0.43999999999999995,0.45
1788107700,0.335,0.295,True,True,0.040000000000000036,0.05
1788111900,0.595,0.425,True,True,0.16999999999999998,0.15000000000000002
1788112200,0.48,0.695,False,False,-0.21499999999999997,-0.2
1788110100,0.155,0.56,False,False,-0.405,-0.4
1788105000,0.745,0.845,False,False,-0.09999999999999998,-0.1
1787943000,0.17,0.345,False,False,-0.17499999999999996,-0.15000000000000002
1788106200,0.065,0.165,False,False,-0.1,-0.1
1787941800,0.965,0.905,True,True,0.05999999999999994,0.05
1788113700,0.505,0.5,False,False,0.0050000000000000044,0.0
1788113100,0.505,0.5,True,True,0.0050000000000000044,0.0
1787944200,0.635,0.62,True,True,0.015000000000000013,0.0
1787944800,0.265,0.215,False,False,0.05000000000000002,0.05
1787942400,0.155,0.055,False,False,0.1,0.1
1788114000,0.505,0.5,True,True,0.0050000000000000044,0.0
1788111300,0.745,0.665,True,True,0.07999999999999996,0.1
1787942700,0.585,0.785,True,True,-0.20000000000000007,-0.2
1788112800,0.285,0.285,True,True,0.0,0.0
1787946600,0.085,0.145,False,False,-0.059999999999999984,-0.05
1787943600,0.655,0.61,True,True,0.04500000000000004,0.05
1788113400,0.495,0.5,False,False,-0.0050000000000000044,-0.0
1787947500,0.855,0.485,False,False,0.37,0.35000000000000003
1787943900,0.965,0.965,True,True,0.0,0.0
1787943300,0.975,0.975,True,True,0.0,0.0
1788112500,0.565,0.595,False,False,-0.030000000000000027,-0.05
1787949000,0.615,0.565,True,False,0.050000000000000044,0.05
1787947800,0.335,0.325,True,True,0.010000000000000009,0.0
1787945700,0.155,0.175,False,False,-0.01999999999999999,-0.0
1787946900,0.595,0.495,True,False,0.09999999999999998,0.1
1787942100,0.125,0.18,False,False,-0.05499999999999999,-0.05
1787949600,0.845,0.65,True,True,0.19499999999999995,0.2
1787945400,0.755,0.855,False,True,-0.09999999999999998,-0.1
1787946000,0.765,0.755,False,True,0.010000000000000009,0.0
1787945100,0.975,0.975,True,True,0.0,0.0
1787944500,0.635,0.565,False,True,0.07000000000000006,0.05
1787948400,0.055,0.095,False,False,-0.04,-0.05
1787949300,0.035,0.035,False,False,0.0,0.0
1787948100,0.365,0.275,True,True,0.08999999999999997,0.1
1787946300,0.445,0.535,False,False,-0.09000000000000002,-0.1
1787948700,0.375,0.305,True,False,0.07,0.05
1787947200,0.915,0.955,True,True,-0.039999999999999925,-0.05
1787951100,0.445,0.435,False,False,0.010000000000000009,0.0
1787951400,0.685,0.955,True,True,-0.2699999999999999,-0.25
1787950200,0.225,0.415,True,True,-0.18999999999999997,-0.2
1787952000,0.735,0.535,False,False,0.19999999999999996,0.2
1787951700,0.345,0.375,True,True,-0.030000000000000027,-0.05
1787950500,0.145,0.075,False,False,0.06999999999999999,0.05
1787952600,0.935,0.945,True,True,-0.009999999999999898,-0.0
1787954400,0.215,0.105,False,False,0.11,0.1
1787956200,0.985,0.985,True,True,0.0,0.0
1787950800,0.435,0.325,True,False,0.10999999999999999,0.1
1787953800,0.195,0.145,False,False,0.05000000000000002,0.05
1787953500,0.095,0.045,False,False,0.05,0.05
1787955900,0.805,0.595,True,True,0.21000000000000008,0.2
1787956500,0.305,0.445,True,True,-0.14,-0.15000000000000002
1787952900,0.965,0.965,True,True,0.0,0.0
1787956800,0.945,0.905,True,True,0.039999999999999925,0.05
1787955300,0.645,0.515,True,True,0.13,0.15000000000000002
1787949900,0.555,0.485,True,True,0.07000000000000006,0.05
1787955000,0.855,0.935,True,True,-0.08000000000000007,-0.1
1787953200,0.735,0.315,True,False,0.42,0.4
1787957400,0.725,0.895,True,True,-0.17000000000000004,-0.15000000000000002
1787954100,0.295,0.455,False,False,-0.16000000000000003,-0.15000000000000002
1787959500,0.205,0.065,False,False,0.13999999999999999,0.15000000000000002
1787952300,0.465,0.635,False,True,-0.16999999999999998,-0.15000000000000002
1787960100,0.805,0.595,True,True,0.21000000000000008,0.2
1787958900,0.61,0.455,True,True,0.15499999999999997,0.15000000000000002
1787957100,0.535,0.355,True,True,0.18000000000000005,0.2
1787958300,0.195,0.045,False,False,0.15000000000000002,0.15000000000000002
1787957700,0.225,0.195,False,True,0.03,0.05
1787960400,0.385,0.715,False,False,-0.32999999999999996,-0.35000000000000003
1787960700,0.375,0.435,True,True,-0.06,-0.05
1787961000,0.115,0.105,False,False,0.010000000000000009,0.0
1787958600,0.645,0.635,True,True,0.010000000000000009,0.0
1787962800,0.865,0.925,True,True,-0.06000000000000005,-0.05
1787959200,0.095,0.055,False,False,0.04,0.05
1787955600,0.085,0.105,False,False,-0.01999999999999999,-0.0
1787964900,0.475,0.125,True,True,0.35,0.35000000000000003
1787961600,0.935,0.775,True,True,0.16000000000000003,0.15000000000000002
1787964600,0.325,0.305,False,False,0.020000000000000018,0.0
1787954700,0.905,0.695,True,False,0.21000000000000008,0.2
1787959800,0.685,0.615,False,False,0.07000000000000006,0.05
1787965500,0.175,0.175,False,False,0.0,0.0
1787958000,0.085,0.535,True,True,-0.45,-0.45
1787961300,0.955,0.955,True,True,0.0,0.0
1787965800,0.405,0.235,False,False,0.17000000000000004,0.15000000000000002
1787966100,0.595,0.255,False,False,0.33999999999999997,0.35000000000000003
1787966400,0.635,0.805,True,True,-0.17000000000000004,-0.15000000000000002
1787962200,0.805,0.755,True,True,0.050000000000000044,0.05
1787963100,0.885,0.945,True,True,-0.05999999999999994,-0.05
1787965200,0.705,0.77,False,False,-0.06500000000000006,-0.05
1787967900,0.865,0.895,True,True,-0.030000000000000027,-0.05
1787961900,0.675,0.875,False,True,-0.19999999999999996,-0.2
1787966700,0.865,0.595,True,True,0.27,0.25
1787968500,0.865,0.915,True,True,-0.050000000000000044,-0.05
1787968800,0.125,0.145,False,False,-0.01999999999999999,-0.0
1787964000,0.635,0.845,False,True,-0.20999999999999996,-0.2
1787969100,0.285,0.335,False,False,-0.050000000000000044,-0.05
1787967300,0.675,0.295,True,True,0.38000000000000006,0.4
1787963700,0.095,0.035,False,False,0.06,0.05
1787963400,0.935,0.915,True,False,0.020000000000000018,0.0
1787970000,0.035,0.065,False,False,-0.03,-0.05
1787964300,0.295,0.745,True,True,-0.45,-0.45
1787970300,0.185,0.095,False,False,0.09,0.1
1787962500,0.245,0.055,False,False,0.19,0.2
1787968200,0.035,0.05,False,False,-0.015,-0.0
1787971200,0.405,0.61,True,True,-0.20499999999999996,-0.2
1787969400,0.805,0.855,True,True,-0.04999999999999993,-0.05
1787973600,0.145,0.17,False,False,-0.025000000000000022,-0.05
1787972100,0.495,0.41,True,True,0.08500000000000002,0.1
1787973900,0.945,0.975,True,True,-0.030000000000000027,-0.05
1787967000,0.855,0.935,True,True,-0.08000000000000007,-0.1
1787971800,0.855,0.565,True,True,0.29000000000000004,0.30000000000000004
1787975100,0.385,0.225,True,True,0.16,0.15000000000000002
1787972400,0.565,0.155,False,False,0.4099999999999999,0.4
1787969700,0.375,0.455,False,False,-0.08000000000000002,-0.1
1787967600,0.305,0.415,False,False,-0.10999999999999999,-0.1
1787975700,0.205,0.065,False,False,0.13999999999999999,0.15000000000000002
1787975400,0.035,0.025,False,False,0.010000000000000002,0.0
1787970600,0.285,0.355,True,True,-0.07,-0.05
1787970900,0.765,0.63,True,False,0.135,0.15000000000000002
1787976600,0.665,0.755,False,True,-0.08999999999999997,-0.1
1787976000,0.305,0.475,False,False,-0.16999999999999998,-0.15000000000000002
1787980200,0.645,0.425,True,True,0.22000000000000003,0.2
1787971500,0.455,0.365,False,False,0.09000000000000002,0.1
1787977800,0.585,0.545,False,False,0.039999999999999925,0.05
1787973000,0.355,0.425,False,True,-0.07,-0.05
1787976300,0.505,0.665,True,True,-0.16000000000000003,-0.15000000000000002
1787978400,0.855,0.795,True,True,0.05999999999999994,0.05
1787979600,0.835,0.655,True,True,0.17999999999999994,0.2
1787978100,0.465,0.565,False,True,-0.09999999999999992,-0.1
1787977500,0.605,0.655,True,True,-0.050000000000000044,-0.05
1787976900,0.945,0.855,True,True,0.08999999999999997,0.1
1787974800,0.135,0.095,False,False,0.04000000000000001,0.05
1787980800,0.265,0.125,False,False,0.14,0.15000000000000002
1787983200,0.095,0.145,False,False,-0.04999999999999999,-0.05
1787977200,0.585,0.205,True,False,0.38,0.4
1787981100,0.335,0.265,False,False,0.07,0.05
1787972700,0.955,0.915,True,True,0.039999999999999925,0.05
1787979000,0.525,0.335,True,True,0.19,0.2
1787979300,0.905,0.815,True,True,0.09000000000000008,0.1
1787981700,0.415,0.525,False,False,-0.11000000000000004,-0.1
1787974200,0.755,0.585,True,True,0.17000000000000004,0.15000000000000002
1787981400,0.755,0.685,False,False,0.06999999999999995,0.05
1787982000,0.955,0.955,True,True,0.0,0.0
1787978700,0.875,0.605,False,False,0.27,0.25
1787974500,0.515,0.77,False,False,-0.255,-0.25
1787980500,0.705,0.415,True,True,0.29,0.30000000000000004
1787984100,0.345,0.305,False,False,0.03999999999999998,0.05
1787973300,0.315,0.335,False,False,-0.020000000000000018,-0.0
1787984400,0.715,0.785,True,True,-0.07000000000000006,-0.05
1787984700,0.015,0.165,False,False,-0.15000000000000002,-0.15000000000000002
1787985300,0.965,0.905,True,True,0.05999999999999994,0.05
1787982600,0.595,0.53,False,False,0.06499999999999995,0.05
1787985600,0.365,0.58,False,True,-0.21499999999999997,-0.2
1787983500,0.045,0.115,False,False,-0.07,-0.05
1787985000,0.215,0.255,True,False,-0.04000000000000001,-0.05
1787979900,0.365,0.225,True,True,0.13999999999999999,0.15000000000000002
1787986800,0.775,0.685,True,True,0.08999999999999997,0.1
1787987400,0.485,0.855,False,False,-0.37,-0.35000000000000003
1787982300,0.185,0.125,False,False,0.06,0.05
1787983800,0.515,0.495,False,False,0.020000000000000018,0.0
1787982900,0.055,0.065,False,False,-0.010000000000000002,-0.0
1787989200,0.895,0.845,True,True,0.050000000000000044,0.05
1787988300,0.415,0.59,False,False,-0.175,-0.15000000000000002
1787988900,0.895,0.805,True,True,0.08999999999999997,0.1
1787986200,0.775,0.665,True,True,0.10999999999999999,0.1
1787986500,0.685,0.775,False,False,-0.08999999999999997,-0.1
1787992200,0.845,0.77,True,True,0.07499999999999996,0.05
1787987700,0.965,0.705,True,True,0.26,0.25
1787988600,0.855,0.37,True,False,0.485,0.5
1787987100,0.905,0.61,True,True,0.29500000000000004,0.30000000000000004
1787990400,0.875,0.785,True,True,0.08999999999999997,0.1
1787990700,0.025,0.005,False,False,0.02,0.0
1787993700,0.605,0.255,False,False,0.35,0.35000000000000003
1787993400,0.655,0.225,True,False,0.43000000000000005,0.45
1787985900,0.975,0.91,True,True,0.06499999999999995,0.05
1787988000,0.785,0.645,True,True,0.14,0.15000000000000002
1787991900,0.405,0.555,True,True,-0.15000000000000002,-0.15000000000000002
1787991000,0.895,0.865,True,True,0.030000000000000027,0.05
1787991300,0.745,0.505,True,False,0.24,0.25
1787993100,0.795,0.735,True,False,0.06000000000000005,0.05
1787994000,0.925,0.845,True,True,0.08000000000000007,0.1
1787994900,0.875,0.865,True,True,0.010000000000000009,0.0
1787989800,0.615,0.885,False,True,-0.27,-0.25
1787992500,0.015,0.035,False,False,-0.020000000000000004,-0.0
1787990100,0.475,0.54,False,False,-0.06500000000000006,-0.05
1787994300,0.735,0.765,True,True,-0.030000000000000027,-0.05
1787989500,0.765,0.045,True,False,0.72,0.7000000000000001
1787995500,0.225,0.145,False,False,0.08000000000000002,0.1
1787997000,0.105,0.055,False,False,0.049999999999999996,0.05
1787996100,0.405,0.855,True,True,-0.44999999999999996,-0.45
1787997900,0.115,0.115,False,False,0.0,0.0
1787992800,0.665,0.56,True,False,0.10499999999999998,0.1
1787994600,0.285,0.505,False,False,-0.22000000000000003,-0.2
1787996400,0.915,0.755,True,True,0.16000000000000003,0.15000000000000002
1787997300,0.895,0.945,True,True,-0.04999999999999993,-0.05
1787995200,0.785,0.595,True,True,0.19000000000000006,0.2
1787996700,0.205,0.165,False,False,0.03999999999999998,0.05
1787997600,0.645,0.495,False,True,0.15000000000000002,0.15000000000000002
1787998800,0.995,0.975,True,True,0.020000000000000018,0.0
1787999400,0.515,0.255,False,False,0.26,0.25
1787998200,0.045,0.045,False,False,0.0,0.0
1788000900,0.635,0.68,True,False,-0.04500000000000004,-0.05
1788004200,0.495,0.705,True,True,-0.20999999999999996,-0.2
1787995800,0.145,0.075,False,False,0.06999999999999999,0.05
1788000300,0.405,0.26,False,False,0.14500000000000002,0.15000000000000002
1787999700,0.445,0.27,True,False,0.175,0.15000000000000002
1787991600,0.605,0.425,True,True,0.18,0.2
1788001500,0.065,0.065,False,False,0.0,0.0
1787999100,0.195,0.225,False,False,-0.03,-0.05
1788001200,0.525,0.465,False,False,0.06,0.05
1788000000,0.945,0.855,True,False,0.08999999999999997,0.1
1788003600,0.665,0.395,False,False,0.27,0.25
1788002700,0.295,0.575,False,False,-0.27999999999999997,-0.30000000000000004
1787998500,0.705,0.855,True,True,-0.15000000000000002,-0.15000000000000002
1788006000,0.945,0.935,True,True,0.009999999999999898,0.0
1788000600,0.935,0.905,True,True,0.030000000000000027,0.05
1788002100,0.975,0.925,True,True,0.04999999999999993,0.05
1788006300,0.295,0.42,False,False,-0.125,-0.1
1788003000,0.395,0.795,True,True,-0.4,-0.4
1788001800,0.685,0.64,True,False,0.04500000000000004,0.05
1788004800,0.015,0.05,False,False,-0.035,-0.05
1788005100,0.605,0.47,True,True,0.135,0.15000000000000002
1788003300,0.065,0.245,False,False,-0.18,-0.2
1788007200,0.825,0.685,True,True,0.1399999999999999,0.15000000000000002
1788008100,0.255,0.195,False,False,0.06,0.05
1788003900,0.085,0.145,False,False,-0.059999999999999984,-0.05
1788005400,0.725,0.365,False,False,0.36,0.35000000000000003
1788012000,0.725,0.3,True,False,0.425,0.4
1788010500,0.585,0.265,False,False,0.31999999999999995,0.30000000000000004
1788002400,0.505,0.755,False,True,-0.25,-0.25
1788011700,0.535,0.575,False,True,-0.039999999999999925,-0.05
1788008700,0.745,0.75,False,False,-0.0050000000000000044,-0.0
1788009600,0.975,0.955,True,False,0.020000000000000018,0.0
1788008400,0.885,0.785,True,True,0.09999999999999998,0.1
1788005700,0.155,0.265,True,True,-0.11000000000000001,-0.1
1788004500,0.235,0.325,False,False,-0.09000000000000002,-0.1
1788007800,0.785,0.405,True,True,0.38,0.4
1788012600,0.445,0.675,True,True,-0.23000000000000004,-0.25
1788013200,0.755,0.785,True,False,-0.030000000000000027,-0.05
1788006600,0.285,0.43,True,True,-0.14500000000000002,-0.15000000000000002
1788009300,0.925,0.715,True,True,0.21000000000000008,0.2
1788011100,0.175,0.325,False,False,-0.15000000000000002,-0.15000000000000002
1788011400,0.515,0.655,True,True,-0.14,-0.15000000000000002
1788009000,0.315,0.245,True,False,0.07,0.05
1788012300,0.68,0.795,False,False,-0.11499999999999999,-0.1
1788007500,0.755,0.565,True,False,0.19000000000000006,0.2
1788013500,0.795,0.75,True,True,0.04500000000000004,0.05
1788016500,0.805,0.845,True,True,-0.039999999999999925,-0.05
1788013800,0.755,0.625,False,False,0.13,0.15000000000000002
1788006900,0.745,0.745,False,False,0.0,0.0
1788012900,0.015,0.075,False,False,-0.06,-0.05
1788009900,0.755,0.845,True,True,-0.08999999999999997,-0.1
1788010200,0.325,0.535,False,False,-0.21000000000000002,-0.2
1788014100,0.645,0.7,False,True,-0.05499999999999994,-0.05
1788016800,0.705,0.69,False,False,0.015000000000000013,0.0
1788017100,0.975,0.905,True,True,0.06999999999999995,0.05
1788015900,0.075,0.075,False,False,0.0,0.0
1788020700,0.105,0.325,False,False,-0.22000000000000003,-0.2
1788010800,0.965,0.875,True,True,0.08999999999999997,0.1
1788014400,0.875,0.805,True,True,0.06999999999999995,0.05
1788018000,0.805,0.82,True,True,-0.014999999999999902,-0.0
1788015300,0.585,0.785,False,True,-0.20000000000000007,-0.2
1788017400,0.095,0.155,False,False,-0.06,-0.05
1788021300,0.235,0.125,True,True,0.10999999999999999,0.1
1788015000,0.945,0.875,True,True,0.06999999999999995,0.05
1788017700,0.035,0.075,False,False,-0.039999999999999994,-0.05
1788016200,0.455,0.26,True,True,0.195,0.2
1788015600,0.715,0.715,True,True,0.0,0.0
1788018900,0.125,0.21,False,False,-0.08499999999999999,-0.1
1788014700,0.995,0.995,True,True,0.0,0.0
1788022200,0.725,0.625,True,True,0.09999999999999998,0.1
1788023100,0.805,0.865,True,True,-0.05999999999999994,-0.05
1788019800,0.885,0.635,True,True,0.25,0.25
1788018300,0.495,0.945,False,True,-0.44999999999999996,-0.45
1788020400,0.975,0.985,True,True,-0.010000000000000009,-0.0
1788021900,0.925,0.915,True,True,0.010000000000000009,0.0
1788020100,0.615,0.805,True,True,-0.19000000000000006,-0.2
1788019500,0.915,0.915,True,True,0.0,0.0
1788024600,0.285,0.115,False,False,0.16999999999999998,0.15000000000000002
1788021600,0.295,0.375,False,True,-0.08000000000000002,-0.1
1788019200,0.155,0.34,False,False,-0.18500000000000003,-0.2
1788024900,0.725,0.565,False,False,0.16000000000000003,0.15000000000000002
1788021000,0.475,0.075,False,False,0.39999999999999997,0.4
1788026700,0.945,0.915,True,True,0.029999999999999916,0.05
1788022500,0.545,0.635,True,False,-0.08999999999999997,-0.1
1787855100,0.215,0.51,True,True,-0.29500000000000004,-0.30000000000000004
1788022800,0.395,0.135,False,False,0.26,0.25
1788024000,0.925,0.925,True,False,0.0,0.0
1788023400,0.215,0.235,False,False,-0.01999999999999999,-0.0
1788023700,0.685,0.85,True,True,-0.16499999999999992,-0.15000000000000002
1788027000,0.295,0.285,True,False,0.010000000000000009,0.0
1788027600,0.315,0.175,False,False,0.14,0.15000000000000002
1788024300,0.045,0.045,False,False,0.0,0.0
1787856900,0.435,0.345,False,True,0.09000000000000002,0.1
1788025800,0.715,0.555,True,True,0.15999999999999992,0.15000000000000002
1787855700,0.555,0.635,False,False,-0.07999999999999996,-0.1
1787859000,0.255,0.74,True,True,-0.485,-0.5
1788018600,0.82,0.775,True,True,0.04499999999999993,0.05
1787857200,0.725,0.835,True,True,-0.10999999999999999,-0.1
1788025200,0.675,0.945,False,True,-0.2699999999999999,-0.25
1788026400,0.075,0.28,True,True,-0.20500000000000002,-0.2
1787856000,0.945,0.955,True,True,-0.010000000000000009,-0.0
1787855400,0.685,0.695,True,False,-0.009999999999999898,-0.0
1787858100,0.195,0.305,False,False,-0.10999999999999999,-0.1
1788027300,0.255,0.205,False,False,0.05000000000000002,0.05
1787861100,0.135,0.285,False,False,-0.14999999999999997,-0.15000000000000002
1787859900,0.165,0.435,False,True,-0.27,-0.25
1787856300,0.435,0.685,False,False,-0.25000000000000006,-0.25
1787856600,0.795,0.805,True,True,-0.010000000000000009,-0.0
1788025500,0.955,0.905,True,True,0.04999999999999993,0.05
1787858700,0.275,0.425,False,False,-0.14999999999999997,-0.15000000000000002
1787857800,0.765,0.735,True,True,0.030000000000000027,0.05
1787861700,0.27,0.36,False,False,-0.08999999999999997,-0.1
1788026100,0.595,0.375,False,False,0.21999999999999997,0.2
1787858400,0.425,0.335,True,True,0.08999999999999997,0.1
1787857500,0.455,0.525,True,True,-0.07,-0.05
1787859600,0.045,0.085,False,False,-0.04000000000000001,-0.05
1787859300,0.645,0.61,False,True,0.03500000000000003,0.05
1787861400,0.955,0.955,True,True,0.0,0.0
1787865300,0.945,0.915,True,False,0.029999999999999916,0.05
1787860500,0.355,0.135,True,True,0.21999999999999997,0.2
1787860800,0.215,0.145,False,False,0.07,0.05
1787863500,0.655,0.455,True,True,0.2,0.2
1787862300,0.955,0.985,True,True,-0.030000000000000027,-0.05
1787860200,0.425,0.205,False,False,0.22,0.2
1787864100,0.735,0.44,True,False,0.295,0.30000000000000004
1787866200,0.575,0.525,False,False,0.04999999999999993,0.05
1787862600,0.205,0.785,False,True,-0.5800000000000001,-0.6000000000000001
1787862000,0.545,0.895,True,True,-0.35,-0.35000000000000003
1787868900,0.455,0.495,True,False,-0.03999999999999998,-0.05
1787867100,0.275,0.745,False,False,-0.47,-0.45
1787863200,0.305,0.465,False,True,-0.16000000000000003,-0.15000000000000002
1787868000,0.825,0.915,True,True,-0.09000000000000008,-0.1
1787865600,0.215,0.125,False,False,0.09,0.1
1787867400,0.685,0.89,True,True,-0.20499999999999996,-0.2
1787865000,0.605,0.785,False,True,-0.18000000000000005,-0.2
1787862900,0.335,0.355,False,True,-0.019999999999999962,-0.0
1787863800,0.675,0.74,False,False,-0.06499999999999995,-0.05
1787866800,0.105,0.075,False,False,0.03,0.05
1787864700,0.195,0.085,False,False,0.11,0.1
1787867700,0.455,0.205,True,False,0.25,0.25
1787864400,0.675,0.815,True,True,-0.1399999999999999,-0.15000000000000002
1787866500,0.775,0.785,True,True,-0.010000000000000009,-0.0
1787865900,0.935,0.875,True,True,0.06000000000000005,0.05
1787868300,0.935,0.975,True,True,-0.039999999999999925,-0.05
1787869800,0.115,0.205,False,False,-0.08999999999999998,-0.1
1787869200,0.965,0.965,True,True,0.0,0.0
1787873100,0.555,0.595,True,True,-0.039999999999999925,-0.05
1787868600,0.255,0.495,False,True,-0.24,-0.25
1787871300,0.445,0.665,True,True,-0.22000000000000003,-0.2
1787872800,0.745,0.715,True,True,0.030000000000000027,0.05
1787871000,0.205,0.085,False,False,0.11999999999999998,0.1
1787871900,0.405,0.75,False,False,-0.345,-0.35000000000000003
1787871600,0.685,0.435,True,True,0.25000000000000006,0.25
1787870700,0.575,0.105,True,True,0.47,0.45
1787872200,0.365,0.615,False,True,-0.25,-0.25
1787875200,0.145,0.045,False,False,0.09999999999999999,0.1
1787869500,0.215,0.33,False,False,-0.11500000000000002,-0.1
1787874300,0.475,0.51,False,False,-0.03500000000000003,-0.05
1787873400,0.135,0.485,False,True,-0.35,-0.35000000000000003
1787876400,0.975,0.935,True,True,0.039999999999999925,0.05
1787870400,0.025,0.035,False,False,-0.010000000000000002,-0.0
1787874900,0.785,0.465,True,True,0.32,0.30000000000000004
1787872500,0.445,0.15,False,False,0.29500000000000004,0.30000000000000004
1787875500,0.145,0.145,False,False,0.0,0.0
1787870100,0.265,0.255,True,True,0.010000000000000009,0.0
1787873700,0.185,0.385,False,False,-0.2,-0.2
1787877900,0.045,0.095,False,False,-0.05,-0.05
1787874000,0.305,0.26,True,False,0.044999999999999984,0.05
1787876700,0.445,0.285,True,False,0.16000000000000003,0.15000000000000002
1787877000,0.785,0.825,True,True,-0.039999999999999925,-0.05
1787874600,0.205,0.265,False,False,-0.060000000000000026,-0.05
1787876100,0.915,0.77,True,True,0.14500000000000002,0.15000000000000002
1787878200,0.235,0.295,True,False,-0.06,-0.05
1787877300,0.375,0.695,False,True,-0.31999999999999995,-0.30000000000000004
1787877600,0.455,0.62,True,True,-0.16499999999999998,-0.15000000000000002
1787881500,0.755,0.745,True,False,0.010000000000000009,0.0
1787880900,0.325,0.325,True,False,0.0,0.0
1787878800,0.945,0.85,True,True,0.09499999999999997,0.1
1787879100,0.965,0.945,True,True,0.020000000000000018,0.0
1787880000,0.515,0.495,True,True,0.020000000000000018,0.0
1787879400,0.185,0.155,True,False,0.03,0.05
1787881800,0.195,0.365,False,False,-0.16999999999999998,-0.15000000000000002
1787875800,0.625,0.42,False,False,0.20500000000000002,0.2
1787879700,0.235,0.845,False,True,-0.61,-0.6000000000000001
1787884200,0.705,0.715,False,False,-0.010000000000000009,-0.0
1787881200,0.135,0.135,False,False,0.0,0.0
1787878500,0.265,0.235,True,False,0.030000000000000027,0.05
1787882400,0.155,0.055,False,False,0.1,0.1
1787883900,0.395,0.21,False,False,0.18500000000000003,0.2
1787880600,0.525,0.515,True,True,0.010000000000000009,0.0
1787882100,0.045,0.045,False,False,0.0,0.0
1787880300,0.665,0.45,True,False,0.21500000000000002,0.2
1787888100,0.805,0.825,False,False,-0.019999999999999907,-0.0
1787885100,0.415,0.335,False,False,0.07999999999999996,0.1
1787882700,0.245,0.315,False,False,-0.07,-0.05
1787883600,0.085,0.135,False,False,-0.05,-0.05
1787883000,0.685,0.295,True,False,0.39000000000000007,0.4
1787885400,0.145,0.125,False,False,0.01999999999999999,0.0
1787884500,0.685,0.465,True,True,0.22000000000000003,0.2
1787884800,0.705,0.825,True,True,-0.12,-0.1
1787886600,0.485,0.325,False,False,0.15999999999999998,0.15000000000000002
1787889600,0.205,0.05,False,False,0.15499999999999997,0.15000000000000002
1787889000,0.635,0.775,True,True,-0.14,-0.15000000000000002
1787886300,0.245,0.195,False,False,0.04999999999999999,0.05
1787890200,0.105,0.385,False,False,-0.28,-0.30000000000000004
1787888700,0.835,0.885,False,False,-0.050000000000000044,-0.05
1787887800,0.105,0.175,False,False,-0.06999999999999999,-0.05
1787887500,0.625,0.885,True,True,-0.26,-0.25
1787887200,0.745,0.645,True,True,0.09999999999999998,0.1
1787883300,0.205,0.4,False,False,-0.19500000000000003,-0.2
1787890800,0.765,0.745,True,True,0.020000000000000018,0.0
1787889300,0.515,0.595,True,False,-0.07999999999999996,-0.1
1787891400,0.255,0.725,False,True,-0.47,-0.45
1787889900,0.675,0.68,False,False,-0.0050000000000000044,-0.0
1787892600,0.395,0.575,False,False,-0.17999999999999994,-0.2
1787886900,0.835,0.935,True,True,-0.10000000000000009,-0.1
1787888400,0.415,0.335,False,False,0.07999999999999996,0.1
1787891700,0.525,0.345,False,False,0.18000000000000005,0.2
1787892300,0.935,0.965,True,True,-0.029999999999999916,-0.05
1787893500,0.225,0.195,True,True,0.03,0.05
1787893800,0.155,0.075,False,False,0.08,0.1
1787886000,0.605,0.295,True,True,0.31,0.30000000000000004
1787893200,0.645,0.375,False,False,0.27,0.25
1787891100,0.505,0.495,False,False,0.010000000000000009,0.0
1787895000,0.905,0.945,True,True,-0.039999999999999925,-0.05
1787885700,0.22,0.275,True,True,-0.05500000000000002,-0.05
1787896200,0.915,0.905,True,True,0.010000000000000009,0.0
1787897100,0.985,0.975,True,True,0.010000000000000009,0.0
1787898000,0.395,0.225,False,False,0.17,0.15000000000000002
1787895600,0.885,0.845,True,True,0.040000000000000036,0.05
1787895900,0.145,0.215,False,True,-0.07,-0.05
1787894700,0.095,0.215,False,False,-0.12,-0.1
1787892000,0.245,0.4,False,False,-0.15500000000000003,-0.15000000000000002
1787892900,0.845,0.9,True,True,-0.05500000000000005,-0.05
1787894100,0.635,0.575,True,True,0.06000000000000005,0.05
1787890500,0.955,0.975,True,True,-0.020000000000000018,-0.0
1787895300,0.825,0.965,True,True,-0.14,-0.15000000000000002
1787896800,0.015,0.035,False,False,-0.020000000000000004,-0.0
1787894400,0.645,0.375,True,True,0.27,0.25
1787899200,0.765,0.715,True,False,0.050000000000000044,0.05
1787896500,0.115,0.375,False,True,-0.26,-0.25
1787900100,0.755,0.745,True,False,0.010000000000000009,0.0
1787897400,0.585,0.425,True,True,0.15999999999999998,0.15000000000000002
1787897700,0.405,0.585,True,True,-0.17999999999999994,-0.2
1787898900,0.305,0.095,True,True,0.21,0.2
1787899800,0.885,0.965,True,True,-0.07999999999999996,-0.1
1787898600,0.405,0.395,False,False,0.010000000000000009,0.0
1787899500,0.175,0.095,True,False,0.07999999999999999,0.1
1787902500,0.195,0.365,False,False,-0.16999999999999998,-0.15000000000000002
1787901000,0.045,0.015,False,False,0.03,0.05
1787901900,0.365,0.335,False,False,0.02999999999999997,0.05
1787902800,0.375,0.415,False,False,-0.03999999999999998,-0.05
1787900700,0.155,0.325,False,False,-0.17,-0.15000000000000002
1787903400,0.805,0.68,True,True,0.125,0.1
1787902200,0.965,0.895,True,True,0.06999999999999995,0.05
1787905500,0.265,0.055,False,False,0.21000000000000002,0.2
1787906100,0.425,0.445,False,False,-0.020000000000000018,-0.0
1787904900,0.225,0.41,False,False,-0.18499999999999997,-0.2
1787903700,0.345,0.265,False,False,0.07999999999999996,0.1
1787904000,0.865,0.475,True,False,0.39,0.4
1787900400,0.135,0.305,False,False,-0.16999999999999998,-0.15000000000000002
1787904300,0.695,0.975,True,True,-0.28,-0.30000000000000004
1787906400,0.295,0.215,False,False,0.07999999999999999,0.1
1787903100,0.305,0.575,False,False,-0.26999999999999996,-0.25
1787908200,0.675,0.985,True,True,-0.30999999999999994,-0.30000000000000004
1787907900,0.115,0.155,False,False,-0.039999999999999994,-0.05
1787904600,0.245,0.125,True,False,0.12,0.1
1787905200,0.865,0.975,True,True,-0.10999999999999999,-0.1
1787901300,0.765,0.905,True,True,-0.14,-0.15000000000000002
1787898300,0.345,0.395,False,True,-0.050000000000000044,-0.05
1787910000,0.695,0.635,True,True,0.05999999999999994,0.05
1787901600,0.805,0.795,True,True,0.010000000000000009,0.0
1787906700,0.915,0.655,False,False,0.26,0.25
1787905800,0.325,0.11,False,False,0.21500000000000002,0.2
1787907000,0.005,0.025,False,False,-0.02,-0.0
1787910300,0.285,0.055,False,False,0.22999999999999998,0.25
1787909400,0.305,0.285,False,False,0.020000000000000018,0.0
1787911200,0.305,0.135,False,False,0.16999999999999998,0.15000000000000002
1787912100,0.985,0.985,True,True,0.0,0.0
1787910600,0.425,0.605,False,False,-0.18,-0.2
1787910900,0.885,0.935,True,True,-0.050000000000000044,-0.05
1787914800,0.955,0.945,True,True,0.010000000000000009,0.0
1787907600,0.035,0.025,False,False,0.010000000000000002,0.0
1787908500,0.395,0.465,False,False,-0.07,-0.05
1787909100,0.295,0.17,False,False,0.12499999999999997,0.1
1787912400,0.165,0.185,False,False,-0.01999999999999999,-0.0
1787916600,0.165,0.065,False,False,0.1,0.1
1787914500,0.255,0.765,True,True,-0.51,-0.5
1787911500,0.375,0.395,False,False,-0.020000000000000018,-0.0
1787911800,0.335,0.445,False,False,-0.10999999999999999,-0.1
1787913900,0.465,0.635,False,False,-0.16999999999999998,-0.15000000000000002
1787912700,0.235,0.515,False,False,-0.28,-0.30000000000000004
1787907300,0.695,0.775,True,True,-0.08000000000000007,-0.1
1787908800,0.635,0.895,True,True,-0.26,-0.25
1787914200,0.935,0.875,True,True,0.06000000000000005,0.05
1787913300,0.885,0.985,True,True,-0.09999999999999998,-0.1
1787913600,0.465,0.565,True,True,-0.09999999999999992,-0.1
1787909700,0.47,0.425,True,True,0.044999999999999984,0.05
1787915700,0.285,0.295,True,True,-0.010000000000000009,-0.0
1787917500,0.575,0.865,True,True,-0.29000000000000004,-0.30000000000000004
1787916300,0.495,0.15,True,False,0.345,0.35000000000000003
1787920200,0.255,0.435,False,False,-0.18,-0.2
1787918700,0.695,0.645,True,False,0.04999999999999993,0.05
1787915100,0.665,0.575,True,True,0.09000000000000008,0.1
1787916900,0.825,0.645,True,True,0.17999999999999994,0.2
1787918400,0.675,0.405,True,True,0.27,0.25
1787915400,0.155,0.225,False,False,-0.07,-0.05
1787916000,0.135,0.195,True,False,-0.06,-0.05
1787913000,0.885,0.915,True,True,-0.030000000000000027,-0.05
1787918100,0.065,0.04,False,False,0.025,0.0
1787919600,0.955,0.985,True,True,-0.030000000000000027,-0.05
1787919900,0.755,0.625,False,False,0.13,0.15000000000000002
1787920800,0.105,0.195,False,False,-0.09000000000000001,-0.1
1787917200,0.055,0.07,False,False,-0.015000000000000006,-0.0
1787921700,0.475,0.685,False,True,-0.21000000000000008,-0.2
1787917800,0.685,0.865,True,True,-0.17999999999999994,-0.2
1787919300,0.065,0.025,False,False,0.04,0.05
1787920500,0.255,0.255,False,False,0.0,0.0
1787924400,0.365,0.455,False,False,-0.09000000000000002,-0.1
1787923200,0.335,0.075,True,False,0.26,0.25
1787922600,0.065,0.065,False,False,0.0,0.0
1787924700,0.185,0.435,False,False,-0.25,-0.25
1787919000,0.665,0.615,False,False,0.050000000000000044,0.05
1787922900,0.805,0.775,True,True,0.030000000000000027,0.05
1787921100,0.095,0.165,False,True,-0.07,-0.05
1787924100,0.695,0.845,True,True,-0.15000000000000002,-0.15000000000000002
1787922000,0.245,0.495,True,True,-0.25,-0.25
1787926200,0.215,0.165,True,False,0.04999999999999999,0.05
1787925000,0.905,0.845,True,True,0.06000000000000005,0.05
1787922300,0.885,0.825,True,True,0.06000000000000005,0.05
1787925600,0.655,0.69,True,True,-0.03499999999999992,-0.05
1787927700,0.925,0.845,True,True,0.08000000000000007,0.1
1787926500,0.135,0.065,False,False,0.07,0.05
1787928000,0.895,0.815,True,True,0.08000000000000007,0.1
1787925300,0.335,0.615,True,True,-0.27999999999999997,-0.30000000000000004
1787921400,0.865,0.515,True,False,0.35,0.35000000000000003
1787930100,0.855,0.79,False,False,0.06499999999999995,0.05
1787931300,0.055,0.175,False,True,-0.12,-0.1
1787926800,0.445,0.465,True,True,-0.020000000000000018,-0.0
1787925900,0.035,0.02,False,False,0.015000000000000003,0.0
1787923500,0.135,0.345,False,False,-0.20999999999999996,-0.2
1787927100,0.775,0.825,False,True,-0.04999999999999993,-0.05
1787927400,0.515,0.735,True,True,-0.21999999999999997,-0.2
1787929800,0.335,0.225,False,False,0.11000000000000001,0.1
1787930700,0.515,0.365,False,False,0.15000000000000002,0.15000000000000002
1787923800,0.235,0.555,False,True,-0.32000000000000006,-0.30000000000000004
1787931600,0.495,0.475,False,False,0.020000000000000018,0.0
1787934000,0.135,0.285,False,False,-0.14999999999999997,-0.15000000000000002
1787931000,0.845,0.915,False,False,-0.07000000000000006,-0.05
1787934900,0.905,0.835,True,True,0.07000000000000006,0.05
1787930400,0.615,0.455,True,True,0.15999999999999998,0.15000000000000002
1787928600,0.135,0.2,False,False,-0.065,-0.05
1787929200,0.865,0.86,True,True,0.0050000000000000044,0.0
1787928900,0.97,0.885,True,True,0.08499999999999996,0.1
1787932500,0.135,0.065,False,False,0.07,0.05
1787929500,0.715,0.4,False,False,0.31499999999999995,0.30000000000000004
1787933700,0.045,0.06,False,False,-0.015,-0.0
1787933400,0.825,0.775,True,True,0.04999999999999993,0.05
1787928300,0.265,0.325,False,False,-0.06,-0.05
1787938800,0.005,0.035,False,False,-0.030000000000000002,-0.05
1787933100,0.185,0.105,False,False,0.08,0.1
1787934300,0.255,0.495,False,False,-0.24,-0.25
1787936700,0.205,0.1,False,False,0.10499999999999998,0.1
1787939100,0.645,0.62,True,False,0.025000000000000022,0.05
1787932800,0.315,0.745,False,False,-0.43,-0.45
1787935800,0.925,0.785,True,True,0.14,0.15000000000000002
1787935500,0.445,0.385,False,False,0.06,0.05
1787937300,0.875,0.805,True,True,0.06999999999999995,0.05
1787939700,0.545,0.495,False,False,0.050000000000000044,0.05
1787937900,0.275,0.205,False,False,0.07000000000000003,0.05
1787937000,0.305,0.345,True,True,-0.03999999999999998,-0.05
1787937600,0.645,0.715,True,True,-0.06999999999999995,-0.05
1787931900,0.015,0.005,False,False,0.009999999999999998,0.0
1787940900,0.535,0.275,False,False,0.26,0.25
1787935200,0.805,0.63,True,True,0.17500000000000004,0.2
1787936100,0.115,0.255,False,False,-0.14,-0.15000000000000002
1787936400,0.635,0.755,False,True,-0.12,-0.1
1787941200,0.285,0.31,False,False,-0.025000000000000022,-0.05
1787932200,0.735,0.905,False,False,-0.17000000000000004,-0.15000000000000002
1787940300,0.575,0.535,True,False,0.039999999999999925,0.05
1787934600,0.415,0.225,True,True,0.18999999999999997,0.2
1787939400,0.925,0.955,True,True,-0.029999999999999916,-0.05
1787938500,0.41,0.435,False,True,-0.025000000000000022,-0.05
1787938200,0.095,0.075,True,True,0.020000000000000004,0.0
1787940600,0.065,0.095,False,False,-0.03,-0.05
1787940000,0.555,0.815,False,True,-0.2599999999999999,-0.25
1787769300,0.385,0.565,False,True,-0.17999999999999994,-0.2
1787769000,0.255,0.155,False,False,0.1,0.1
1787772600,0.995,0.995,True,True,0.0,0.0
1787773500,0.415,0.375,True,True,0.03999999999999998,0.05
1787770800,0.515,0.715,True,True,-0.19999999999999996,-0.2
1787769900,0.055,0.235,False,False,-0.18,-0.2
1787769600,0.325,0.705,False,False,-0.37999999999999995,-0.4
1787773200,0.235,0.095,False,False,0.13999999999999999,0.15000000000000002
1787772000,0.805,0.715,True,True,0.09000000000000008,0.1
1787771400,0.425,0.275,False,False,0.14999999999999997,0.15000000000000002
1787772900,0.605,0.105,False,False,0.5,0.5
1787774100,0.895,0.635,False,False,0.26,0.25
1787776500,0.515,0.355,False,False,0.16000000000000003,0.15000000000000002
1787774400,0.47,0.76,False,False,-0.29000000000000004,-0.30000000000000004
1787770500,0.685,0.675,True,True,0.010000000000000009,0.0
1787771100,0.325,0.225,False,False,0.1,0.1
1787775600,0.305,0.425,False,False,-0.12,-0.1
1787777400,0.495,0.895,False,True,-0.4,-0.4
1787774700,0.445,0.66,True,True,-0.21500000000000002,-0.2
1787771700,0.475,0.665,False,True,-0.19000000000000006,-0.2
1787775300,0.255,0.215,False,False,0.04000000000000001,0.05
1787773800,0.915,0.935,True,True,-0.020000000000000018,-0.0
1787779200,0.765,0.675,True,False,0.08999999999999997,0.1
1787772300,0.025,0.295,False,False,-0.26999999999999996,-0.25
1787776800,0.135,0.145,True,True,-0.009999999999999981,-0.0
1787775900,0.005,0.015,False,False,-0.009999999999999998,-0.0
1787775000,0.815,0.845,True,True,-0.030000000000000027,-0.05
1787777100,0.955,0.965,True,True,-0.010000000000000009,-0.0
1787778900,0.955,0.795,True,True,0.15999999999999992,0.15000000000000002
1787770200,0.945,0.975,True,True,-0.030000000000000027,-0.05
1787783100,0.895,0.645,False,False,0.25,0.25
1787768700,0.855,0.775,False,False,0.07999999999999996,0.1
1787778600,0.965,0.995,True,True,-0.030000000000000027,-0.05
1787777700,0.595,0.72,True,True,-0.125,-0.1
1787779500,0.815,0.865,False,True,-0.050000000000000044,-0.05
1787782500,0.075,0.135,False,False,-0.06000000000000001,-0.05
1787780700,0.225,0.455,False,False,-0.23,-0.25
1787778300,0.085,0.215,False,False,-0.13,-0.15000000000000002
1787776200,0.805,0.755,True,True,0.050000000000000044,0.05
1787781300,0.845,0.875,True,True,-0.030000000000000027,-0.05
1787779800,0.685,0.695,False,True,-0.009999999999999898,-0.0
1787782800,0.975,0.975,True,True,0.0,0.0
1787780400,0.895,0.89,True,True,0.0050000000000000044,0.0
1787780100,0.085,0.145,False,False,-0.059999999999999984,-0.05
1787784000,0.145,0.305,False,False,-0.16,-0.15000000000000002
1787782200,0.405,0.725,False,True,-0.31999999999999995,-0.30000000000000004
1787784900,0.205,0.1,False,False,0.10499999999999998,0.1
1787784300,0.625,0.485,True,True,0.14,0.15000000000000002
1787778000,0.785,0.865,True,True,-0.07999999999999996,-0.1
1787785500,0.285,0.055,True,True,0.22999999999999998,0.25
1787785200,0.495,0.38,True,True,0.11499999999999999,0.1
1787781000,0.465,0.525,False,False,-0.06,-0.05
1787781900,0.775,0.835,True,True,-0.05999999999999994,-0.05
1787783400,0.545,0.505,False,False,0.040000000000000036,0.05
1787785800,0.115,0.05,False,False,0.065,0.05
1787783700,0.105,0.115,False,False,-0.010000000000000009,-0.0
1787787000,0.895,0.905,True,True,-0.010000000000000009,-0.0
1787786400,0.505,0.675,True,True,-0.17000000000000004,-0.15000000000000002
1787787600,0.955,0.965,True,True,-0.010000000000000009,-0.0
1787788500,0.315,0.275,True,True,0.03999999999999998,0.05
1787786700,0.625,0.725,True,True,-0.09999999999999998,-0.1
1787788200,0.935,0.925,True,False,0.010000000000000009,0.0
1787790300,0.815,0.575,False,False,0.24,0.25
1787787300,0.695,0.63,True,False,0.06499999999999995,0.05
1787790600,0.225,0.125,True,False,0.1,0.1
1787787900,0.775,0.405,True,True,0.37,0.35000000000000003
1787781600,0.225,0.145,False,False,0.08000000000000002,0.1
1787790000,0.375,0.345,True,True,0.030000000000000027,0.05
1787791200,0.105,0.1,False,False,0.0049999999999999906,0.0
1787792400,0.645,0.675,False,True,-0.030000000000000027,-0.05
1787784600,0.525,0.205,False,False,0.32000000000000006,0.30000000000000004
1787791800,0.075,0.06,False,False,0.015,0.0
1787794500,0.095,0.08,False,False,0.015,0.0
1787789100,0.295,0.335,False,False,-0.040000000000000036,-0.05
1787789400,0.285,0.615,True,True,-0.33,-0.35000000000000003
1787789700,0.105,0.06,False,False,0.045,0.05
1787786100,0.655,0.815,True,True,-0.15999999999999992,-0.15000000000000002
1787792100,0.385,0.465,False,False,-0.08000000000000002,-0.1
1787788800,0.705,0.875,False,True,-0.17000000000000004,-0.15000000000000002
1787790900,0.375,0.585,False,False,-0.20999999999999996,-0.2
1787795100,0.095,0.065,False,False,0.03,0.05
1787793900,0.895,0.925,True,True,-0.030000000000000027,-0.05
1787798400,0.595,0.245,False,False,0.35,0.35000000000000003
1787793300,0.305,0.65,False,False,-0.34500000000000003,-0.35000000000000003
1787793600,0.285,0.625,True,True,-0.34,-0.35000000000000003
1787796000,0.735,0.56,False,False,0.17499999999999993,0.15000000000000002
1787796900,0.245,0.475,False,False,-0.22999999999999998,-0.25
1787797800,0.345,0.165,False,False,0.17999999999999997,0.2
1787799900,0.515,0.505,False,False,0.010000000000000009,0.0
1787791500,0.465,0.23,True,True,0.23500000000000001,0.25
1787799600,0.235,0.53,False,True,-0.29500000000000004,-0.30000000000000004
1787795700,0.895,0.975,True,True,-0.07999999999999996,-0.1
1787792700,0.845,0.485,True,False,0.36,0.35000000000000003
1787794800,0.225,0.29,True,False,-0.06499999999999997,-0.05
1787797200,0.265,0.335,False,False,-0.07,-0.05
1787793000,0.855,0.945,False,False,-0.08999999999999997,-0.1
1787794200,0.905,0.915,True,True,-0.010000000000000009,-0.0
1787796600,0.305,0.635,True,True,-0.33,-0.35000000000000003
1787795400,0.965,0.875,True,True,0.08999999999999997,0.1
1787801700,0.085,0.135,False,False,-0.05,-0.05
1787798700,0.355,0.265,False,False,0.08999999999999997,0.1
1787796300,0.695,0.765,True,True,-0.07000000000000006,-0.05
1787797500,0.525,0.375,False,False,0.15000000000000002,0.15000000000000002
1787801100,0.835,0.42,True,True,0.415,0.4
1787799000,0.735,0.895,False,True,-0.16000000000000003,-0.15000000000000002
1787799300,0.935,0.855,True,True,0.08000000000000007,0.1
1787804700,0.095,0.085,False,False,0.009999999999999995,0.0
1787798100,0.535,0.485,True,True,0.050000000000000044,0.05
1787803500,0.775,0.615,True,True,0.16000000000000003,0.15000000000000002
1787803800,0.095,0.135,False,False,-0.04000000000000001,-0.05
1787801400,0.215,0.585,False,True,-0.37,-0.35000000000000003
1787800500,0.385,0.405,False,False,-0.020000000000000018,-0.0
1787803200,0.765,0.865,True,True,-0.09999999999999998,-0.1
1787805300,0.055,0.055,False,False,0.0,0.0
1787804400,0.795,0.77,True,True,0.025000000000000022,0.05
1787804100,0.825,0.845,True,True,-0.020000000000000018,-0.0
1787802000,0.345,0.365,False,False,-0.020000000000000018,-0.0
1787800200,0.905,0.955,True,True,-0.04999999999999993,-0.05
1787805900,0.705,0.63,True,True,0.07499999999999996,0.05
1787806200,0.225,0.22,False,False,0.0050000000000000044,0.0
1787800800,0.125,0.155,True,True,-0.03,-0.05
1787802300,0.665,0.285,True,False,0.38000000000000006,0.4
1787806800,0.755,0.725,True,True,0.030000000000000027,0.05
1787807400,0.095,0.215,False,True,-0.12,-0.1
1787802600,0.575,0.495,False,False,0.07999999999999996,0.1
1787806500,0.245,0.165,True,True,0.07999999999999999,0.1
1787808900,0.345,0.48,False,False,-0.135,-0.15000000000000002
1787808600,0.925,0.935,False,False,-0.010000000000000009,-0.0
1787802900,0.315,0.635,False,True,-0.32,-0.30000000000000004
1787812200,0.105,0.595,False,False,-0.49,-0.5
1787809500,0.955,0.82,True,False,0.135,0.15000000000000002
1787807100,0.305,0.7,False,False,-0.39499999999999996,-0.4
1787811300,0.065,0.125,False,False,-0.06,-0.05
1787805000,0.165,0.22,False,False,-0.05499999999999999,-0.05
1787808300,0.755,0.925,True,True,-0.17000000000000004,-0.15000000000000002
1787812500,0.955,0.845,True,True,0.10999999999999999,0.1
1787811600,0.635,0.2,True,False,0.435,0.45
1787810400,0.145,0.145,True,True,0.0,0.0
1787805600,0.255,0.035,True,False,0.22,0.2
1787810100,0.895,0.505,True,True,0.39,0.4
1787812800,0.705,0.815,True,True,-0.10999999999999999,-0.1
1787809800,0.965,0.975,True,True,-0.010000000000000009,-0.0
1787809200,0.585,0.875,True,True,-0.29000000000000004,-0.30000000000000004
1787813400,0.915,0.925,True,True,-0.010000000000000009,-0.0
1787807700,0.155,0.265,False,False,-0.11000000000000001,-0.1
1787813100,0.175,0.265,False,False,-0.09000000000000002,-0.1
1787811900,0.845,0.775,True,True,0.06999999999999995,0.05
1787814000,0.495,0.625,True,True,-0.13,-0.15000000000000002
1787817000,0.345,0.415,False,True,-0.07,-0.05
1787815800,0.135,0.065,False,False,0.07,0.05
1787816700,0.345,0.485,True,True,-0.14,-0.15000000000000002
1787810700,0.125,0.095,False,False,0.03,0.05
1787811000,0.615,0.3,True,False,0.315,0.30000000000000004
1787813700,0.715,0.895,True,True,-0.18000000000000005,-0.2
1787808000,0.185,0.095,False,False,0.09,0.1
1787814300,0.085,0.525,False,False,-0.44,-0.45
1787814900,0.615,0.835,True,True,-0.21999999999999997,-0.2
1787820000,0.115,0.075,False,False,0.04000000000000001,0.05
1787815500,0.5,0.2,False,False,0.3,0.30000000000000004
1787820600,0.325,0.385,False,True,-0.06,-0.05
1787819400,0.915,0.925,True,True,-0.010000000000000009,-0.0
1787814600,0.325,0.315,False,False,0.010000000000000009,0.0
1787817600,0.965,0.975,True,True,-0.010000000000000009,-0.0
1787817300,0.965,0.915,True,True,0.04999999999999993,0.05
1787819100,0.555,0.345,True,True,0.21000000000000008,0.2
1787818800,0.175,0.325,False,False,-0.15000000000000002,-0.15000000000000002
1787816100,0.945,0.965,True,True,-0.020000000000000018,-0.0
1787818500,0.685,0.86,False,True,-0.17499999999999993,-0.15000000000000002
1787818200,0.155,0.045,True,True,0.11,0.1
1787821800,0.495,0.515,True,True,-0.020000000000000018,-0.0
1787816400,0.495,0.125,False,False,0.37,0.35000000000000003
1787821200,0.265,0.195,False,False,0.07,0.05
1787817900,0.435,0.735,True,True,-0.3,-0.30000000000000004
1787823000,0.995,0.995,True,True,0.0,0.0
1787815200,0.465,0.4,False,True,0.065,0.05
1787820300,0.895,0.895,True,True,0.0,0.0
1787819700,0.955,0.985,True,True,-0.030000000000000027,-0.05
1787823300,0.105,0.525,False,False,-0.42000000000000004,-0.4
1787822400,0.805,0.575,True,False,0.2300000000000001,0.25
1787823600,0.745,0.275,True,False,0.47,0.45
1787826300,0.835,0.745,False,False,0.08999999999999997,0.1
1787822100,0.875,0.9,True,True,-0.025000000000000022,-0.05
1787820900,0.535,0.56,False,False,-0.025000000000000022,-0.05
1787826000,0.645,0.505,True,True,0.14,0.15000000000000002
1787825400,0.965,0.975,True,True,-0.010000000000000009,-0.0
1787821500,0.525,0.195,True,False,0.33,0.35000000000000003
1787826900,0.295,0.525,False,False,-0.23000000000000004,-0.25
1787829900,0.875,0.585,True,True,0.29000000000000004,0.30000000000000004
1787826600,0.005,0.005,False,False,0.0,0.0
1787829600,0.675,0.89,False,False,-0.21499999999999997,-0.2
1787827500,0.915,0.865,True,True,0.050000000000000044,0.05
1787825100,0.785,0.665,True,False,0.12,0.1
1787829300,0.225,0.295,True,True,-0.06999999999999998,-0.05
1787823900,0.325,0.29,False,False,0.03500000000000003,0.05
1787824800,0.045,0.045,False,False,0.0,0.0
1787832000,0.585,0.475,True,False,0.10999999999999999,0.1
1787828100,0.665,0.695,True,True,-0.029999999999999916,-0.05
1787830500,0.125,0.36,True,True,-0.235,-0.25
1787825700,0.085,0.065,False,False,0.020000000000000004,0.0
1787824500,0.005,0.025,False,False,-0.02,-0.0
1787824200,0.375,0.785,False,True,-0.41000000000000003,-0.4
1787822700,0.945,0.955,True,True,-0.010000000000000009,-0.0
1787832600,0.175,0.515,False,False,-0.34,-0.35000000000000003
1787830800,0.095,0.13,False,False,-0.035,-0.05
1787831400,0.515,0.18,False,False,0.335,0.35000000000000003
1787829000,0.455,0.425,False,False,0.030000000000000027,0.05
1787828400,0.195,0.395,True,False,-0.2,-0.2
1787831700,0.135,0.47,True,True,-0.33499999999999996,-0.35000000000000003
1787834400,0.025,0.055,False,False,-0.03,-0.05
1787827800,0.135,0.145,False,False,-0.009999999999999981,-0.0
1787830200,0.015,0.15,False,False,-0.135,-0.15000000000000002
1787827200,0.015,0.025,False,False,-0.010000000000000002,-0.0
1787832300,0.585,0.815,False,False,-0.22999999999999998,-0.25
1787828700,0.725,0.895,True,True,-0.17000000000000004,-0.15000000000000002
1787834100,0.155,0.235,False,False,-0.07999999999999999,-0.1
1787832900,0.965,0.965,True,True,0.0,0.0
1787835600,0.525,0.555,False,False,-0.030000000000000027,-0.05
1787835000,0.815,0.755,True,True,0.05999999999999994,0.05
1787834700,0.315,0.36,False,False,-0.044999999999999984,-0.05
1787833800,0.835,0.925,True,True,-0.09000000000000008,-0.1
1787835300,0.605,0.365,False,False,0.24,0.25
1787836200,0.675,0.625,True,True,0.050000000000000044,0.05
1787840100,0.225,0.195,False,False,0.03,0.05
1787833500,0.925,0.72,True,True,0.20500000000000007,0.2
1787838000,0.785,0.725,True,False,0.06000000000000005,0.05
1787831100,0.555,0.86,True,True,-0.30499999999999994,-0.30000000000000004
1787838300,0.335,0.365,True,True,-0.02999999999999997,-0.05
1787836500,0.495,0.525,True,False,-0.030000000000000027,-0.05
1787839500,0.315,0.26,True,True,0.05499999999999999,0.05
1787838600,0.645,0.745,False,False,-0.09999999999999998,-0.1
1787836800,0.705,0.895,False,False,-0.19000000000000006,-0.2
1787833200,0.585,0.44,False,False,0.14499999999999996,0.15000000000000002
1787835900,0.835,0.905,True,True,-0.07000000000000006,-0.05
1787839200,0.805,0.625,True,True,0.18000000000000005,0.2
1787837700,0.055,0.005,False,False,0.05,0.05
1787841000,0.595,0.71,True,True,-0.11499999999999999,-0.1
1787837100,0.785,0.945,True,True,-0.15999999999999992,-0.15000000000000002
1787841600,0.945,0.905,True,True,0.039999999999999925,0.05
1787842200,0.095,0.275,False,False,-0.18000000000000002,-0.2
1787839800,0.185,0.085,False,False,0.09999999999999999,0.1
1787843700,0.825,0.755,True,True,0.06999999999999995,0.05
1787844000,0.115,0.065,False,False,0.05,0.05
1787843400,0.895,0.895,True,True,0.0,0.0
1787845500,0.445,0.205,True,False,0.24000000000000002,0.25
1787846100,0.705,0.64,True,False,0.06499999999999995,0.05
1787841900,0.765,0.725,True,True,0.040000000000000036,0.05
1787845200,0.485,0.785,True,True,-0.30000000000000004,-0.30000000000000004
1787838900,0.965,0.925,True,True,0.039999999999999925,0.05
1787837400,0.815,0.945,False,True,-0.13,-0.15000000000000002
1787841300,0.715,0.625,True,True,0.08999999999999997,0.1
1787842500,0.755,0.76,False,False,-0.0050000000000000044,-0.0
1787840700,0.845,0.895,True,True,-0.050000000000000044,-0.05
1787844300,0.055,0.045,False,False,0.010000000000000002,0.0
1787844900,0.075,0.09,False,False,-0.015,-0.0
1787843100,0.825,0.815,False,False,0.010000000000000009,0.0
1787847600,0.585,0.83,True,True,-0.245,-0.25
1787848500,0.185,0.24,False,False,-0.05499999999999999,-0.05
1787842800,0.755,0.725,True,True,0.030000000000000027,0.05
1787848800,0.405,0.5,False,True,-0.09499999999999997,-0.1
1787852100,0.695,0.59,False,False,0.10499999999999998,0.1
1787847000,0.125,0.055,False,False,0.07,0.05
1787849100,0.945,0.97,True,True,-0.025000000000000022,-0.05
1787840400,0.775,0.845,True,True,-0.06999999999999995,-0.05
1787848200,0.755,0.435,False,False,0.32,0.30000000000000004
1787852400,0.535,0.735,False,False,-0.19999999999999996,-0.2
1787844600,0.9,0.92,True,True,-0.020000000000000018,-0.0
1787850600,0.925,0.825,True,True,0.10000000000000009,0.1
1787849700,0.655,0.455,True,False,0.2,0.2
1787851200,0.765,0.605,True,True,0.16000000000000003,0.15000000000000002
1787845800,0.045,0.045,False,False,0.0,0.0
1787852700,0.135,0.21,False,False,-0.07499999999999998,-0.05
1787850300,0.065,0.025,False,False,0.04,0.05
1787846400,0.505,0.495,False,True,0.010000000000000009,0.0
1787850000,0.135,0.125,False,False,0.010000000000000009,0.0
1787847300,0.965,0.965,True,True,0.0,0.0
1787853000,0.37,0.555,False,True,-0.18500000000000005,-0.2
1787851500,0.175,0.045,False,False,0.13,0.15000000000000002
1787851800,0.555,0.395,False,False,0.16000000000000003,0.15000000000000002
1787847900,0.725,0.795,True,True,-0.07000000000000006,-0.05
1787850900,0.775,0.775,True,True,0.0,0.0
1787683500,0.495,0.305,True,False,0.19,0.2
1787849400,0.145,0.115,False,False,0.029999999999999985,0.05
1787853300,0.575,0.735,False,False,-0.16000000000000003,-0.15000000000000002
1787854500,0.175,0.165,False,False,0.009999999999999981,0.0
1787853600,0.735,0.87,False,False,-0.135,-0.15000000000000002
1787684400,0.775,0.895,True,True,-0.12,-0.1
1787686800,0.925,0.905,True,True,0.020000000000000018,0.0
1787684700,0.785,0.76,False,False,0.025000000000000022,0.05
1787854200,0.405,0.28,False,False,0.125,0.1
1787682600,0.315,0.285,False,False,0.030000000000000027,0.05
1787846700,0.645,0.785,True,True,-0.14,-0.15000000000000002
1787685600,0.725,0.365,True,True,0.36,0.35000000000000003
1787683800,0.805,0.705,True,True,0.10000000000000009,0.1
1787683200,0.155,0.265,False,False,-0.11000000000000001,-0.1
1787687400,0.485,0.715,True,True,-0.22999999999999998,-0.25
1787686200,0.005,0.025,False,False,-0.02,-0.0
1787685900,0.125,0.095,False,False,0.03,0.05
1787687700,0.945,0.935,True,True,0.009999999999999898,0.0
1787686500,0.155,0.045,False,False,0.11,0.1
1787682900,0.105,0.07,False,False,0.03499999999999999,0.05
1787684100,0.385,0.56,False,False,-0.17500000000000004,-0.2
1787688000,0.465,0.425,True,True,0.040000000000000036,0.05
1787688300,0.265,0.105,False,False,0.16000000000000003,0.15000000000000002
1787853900,0.095,0.095,False,False,0.0,0.0
1787682300,0.485,0.485,True,True,0.0,0.0
1787689200,0.405,0.435,True,True,-0.02999999999999997,-0.05
1787690400,0.595,0.515,False,False,0.07999999999999996,0.1
1787688600,0.905,0.875,True,True,0.030000000000000027,0.05
1787687100,0.255,0.13,False,False,0.125,0.1
1787691300,0.945,0.975,True,True,-0.030000000000000027,-0.05
1787685300,0.365,0.745,True,True,-0.38,-0.4
1787688900,0.225,0.235,True,False,-0.009999999999999981,-0.0
1787685000,0.125,0.36,False,True,-0.235,-0.25
1787692500,0.825,0.835,True,True,-0.010000000000000009,-0.0
1787854800,0.275,0.19,False,False,0.08500000000000002,0.1
1787692200,0.785,0.705,False,False,0.08000000000000007,0.1
1787689800,0.075,0.085,False,False,-0.010000000000000009,-0.0
1787691900,0.175,0.375,False,False,-0.2,-0.2
1787690700,0.035,0.265,False,False,-0.23,-0.25
1787694600,0.385,0.415,True,True,-0.02999999999999997,-0.05
1787689500,0.155,0.135,False,False,0.01999999999999999,0.0
1787693700,0.295,0.39,False,True,-0.09500000000000003,-0.1
1787696700,0.155,0.085,False,False,0.06999999999999999,0.05
1787697000,0.045,0.025,False,False,0.019999999999999997,0.0
1787695500,0.855,0.895,True,True,-0.040000000000000036,-0.05
1787693100,0.425,0.185,False,False,0.24,0.25
1787696400,0.765,0.615,False,False,0.15000000000000002,0.15000000000000002
1787692800,0.695,0.665,True,True,0.029999999999999916,0.05
1787697300,0.935,0.605,True,True,0.33000000000000007,0.35000000000000003
1787693400,0.565,0.815,True,True,-0.25,-0.25
1787690100,0.22,0.115,False,False,0.105,0.1
1787694900,0.305,0.195,False,False,0.10999999999999999,0.1
1787695200,0.755,0.79,True,True,-0.03500000000000003,-0.05
1787697600,0.355,0.375,False,True,-0.020000000000000018,-0.0
1787694300,0.525,0.355,False,False,0.17000000000000004,0.15000000000000002
1787691000,0.055,0.065,False,False,-0.010000000000000002,-0.0
1787691600,0.145,0.195,False,False,-0.05000000000000002,-0.05
1787695800,0.805,0.695,True,True,0.1100000000000001,0.1
1787698200,0.895,0.925,True,True,-0.030000000000000027,-0.05
1787696100,0.895,0.825,True,True,0.07000000000000006,0.05
1787701500,0.295,0.165,False,False,0.12999999999999998,0.15000000000000002
1787699700,0.555,0.535,True,True,0.020000000000000018,0.0
1787703300,0.875,0.965,True,True,-0.08999999999999997,-0.1
1787702700,0.265,0.155,True,True,0.11000000000000001,0.1
1787694000,0.965,0.945,True,True,0.020000000000000018,0.0
1787701200,0.145,0.185,False,False,-0.04000000000000001,-0.05
1787698800,0.635,0.575,False,False,0.06000000000000005,0.05
1787703000,0.085,0.045,False,False,0.04000000000000001,0.05
1787698500,0.815,0.925,True,True,-0.1100000000000001,-0.1
1787703900,0.355,0.275,True,True,0.07999999999999996,0.1
1787700300,0.155,0.225,False,False,-0.07,-0.05
1787700900,0.135,0.105,True,False,0.030000000000000013,0.05
1787701800,0.305,0.455,False,False,-0.15000000000000002,-0.15000000000000002
1787704200,0.245,0.455,False,False,-0.21000000000000002,-0.2
1787702100,0.245,0.175,True,False,0.07,0.05
1787703600,0.855,0.86,True,True,-0.0050000000000000044,-0.0
1787699400,0.255,0.455,False,False,-0.2,-0.2
1787700600,0.215,0.535,True,True,-0.32000000000000006,-0.30000000000000004
1787697900,0.605,0.465,False,True,0.13999999999999996,0.15000000000000002
1787705400,0.705,0.595,True,True,0.10999999999999999,0.1
1787700000,0.435,0.825,False,False,-0.38999999999999996,-0.4
1787702400,0.865,0.905,True,True,-0.040000000000000036,-0.05
1787707500,0.695,0.625,True,True,0.06999999999999995,0.05
1787707200,0.945,0.905,True,True,0.039999999999999925,0.05
1787706000,0.415,0.345,False,False,0.07,0.05
1787708400,0.875,0.955,True,True,-0.07999999999999996,-0.1
1787704800,0.235,0.31,False,False,-0.07500000000000001,-0.1
1787709900,0.855,0.94,True,True,-0.08499999999999996,-0.1
1787708700,0.105,0.055,False,False,0.049999999999999996,0.05
1787708100,0.955,0.965,True,True,-0.010000000000000009,-0.0
1787704500,0.845,0.765,True,True,0.07999999999999996,0.1
1787706300,0.865,0.92,True,True,-0.05500000000000005,-0.05
1787705700,0.935,0.915,True,True,0.020000000000000018,0.0
1787706600,0.925,0.975,True,True,-0.04999999999999993,-0.05
1787706900,0.405,0.495,False,False,-0.08999999999999997,-0.1
1787711400,0.975,0.885,True,True,0.08999999999999997,0.1
1787712000,0.255,0.165,False,False,0.09,0.1
1787709300,0.315,0.425,False,False,-0.10999999999999999,-0.1
1787705100,0.485,0.685,False,True,-0.20000000000000007,-0.2
1787707800,0.065,0.085,False,False,-0.020000000000000004,-0.0
1787709600,0.195,0.255,True,True,-0.06,-0.05
1787709000,0.195,0.265,False,False,-0.07,-0.05
1787710800,0.725,0.865,True,True,-0.14,-0.15000000000000002
1787713200,0.935,0.835,True,True,0.10000000000000009,0.1
1787710200,0.195,0.19,False,False,0.0050000000000000044,0.0
1787713500,0.855,0.865,False,False,-0.010000000000000009,-0.0
1787699100,0.845,0.805,True,True,0.039999999999999925,0.05
1787715300,0.095,0.125,False,False,-0.03,-0.05
1787715000,0.495,0.145,False,False,0.35,0.35000000000000003
1787712900,0.565,0.475,False,False,0.08999999999999997,0.1
1787713800,0.375,0.375,False,False,0.0,0.0
1787712300,0.265,0.425,False,False,-0.15999999999999998,-0.15000000000000002
1787711700,0.115,0.45,False,True,-0.335,-0.35000000000000003
1787710500,0.625,0.63,True,True,-0.0050000000000000044,-0.0
1787712600,0.285,0.615,False,False,-0.33,-0.35000000000000003
1787714400,0.145,0.175,False,False,-0.03,-0.05
1787717100,0.015,0.045,False,False,-0.03,-0.05
1787714100,0.775,0.765,True,True,0.010000000000000009,0.0
1787717400,0.49,0.505,True,True,-0.015000000000000013,-0.0
1787716800,0.905,0.755,True,True,0.15000000000000002,0.15000000000000002
1787715600,0.955,0.965,True,True,-0.010000000000000009,-0.0
1787716500,0.735,0.845,True,True,-0.10999999999999999,-0.1
1787711100,0.515,0.395,True,True,0.12,0.1
1787718000,0.505,0.505,True,True,0.0,0.0
1787719200,0.505,0.505,True,True,0.0,0.0
1787720700,0.505,0.505,False,False,0.0,0.0
1787717700,0.505,0.505,False,False,0.0,0.0
1787723700,0.505,0.505,False,False,0.0,0.0
1787718300,0.505,0.505,False,False,0.0,0.0
1787714700,0.955,0.985,True,True,-0.030000000000000027,-0.05
1787721000,0.505,0.505,False,False,0.0,0.0
1787716200,0.045,0.1,False,False,-0.05500000000000001,-0.05
1787721300,0.505,0.505,True,True,0.0,0.0
1787720100,0.505,0.505,True,False,0.0,0.0
1787718600,0.505,0.505,False,False,0.0,0.0
1787722200,0.505,0.505,True,True,0.0,0.0
1787719800,0.505,0.505,False,False,0.0,0.0
1787724000,0.505,0.505,True,True,0.0,0.0
1787715900,0.295,0.175,True,False,0.12,0.1
1787723400,0.505,0.505,False,False,0.0,0.0
1787721600,0.505,0.505,False,False,0.0,0.0
1787725800,0.505,0.505,True,True,0.0,0.0
1787722500,0.505,0.505,True,True,0.0,0.0
1787719500,0.505,0.505,True,False,0.0,0.0
1787723100,0.505,0.505,True,True,0.0,0.0
1787718900,0.505,0.505,False,False,0.0,0.0
1787726700,0.505,0.505,True,True,0.0,0.0
1787720400,0.505,0.505,False,False,0.0,0.0
1787722800,0.505,0.505,False,False,0.0,0.0
1787730000,0.505,0.5,True,True,0.0050000000000000044,0.0
1787724300,0.505,0.505,True,True,0.0,0.0
1787724900,0.505,0.495,False,False,0.010000000000000009,0.0
1787725500,0.505,0.505,False,False,0.0,0.0
1787729700,0.505,0.5,True,True,0.0050000000000000044,0.0
1787721900,0.505,0.505,True,True,0.0,0.0
1787727600,0.505,0.505,True,True,0.0,0.0
1787728800,0.505,0.505,False,True,0.0,0.0
1787726100,0.505,0.505,False,False,0.0,0.0
1787725200,0.505,0.505,False,False,0.0,0.0
1787728200,0.505,0.495,False,False,0.010000000000000009,0.0
1787730300,0.505,0.5,False,False,0.0050000000000000044,0.0
1787729100,0.505,0.505,True,True,0.0,0.0
1787727000,0.505,0.505,False,False,0.0,0.0
1787730900,0.505,0.5,False,False,0.0050000000000000044,0.0
1787732400,0.765,0.45,False,False,0.315,0.30000000000000004
1787732700,0.085,0.125,False,False,-0.039999999999999994,-0.05
1787730600,0.505,0.5,True,True,0.0050000000000000044,0.0
1787726400,0.505,0.505,False,False,0.0,0.0
1787728500,0.505,0.505,True,True,0.0,0.0
1787735400,0.775,0.635,False,False,0.14,0.15000000000000002
1787733000,0.835,0.965,True,True,-0.13,-0.15000000000000002
1787733900,0.695,0.555,True,True,0.1399999999999999,0.15000000000000002
1787727900,0.505,0.505,True,True,0.0,0.0
1787727300,0.505,0.505,True,True,0.0,0.0
1787734500,0.045,0.095,False,False,-0.05,-0.05
1787731500,0.295,0.48,False,False,-0.185,-0.2
1787731800,0.465,0.775,True,True,-0.31,-0.30000000000000004
1787724600,0.505,0.505,True,True,0.0,0.0
1787734800,0.205,0.26,False,False,-0.05500000000000002,-0.05
1787735100,0.935,0.78,True,True,0.15500000000000003,0.15000000000000002
1787736000,0.015,0.025,False,False,-0.010000000000000002,-0.0
1787733300,0.485,0.545,False,False,-0.06000000000000005,-0.05
1787732100,0.815,0.575,True,True,0.24,0.25
1787737500,0.095,0.225,False,False,-0.13,-0.15000000000000002
1787731200,0.5,0.48,False,False,0.020000000000000018,0.0
1787729400,0.505,0.505,False,False,0.0,0.0
1787734200,0.165,0.105,False,False,0.06000000000000001,0.05
1787736900,0.775,0.795,True,True,-0.020000000000000018,-0.0
1787736600,0.865,0.955,True,True,-0.08999999999999997,-0.1
1787736300,0.665,0.83,False,False,-0.16499999999999992,-0.15000000000000002
1787739900,0.575,0.225,True,True,0.35,0.35000000000000003
1787737800,0.085,0.145,True,True,-0.059999999999999984,-0.05
1787737200,0.125,0.045,False,False,0.08,0.1
1787735700,0.375,0.415,False,False,-0.03999999999999998,-0.05
1787741100,0.465,0.4,True,False,0.065,0.05
1787738100,0.865,0.605,True,False,0.26,0.25
1787739600,0.875,0.735,True,True,0.14,0.15000000000000002
1787740200,0.845,0.785,True,True,0.05999999999999994,0.05
1787745000,0.145,0.205,False,False,-0.06,-0.05
1787739300,0.735,0.715,True,True,0.020000000000000018,0.0
1787743800,0.135,0.315,False,False,-0.18,-0.2
1787741400,0.425,0.605,True,True,-0.18,-0.2
1787742300,0.755,0.82,True,True,-0.06499999999999995,-0.05
1787738400,0.705,0.775,True,True,-0.07000000000000006,-0.05
1787733600,0.295,0.435,False,False,-0.14,-0.15000000000000002
1787740800,0.435,0.935,True,True,-0.5,-0.5
1787740500,0.145,0.6,True,True,-0.45499999999999996,-0.45
1787742600,0.165,0.14,False,False,0.024999999999999994,0.0
1787743500,0.685,0.655,True,False,0.030000000000000027,0.05
1787744100,0.205,0.235,False,False,-0.03,-0.05
1787739000,0.785,0.515,False,False,0.27,0.25
1787738700,0.395,0.465,False,False,-0.07,-0.05
1787746500,0.435,0.585,False,False,-0.14999999999999997,-0.15000000000000002
1787744700,0.855,0.785,True,True,0.06999999999999995,0.05
1787743200,0.605,0.55,False,False,0.05499999999999994,0.05
1787745300,0.885,0.965,True,True,-0.07999999999999996,-0.1
1787746800,0.385,0.345,False,False,0.040000000000000036,0.05
1787748600,0.175,0.215,False,True,-0.04000000000000001,-0.05
1787749500,0.835,0.625,False,False,0.20999999999999996,0.2
1787741700,0.635,0.525,True,True,0.10999999999999999,0.1
1787748300,0.685,0.765,True,True,-0.07999999999999996,-0.1
1787742000,0.145,0.095,False,False,0.04999999999999999,0.05
1787742900,0.745,0.485,True,False,0.26,0.25
1787750100,0.495,0.275,True,False,0.21999999999999997,0.2
1787744400,0.185,0.355,False,False,-0.16999999999999998,-0.15000000000000002
1787751600,0.625,0.6,True,True,0.025000000000000022,0.05
1787747400,0.905,0.865,True,True,0.040000000000000036,0.05
1787745600,0.755,0.905,False,False,-0.15000000000000002,-0.15000000000000002
1787745900,0.825,0.775,True,False,0.04999999999999993,0.05
1787747700,0.065,0.045,False,False,0.020000000000000004,0.0
1787747100,0.925,0.935,True,True,-0.010000000000000009,-0.0
1787750700,0.305,0.265,False,False,0.03999999999999998,0.05
1787750400,0.645,0.665,False,False,-0.020000000000000018,-0.0
1787748000,0.335,0.155,False,False,0.18000000000000002,0.2
1787749200,0.855,0.895,True,True,-0.040000000000000036,-0.05
1787748900,0.905,0.545,True,False,0.36,0.35000000000000003
1787751900,0.565,0.555,True,True,0.009999999999999898,0.0
1787746200,0.075,0.175,False,False,-0.09999999999999999,-0.1
1787754000,0.825,0.86,True,True,-0.03500000000000003,-0.05
1787749800,0.245,0.545,False,False,-0.30000000000000004,-0.30000000000000004
1787751000,0.135,0.645,False,True,-0.51,-0.5
1787755200,0.63,0.645,False,False,-0.015000000000000013,-0.0
1787751300,0.765,0.665,True,True,0.09999999999999998,0.1
1787753700,0.465,0.405,False,False,0.06,0.05
1787754600,0.025,0.045,False,False,-0.019999999999999997,-0.0
1787753400,0.525,0.395,True,False,0.13,0.15000000000000002
1787754300,0.465,0.34,False,False,0.125,0.1
1787752800,0.745,0.385,True,True,0.36,0.35000000000000003
1787752200,0.295,0.625,False,True,-0.33,-0.35000000000000003
1787753100,0.74,0.755,True,True,-0.015000000000000013,-0.0
1787752500,0.085,0.175,False,False,-0.08999999999999998,-0.1
1787755500,0.585,0.385,False,False,0.19999999999999996,0.2
1787759100,0.945,0.955,True,True,-0.010000000000000009,-0.0
1787760000,0.835,0.845,False,True,-0.010000000000000009,-0.0
1787758500,0.21,0.235,False,False,-0.024999999999999994,-0.0
1787757900,0.915,0.935,True,True,-0.020000000000000018,-0.0
1787757600,0.315,0.395,False,False,-0.08000000000000002,-0.1
1787756100,0.525,0.765,False,False,-0.24,-0.25
1787756400,0.255,0.145,False,False,0.11000000000000001,0.1
1787758800,0.365,0.245,True,True,0.12,0.1
1787756700,0.645,0.625,False,False,0.020000000000000018,0.0
1787754900,0.495,0.625,False,False,-0.13,-0.15000000000000002
1787759400,0.635,0.755,True,True,-0.12,-0.1
1787757000,0.885,0.855,True,True,0.030000000000000027,0.05
1787758200,0.935,0.965,True,True,-0.029999999999999916,-0.05
1787762100,0.415,0.465,True,True,-0.050000000000000044,-0.05
1787760900,0.135,0.045,False,False,0.09000000000000001,0.1
1787762400,0.395,0.335,False,False,0.06,0.05
1787757300,0.435,0.54,False,False,-0.10500000000000004,-0.1
1787760300,0.445,0.175,True,True,0.27,0.25
1787755800,0.245,0.165,False,False,0.07999999999999999,0.1
1787763000,0.945,0.925,True,True,0.019999999999999907,0.0
1787764200,0.695,0.745,True,True,-0.050000000000000044,-0.05
1787762700,0.505,0.165,False,False,0.33999999999999997,0.35000000000000003
1787761200,0.105,0.17,False,False,-0.06500000000000002,-0.05
1787759700,0.105,0.115,False,False,-0.010000000000000009,-0.0
1787760600,0.575,0.635,True,True,-0.06000000000000005,-0.05
1787761800,0.375,0.285,True,False,0.09000000000000002,0.1
1787766900,0.415,0.655,True,True,-0.24000000000000005,-0.25
1787764800,0.955,0.945,True,True,0.010000000000000009,0.0
1787767500,0.605,0.4,True,True,0.20499999999999996,0.2
1787765700,0.735,0.705,True,True,0.030000000000000027,0.05
1787766000,0.145,0.165,False,False,-0.020000000000000018,-0.0
1787764500,0.235,0.045,True,False,0.19,0.2
1787766600,0.035,0.035,False,False,0.0,0.0
1787768100,0.815,0.825,True,True,-0.010000000000000009,-0.0
1787765100,0.765,0.655,True,True,0.10999999999999999,0.1
1787761500,0.835,0.895,False,False,-0.06000000000000005,-0.05
1787763600,0.285,0.325,False,False,-0.040000000000000036,-0.05
1787766300,0.915,0.585,True,False,0.33000000000000007,0.35000000000000003
1787763900,0.865,0.845,True,True,0.020000000000000018,0.0
1787763300,0.395,0.515,False,False,-0.12,-0.1
1787768400,0.345,0.635,False,True,-0.29000000000000004,-0.30000000000000004
1787767800,0.205,0.38,True,True,-0.17500000000000002,-0.2
1787767200,0.605,0.675,False,False,-0.07000000000000006,-0.05
1787765400,0.635,0.635,True,True,0.0,0.0
1787597100,0.955,0.975,True,True,-0.020000000000000018,-0.0
1787599500,0.505,0.44,False,False,0.065,0.05
1787597400,0.775,0.825,True,True,-0.04999999999999993,-0.05
1787598300,0.725,0.675,False,False,0.04999999999999993,0.05
1787598900,0.805,0.755,True,True,0.050000000000000044,0.05
1787595900,0.845,0.525,True,False,0.31999999999999995,0.30000000000000004
1787596500,0.705,0.58,False,False,0.125,0.1
1787598000,0.175,0.295,False,False,-0.12,-0.1
1787599800,0.855,0.935,True,True,-0.08000000000000007,-0.1
1787599200,0.115,0.155,False,False,-0.039999999999999994,-0.05
1787600400,0.735,0.885,True,True,-0.15000000000000002,-0.15000000000000002
1787596800,0.29,0.145,False,False,0.145,0.15000000000000002
1787604000,0.625,0.885,True,True,-0.26,-0.25
1787600700,0.045,0.035,False,False,0.009999999999999995,0.0
1787601000,0.125,0.205,False,False,-0.07999999999999999,-0.1
1787601300,0.085,0.105,False,False,-0.01999999999999999,-0.0
1787596200,0.685,0.84,False,True,-0.15499999999999992,-0.15000000000000002
1787603100,0.455,0.245,True,False,0.21000000000000002,0.2
1787598600,0.115,0.025,True,False,0.09,0.1
1787597700,0.215,0.115,False,False,0.09999999999999999,0.1
1787600100,0.345,0.33,True,False,0.014999999999999958,0.0
1787605200,0.925,0.855,True,True,0.07000000000000006,0.05
1787603400,0.075,0.105,False,False,-0.03,-0.05
1787602500,0.395,0.555,False,False,-0.16000000000000003,-0.15000000000000002
1787602200,0.895,0.945,True,True,-0.04999999999999993,-0.05
1787602800,0.685,0.295,True,False,0.39000000000000007,0.4
1787604900,0.205,0.255,False,False,-0.05000000000000002,-0.05
1787604600,0.425,0.44,False,False,-0.015000000000000013,-0.0
1787603700,0.315,0.285,True,True,0.030000000000000027,0.05
1787601600,0.695,0.905,True,True,-0.21000000000000008,-0.2
1787601900,0.095,0.165,False,False,-0.07,-0.05
1787604300,0.275,0.165,False,False,0.11000000000000001,0.1
1787606100,0.905,0.925,True,True,-0.020000000000000018,-0.0
1787607000,0.155,0.235,False,False,-0.07999999999999999,-0.1
1787607600,0.585,0.475,True,False,0.10999999999999999,0.1
1787608500,0.295,0.615,False,False,-0.32,-0.30000000000000004
1787607900,0.785,0.935,True,True,-0.15000000000000002,-0.15000000000000002
1787609400,0.915,0.915,True,True,0.0,0.0
1787606400,0.055,0.055,False,False,0.0,0.0
1787605800,0.625,0.435,False,False,0.19,0.2
1787608200,0.625,0.605,True,True,0.020000000000000018,0.0
1787607300,0.555,0.42,True,False,0.13500000000000006,0.15000000000000002
1787610900,0.505,0.74,True,True,-0.235,-0.25
1787613300,0.545,0.685,False,False,-0.14,-0.15000000000000002
1787611500,0.045,0.035,False,False,0.009999999999999995,0.0
1787612100,0.475,0.605,True,False,-0.13,-0.15000000000000002
1787609700,0.185,0.185,False,False,0.0,0.0
1787606700,0.165,0.535,True,True,-0.37,-0.35000000000000003
1787611200,0.795,0.835,True,True,-0.039999999999999925,-0.05
1787613900,0.905,0.865,True,True,0.040000000000000036,0.05
1787611800,0.535,0.595,True,True,-0.05999999999999994,-0.05
1787612700,0.145,0.305,True,True,-0.16,-0.15000000000000002
1787614800,0.58,0.725,True,True,-0.14500000000000002,-0.15000000000000002
1787613000,0.365,0.655,True,True,-0.29000000000000004,-0.30000000000000004
1787610600,0.065,0.055,False,False,0.010000000000000002,0.0
1787610000,0.855,0.665,True,False,0.18999999999999995,0.2
1787605500,0.915,0.98,True,True,-0.06499999999999995,-0.05
1787613600,0.795,0.755,True,True,0.040000000000000036,0.05
1787614500,0.415,0.465,False,False,-0.050000000000000044,-0.05
1787608800,0.875,0.685,True,True,0.18999999999999995,0.2
1787609100,0.225,0.31,False,False,-0.08499999999999999,-0.1
1787610300,0.245,0.52,False,True,-0.275,-0.30000000000000004
1787618100,0.405,0.385,False,True,0.020000000000000018,0.0
1787616000,0.705,0.935,True,True,-0.2300000000000001,-0.25
1787617200,0.035,0.055,False,False,-0.019999999999999997,-0.0
1787614200,0.745,0.885,False,True,-0.14,-0.15000000000000002
1787615400,0.265,0.185,False,False,0.08000000000000002,0.1
1787615700,0.325,0.115,False,False,0.21000000000000002,0.2
1787617500,0.785,0.835,True,True,-0.04999999999999993,-0.05
1787617800,0.385,0.46,False,False,-0.07500000000000001,-0.1
1787615100,0.505,0.295,True,False,0.21000000000000002,0.2
1787618400,0.825,0.855,True,True,-0.030000000000000027,-0.05
1787619600,0.695,0.355,True,False,0.33999999999999997,0.35000000000000003
1787616300,0.235,0.235,False,False,0.0,0.0
1787620800,0.345,0.5,True,True,-0.15500000000000003,-0.15000000000000002
1787616900,0.645,0.685,True,False,-0.040000000000000036,-0.05
1787618700,0.325,0.345,True,True,-0.019999999999999962,-0.0
1787619300,0.665,0.535,True,True,0.13,0.15000000000000002
1787619000,0.985,0.965,True,True,0.020000000000000018,0.0
1787622300,0.575,0.355,False,False,0.21999999999999997,0.2
1787620200,0.395,0.245,False,False,0.15000000000000002,0.15000000000000002
1787621700,0.305,0.5,False,False,-0.195,-0.2
1787616600,0.225,0.115,False,False,0.11,0.1
1787620500,0.125,0.225,False,False,-0.1,-0.1
1787621100,0.645,0.685,True,True,-0.040000000000000036,-0.05
1787622000,0.555,0.315,True,True,0.24000000000000005,0.25
1787623800,0.225,0.085,False,False,0.14,0.15000000000000002
1787622600,0.325,0.505,True,True,-0.18,-0.2
1787619900,0.815,0.685,True,True,0.1299999999999999,0.15000000000000002
1787612400,0.115,0.145,False,False,-0.029999999999999985,-0.05
1787625900,0.925,0.975,False,True,-0.04999999999999993,-0.05
1787625600,0.445,0.235,True,False,0.21000000000000002,0.2
1787626800,0.495,0.485,False,False,0.010000000000000009,0.0
1787621400,0.955,0.855,True,True,0.09999999999999998,0.1
1787629200,0.535,0.335,True,False,0.2,0.2
1787622900,0.085,0.055,False,False,0.030000000000000006,0.05
1787625000,0.805,0.905,True,True,-0.09999999999999998,-0.1
1787627700,0.285,0.325,False,False,-0.040000000000000036,-0.05
1787626200,0.165,0.285,False,False,-0.11999999999999997,-0.1
1787624400,0.555,0.825,True,True,-0.2699999999999999,-0.25
1787628900,0.925,0.645,True,True,0.28,0.30000000000000004
1787623500,0.135,0.175,False,True,-0.03999999999999998,-0.05
1787623200,0.825,0.785,True,True,0.039999999999999925,0.05
1787628000,0.275,0.355,False,False,-0.07999999999999996,-0.1
1787625300,0.525,0.375,False,False,0.15000000000000002,0.15000000000000002
1787628600,0.265,0.465,False,False,-0.2,-0.2
1787627400,0.825,0.895,True,True,-0.07000000000000006,-0.05
1787624100,0.865,0.815,True,True,0.050000000000000044,0.05
1787632200,0.235,0.245,False,False,-0.010000000000000009,-0.0
1787627100,0.485,0.36,True,True,0.125,0.1
1787626500,0.055,0.045,False,False,0.010000000000000002,0.0
1787629500,0.355,0.365,False,False,-0.010000000000000009,-0.0
1787630100,0.785,0.945,True,True,-0.15999999999999992,-0.15000000000000002
1787624700,0.485,0.505,False,False,-0.020000000000000018,-0.0
1787631900,0.475,0.535,True,True,-0.06000000000000005,-0.05
1787634000,0.285,0.145,True,True,0.13999999999999999,0.15000000000000002
1787635200,0.375,0.765,True,True,-0.39,-0.4
1787628300,0.265,0.365,False,False,-0.09999999999999998,-0.1
1787635800,0.915,0.915,True,True,0.0,0.0
1787630400,0.035,0.205,False,True,-0.16999999999999998,-0.15000000000000002
1787636100,0.775,0.475,True,True,0.30000000000000004,0.30000000000000004
1787631300,0.945,0.875,True,True,0.06999999999999995,0.05
1787636700,0.585,0.465,False,False,0.11999999999999994,0.1
1787634900,0.475,0.235,False,False,0.24,0.25
1787633700,0.785,0.765,False,False,0.020000000000000018,0.0
1787633400,0.945,0.935,True,True,0.009999999999999898,0.0
1787632500,0.375,0.375,True,False,0.0,0.0
1787631000,0.145,0.125,False,False,0.01999999999999999,0.0
1787634600,0.815,0.805,True,True,0.009999999999999898,0.0
1787632800,0.645,0.665,True,True,-0.020000000000000018,-0.0
1787634300,0.915,0.965,True,True,-0.04999999999999993,-0.05
1787637600,0.905,0.785,True,True,0.12,0.1
1787631600,0.155,0.145,False,False,0.010000000000000009,0.0
1787630700,0.425,0.575,False,False,-0.14999999999999997,-0.15000000000000002
1787637000,0.355,0.375,True,True,-0.020000000000000018,-0.0
1787636400,0.505,0.405,False,False,0.09999999999999998,0.1
1787629800,0.685,0.485,False,False,0.20000000000000007,0.2
1787641800,0.525,0.595,False,False,-0.06999999999999995,-0.05
1787638200,0.665,0.595,True,False,0.07000000000000006,0.05
1787640000,0.035,0.085,False,False,-0.05,-0.05
1787633100,0.115,0.175,False,False,-0.059999999999999984,-0.05
1787638500,0.425,0.31,True,False,0.11499999999999999,0.1
1787640300,0.585,0.795,False,True,-0.21000000000000008,-0.2
1787637900,0.45,0.475,True,True,-0.024999999999999967,-0.0
1787641200,0.165,0.195,True,True,-0.03,-0.05
1787640900,0.445,0.345,False,False,0.10000000000000003,0.1
1787640600,0.755,0.735,False,False,0.020000000000000018,0.0
1787642700,0.875,0.915,True,True,-0.040000000000000036,-0.05
1787643300,0.505,0.135,False,False,0.37,0.35000000000000003
1787635500,0.255,0.605,False,True,-0.35,-0.35000000000000003
1787639100,0.455,0.325,False,True,0.13,0.15000000000000002
1787639700,0.575,0.055,False,False,0.5199999999999999,0.5
1787643900,0.845,0.915,True,True,-0.07000000000000006,-0.05
1787641500,0.795,0.965,True,True,-0.16999999999999993,-0.15000000000000002
1787638800,0.485,0.775,True,True,-0.29000000000000004,-0.30000000000000004
1787639400,0.855,0.605,False,False,0.25,0.25
1787642100,0.375,0.245,False,False,0.13,0.15000000000000002
1787644200,0.155,0.485,False,False,-0.32999999999999996,-0.35000000000000003
1787642400,0.495,0.285,False,False,0.21000000000000002,0.2
1787646900,0.285,0.375,False,False,-0.09000000000000002,-0.1
1787643600,0.845,0.565,False,False,0.28,0.30000000000000004
1787650200,0.075,0.04,False,False,0.034999999999999996,0.05
1787648100,0.185,0.245,False,False,-0.06,-0.05
1787637300,0.575,0.365,False,True,0.20999999999999996,0.2
1787645100,0.385,0.205,True,True,0.18000000000000002,0.2
1787648400,0.205,0.735,True,True,-0.53,-0.55
1787643000,0.865,0.405,True,True,0.45999999999999996,0.45
1787646000,0.905,0.915,True,True,-0.010000000000000009,-0.0
1787646600,0.795,0.615,True,True,0.18000000000000005,0.2
1787649900,0.595,0.485,True,True,0.10999999999999999,0.1
1787644800,0.405,0.665,False,False,-0.26,-0.25
1787649600,0.325,0.515,False,False,-0.19,-0.2
1787645700,0.675,0.645,True,True,0.030000000000000027,0.05
1787647500,0.235,0.395,True,True,-0.16000000000000003,-0.15000000000000002
1787650500,0.755,0.89,True,True,-0.135,-0.15000000000000002
1787649300,0.365,0.325,True,True,0.03999999999999998,0.05
1787651700,0.015,0.005,False,False,0.009999999999999998,0.0
1787647200,0.635,0.745,False,False,-0.10999999999999999,-0.1
1787652600,0.525,0.62,True,True,-0.09499999999999997,-0.1
1787647800,0.145,0.055,False,False,0.09,0.1
1787655300,0.745,0.825,True,True,-0.07999999999999996,-0.1
1787653500,0.115,0.105,False,False,0.010000000000000009,0.0
1787650800,0.255,0.105,False,False,0.15000000000000002,0.15000000000000002
1787652900,0.815,0.875,True,True,-0.06000000000000005,-0.05
1787652300,0.125,0.185,False,True,-0.06,-0.05
1787651400,0.125,0.055,False,False,0.07,0.05
1787645400,0.495,0.615,True,True,-0.12,-0.1
1787646300,0.815,0.865,True,True,-0.050000000000000044,-0.05
1787654100,0.735,0.875,True,True,-0.14,-0.15000000000000002
1787656200,0.945,0.965,True,True,-0.020000000000000018,-0.0
1787653200,0.775,0.765,True,True,0.010000000000000009,0.0
1787654700,0.805,0.54,True,False,0.265,0.25
1787652000,0.725,0.625,True,True,0.09999999999999998,0.1
1787651100,0.465,0.745,False,False,-0.27999999999999997,-0.30000000000000004
1787655000,0.955,0.985,True,True,-0.030000000000000027,-0.05
1787649000,0.725,0.865,True,True,-0.14,-0.15000000000000002
1787653800,0.195,0.175,False,False,0.020000000000000018,0.0
1787659200,0.895,0.635,True,False,0.26,0.25
1787660400,0.425,0.325,False,False,0.09999999999999998,0.1
1787644500,0.015,0.075,False,False,-0.06,-0.05
1787656500,0.025,0.015,False,False,0.010000000000000002,0.0
1787648700,0.105,0.135,False,False,-0.030000000000000013,-0.05
1787658300,0.075,0.205,False,False,-0.13,-0.15000000000000002
1787657700,0.855,0.835,True,True,0.020000000000000018,0.0
1787658000,0.915,0.945,True,True,-0.029999999999999916,-0.05
1787658900,0.385,0.835,False,False,-0.44999999999999996,-0.45
1787660100,0.945,0.935,True,True,0.009999999999999898,0.0
1787660700,0.305,0.355,False,False,-0.04999999999999999,-0.05
1787661300,0.585,0.565,True,True,0.020000000000000018,0.0
1787659800,0.015,0.015,False,False,0.0,0.0
1787663100,0.535,0.355,True,True,0.18000000000000005,0.2
1787656800,0.615,0.435,True,True,0.18,0.2
1787663400,0.585,0.475,False,False,0.10999999999999999,0.1
1787657100,0.805,0.685,True,True,0.12,0.1
1787661600,0.715,0.69,True,False,0.025000000000000022,0.05
1787655900,0.495,0.385,False,False,0.10999999999999999,0.1
1787663700,0.165,0.115,False,False,0.05,0.05
1787654400,0.315,0.465,False,True,-0.15000000000000002,-0.15000000000000002
1787662500,0.625,0.805,False,True,-0.18000000000000005,-0.2
1787662200,0.775,0.74,True,True,0.03500000000000003,0.05
1787661900,0.375,0.44,False,True,-0.065,-0.05
1787655600,0.585,0.395,False,False,0.18999999999999995,0.2
1787657400,0.545,0.42,False,False,0.12500000000000006,0.15000000000000002
1787662800,0.365,0.315,False,False,0.04999999999999999,0.05
1787664300,0.765,0.54,True,False,0.22499999999999998,0.2
1787664000,0.095,0.105,False,False,-0.009999999999999995,-0.0
1787666400,0.905,0.965,True,True,-0.05999999999999994,-0.05
1787659500,0.505,0.77,False,False,-0.265,-0.25
1787658600,0.275,0.375,False,False,-0.09999999999999998,-0.1
1787669100,0.465,0.305,True,True,0.16000000000000003,0.15000000000000002
1787665200,0.835,0.735,True,True,0.09999999999999998,0.1
1787664600,0.225,0.315,False,False,-0.09,-0.1
1787670600,0.905,0.655,True,False,0.25,0.25
1787667300,0.635,0.765,True,True,-0.13,-0.15000000000000002
1787667900,0.565,0.6,True,True,-0.03500000000000003,-0.05
1787667000,0.555,0.575,True,True,-0.019999999999999907,-0.0
1787668200,0.845,0.855,True,True,-0.010000000000000009,-0.0
1787661000,0.075,0.065,False,False,0.009999999999999995,0.0
1787668500,0.435,0.4,True,True,0.034999999999999976,0.05
1787666100,0.135,0.075,False,False,0.06000000000000001,0.05
1787669400,0.645,0.685,True,True,-0.040000000000000036,-0.05
1787670000,0.865,0.795,False,False,0.06999999999999995,0.05
1787668800,0.68,0.525,False,False,0.15500000000000003,0.15000000000000002
1787670900,0.1,0.24,False,False,-0.13999999999999999,-0.15000000000000002
1787672400,0.905,0.93,True,True,-0.025000000000000022,-0.05
1787669700,0.865,0.735,True,True,0.13,0.15000000000000002
1787665500,0.285,0.525,False,False,-0.24000000000000005,-0.25
1787666700,0.915,0.835,True,True,0.08000000000000007,0.1
1787671200,0.875,0.945,True,True,-0.06999999999999995,-0.05
1787665800,0.285,0.385,False,False,-0.10000000000000003,-0.1
1787664900,0.795,0.815,True,True,-0.019999999999999907,-0.0
1787672100,0.715,0.405,True,False,0.30999999999999994,0.30000000000000004
1787671800,0.215,0.145,True,True,0.07,0.05
1787673000,0.535,0.595,False,False,-0.05999999999999994,-0.05
1787673600,0.715,0.905,True,True,-0.19000000000000006,-0.2
1787667600,0.565,0.58,False,False,-0.015000000000000013,-0.0
1787671500,0.465,0.615,False,False,-0.14999999999999997,-0.15000000000000002
1787674800,0.365,0.71,True,True,-0.345,-0.35000000000000003
1787672700,0.265,0.105,False,False,0.16000000000000003,0.15000000000000002
1787674500,0.085,0.175,False,False,-0.08999999999999998,-0.1
1787675700,0.965,0.965,True,True,0.0,0.0
1787670300,0.335,0.235,False,False,0.10000000000000003,0.1
1787673900,0.575,0.465,True,True,0.10999999999999993,0.1
1787673300,0.495,0.795,True,True,-0.30000000000000004,-0.30000000000000004
1787679600,0.305,0.135,True,False,0.16999999999999998,0.15000000000000002
1787676000,0.44,0.335,False,False,0.10499999999999998,0.1
1787680800,0.515,0.695,True,True,-0.17999999999999994,-0.2
1787675100,0.155,0.095,False,False,0.06,0.05
1787681700,0.6,0.675,True,True,-0.07500000000000007,-0.1
1787675400,0.505,0.515,True,True,-0.010000000000000009,-0.0
1787677200,0.425,0.165,True,False,0.26,0.25
1787674200,0.135,0.145,False,False,-0.009999999999999981,-0.0
1787509500,0.355,0.615,False,False,-0.26,-0.25
1787680200,0.625,0.455,True,True,0.16999999999999998,0.15000000000000002
1787676900,0.095,0.095,False,False,0.0,0.0
1787679900,0.915,0.905,True,True,0.010000000000000009,0.0
1787676600,0.855,0.805,True,True,0.04999999999999993,0.05
1787678100,0.445,0.215,True,True,0.23,0.25
1787511600,0.675,0.735,True,True,-0.05999999999999994,-0.05
1787510100,0.145,0.245,False,False,-0.1,-0.1
1787682000,0.185,0.255,False,False,-0.07,-0.05
1787509800,0.865,0.755,True,True,0.10999999999999999,0.1
1787677800,0.205,0.395,False,False,-0.19000000000000003,-0.2
1787676300,0.715,0.705,True,True,0.010000000000000009,0.0
1787678400,0.705,0.785,True,True,-0.08000000000000007,-0.1
1787679300,0.935,0.965,True,True,-0.029999999999999916,-0.05
1787679000,0.325,0.265,True,True,0.06,0.05
1787681400,0.465,0.505,False,False,-0.03999999999999998,-0.05
1787678700,0.655,0.6,False,False,0.05500000000000005,0.05
1787681100,0.485,0.565,True,True,-0.07999999999999996,-0.1
1787512200,0.585,0.365,False,False,0.21999999999999997,0.2
1787511900,0.725,0.55,True,False,0.17499999999999993,0.15000000000000002
1787677500,0.325,0.455,False,False,-0.13,-0.15000000000000002
1787680500,0.205,0.215,True,False,-0.010000000000000009,-0.0
1787513400,0.145,0.265,False,False,-0.12000000000000002,-0.1
1787515500,0.145,0.115,False,False,0.029999999999999985,0.05
1787511300,0.455,0.475,False,True,-0.019999999999999962,-0.0
1787510700,0.675,0.77,True,True,-0.09499999999999997,-0.1
1787517600,0.775,0.535,True,True,0.24,0.25
1787513100,0.815,0.705,True,False,0.10999999999999999,0.1
1787510400,0.695,0.875,True,True,-0.18000000000000005,-0.2
1787512500,0.045,0.025,False,False,0.019999999999999997,0.0
1787516400,0.845,0.685,True,True,0.15999999999999992,0.15000000000000002
1787514000,0.715,0.81,True,True,-0.09500000000000008,-0.1
1787515800,0.585,0.545,True,True,0.039999999999999925,0.05
1787514300,0.785,0.885,True,True,-0.09999999999999998,-0.1
1787512800,0.895,0.645,True,True,0.25,0.25
1787511000,0.275,0.18,False,False,0.09500000000000003,0.1
1787517000,0.895,0.925,True,True,-0.030000000000000027,-0.05
1787513700,0.135,0.14,False,False,-0.0050000000000000044,-0.0
1787514900,0.235,0.205,False,False,0.03,0.05
1787519100,0.995,0.985,True,True,0.010000000000000009,0.0
1787519400,0.765,0.575,True,True,0.19000000000000006,0.2
1787518200,0.365,0.315,False,False,0.04999999999999999,0.05
1787518800,0.755,0.875,True,True,-0.12,-0.1
1787519700,0.135,0.225,True,False,-0.09,-0.1
1787514600,0.205,0.85,False,True,-0.645,-0.65
1787515200,0.125,0.195,False,False,-0.07,-0.05
1787517900,0.395,0.415,True,True,-0.019999999999999962,-0.0
1787517300,0.695,0.685,False,True,0.009999999999999898,0.0
1787523600,0.825,0.805,True,True,0.019999999999999907,0.0
1787516100,0.885,0.825,True,True,0.06000000000000005,0.05
1787522100,0.785,0.965,True,True,-0.17999999999999994,-0.2
1787518500,0.735,0.865,False,True,-0.13,-0.15000000000000002
1787521800,0.905,0.945,True,True,-0.039999999999999925,-0.05
1787521200,0.055,0.015,False,False,0.04,0.05
1787520600,0.835,0.705,True,True,0.13,0.15000000000000002
1787521500,0.265,0.225,False,False,0.04000000000000001,0.05
1787520000,0.995,0.975,True,True,0.020000000000000018,0.0
1787516700,0.965,0.965,True,True,0.0,0.0
1787520300,0.665,0.335,False,False,0.33,0.35000000000000003
1787523300,0.555,0.595,False,True,-0.039999999999999925,-0.05
1787520900,0.485,0.89,False,True,-0.405,-0.4
1787523000,0.715,0.675,True,True,0.039999999999999925,0.05
1787526300,0.115,0.145,False,False,-0.029999999999999985,-0.05
1787524500,0.405,0.525,False,False,-0.12,-0.1
1787525400,0.235,0.565,True,True,-0.32999999999999996,-0.35000000000000003
1787529600,0.945,0.815,True,True,0.13,0.15000000000000002
1787524800,0.335,0.315,True,True,0.020000000000000018,0.0
1787525700,0.59,0.275,False,False,0.31499999999999995,0.30000000000000004
1787527200,0.895,0.825,True,True,0.07000000000000006,0.05
1787526600,0.275,0.335,True,True,-0.06,-0.05
1787528100,0.985,0.995,True,True,-0.010000000000000009,-0.0
1787526900,0.105,0.115,False,False,-0.010000000000000009,-0.0
1787523900,0.575,0.505,True,True,0.06999999999999995,0.05
1787526000,0.325,0.185,False,False,0.14,0.15000000000000002
1787527800,0.825,0.735,True,True,0.08999999999999997,0.1
1787522400,0.435,0.235,False,False,0.2,0.2
1787525100,0.245,0.24,False,False,0.0050000000000000044,0.0
1787522700,0.255,0.135,False,False,0.12,0.1
1787529000,0.955,0.965,True,True,-0.010000000000000009,-0.0
1787528400,0.095,0.155,False,False,-0.06,-0.05
1787528700,0.475,0.485,False,False,-0.010000000000000009,-0.0
1787527500,0.155,0.135,False,False,0.01999999999999999,0.0
1787532000,0.485,0.355,False,False,0.13,0.15000000000000002
1787532600,0.415,0.495,True,True,-0.08000000000000002,-0.1
1787529900,0.385,0.455,False,False,-0.07,-0.05
1787524200,0.195,0.205,False,False,-0.009999999999999981,-0.0
1787532300,0.395,0.235,False,False,0.16000000000000003,0.15000000000000002
1787530200,0.055,0.145,True,True,-0.09,-0.1
1787529300,0.645,0.905,True,True,-0.26,-0.25
1787532900,0.875,0.905,True,True,-0.030000000000000027,-0.05
1787536200,0.555,0.455,False,False,0.10000000000000003,0.1
1787533800,0.185,0.135,False,False,0.04999999999999999,0.05
1787534400,0.275,0.22,False,False,0.05500000000000002,0.05
1787530800,0.145,0.265,False,False,-0.12000000000000002,-0.1
1787531400,0.065,0.105,False,False,-0.039999999999999994,-0.05
1787531700,0.335,0.575,True,True,-0.23999999999999994,-0.25
1787536500,0.165,0.21,False,False,-0.044999999999999984,-0.05
1787531100,0.125,0.055,False,False,0.07,0.05
1787533500,0.185,0.185,True,False,0.0,0.0
1787536800,0.055,0.09,False,False,-0.034999999999999996,-0.05
1787530500,0.535,0.545,False,False,-0.010000000000000009,-0.0
1787533200,0.865,0.8,True,True,0.06499999999999995,0.05
1787535000,0.595,0.605,False,False,-0.010000000000000009,-0.0
1787538300,0.375,0.54,False,False,-0.16500000000000004,-0.15000000000000002
1787539200,0.585,0.31,False,False,0.27499999999999997,0.25
1787538600,0.755,0.595,False,False,0.16000000000000003,0.15000000000000002
1787537700,0.825,0.895,True,True,-0.07000000000000006,-0.05
1787537100,0.225,0.15,True,True,0.07500000000000001,0.1
1787537400,0.745,0.715,True,True,0.030000000000000027,0.05
1787535900,0.865,0.81,False,True,0.05499999999999994,0.05
1787538900,0.565,0.675,True,True,-0.1100000000000001,-0.1
1787535600,0.07,0.025,False,False,0.045000000000000005,0.05
1787540100,0.705,0.445,True,True,0.25999999999999995,0.25
1787539800,0.075,0.025,False,False,0.049999999999999996,0.05
1787534700,0.245,0.275,False,False,-0.030000000000000027,-0.05
1787541000,0.235,0.23,False,False,0.004999999999999977,0.0
1787541300,0.235,0.385,False,False,-0.15000000000000002,-0.15000000000000002
1787534100,0.825,0.795,False,True,0.029999999999999916,0.05
1787538000,0.885,0.795,True,True,0.08999999999999997,0.1
1787540400,0.955,0.925,True,True,0.029999999999999916,0.05
1787542500,0.125,0.045,False,False,0.08,0.1
1787543100,0.145,0.25,False,False,-0.10500000000000001,-0.1
1787543700,0.705,0.495,False,False,0.20999999999999996,0.2
1787544900,0.285,0.215,False,True,0.06999999999999998,0.05
1787539500,0.845,0.615,True,False,0.22999999999999998,0.25
1787545800,0.555,0.635,True,True,-0.07999999999999996,-0.1
1787541600,0.125,0.175,False,False,-0.04999999999999999,-0.05
1787544000,0.355,0.205,False,False,0.15,0.15000000000000002
1787542200,0.115,0.36,False,False,-0.245,-0.25
1787535300,0.595,0.365,True,True,0.22999999999999998,0.25
1787548200,0.465,0.375,True,True,0.09000000000000002,0.1
1787544300,0.905,0.945,True,True,-0.039999999999999925,-0.05
1787543400,0.52,0.665,True,True,-0.14500000000000002,-0.15000000000000002
1787542800,0.065,0.125,False,True,-0.06,-0.05
1787541900,0.315,0.625,True,True,-0.31,-0.30000000000000004
1787540700,0.805,0.7,False,False,0.1050000000000001,0.1
1787549400,0.695,0.635,False,True,0.05999999999999994,0.05
1787545200,0.985,0.925,True,True,0.05999999999999994,0.05
1787546400,0.425,0.505,False,False,-0.08000000000000002,-0.1
1787549100,0.065,0.23,True,False,-0.165,-0.15000000000000002
1787547900,0.525,0.185,True,True,0.34,0.35000000000000003
1787552100,0.945,0.925,True,True,0.019999999999999907,0.0
1787547300,0.015,0.015,False,False,0.0,0.0
1787547000,0.085,0.25,False,False,-0.16499999999999998,-0.15000000000000002
1787547600,0.335,0.355,True,True,-0.019999999999999962,-0.0
1787553000,0.695,0.535,False,False,0.15999999999999992,0.15000000000000002
1787546700,0.275,0.495,False,True,-0.21999999999999997,-0.2
1787548800,0.205,0.445,False,False,-0.24000000000000002,-0.25
1787546100,0.275,0.35,False,False,-0.07499999999999996,-0.05
1787552400,0.265,0.375,False,False,-0.10999999999999999,-0.1
1787545500,0.925,0.79,True,False,0.135,0.15000000000000002
1787550900,0.075,0.17,True,True,-0.09500000000000001,-0.1
1787556000,0.055,0.045,False,False,0.010000000000000002,0.0
1787544600,0.255,0.465,False,True,-0.21000000000000002,-0.2
1787550000,0.135,0.25,True,True,-0.11499999999999999,-0.1
1787551200,0.695,0.325,True,True,0.36999999999999994,0.35000000000000003
1787550300,0.935,0.925,True,True,0.010000000000000009,0.0
1787548500,0.925,0.99,True,True,-0.06499999999999995,-0.05
1787549700,0.015,0.025,False,False,-0.010000000000000002,-0.0
1787551800,0.295,0.395,True,True,-0.10000000000000003,-0.1
1787555700,0.965,0.995,True,True,-0.030000000000000027,-0.05
1787550600,0.265,0.385,False,False,-0.12,-0.1
1787555100,0.775,0.8,True,True,-0.025000000000000022,-0.05
1787556900,0.055,0.185,False,False,-0.13,-0.15000000000000002
1787558700,0.115,0.195,False,False,-0.08,-0.1
1787559000,0.985,0.975,True,True,0.010000000000000009,0.0
1787552700,0.165,0.55,True,True,-0.385,-0.4
1787559600,0.035,0.08,False,False,-0.045,-0.05
1787554800,0.815,0.515,True,False,0.29999999999999993,0.30000000000000004
1787555400,0.585,0.47,True,True,0.11499999999999999,0.1
1787556300,0.105,0.075,True,False,0.03,0.05
1787551500,0.125,0.255,False,False,-0.13,-0.15000000000000002
1787558400,0.195,0.195,False,False,0.0,0.0
1787553300,0.075,0.09,False,False,-0.015,-0.0
1787560200,0.135,0.115,False,False,0.020000000000000004,0.0
1787557200,0.365,0.195,False,False,0.16999999999999998,0.15000000000000002
1787553600,0.395,0.215,False,False,0.18000000000000002,0.2
1787553900,0.625,0.34,True,False,0.285,0.30000000000000004
1787559900,0.155,0.335,False,False,-0.18000000000000002,-0.2
1787554500,0.065,0.305,False,False,-0.24,-0.25
1787560800,0.485,0.64,True,True,-0.15500000000000003,-0.15000000000000002
1787557500,0.095,0.25,False,False,-0.155,-0.15000000000000002
1787554200,0.865,0.885,True,True,-0.020000000000000018,-0.0
1787556600,0.165,0.135,False,False,0.03,0.05
1787558100,0.075,0.26,False,False,-0.185,-0.2
1787559300,0.085,0.055,False,False,0.030000000000000006,0.05
1787562300,0.915,0.785,True,True,0.13,0.15000000000000002
1787564400,0.575,0.415,True,True,0.15999999999999998,0.15000000000000002
1787562600,0.585,0.325,True,True,0.25999999999999995,0.25
1787560500,0.835,0.855,True,True,-0.020000000000000018,-0.0
1787563200,0.935,0.205,True,False,0.7300000000000001,0.75
1787563500,0.315,0.195,False,False,0.12,0.1
1787564100,0.755,0.885,True,True,-0.13,-0.15000000000000002
1787565000,0.705,0.705,True,True,0.0,0.0
1787565300,0.375,0.295,True,True,0.08000000000000002,0.1
1787561100,0.445,0.575,True,True,-0.12999999999999995,-0.15000000000000002
1787557800,0.845,0.915,True,True,-0.07000000000000006,-0.05
1787561700,0.245,0.415,False,True,-0.16999999999999998,-0.15000000000000002
1787562000,0.225,0.395,False,False,-0.17,-0.15000000000000002
1787561400,0.625,0.605,True,True,0.020000000000000018,0.0
1787568300,0.055,0.095,False,False,-0.04,-0.05
1787566800,0.295,0.145,True,False,0.15,0.15000000000000002
1787570400,0.375,0.245,True,False,0.13,0.15000000000000002
1787563800,0.945,0.675,True,True,0.2699999999999999,0.25
1787564700,0.185,0.15,True,False,0.035,0.05
1787565900,0.665,0.835,True,True,-0.16999999999999993,-0.15000000000000002
1787569200,0.33,0.335,True,True,-0.0050000000000000044,-0.0
1787567400,0.865,0.855,True,False,0.010000000000000009,0.0
1787567700,0.905,0.775,True,True,0.13,0.15000000000000002
1787567100,0.195,0.065,False,False,0.13,0.15000000000000002
1787572800,0.725,0.335,True,True,0.38999999999999996,0.4
1787568600,0.885,0.855,True,True,0.030000000000000027,0.05
1787565600,0.315,0.045,False,False,0.27,0.25
1787570100,0.925,0.725,True,True,0.20000000000000007,0.2
1787568900,0.035,0.125,False,False,-0.09,-0.1
1787570700,0.575,0.565,False,True,0.010000000000000009,0.0
1787562900,0.265,0.11,True,False,0.15500000000000003,0.15000000000000002
1787566500,0.705,0.535,True,True,0.16999999999999993,0.15000000000000002
1787571600,0.965,0.965,True,True,0.0,0.0
1787574600,0.765,0.615,True,True,0.15000000000000002,0.15000000000000002
1787568000,0.295,0.255,False,False,0.03999999999999998,0.05
1787573700,0.755,0.63,False,False,0.125,0.1
1787566200,0.065,0.025,True,False,0.04,0.05
1787571000,0.335,0.805,True,True,-0.47000000000000003,-0.45
1787573100,0.135,0.065,False,False,0.07,0.05
1787575800,0.935,0.795,True,True,0.14,0.15000000000000002
1787574000,0.425,0.215,True,True,0.21,0.2
1787576100,0.965,0.925,True,True,0.039999999999999925,0.05
1787571900,0.925,0.945,True,True,-0.019999999999999907,-0.0
1787574900,0.975,0.925,True,True,0.04999999999999993,0.05
1787569800,0.785,0.895,True,True,-0.10999999999999999,-0.1
1787574300,0.895,0.915,True,True,-0.020000000000000018,-0.0
1787577000,0.665,0.785,True,True,-0.12,-0.1
1787576700,0.445,0.325,False,False,0.12,0.1
1787573400,0.195,0.485,False,True,-0.29,-0.30000000000000004
1787572200,0.085,0.025,False,False,0.060000000000000005,0.05
1787575200,0.465,0.595,True,True,-0.12999999999999995,-0.15000000000000002
1787575500,0.695,0.615,True,True,0.07999999999999996,0.1
1787571300,0.965,0.925,True,True,0.039999999999999925,0.05
1787569500,0.085,0.025,False,False,0.060000000000000005,0.05
1787572500,0.285,0.695,False,True,-0.41,-0.4
1787578500,0.405,0.275,False,False,0.13,0.15000000000000002
1787577300,0.915,0.865,True,True,0.050000000000000044,0.05
1787577900,0.445,0.705,False,False,-0.25999999999999995,-0.25
1787584200,0.885,0.805,True,True,0.07999999999999996,0.1
1787578800,0.535,0.695,False,False,-0.15999999999999992,-0.15000000000000002
1787579100,0.365,0.545,False,False,-0.18000000000000005,-0.2
1787580300,0.915,0.775,True,False,0.14,0.15000000000000002
1787580600,0.875,0.825,True,True,0.050000000000000044,0.05
1787580000,0.905,0.905,True,True,0.0,0.0
1787576400,0.885,0.735,True,False,0.15000000000000002,0.15000000000000002
1787577600,0.035,0.065,False,False,-0.03,-0.05
1787584800,0.265,0.225,True,True,0.04000000000000001,0.05
1787582700,0.795,0.625,False,False,0.17000000000000004,0.15000000000000002
1787583300,0.125,0.275,False,False,-0.15000000000000002,-0.15000000000000002
1787583600,0.825,0.845,True,True,-0.020000000000000018,-0.0
1787578200,0.645,0.295,True,False,0.35000000000000003,0.35000000000000003
1787579700,0.535,0.325,False,False,0.21000000000000002,0.2
1787579400,0.285,0.725,True,True,-0.44,-0.45
1787581200,0.745,0.545,False,False,0.19999999999999996,0.2
1787585100,0.315,0.595,True,True,-0.27999999999999997,-0.30000000000000004
1787580900,0.945,0.875,True,True,0.06999999999999995,0.05
1787581800,0.885,0.87,True,True,0.015000000000000013,0.0
1787588700,0.485,0.325,False,False,0.15999999999999998,0.15000000000000002
1787582400,0.465,0.735,False,True,-0.26999999999999996,-0.25
1787583000,0.755,0.565,False,False,0.19000000000000006,0.2
1787586300,0.745,0.395,False,False,0.35,0.35000000000000003
1787582100,0.825,0.825,True,True,0.0,0.0
1787583900,0.285,0.185,True,True,0.09999999999999998,0.1
1787581500,0.725,0.885,False,True,-0.16000000000000003,-0.15000000000000002
1787587800,0.835,0.845,True,True,-0.010000000000000009,-0.0
1787589000,0.165,0.285,False,False,-0.11999999999999997,-0.1
1787587500,0.865,0.665,True,True,0.19999999999999996,0.2
1787584500,0.635,0.685,True,True,-0.050000000000000044,-0.05
1787586900,0.315,0.315,False,False,0.0,0.0
1787586600,0.935,0.915,True,True,0.020000000000000018,0.0
1787590200,0.355,0.42,False,False,-0.065,-0.05
1787585400,0.615,0.385,True,False,0.22999999999999998,0.25
1787588100,0.405,0.265,True,False,0.14,0.15000000000000002
1787587200,0.135,0.235,False,False,-0.09999999999999998,-0.1
1787586000,0.275,0.295,False,False,-0.019999999999999962,-0.0
1787591400,0.865,0.935,True,True,-0.07000000000000006,-0.05
1787585700,0.725,0.365,False,False,0.36,0.35000000000000003
1787588400,0.925,0.785,True,True,0.14,0.15000000000000002
1787593800,0.505,0.485,True,True,0.020000000000000018,0.0
1787589300,0.42,0.175,False,False,0.245,0.25
1787591700,0.625,0.525,False,False,0.09999999999999998,0.1
1787589600,0.835,0.815,False,True,0.020000000000000018,0.0
1787592900,0.725,0.645,False,True,0.07999999999999996,0.1
1787593500,0.595,0.615,False,False,-0.020000000000000018,-0.0
1787592000,0.105,0.175,False,False,-0.06999999999999999,-0.05
1787595000,0.515,0.765,False,True,-0.25,-0.25
1787589900,0.105,0.145,False,False,-0.039999999999999994,-0.05
1787594700,0.885,0.905,True,True,-0.020000000000000018,-0.0
1787592600,0.755,0.825,False,True,-0.06999999999999995,-0.05
1787595600,0.405,0.235,False,False,0.17000000000000004,0.15000000000000002
1787591100,0.075,0.085,False,False,-0.010000000000000009,-0.0
1787594100,0.485,0.615,False,True,-0.13,-0.15000000000000002
1787594400,0.345,0.435,True,True,-0.09000000000000002,-0.1
1787424900,0.165,0.145,False,False,0.020000000000000018,0.0
1787592300,0.015,0.005,False,False,0.009999999999999998,0.0
1787590500,0.055,0.065,False,False,-0.010000000000000002,-0.0
1787424600,0.225,0.105,False,False,0.12000000000000001,0.1
1787595300,0.895,0.835,True,True,0.06000000000000005,0.05
1787424300,0.335,0.52,False,False,-0.185,-0.2
1787425800,0.105,0.195,False,False,-0.09000000000000001,-0.1
1787593200,0.955,0.935,True,True,0.019999999999999907,0.0
1787426700,0.175,0.195,False,False,-0.020000000000000018,-0.0
1787426400,0.235,0.315,False,False,-0.08000000000000002,-0.1
1787590800,0.745,0.265,True,False,0.48,0.5
1787427600,0.575,0.385,True,True,0.18999999999999995,0.2
1787432400,0.095,0.005,False,False,0.09,0.1
1787426100,0.885,0.93,True,True,-0.04500000000000004,-0.05
1787427900,0.655,0.875,True,True,-0.21999999999999997,-0.2
1787425500,0.765,0.685,True,True,0.07999999999999996,0.1
1787428500,0.825,0.975,True,True,-0.15000000000000002,-0.15000000000000002
1787429700,0.655,0.77,False,True,-0.11499999999999999,-0.1
1787425200,0.925,0.915,True,True,0.010000000000000009,0.0
1787433300,0.075,0.035,False,False,0.039999999999999994,0.05
1787429400,0.785,0.725,True,True,0.06000000000000005,0.05
1787432100,0.265,0.665,False,False,-0.4,-0.4
1787428800,0.455,0.415,False,False,0.040000000000000036,0.05
1787430600,0.845,0.96,False,True,-0.11499999999999999,-0.1
1787431200,0.825,0.845,True,True,-0.020000000000000018,-0.0
1787429100,0.105,0.3,False,False,-0.195,-0.2
1787432700,0.015,0.015,False,False,0.0,0.0
1787433000,0.695,0.43,True,True,0.26499999999999996,0.25
1787427000,0.595,0.58,False,False,0.015000000000000013,0.0
1787430900,0.235,0.215,False,False,0.01999999999999999,0.0
1787434800,0.055,0.185,False,False,-0.13,-0.15000000000000002
1787430300,0.215,0.135,False,False,0.07999999999999999,0.1
1787434500,0.035,0.025,False,False,0.010000000000000002,0.0
1787436000,0.095,0.245,False,False,-0.15,-0.15000000000000002
1787433900,0.245,0.425,False,True,-0.18,-0.2
1787427300,0.885,0.885,True,True,0.0,0.0
1787430000,0.645,0.535,False,False,0.10999999999999999,0.1
1787437200,0.735,0.44,False,False,0.295,0.30000000000000004
1787431500,0.785,0.215,True,False,0.5700000000000001,0.55
1787428200,0.845,0.94,True,True,-0.09499999999999997,-0.1
1787435700,0.345,0.135,False,False,0.20999999999999996,0.2
1787436300,0.385,0.675,True,True,-0.29000000000000004,-0.30000000000000004
1787433600,0.935,0.795,True,True,0.14,0.15000000000000002
1787437800,0.815,0.825,False,True,-0.010000000000000009,-0.0
1787440500,0.175,0.385,False,False,-0.21000000000000002,-0.2
1787437500,0.855,0.815,True,True,0.040000000000000036,0.05
1787441400,0.625,0.615,False,False,0.010000000000000009,0.0
1787434200,0.715,0.695,True,True,0.020000000000000018,0.0
1787438100,0.165,0.095,False,False,0.07,0.05
1787439900,0.66,0.56,True,True,0.09999999999999998,0.1
1787435400,0.095,0.065,False,False,0.03,0.05
1787431800,0.685,0.45,True,False,0.23500000000000004,0.25
1787436600,0.925,0.965,True,True,-0.039999999999999925,-0.05
1787439300,0.935,0.915,True,True,0.020000000000000018,0.0
1787439600,0.125,0.115,False,False,0.009999999999999995,0.0
1787443200,0.445,0.145,False,False,0.30000000000000004,0.30000000000000004
1787442000,0.195,0.67,True,True,-0.47500000000000003,-0.5
1787438400,0.865,0.775,True,True,0.08999999999999997,0.1
1787440800,0.845,0.805,True,True,0.039999999999999925,0.05
1787438700,0.445,0.435,True,True,0.010000000000000009,0.0
1787436900,0.165,0.125,False,False,0.04000000000000001,0.05
1787435100,0.155,0.395,False,True,-0.24000000000000002,-0.25
1787440200,0.465,0.555,True,True,-0.09000000000000002,-0.1
1787441700,0.795,0.705,False,False,0.09000000000000008,0.1
1787443800,0.615,0.405,False,False,0.20999999999999996,0.2
1787446500,0.655,0.875,True,True,-0.21999999999999997,-0.2
1787446200,0.215,0.325,True,True,-0.11000000000000001,-0.1
1787443500,0.905,0.715,True,True,0.19000000000000006,0.2
1787445300,0.605,0.445,True,True,0.15999999999999998,0.15000000000000002
1787439000,0.555,0.735,False,False,-0.17999999999999994,-0.2
1787444400,0.225,0.185,True,False,0.04000000000000001,0.05
1787442300,0.915,0.885,True,True,0.030000000000000027,0.05
1787441100,0.495,0.675,False,True,-0.18000000000000005,-0.2
1787445000,0.885,0.625,True,False,0.26,0.25
1787445600,0.375,0.335,True,True,0.03999999999999998,0.05
1787448600,0.215,0.225,False,False,-0.010000000000000009,-0.0
1787445900,0.295,0.215,True,False,0.07999999999999999,0.1
1787444700,0.325,0.635,True,True,-0.31,-0.30000000000000004
1787442600,0.655,0.755,True,True,-0.09999999999999998,-0.1
1787447100,0.105,0.125,False,False,-0.020000000000000004,-0.0
1787444100,0.19,0.115,False,False,0.075,0.05
1787453700,0.025,0.035,False,False,-0.010000000000000002,-0.0
1787448900,0.235,0.615,False,False,-0.38,-0.4
1787448300,0.545,0.895,True,True,-0.35,-0.35000000000000003
1787442900,0.825,0.865,True,True,-0.040000000000000036,-0.05
1787447700,0.495,0.475,True,True,0.020000000000000018,0.0
1787451000,0.285,0.405,False,False,-0.12000000000000005,-0.1
1787449500,0.225,0.205,False,False,0.020000000000000018,0.0
1787447400,0.63,0.645,True,True,-0.015000000000000013,-0.0
1787446800,0.245,0.425,False,False,-0.18,-0.2
1787453100,0.685,0.61,False,False,0.07500000000000007,0.1
1787449200,0.805,0.76,True,True,0.04500000000000004,0.05
1787449800,0.905,0.855,True,True,0.050000000000000044,0.05
1787454000,0.655,0.57,True,True,0.08500000000000008,0.1
1787452500,0.975,0.965,True,True,0.010000000000000009,0.0
1787451600,0.595,0.675,False,False,-0.08000000000000007,-0.1
1787450100,0.555,0.715,True,True,-0.15999999999999992,-0.15000000000000002
1787448000,0.355,0.055,False,False,0.3,0.30000000000000004
1787453400,0.295,0.675,True,True,-0.38000000000000006,-0.4
1787450400,0.085,0.005,False,False,0.08,0.1
1787457600,0.345,0.435,False,False,-0.09000000000000002,-0.1
1787452800,0.325,0.175,False,False,0.15000000000000002,0.15000000000000002
1787457000,0.965,0.965,True,True,0.0,0.0
1787451300,0.255,0.11,False,False,0.14500000000000002,0.15000000000000002
1787452200,0.865,0.885,True,True,-0.020000000000000018,-0.0
1787451900,0.155,0.12,False,False,0.035,0.05
1787454300,0.805,0.485,False,False,0.32000000000000006,0.30000000000000004
1787455200,0.775,0.385,True,False,0.39,0.4
1787457900,0.795,0.955,False,False,-0.15999999999999992,-0.15000000000000002
1787458500,0.805,0.735,True,True,0.07000000000000006,0.05
1787460600,0.095,0.065,False,False,0.03,0.05
1787460000,0.405,0.465,False,True,-0.06,-0.05
1787461200,0.125,0.325,False,False,-0.2,-0.2
1787463000,0.345,0.485,True,False,-0.14,-0.15000000000000002
1787455500,0.065,0.1,False,False,-0.035,-0.05
1787459400,0.955,0.935,True,True,0.019999999999999907,0.0
1787454600,0.225,0.41,False,False,-0.18499999999999997,-0.2
1787456400,0.705,0.675,True,True,0.029999999999999916,0.05
1787462100,0.665,0.855,False,True,-0.18999999999999995,-0.2
1787450700,0.495,0.595,False,False,-0.09999999999999998,-0.1
1787456100,0.055,0.025,False,False,0.03,0.05
1787459700,0.125,0.075,False,False,0.05,0.05
1787455800,0.595,0.825,False,True,-0.22999999999999998,-0.25
1787461500,0.705,0.565,False,False,0.14,0.15000000000000002
1787454900,0.515,0.555,True,True,-0.040000000000000036,-0.05
1787456700,0.145,0.265,False,False,-0.12000000000000002,-0.1
1787458800,0.485,0.635,False,False,-0.15000000000000002,-0.15000000000000002
1787464500,0.095,0.375,False,False,-0.28,-0.30000000000000004
1787458200,0.815,0.535,False,False,0.2799999999999999,0.30000000000000004
1787461800,0.355,0.51,False,False,-0.15500000000000003,-0.15000000000000002
1787463600,0.275,0.19,False,False,0.08500000000000002,0.1
1787457300,0.275,0.435,False,True,-0.15999999999999998,-0.15000000000000002
1787465400,0.355,0.44,False,False,-0.08500000000000002,-0.1
1787459100,0.215,0.195,True,True,0.01999999999999999,0.0
1787460900,0.845,0.945,True,True,-0.09999999999999998,-0.1
1787464800,0.495,0.395,False,False,0.09999999999999998,0.1
1787462700,0.835,0.795,True,True,0.039999999999999925,0.05
1787460300,0.675,0.385,False,False,0.29000000000000004,0.30000000000000004
1787463300,0.395,0.485,True,True,-0.08999999999999997,-0.1
1787464200,0.555,0.485,True,True,0.07000000000000006,0.05
1787463900,0.695,0.835,False,True,-0.14,-0.15000000000000002
1787466600,0.155,0.245,False,True,-0.09,-0.1
1787466000,0.725,0.865,True,True,-0.14,-0.15000000000000002
1787468100,0.305,0.365,False,False,-0.06,-0.05
1787465100,0.125,0.055,False,False,0.07,0.05
1787465700,0.495,0.545,True,True,-0.050000000000000044,-0.05
1787467200,0.165,0.265,False,False,-0.1,-0.1
1787469000,0.995,0.975,True,True,0.020000000000000018,0.0
1787468400,0.165,0.305,False,True,-0.13999999999999999,-0.15000000000000002
1787469600,0.695,0.68,True,True,0.014999999999999902,0.0
1787467800,0.665,0.665,False,False,0.0,0.0
1787462400,0.005,0.005,False,True,0.0,0.0
1787470500,0.105,0.215,False,False,-0.11,-0.1
1787473800,0.265,0.285,True,True,-0.019999999999999962,-0.0
1787469300,0.695,0.655,True,True,0.039999999999999925,0.05
1787467500,0.905,0.93,True,True,-0.025000000000000022,-0.05
1787468700,0.665,0.735,False,True,-0.06999999999999995,-0.05
1787471400,0.595,0.385,True,False,0.20999999999999996,0.2
1787472300,0.635,0.375,True,True,0.26,0.25
1787466300,0.725,0.885,True,True,-0.16000000000000003,-0.15000000000000002
1787466900,0.945,0.865,True,True,0.07999999999999996,0.1
1787469900,0.055,0.035,False,False,0.019999999999999997,0.0
1787472600,0.935,0.965,True,True,-0.029999999999999916,-0.05
1787472000,0.005,0.015,False,False,-0.009999999999999998,-0.0
1787471700,0.825,0.875,True,True,-0.050000000000000044,-0.05
1787470800,0.455,0.455,False,False,0.0,0.0
1787470200,0.515,0.675,False,False,-0.16000000000000003,-0.15000000000000002
1787476800,0.38,0.245,False,False,0.135,0.15000000000000002
1787473200,0.665,0.565,True,True,0.10000000000000009,0.1
1787474100,0.755,0.73,True,True,0.025000000000000022,0.05
1787474700,0.895,0.725,True,True,0.17000000000000004,0.15000000000000002
1787474400,0.845,0.395,True,True,0.44999999999999996,0.45
1787478300,0.845,0.885,True,True,-0.040000000000000036,-0.05
1787471100,0.215,0.475,False,False,-0.26,-0.25
1787473500,0.195,0.305,False,False,-0.10999999999999999,-0.1
1787475600,0.205,0.085,False,False,0.11999999999999998,0.1
1787479500,0.455,0.455,True,True,0.0,0.0
1787476500,0.195,0.245,False,False,-0.04999999999999999,-0.05
1787475900,0.915,0.835,True,True,0.08000000000000007,0.1
1787475300,0.595,0.655,False,False,-0.06000000000000005,-0.05
1787478900,0.725,0.595,False,False,0.13,0.15000000000000002
1787476200,0.595,0.405,True,False,0.18999999999999995,0.2
1787480700,0.995,0.995,True,True,0.0,0.0
1787475000,0.565,0.24,False,False,0.32499999999999996,0.30000000000000004
1787478600,0.135,0.345,True,True,-0.20999999999999996,-0.2
1787472900,0.745,0.965,True,True,-0.21999999999999997,-0.2
1787477100,0.185,0.085,False,False,0.09999999999999999,0.1
1787479200,0.375,0.365,False,False,0.010000000000000009,0.0
1787483400,0.785,0.865,True,True,-0.07999999999999996,-0.1
1787480100,0.175,0.425,False,False,-0.25,-0.25
1787479800,0.945,0.88,True,True,0.06499999999999995,0.05
1787481600,0.345,0.495,False,False,-0.15000000000000002,-0.15000000000000002
1787484600,0.205,0.135,False,False,0.06999999999999998,0.05
1787477700,0.055,0.065,False,False,-0.010000000000000002,-0.0
1787481900,0.675,0.465,True,True,0.21000000000000002,0.2
1787481000,0.455,0.375,False,False,0.08000000000000002,0.1
1787477400,0.815,0.765,True,True,0.04999999999999993,0.05
1787482200,0.665,0.495,False,False,0.17000000000000004,0.15000000000000002
1787480400,0.755,0.905,True,True,-0.15000000000000002,-0.15000000000000002
1787481300,0.675,0.605,True,True,0.07000000000000006,0.05
1787482800,0.105,0.095,False,False,0.009999999999999995,0.0
1787484000,0.415,0.245,True,True,0.16999999999999998,0.15000000000000002
1787484900,0.895,0.76,True,True,0.135,0.15000000000000002
1787478000,0.815,0.565,True,False,0.25,0.25
1787486400,0.115,0.205,False,True,-0.08999999999999998,-0.1
1787485200,0.905,0.875,True,True,0.030000000000000027,0.05
1787483700,0.815,0.75,True,True,0.06499999999999995,0.05
1787485800,0.445,0.115,False,False,0.33,0.35000000000000003
1787487900,0.755,0.675,True,False,0.07999999999999996,0.1
1787486100,0.555,0.6,True,True,-0.04499999999999993,-0.05
1787486700,0.075,0.115,False,False,-0.04000000000000001,-0.05
1787485500,0.185,0.215,False,False,-0.03,-0.05
1787488200,0.025,0.045,False,False,-0.019999999999999997,-0.0
1787489100,0.985,0.945,True,True,0.040000000000000036,0.05
1787488500,0.745,0.635,True,True,0.10999999999999999,0.1
1787487000,0.055,0.14,False,False,-0.08500000000000002,-0.1
1787487300,0.045,0.15,False,False,-0.105,-0.1
1787488800,0.345,0.315,True,True,0.02999999999999997,0.05
1787484300,0.995,0.995,True,True,0.0,0.0
1787487600,0.595,0.465,True,True,0.12999999999999995,0.15000000000000002
1787489700,0.685,0.725,False,False,-0.039999999999999925,-0.05
1787489400,0.675,0.145,False,False,0.53,0.55
1787490900,0.955,0.905,True,True,0.04999999999999993,0.05
1787482500,0.605,0.635,False,False,-0.030000000000000027,-0.05
1787483100,0.865,0.905,False,True,-0.040000000000000036,-0.05
1787490000,0.935,0.955,True,True,-0.019999999999999907,-0.0
1787490600,0.485,0.785,True,True,-0.30000000000000004,-0.30000000000000004
1787491200,0.615,0.795,True,True,-0.18000000000000005,-0.2
1787496600,0.565,0.825,True,True,-0.26,-0.25
1787490300,0.695,0.855,True,True,-0.16000000000000003,-0.15000000000000002
1787492400,0.825,0.525,True,True,0.29999999999999993,0.30000000000000004
1787492100,0.495,0.48,False,False,0.015000000000000013,0.0
1787493600,0.575,0.785,True,True,-0.21000000000000008,-0.2
1787494500,0.875,0.895,True,True,-0.020000000000000018,-0.0
1787491800,0.265,0.225,False,False,0.04000000000000001,0.05
1787491500,0.035,0.075,False,False,-0.039999999999999994,-0.05
1787495700,0.375,0.335,False,False,0.03999999999999998,0.05
1787493000,0.6,0.585,False,False,0.015000000000000013,0.0
1787494200,0.025,0.205,False,False,-0.18,-0.2
1787496300,0.035,0.05,False,False,-0.015,-0.0
1787495100,0.485,0.395,False,False,0.08999999999999997,0.1
1787497200,0.315,0.215,False,False,0.1,0.1
1787496000,0.515,0.345,True,False,0.17000000000000004,0.15000000000000002
1787493900,0.945,0.55,True,True,0.3949999999999999,0.4
1787492700,0.265,0.195,False,False,0.07,0.05
1787496900,0.625,0.61,True,True,0.015000000000000013,0.0
1787495400,0.825,0.75,True,False,0.07499999999999996,0.05
1787497500,0.895,0.505,True,False,0.39,0.4
1787494800,0.855,0.65,False,False,0.20499999999999996,0.2
1787498100,0.455,0.245,False,False,0.21000000000000002,0.2
1787499000,0.675,0.845,False,True,-0.16999999999999993,-0.15000000000000002
1787502000,0.735,0.575,False,False,0.16000000000000003,0.15000000000000002
1787499300,0.895,0.875,False,True,0.020000000000000018,0.0
1787498400,0.145,0.245,False,False,-0.1,-0.1
1787499600,0.845,0.835,True,True,0.010000000000000009,0.0
1787497800,0.825,0.815,True,True,0.010000000000000009,0.0
1787493300,0.065,0.365,False,True,-0.3,-0.30000000000000004
1787501700,0.885,0.885,True,True,0.0,0.0
1787504700,0.085,0.125,False,False,-0.039999999999999994,-0.05
1787504400,0.685,0.465,True,False,0.22000000000000003,0.2
1787500200,0.095,0.365,False,False,-0.27,-0.25
1787501100,0.925,0.875,True,True,0.050000000000000044,0.05
1787505300,0.205,0.255,False,False,-0.05000000000000002,-0.05
1787500500,0.445,0.195,False,False,0.25,0.25
1787505900,0.345,0.425,False,False,-0.08000000000000002,-0.1
1787499900,0.645,0.795,True,True,-0.15000000000000002,-0.15000000000000002
1787502900,0.755,0.685,True,True,0.06999999999999995,0.05
1787503500,0.665,0.535,True,True,0.13,0.15000000000000002
1787498700,0.975,0.835,True,True,0.14,0.15000000000000002
1787502600,0.695,0.685,True,True,0.009999999999999898,0.0
1787503800,0.625,0.735,False,True,-0.10999999999999999,-0.1
1787503200,0.665,0.39,False,False,0.275,0.30000000000000004
1787506800,0.745,0.805,True,True,-0.06000000000000005,-0.05
1787506200,0.115,0.125,False,False,-0.009999999999999995,-0.0
1787507100,0.215,0.075,False,False,0.14,0.15000000000000002
1787508300,0.385,0.225,False,False,0.16,0.15000000000000002
1787502300,0.675,0.755,True,True,-0.07999999999999996,-0.1
1787507700,0.635,0.7,True,False,-0.06499999999999995,-0.05
1787505000,0.975,0.985,True,True,-0.010000000000000009,-0.0
1787500800,0.675,0.685,False,False,-0.010000000000000009,-0.0
1787506500,0.075,0.095,True,False,-0.020000000000000004,-0.0
1787507400,0.805,0.965,False,True,-0.15999999999999992,-0.15000000000000002
1787501400,0.225,0.325,False,False,-0.1,-0.1
1787508600,0.265,0.195,True,False,0.07,0.05
1787508900,0.935,0.965,True,True,-0.029999999999999916,-0.05
1787505600,0.115,0.085,True,True,0.03,0.05
1787508000,0.135,0.485,False,True,-0.35,-0.35000000000000003
1787504100,0.915,0.945,True,True,-0.029999999999999916,-0.05
1787509200,0.465,0.545,False,False,-0.08000000000000002,-0.1
