poll_time,window_end_epoch,secs_left,side,best_ask_price,best_ask_size,best_bid_price,best_bid_size,n_asks,n_bids,is_target_scenario
1788633328.2497487,1788633600,271.8,Up,0.51,287.05,0.5,625.5,49,50,False
1788633328.2497487,1788633600,271.8,Down,0.5,625.5,0.49,287.05,50,49,False
1788633331.6899807,1788633600,268.3,Up,0.51,287.05,0.5,625.5,49,50,False
1788633331.6899807,1788633600,268.3,Down,0.5,625.5,0.49,287.05,50,49,False
1788633334.9466634,1788633600,265.1,Up,0.51,287.05,0.5,625.5,49,50,False
1788633334.9466634,1788633600,265.1,Down,0.5,625.5,0.49,287.05,50,49,False
1788633338.2962701,1788633600,261.7,Up,0.51,287.05,0.5,625.5,49,50,False
1788633338.2962701,1788633600,261.7,Down,0.5,625.5,0.49,287.05,50,49,False
1788633341.4555314,1788633600,258.5,Up,0.51,287.05,0.5,625.5,49,50,False
1788633341.4555314,1788633600,258.5,Down,0.5,625.5,0.49,287.05,50,49,False
1788633344.7039714,1788633600,255.3,Up,0.51,176.39,0.5,625.5,49,50,False
1788633344.7039714,1788633600,255.3,Down,0.5,625.5,0.49,176.39,50,49,False
1788633347.9284334,1788633600,252.1,Up,0.51,176.39,0.5,625.5,49,50,False
1788633347.9284334,1788633600,252.1,Down,0.5,625.5,0.49,176.39,50,49,False
1788633351.2495162,1788633600,248.8,Up,0.51,286.39,0.5,625.5,49,50,False
1788633351.2495162,1788633600,248.8,Down,0.5,625.5,0.49,286.39,50,49,False
1788633354.579239,1788633600,245.4,Up,0.51,286.39,0.5,625.5,49,50,False
1788633354.579239,1788633600,245.4,Down,0.5,625.5,0.49,286.39,50,49,False
1788633357.8953636,1788633600,242.1,Up,0.51,286.39,0.5,625.5,49,50,False
1788633357.8953636,1788633600,242.1,Down,0.5,625.5,0.49,286.39,50,49,False
1788633361.142392,1788633600,238.9,Up,0.51,286.39,0.5,625.5,49,50,False
1788633361.142392,1788633600,238.9,Down,0.5,625.5,0.49,286.39,50,49,False
1788633364.4527564,1788633600,235.5,Up,0.51,286.39,0.5,625.5,49,50,False
1788633364.4527564,1788633600,235.5,Down,0.5,625.5,0.49,286.39,50,49,False
1788633367.7690635,1788633600,232.2,Up,0.51,286.39,0.5,625.5,49,50,False
1788633367.7690635,1788633600,232.2,Down,0.5,625.5,0.49,286.39,50,49,False
1788633371.0238051,1788633600,229.0,Up,0.51,286.39,0.5,625.5,49,50,False
1788633371.0238051,1788633600,229.0,Down,0.5,625.5,0.49,286.39,50,49,False
1788633374.3534594,1788633600,225.6,Up,0.51,286.39,0.5,625.5,49,50,False
1788633374.3534594,1788633600,225.6,Down,0.5,625.5,0.49,286.39,50,49,False
1788633377.5836933,1788633600,222.4,Up,0.51,286.39,0.5,625.5,49,50,False
1788633377.5836933,1788633600,222.4,Down,0.5,625.5,0.49,286.39,50,49,False
1788633380.8390942,1788633600,219.2,Up,0.51,286.39,0.5,625.5,49,50,False
1788633380.8390942,1788633600,219.2,Down,0.5,625.5,0.49,286.39,50,49,False
1788633384.0685234,1788633600,215.9,Up,0.51,286.39,0.5,625.5,49,50,False
1788633384.0685234,1788633600,215.9,Down,0.5,625.5,0.49,286.39,50,49,False
1788633387.381949,1788633600,212.6,Up,0.51,286.39,0.5,625.5,49,50,False
1788633387.381949,1788633600,212.6,Down,0.5,625.5,0.49,286.39,50,49,False
1788633390.634099,1788633600,209.4,Up,0.51,286.39,0.5,625.5,49,50,False
1788633390.634099,1788633600,209.4,Down,0.5,625.5,0.49,286.39,50,49,False
1788633393.9492135,1788633600,206.1,Up,0.51,286.39,0.5,625.5,49,50,False
1788633393.9492135,1788633600,206.1,Down,0.5,625.5,0.49,286.39,50,49,False
1788633397.262348,1788633600,202.7,Up,0.51,176.39,0.5,625.5,49,50,False
1788633397.262348,1788633600,202.7,Down,0.5,625.5,0.49,176.39,50,49,False
1788633400.590598,1788633600,199.4,Up,0.51,176.39,0.5,625.5,49,50,False
1788633400.590598,1788633600,199.4,Down,0.5,625.5,0.49,176.39,50,49,False
1788633403.8264775,1788633600,196.2,Up,0.51,176.39,0.5,625.5,49,50,False
1788633403.8264775,1788633600,196.2,Down,0.5,625.5,0.49,176.39,50,49,False
1788633407.0842352,1788633600,192.9,Up,0.51,176.39,0.5,625.5,49,50,False
1788633407.0842352,1788633600,192.9,Down,0.5,625.5,0.49,176.39,50,49,False
1788633410.3945177,1788633600,189.6,Up,0.51,176.39,0.5,625.5,49,50,False
1788633410.3945177,1788633600,189.6,Down,0.5,625.5,0.49,176.39,50,49,False
1788633413.7357516,1788633600,186.3,Up,0.51,176.39,0.5,625.5,49,50,False
1788633413.7357516,1788633600,186.3,Down,0.5,625.5,0.49,176.39,50,49,False
1788633417.0527787,1788633600,182.9,Up,0.51,176.39,0.5,625.5,49,50,False
1788633417.0527787,1788633600,182.9,Down,0.5,625.5,0.49,176.39,50,49,False
1788633420.3616445,1788633600,179.6,Up,0.51,176.39,0.5,625.5,49,50,False
1788633420.3616445,1788633600,179.6,Down,0.5,625.5,0.49,176.39,50,49,False
1788633423.584546,1788633600,176.4,Up,0.51,176.39,0.5,625.5,49,50,False
1788633423.584546,1788633600,176.4,Down,0.5,625.5,0.49,176.39,50,49,False
1788633426.8312912,1788633600,173.2,Up,0.51,168.39,0.5,625.5,49,50,False
1788633426.8312912,1788633600,173.2,Down,0.5,625.5,0.49,168.39,50,49,False
1788633430.1341748,1788633600,169.9,Up,0.51,168.39,0.5,625.5,49,50,False
1788633430.1341748,1788633600,169.9,Down,0.5,625.5,0.49,168.39,50,49,False
1788633433.4387584,1788633600,166.6,Up,0.51,168.39,0.5,625.5,49,50,False
1788633433.4387584,1788633600,166.6,Down,0.5,625.5,0.49,168.39,50,49,False
1788633436.7532794,1788633600,163.2,Up,0.51,168.39,0.5,625.5,49,50,False
1788633436.7532794,1788633600,163.2,Down,0.5,625.5,0.49,168.39,50,49,False
1788633439.9152443,1788633600,160.1,Up,0.51,168.39,0.5,621.5,49,50,False
1788633439.9152443,1788633600,160.1,Down,0.5,621.5,0.49,168.39,50,49,False
1788633443.2379055,1788633600,156.8,Up,0.51,168.39,0.5,621.5,49,50,False
1788633443.2379055,1788633600,156.8,Down,0.5,621.5,0.49,168.39,50,49,False
1788633446.4870312,1788633600,153.5,Up,0.51,168.39,0.5,621.5,49,50,False
1788633446.4870312,1788633600,153.5,Down,0.5,621.5,0.49,168.39,50,49,False
1788633449.7935069,1788633600,150.2,Up,0.51,168.39,0.5,621.5,49,50,False
1788633449.7935069,1788633600,150.2,Down,0.5,621.5,0.49,168.39,50,49,False
1788633453.117498,1788633600,146.9,Up,0.51,168.39,0.5,621.5,49,50,False
1788633453.117498,1788633600,146.9,Down,0.5,621.5,0.49,168.39,50,49,False
1788633456.3517942,1788633600,143.6,Up,0.51,168.39,0.5,621.5,49,50,False
1788633456.3517942,1788633600,143.6,Down,0.5,621.5,0.49,168.39,50,49,False
1788633459.603657,1788633600,140.4,Up,0.51,168.39,0.5,621.5,49,50,False
1788633459.603657,1788633600,140.4,Down,0.5,621.5,0.49,168.39,50,49,False
1788633462.929596,1788633600,137.1,Up,0.51,138.97,0.5,621.5,49,50,False
1788633462.929596,1788633600,137.1,Down,0.5,621.5,0.49,138.97,50,49,False
1788633466.2662776,1788633600,133.7,Up,0.51,109.55,0.5,621.5,49,50,False
1788633466.2662776,1788633600,133.7,Down,0.5,621.5,0.49,109.55,50,49,False
1788633469.6036677,1788633600,130.4,Up,0.51,109.55,0.5,621.5,49,50,False
1788633469.6036677,1788633600,130.4,Down,0.5,621.5,0.49,109.55,50,49,False
1788633472.9199278,1788633600,127.1,Up,0.51,109.55,0.5,621.5,49,50,False
1788633472.9199278,1788633600,127.1,Down,0.5,621.5,0.49,109.55,50,49,False
1788633476.2477245,1788633600,123.8,Up,0.51,109.55,0.5,621.5,49,50,False
1788633476.2477245,1788633600,123.8,Down,0.5,621.5,0.49,109.55,50,49,False
1788633479.5781987,1788633600,120.4,Up,0.51,109.55,0.5,613.5,49,50,False
1788633479.5781987,1788633600,120.4,Down,0.5,613.5,0.49,109.55,50,49,False
1788633482.7345119,1788633600,117.3,Up,0.51,109.55,0.5,613.5,49,50,False
1788633482.7345119,1788633600,117.3,Down,0.5,613.5,0.49,109.55,50,49,False
1788633486.118447,1788633600,113.9,Up,0.51,109.55,0.5,15,49,50,False
1788633486.118447,1788633600,113.9,Down,0.5,15,0.49,109.55,50,49,False
1788633489.4475005,1788633600,110.6,Up,0.51,109.55,0.5,15,49,50,False
1788633489.4475005,1788633600,110.6,Down,0.5,15,0.49,109.55,50,49,False
1788633492.7649355,1788633600,107.2,Up,0.51,109.55,0.5,15,49,50,False
1788633492.7649355,1788633600,107.2,Down,0.5,15,0.49,109.55,50,49,False
1788633496.0163364,1788633600,104.0,Up,0.51,109.55,0.5,15,49,50,False
1788633496.0163364,1788633600,104.0,Down,0.5,15,0.49,109.55,50,49,False
1788633499.3493793,1788633600,100.7,Up,0.51,109.55,0.5,15,49,50,False
1788633499.3493793,1788633600,100.7,Down,0.5,15,0.49,109.55,50,49,False
1788633502.67515,1788633600,97.3,Up,0.51,109.55,0.5,15,49,50,False
1788633502.67515,1788633600,97.3,Down,0.5,15,0.49,109.55,50,49,False
1788633505.9836042,1788633600,94.0,Up,0.51,219.55,0.5,15,49,50,False
1788633505.9836042,1788633600,94.0,Down,0.5,15,0.49,219.55,50,49,False
1788633509.2273595,1788633600,90.8,Up,0.51,219.55,0.5,15,49,50,False
1788633509.2273595,1788633600,90.8,Down,0.5,15,0.49,219.55,50,49,False
1788633512.460566,1788633600,87.5,Up,0.51,219.55,0.5,10.91,49,50,False
1788633512.460566,1788633600,87.5,Down,0.5,10.91,0.49,219.55,50,49,False
1788633515.7895148,1788633600,84.2,Up,0.51,219.55,0.5,10.91,49,50,False
1788633515.7895148,1788633600,84.2,Down,0.5,10.91,0.49,219.55,50,49,False
1788633519.1012588,1788633600,80.9,Up,0.51,168.39,0.5,15.91,49,50,False
1788633519.1012588,1788633600,80.9,Down,0.5,15.91,0.49,168.39,50,49,False
1788633522.430538,1788633600,77.6,Up,0.51,168.39,0.5,15.91,49,50,False
1788633522.430538,1788633600,77.6,Down,0.5,15.91,0.49,168.39,50,49,False
1788633525.6721122,1788633600,74.3,Up,0.51,168.39,0.5,15.91,49,50,False
1788633525.6721122,1788633600,74.3,Down,0.5,15.91,0.49,168.39,50,49,False
1788633528.855561,1788633600,71.1,Up,0.51,168.39,0.5,15.91,49,50,False
1788633528.855561,1788633600,71.1,Down,0.5,15.91,0.49,168.39,50,49,False
1788633532.164665,1788633600,67.8,Up,0.51,168.39,0.5,15.91,49,50,False
1788633532.164665,1788633600,67.8,Down,0.5,15.91,0.49,168.39,50,49,False
1788633535.403411,1788633600,64.6,Up,0.51,168.39,0.5,15.91,49,50,False
1788633535.403411,1788633600,64.6,Down,0.5,15.91,0.49,168.39,50,49,False
1788633538.7228148,1788633600,61.3,Up,0.51,168.39,0.5,15.91,49,50,False
1788633538.7228148,1788633600,61.3,Down,0.5,15.91,0.49,168.39,50,49,False
1788633541.9484646,1788633600,58.1,Up,0.51,183.39,0.5,15.91,49,50,False
1788633541.9484646,1788633600,58.1,Down,0.5,15.91,0.49,173.58,50,49,False
1788633545.2500436,1788633600,54.7,Up,0.51,168.58,0.5,15.91,49,50,False
1788633545.2500436,1788633600,54.7,Down,0.5,15.91,0.49,168.58,50,49,False
1788633548.519221,1788633600,51.5,Up,0.51,168.39,0.5,10,49,50,False
1788633548.519221,1788633600,51.5,Down,0.5,10,0.49,168.39,50,49,False
1788633551.8381448,1788633600,48.2,Up,0.51,218.39,0.5,20,49,50,False
1788633551.8381448,1788633600,48.2,Down,0.5,20,0.49,218.39,50,49,False
1788633555.1641805,1788633600,44.8,Up,0.54,126.87,0.53,12.07,45,53,False
1788633555.1641805,1788633600,44.8,Down,0.47,4.6,0.46,126.87,53,46,False
1788633558.4938378,1788633600,41.5,Up,0.54,126.87,0.53,38.8,46,53,False
1788633558.4938378,1788633600,41.5,Down,0.49,1.15,0.46,126.87,51,46,False
1788633561.8144572,1788633600,38.2,Up,0.54,10,0.53,34.4,46,52,False
1788633561.8144572,1788633600,38.2,Down,0.47,34.4,0.46,10,52,46,False
1788633565.1491847,1788633600,34.9,Up,0.56,57,0.53,9.1,44,52,False
1788633565.1491847,1788633600,34.9,Down,0.47,9.1,0.44,57,52,44,False
1788633568.391707,1788633600,31.6,Up,0.56,57,0.53,9.1,44,53,False
1788633568.391707,1788633600,31.6,Down,0.47,9.1,0.44,57,53,44,False
1788633571.70708,1788633600,28.3,Up,0.53,25,0.51,42,47,51,False
1788633571.70708,1788633600,28.3,Down,0.49,42,0.47,25,51,47,False
1788633575.0338914,1788633600,25.0,Up,0.53,25,0.51,39.93,47,51,False
1788633575.0338914,1788633600,25.0,Down,0.49,39.93,0.47,25,51,47,False
1788633578.348357,1788633600,21.7,Up,0.53,25,0.51,39.93,47,51,False
1788633578.348357,1788633600,21.7,Down,0.49,39.93,0.47,25,51,47,False
1788633581.6890612,1788633600,18.3,Up,0.53,25,0.51,27.7,47,51,False
1788633581.6890612,1788633600,18.3,Down,0.49,27.7,0.47,25,51,47,False
1788633585.0354786,1788633600,15.0,Up,0.53,25,0.51,27.7,47,51,False
1788633585.0354786,1788633600,15.0,Down,0.49,27.7,0.47,25,51,47,False
1788633588.3469741,1788633600,11.7,Up,0.53,25,0.5,151.25,47,50,False
1788633588.3469741,1788633600,11.7,Down,0.5,151.25,0.47,25,50,47,False
1788633591.5769503,1788633600,8.4,Up,0.5,10,0.49,65,48,49,False
1788633591.5769503,1788633600,8.4,Down,0.51,171,0.5,10,49,48,False
1788633594.0194228,1788633600,6.0,Up,0.5,4,0.49,171,48,49,False
1788633594.0194228,1788633600,6.0,Down,0.51,171,0.5,4,49,48,False
1788633595.7757711,1788633600,4.2,Up,0.5,14,0.49,163,48,49,False
1788633595.7757711,1788633600,4.2,Down,0.51,163,0.5,14,49,48,False
1788633597.096446,1788633600,2.9,Up,0.5,14,0.49,160.96,48,49,False
1788633597.096446,1788633600,2.9,Down,0.51,160.96,0.5,10,49,48,False
1788633598.2888687,1788633600,1.7,Up,0.5,10,0.49,160.96,48,49,False
1788633598.2888687,1788633600,1.7,Down,0.51,160.96,0.5,10,49,48,False
1788633600.7618685,1788633900,299.2,Up,0.51,259.24,0.5,615.5,48,50,False
1788633600.7618685,1788633900,299.2,Down,0.5,615.5,0.49,259.24,50,48,False
1788633604.100105,1788633900,295.9,Up,0.51,259.24,0.5,615.5,48,50,False
1788633604.100105,1788633900,295.9,Down,0.5,605.5,0.49,259.24,50,48,False
1788633607.4092536,1788633900,292.6,Up,0.51,264.24,0.5,615.5,48,50,False
1788633607.4092536,1788633900,292.6,Down,0.5,615.5,0.49,264.24,50,48,False
1788633610.741264,1788633900,289.3,Up,0.51,283.24,0.5,615.5,49,50,False
1788633610.741264,1788633900,289.3,Down,0.5,615.5,0.49,283.24,50,49,False
1788633614.076579,1788633900,285.9,Up,0.51,283.24,0.5,615.5,49,50,False
1788633614.076579,1788633900,285.9,Down,0.5,615.5,0.49,283.24,50,49,False
1788633617.4122376,1788633900,282.6,Up,0.51,288.24,0.5,620.5,49,50,False
1788633617.4122376,1788633900,282.6,Down,0.5,647.5,0.49,288.24,50,49,False
1788633620.7373161,1788633900,279.3,Up,0.51,288.24,0.5,647.5,49,50,False
1788633620.7373161,1788633900,279.3,Down,0.5,647.5,0.49,288.24,50,49,False
1788633623.987007,1788633900,276.0,Up,0.51,288.24,0.5,642.5,49,50,False
1788633623.987007,1788633900,276.0,Down,0.5,642.5,0.49,288.24,50,49,False
1788633627.2296445,1788633900,272.8,Up,0.51,288.24,0.5,647.5,49,50,False
1788633627.2296445,1788633900,272.8,Down,0.5,647.5,0.49,288.24,50,49,False
1788633630.5680459,1788633900,269.4,Up,0.51,288.24,0.5,647.5,49,50,False
1788633630.5680459,1788633900,269.4,Down,0.5,647.5,0.49,288.24,50,49,False
1788633633.9145973,1788633900,266.1,Up,0.51,288.24,0.5,647.5,49,50,False
1788633633.9145973,1788633900,266.1,Down,0.5,647.5,0.49,288.24,50,49,False
1788633637.24783,1788633900,262.8,Up,0.51,288.24,0.5,647.5,49,50,False
1788633637.24783,1788633900,262.8,Down,0.5,647.5,0.49,288.24,50,49,False
1788633640.5837765,1788633900,259.4,Up,0.51,288.24,0.5,647.5,49,50,False
1788633640.5837765,1788633900,259.4,Down,0.5,647.5,0.49,288.24,50,49,False
1788633643.8448842,1788633900,256.2,Up,0.51,288.24,0.5,647.5,49,50,False
1788633643.8448842,1788633900,256.2,Down,0.5,647.5,0.49,288.24,50,49,False
1788633647.1858156,1788633900,252.8,Up,0.51,203.07,0.5,647.5,49,50,False
1788633647.1858156,1788633900,252.8,Down,0.5,647.5,0.49,203.07,50,49,False
1788633650.4367783,1788633900,249.6,Up,0.51,223.07,0.5,633.5,49,50,False
1788633650.4367783,1788633900,249.6,Down,0.5,633.5,0.49,223.07,50,49,False
1788633653.7498624,1788633900,246.3,Up,0.51,223.07,0.5,633.5,49,50,False
1788633653.7498624,1788633900,246.3,Down,0.5,633.5,0.49,223.07,50,49,False
1788633657.0807736,1788633900,242.9,Up,0.51,223.07,0.5,633.5,49,50,False
1788633657.0807736,1788633900,242.9,Down,0.5,633.5,0.49,223.07,50,49,False
1788633660.2253578,1788633900,239.8,Up,0.51,223.07,0.5,633.5,49,50,False
1788633660.2253578,1788633900,239.8,Down,0.5,633.5,0.49,223.07,50,49,False
1788633663.5823498,1788633900,236.4,Up,0.51,223.07,0.5,633.5,49,50,False
1788633663.5823498,1788633900,236.4,Down,0.5,633.5,0.49,223.07,50,49,False
1788633666.7337692,1788633900,233.3,Up,0.51,223.07,0.5,633.5,49,50,False
1788633666.7337692,1788633900,233.3,Down,0.5,633.5,0.49,223.07,50,49,False
1788633670.0859988,1788633900,229.9,Up,0.51,223.07,0.5,633.5,49,50,False
1788633670.0859988,1788633900,229.9,Down,0.5,633.5,0.49,223.07,50,49,False
1788633673.423393,1788633900,226.6,Up,0.51,223.07,0.5,633.5,49,50,False
1788633673.423393,1788633900,226.6,Down,0.5,633.5,0.49,223.07,50,49,False
1788633676.6770368,1788633900,223.3,Up,0.51,223.07,0.5,633.5,49,50,False
1788633676.6770368,1788633900,223.3,Down,0.5,633.5,0.49,223.07,50,49,False
1788633680.0144463,1788633900,220.0,Up,0.51,223.07,0.5,633.5,49,50,False
1788633680.0144463,1788633900,220.0,Down,0.5,633.5,0.49,223.07,50,49,False
1788633683.3466594,1788633900,216.7,Up,0.51,223.07,0.5,633.5,49,50,False
1788633683.3466594,1788633900,216.7,Down,0.5,633.5,0.49,223.07,50,49,False
1788633686.7049422,1788633900,213.3,Up,0.51,223.07,0.5,633.5,49,50,False
1788633686.7049422,1788633900,213.3,Down,0.5,633.5,0.49,223.07,50,49,False
1788633690.0147066,1788633900,210.0,Up,0.51,223.07,0.5,633.5,49,50,False
1788633690.0147066,1788633900,210.0,Down,0.5,633.5,0.49,223.07,50,49,False
1788633693.3184319,1788633900,206.7,Up,0.51,223.07,0.5,633.5,49,50,False
1788633693.3184319,1788633900,206.7,Down,0.5,633.5,0.49,223.07,50,49,False
1788633696.56669,1788633900,203.4,Up,0.51,223.07,0.5,633.5,49,50,False
1788633696.56669,1788633900,203.4,Down,0.5,633.5,0.49,223.07,50,49,False
1788633699.809883,1788633900,200.2,Up,0.51,223.07,0.5,633.5,49,50,False
1788633699.809883,1788633900,200.2,Down,0.5,633.5,0.49,223.07,50,49,False
1788633703.0415256,1788633900,197.0,Up,0.51,223.07,0.5,633.5,49,50,False
1788633703.0415256,1788633900,197.0,Down,0.5,633.5,0.49,223.07,50,49,False
1788633706.3211699,1788633900,193.7,Up,0.51,223.07,0.5,633.5,49,50,False
1788633706.3211699,1788633900,193.7,Down,0.5,633.5,0.49,223.07,50,49,False
1788633709.4749172,1788633900,190.5,Up,0.51,223.07,0.5,633.5,49,50,False
1788633709.4749172,1788633900,190.5,Down,0.5,633.5,0.49,223.07,50,49,False
1788633712.7822323,1788633900,187.2,Up,0.51,223.07,0.5,633.5,49,50,False
1788633712.7822323,1788633900,187.2,Down,0.5,633.5,0.49,223.07,50,49,False
1788633716.090993,1788633900,183.9,Up,0.51,223.07,0.5,633.5,49,50,False
1788633716.090993,1788633900,183.9,Down,0.5,633.5,0.49,223.07,50,49,False
1788633719.261056,1788633900,180.7,Up,0.51,223.07,0.5,633.5,49,50,False
1788633719.261056,1788633900,180.7,Down,0.5,633.5,0.49,223.07,50,49,False
1788633722.5784554,1788633900,177.4,Up,0.51,223.07,0.5,633.5,49,50,False
1788633722.5784554,1788633900,177.4,Down,0.5,633.5,0.49,223.07,50,49,False
1788633725.8988092,1788633900,174.1,Up,0.51,219,0.5,633.5,49,50,False
1788633725.8988092,1788633900,174.1,Down,0.5,633.5,0.49,219,50,49,False
1788633729.144137,1788633900,170.9,Up,0.51,219,0.5,633.5,49,50,False
1788633729.144137,1788633900,170.9,Down,0.5,633.5,0.49,219,50,49,False
1788633732.4518473,1788633900,167.5,Up,0.51,219,0.5,633.5,49,50,False
1788633732.4518473,1788633900,167.5,Down,0.5,633.5,0.49,219,50,49,False
1788633735.7807934,1788633900,164.2,Up,0.51,219,0.5,633.5,49,50,False
1788633735.7807934,1788633900,164.2,Down,0.5,633.5,0.49,219,50,49,False
1788633739.0883694,1788633900,160.9,Up,0.51,219,0.5,633.5,49,50,False
1788633739.0883694,1788633900,160.9,Down,0.5,633.5,0.49,219,50,49,False
1788633742.3277767,1788633900,157.7,Up,0.51,219,0.5,633.5,49,50,False
1788633742.3277767,1788633900,157.7,Down,0.5,633.5,0.49,219,50,49,False
1788633745.542735,1788633900,154.5,Up,0.51,219,0.5,633.5,49,50,False
1788633745.542735,1788633900,154.5,Down,0.5,633.5,0.49,219,50,49,False
1788633748.7134423,1788633900,151.3,Up,0.51,219,0.5,603.5,49,50,False
1788633748.7134423,1788633900,151.3,Down,0.5,603.5,0.49,219,50,49,False
1788633751.9432447,1788633900,148.1,Up,0.51,219,0.5,603.5,49,50,False
1788633751.9432447,1788633900,148.1,Down,0.5,603.5,0.49,219,50,49,False
1788633755.1814232,1788633900,144.8,Up,0.51,169.98,0.5,603.5,49,50,False
1788633755.1814232,1788633900,144.8,Down,0.5,603.5,0.49,169.98,50,49,False
1788633758.4375353,1788633900,141.6,Up,0.51,149.98,0.5,603.5,49,50,False
1788633758.4375353,1788633900,141.6,Down,0.5,603.5,0.49,149.98,50,49,False
1788633761.7951863,1788633900,138.2,Up,0.51,149.98,0.5,683.5,49,50,False
1788633761.7951863,1788633900,138.2,Down,0.5,683.5,0.49,149.98,50,49,False
1788633765.065548,1788633900,134.9,Up,0.51,149.98,0.5,683.5,49,50,False
1788633765.065548,1788633900,134.9,Down,0.5,683.5,0.49,149.98,50,49,False
1788633768.4159093,1788633900,131.6,Up,0.51,149.98,0.5,683.5,49,50,False
1788633768.4159093,1788633900,131.6,Down,0.5,683.5,0.49,149.98,50,49,False
1788633771.652187,1788633900,128.3,Up,0.51,39,0.5,683.5,49,50,False
1788633771.652187,1788633900,128.3,Down,0.5,683.5,0.49,39,50,49,False
1788633774.8136182,1788633900,125.2,Up,0.51,32,0.5,683.5,49,50,False
1788633774.8136182,1788633900,125.2,Down,0.5,683.5,0.49,32,50,49,False
1788633778.0630774,1788633900,121.9,Up,0.51,32,0.5,681.5,49,50,False
1788633778.0630774,1788633900,121.9,Down,0.5,681.5,0.49,32,50,49,False
1788633781.3189943,1788633900,118.7,Up,0.51,32,0.5,681.5,49,50,False
1788633781.3189943,1788633900,118.7,Down,0.5,681.5,0.49,32,50,49,False
1788633784.6339724,1788633900,115.4,Up,0.51,32,0.5,681.5,49,50,False
1788633784.6339724,1788633900,115.4,Down,0.5,681.5,0.49,32,50,49,False
1788633787.959996,1788633900,112.0,Up,0.51,32,0.5,127,49,49,False
1788633787.959996,1788633900,112.0,Down,0.5,127,0.49,32,49,49,False
1788633791.2417345,1788633900,108.8,Up,0.51,32,0.5,127,49,49,False
1788633791.2417345,1788633900,108.8,Down,0.5,127,0.49,32,49,49,False
1788633794.5647733,1788633900,105.4,Up,0.51,13.14,0.5,127,49,49,False
1788633794.5647733,1788633900,105.4,Down,0.5,127,0.49,13.14,49,49,False
1788633797.882182,1788633900,102.1,Up,0.51,13.14,0.5,127,49,49,False
1788633797.882182,1788633900,102.1,Down,0.5,127,0.49,13.14,49,49,False
1788633801.2131765,1788633900,98.8,Up,0.51,13.14,0.5,127,49,49,False
1788633801.2131765,1788633900,98.8,Down,0.5,127,0.49,13.14,49,49,False
1788633804.5264049,1788633900,95.5,Up,0.51,13.14,0.5,127,49,49,False
1788633804.5264049,1788633900,95.5,Down,0.5,127,0.49,13.14,49,49,False
1788633807.840513,1788633900,92.2,Up,0.51,13.14,0.5,127,49,49,False
1788633807.840513,1788633900,92.2,Down,0.5,127,0.49,13.14,49,49,False
1788633811.167785,1788633900,88.8,Up,0.51,13.14,0.5,70.94,49,49,False
1788633811.167785,1788633900,88.8,Down,0.5,70.94,0.49,13.14,49,49,False
1788633814.4226804,1788633900,85.6,Up,0.51,13.14,0.5,70.94,49,49,False
1788633814.4226804,1788633900,85.6,Down,0.5,70.94,0.49,13.14,49,49,False
1788633817.7550726,1788633900,82.2,Up,0.51,13.14,0.5,75.94,49,49,False
1788633817.7550726,1788633900,82.2,Down,0.5,75.94,0.49,13.14,49,49,False
1788633821.0809062,1788633900,78.9,Up,0.51,13.14,0.5,75.94,49,49,False
1788633821.0809062,1788633900,78.9,Down,0.5,75.94,0.49,13.14,49,49,False
1788633824.3197622,1788633900,75.7,Up,0.51,3.14,0.5,75.94,49,49,False
1788633824.3197622,1788633900,75.7,Down,0.5,75.94,0.49,3.14,49,49,False
1788633827.5739167,1788633900,72.4,Up,0.51,3.14,0.5,71.85,49,49,False
1788633827.5739167,1788633900,72.4,Down,0.5,71.85,0.49,3.14,49,49,False
1788633830.901254,1788633900,69.1,Up,0.51,3.14,0.5,71.85,49,49,False
1788633830.901254,1788633900,69.1,Down,0.5,71.85,0.49,3.14,49,49,False
1788633834.2697885,1788633900,65.7,Up,0.51,3.14,0.5,71.85,49,49,False
1788633834.2697885,1788633900,65.7,Down,0.5,71.85,0.49,3.14,49,49,False
1788633837.4253318,1788633900,62.6,Up,0.51,18.14,0.5,71.85,49,50,False
1788633837.4253318,1788633900,62.6,Down,0.5,71.85,0.49,18.14,50,49,False
1788633840.6600728,1788633900,59.3,Up,0.51,18.14,0.5,71.85,49,50,False
1788633840.6600728,1788633900,59.3,Down,0.5,71.85,0.49,18.14,50,49,False
1788633843.9058907,1788633900,56.1,Up,0.51,18.14,0.5,71.85,49,50,False
1788633843.9058907,1788633900,56.1,Down,0.5,71.85,0.49,18.14,50,49,False
1788633847.148734,1788633900,52.9,Up,0.51,10,0.5,71.85,49,50,False
1788633847.148734,1788633900,52.9,Down,0.5,71.85,0.49,10,50,49,False
1788633850.2910085,1788633900,49.7,Up,0.51,10,0.5,81.85,49,50,False
1788633850.2910085,1788633900,49.7,Down,0.5,81.85,0.49,10,50,49,False
1788633853.4666731,1788633900,46.5,Up,0.51,10,0.5,81.85,49,50,False
1788633853.4666731,1788633900,46.5,Down,0.5,81.85,0.49,10,50,49,False
1788633856.7004707,1788633900,43.3,Up,0.52,12.66,0.51,118,48,51,False
1788633856.7004707,1788633900,43.3,Down,0.49,118,0.48,3.94,51,48,False
1788633860.0197754,1788633900,40.0,Up,0.57,67,0.55,15,43,55,False
1788633860.0197754,1788633900,40.0,Down,0.45,15,0.43,67,55,43,False
1788633863.2411766,1788633900,36.8,Up,0.56,160,0.55,15,44,55,False
1788633863.2411766,1788633900,36.8,Down,0.45,15,0.44,160,55,44,False
1788633866.6210587,1788633900,33.4,Up,0.6,113,0.59,15,40,59,False
1788633866.6210587,1788633900,33.4,Down,0.41,15,0.4,113,59,40,False
1788633869.941303,1788633900,30.1,Up,0.6,128,0.57,57,40,57,False
1788633869.941303,1788633900,30.1,Down,0.43,57,0.4,128,57,40,False
1788633873.1778738,1788633900,26.8,Up,0.6,128,0.57,48,40,57,False
1788633873.1778738,1788633900,26.8,Down,0.43,33,0.4,128,57,40,False
1788633876.5219305,1788633900,23.5,Up,0.53,98,0.5,152.93,47,50,False
1788633876.5219305,1788633900,23.5,Down,0.5,152.93,0.47,98,50,47,False
1788633879.7732375,1788633900,20.2,Up,0.43,42,0.4,14.78,55,40,False
1788633879.7732375,1788633900,20.2,Down,0.6,14.78,0.57,42,40,55,False
1788633883.0072546,1788633900,17.0,Up,0.38,42,0.35,6,62,35,False
1788633883.0072546,1788633900,17.0,Down,0.64,163.98,0.62,42,36,62,False
1788633886.2733836,1788633900,13.7,Up,0.38,94.97,0.36,35,58,36,False
1788633886.2733836,1788633900,13.7,Down,0.64,35,0.62,91.94,36,58,False
1788633889.5063052,1788633900,10.5,Up,0.44,42,0.41,42,56,40,False
1788633889.5063052,1788633900,10.5,Down,0.58,42,0.55,95.77,41,55,False
1788633892.4647493,1788633900,7.5,Up,0.51,15,0.48,98,49,48,False
1788633892.4647493,1788633900,7.5,Down,0.52,98,0.48,123,48,48,False
1788633894.6070569,1788633900,5.4,Up,0.52,123,0.48,98,48,48,False
1788633894.6070569,1788633900,5.4,Down,0.52,98,0.48,123,48,48,False
1788633896.1913817,1788633900,3.8,Up,0.5,10,0.48,86.57,50,48,False
1788633896.1913817,1788633900,3.8,Down,0.52,84.53,0.5,10,48,50,False
1788633897.5158062,1788633900,2.5,Up,0.56,42,0.51,3.04,43,51,False
1788633897.5158062,1788633900,2.5,Down,0.52,84.53,0.4,15,43,40,False
1788633899.0237691,1788633900,1.0,Up,0.6,14.63,0.52,5,40,48,False
1788633899.0237691,1788633900,1.0,Down,0.53,5.86,0.4,14.63,47,40,False
1788633901.555706,1788634200,298.4,Up,0.51,203.66,0.5,25,45,47,False
1788633901.555706,1788634200,298.4,Down,0.5,25,0.49,203.66,47,45,False
1788633904.8736417,1788634200,295.1,Up,0.51,203.66,0.5,25,45,47,False
1788633904.8736417,1788634200,295.1,Down,0.5,25,0.49,203.66,47,45,False
1788633908.19526,1788634200,291.8,Up,0.51,218.66,0.5,35,47,48,False
1788633908.19526,1788634200,291.8,Down,0.5,35,0.49,218.66,48,47,False
1788633911.4476407,1788634200,288.6,Up,0.51,218.66,0.5,35,47,48,False
1788633911.4476407,1788634200,288.6,Down,0.5,35,0.49,218.66,48,47,False
1788633914.6828976,1788634200,285.3,Up,0.51,218.66,0.5,35,47,48,False
1788633914.6828976,1788634200,285.3,Down,0.5,40,0.49,218.66,48,47,False
1788633917.9806452,1788634200,282.0,Up,0.51,223.66,0.5,47,47,48,False
1788633917.9806452,1788634200,282.0,Down,0.5,47,0.49,223.66,48,47,False
1788633921.247462,1788634200,278.8,Up,0.51,223.66,0.5,47,47,48,False
1788633921.247462,1788634200,278.8,Down,0.5,47,0.49,223.66,48,47,False
1788633924.4758475,1788634200,275.5,Up,0.51,223.66,0.5,42,47,48,False
1788633924.4758475,1788634200,275.5,Down,0.5,42,0.49,223.66,48,47,False
1788633927.7948763,1788634200,272.2,Up,0.51,223.66,0.5,37,47,48,False
1788633927.7948763,1788634200,272.2,Down,0.5,37,0.49,223.66,48,47,False
1788633930.942381,1788634200,269.1,Up,0.51,223.66,0.5,37,47,48,False
1788633930.942381,1788634200,269.1,Down,0.5,37,0.49,223.66,48,47,False
1788633934.1626992,1788634200,265.8,Up,0.51,223.66,0.5,37,47,48,False
1788633934.1626992,1788634200,265.8,Down,0.5,37,0.49,223.66,48,47,False
1788633937.4861796,1788634200,262.5,Up,0.51,223.66,0.5,32,47,48,False
1788633937.4861796,1788634200,262.5,Down,0.5,32,0.49,223.66,48,47,False
1788633940.8623703,1788634200,259.1,Up,0.51,223.66,0.5,32,47,48,False
1788633940.8623703,1788634200,259.1,Down,0.5,32,0.49,223.66,48,47,False
1788633944.1983058,1788634200,255.8,Up,0.51,223.66,0.5,32,47,48,False
1788633944.1983058,1788634200,255.8,Down,0.5,32,0.49,223.66,48,47,False
1788633947.4391081,1788634200,252.6,Up,0.51,113,0.5,32,47,48,False
1788633947.4391081,1788634200,252.6,Down,0.5,32,0.49,113,48,47,False
1788633950.7782762,1788634200,249.2,Up,0.51,133,0.5,32,47,50,False
1788633950.7782762,1788634200,249.2,Down,0.5,32,0.49,133,50,47,False
1788633954.1281402,1788634200,245.9,Up,0.51,133,0.5,32,47,50,False
1788633954.1281402,1788634200,245.9,Down,0.5,32,0.49,133,50,47,False
1788633957.36584,1788634200,242.6,Up,0.51,133,0.5,32,47,50,False
1788633957.36584,1788634200,242.6,Down,0.5,32,0.49,133,50,47,False
1788633960.6991885,1788634200,239.3,Up,0.51,133,0.5,32,47,50,False
1788633960.6991885,1788634200,239.3,Down,0.5,32,0.49,133,50,47,False
1788633963.942267,1788634200,236.1,Up,0.51,133,0.5,32,47,50,False
1788633963.942267,1788634200,236.1,Down,0.5,32,0.49,123,50,47,False
1788633967.1976113,1788634200,232.8,Up,0.51,123,0.5,32,47,50,False
1788633967.1976113,1788634200,232.8,Down,0.5,32,0.49,123,50,47,False
1788633970.5118594,1788634200,229.5,Up,0.51,123,0.5,32,47,50,False
1788633970.5118594,1788634200,229.5,Down,0.5,32,0.49,103,49,49,False
1788633973.8371544,1788634200,226.2,Up,0.51,103,0.5,32,49,49,False
1788633973.8371544,1788634200,226.2,Down,0.5,32,0.49,103,49,49,False
1788633977.0647914,1788634200,222.9,Up,0.51,103,0.5,32,49,49,False
1788633977.0647914,1788634200,222.9,Down,0.5,32,0.49,103,49,49,False
1788633980.2947483,1788634200,219.7,Up,0.51,103,0.5,32,49,49,False
1788633980.2947483,1788634200,219.7,Down,0.5,32,0.49,103,49,49,False
1788633983.5287008,1788634200,216.5,Up,0.51,103,0.5,32,49,49,False
1788633983.5287008,1788634200,216.5,Down,0.5,32,0.49,103,49,49,False
1788633986.8582277,1788634200,213.1,Up,0.51,103,0.5,32,49,49,False
1788633986.8582277,1788634200,213.1,Down,0.5,32,0.49,103,49,49,False
1788633990.187506,1788634200,209.8,Up,0.51,103,0.5,32,49,49,False
1788633990.187506,1788634200,209.8,Down,0.5,32,0.49,103,49,49,False
1788633993.4327068,1788634200,206.6,Up,0.51,103,0.5,32,49,49,False
1788633993.4327068,1788634200,206.6,Down,0.5,32,0.49,103,49,49,False
1788633996.7623937,1788634200,203.2,Up,0.51,103,0.5,32,49,49,False
1788633996.7623937,1788634200,203.2,Down,0.5,32,0.49,103,49,49,False
1788634000.0891428,1788634200,199.9,Up,0.51,103,0.5,32,49,49,False
1788634000.0891428,1788634200,199.9,Down,0.5,32,0.49,103,49,49,False
1788634003.435744,1788634200,196.6,Up,0.51,103,0.5,32,49,49,False
1788634003.435744,1788634200,196.6,Down,0.5,32,0.49,103,49,49,False
1788634006.7881293,1788634200,193.2,Up,0.51,123,0.5,32,47,50,False
1788634006.7881293,1788634200,193.2,Down,0.5,32,0.49,123,50,47,False
1788634010.1024966,1788634200,189.9,Up,0.51,123,0.5,32,47,50,False
1788634010.1024966,1788634200,189.9,Down,0.5,32,0.49,123,50,47,False
1788634013.4239035,1788634200,186.6,Up,0.51,123,0.5,32,47,50,False
1788634013.4239035,1788634200,186.6,Down,0.5,32,0.49,123,50,47,False
1788634016.6836574,1788634200,183.3,Up,0.51,123,0.5,32,47,50,False
1788634016.6836574,1788634200,183.3,Down,0.5,32,0.49,123,50,47,False
1788634019.9938853,1788634200,180.0,Up,0.51,123,0.5,32,47,50,False
1788634019.9938853,1788634200,180.0,Down,0.5,32,0.49,123,50,47,False
1788634023.2246826,1788634200,176.8,Up,0.51,141.03,0.5,32,47,50,False
1788634023.2246826,1788634200,176.8,Down,0.5,32,0.49,141.03,50,47,False
1788634026.549784,1788634200,173.5,Up,0.51,141.03,0.5,32,47,50,False
1788634026.549784,1788634200,173.5,Down,0.5,32,0.49,141.03,50,47,False
1788634029.8687708,1788634200,170.1,Up,0.51,141.03,0.5,32,47,50,False
1788634029.8687708,1788634200,170.1,Down,0.5,32,0.49,141.03,50,47,False
1788634033.1151237,1788634200,166.9,Up,0.51,141.03,0.5,32,47,50,False
1788634033.1151237,1788634200,166.9,Down,0.5,32,0.49,141.03,50,47,False
1788634036.4336388,1788634200,163.6,Up,0.51,141.03,0.5,32,47,50,False
1788634036.4336388,1788634200,163.6,Down,0.5,32,0.49,141.03,50,47,False
1788634039.6702912,1788634200,160.3,Up,0.51,141.03,0.5,32,47,50,False
1788634039.6702912,1788634200,160.3,Down,0.5,32,0.49,141.03,50,47,False
1788634042.9997818,1788634200,157.0,Up,0.51,141.03,0.5,32,47,50,False
1788634042.9997818,1788634200,157.0,Down,0.5,32,0.49,141.03,50,47,False
1788634046.3296058,1788634200,153.7,Up,0.51,141.03,0.5,32,47,50,False
1788634046.3296058,1788634200,153.7,Down,0.5,32,0.49,141.03,50,47,False
1788634049.5731463,1788634200,150.4,Up,0.51,141.03,0.5,32,47,50,False
1788634049.5731463,1788634200,150.4,Down,0.5,32,0.49,141.03,50,47,False
1788634052.9073994,1788634200,147.1,Up,0.51,141.03,0.5,32,47,50,False
1788634052.9073994,1788634200,147.1,Down,0.5,32,0.49,141.03,50,47,False
1788634056.2575004,1788634200,143.7,Up,0.5,25,0.4,3781.76,48,40,False
1788634056.2575004,1788634200,143.7,Down,0.6,3781.76,0.5,25,40,48,False
1788634059.6050842,1788634200,140.4,Up,0.44,20,0.41,50,54,41,False
1788634059.6050842,1788634200,140.4,Down,0.59,50,0.56,20,41,54,False
1788634062.949026,1788634200,137.1,Up,0.44,20,0.41,50,54,41,False
1788634062.949026,1788634200,137.1,Down,0.59,50,0.56,20,41,54,False
1788634066.2949529,1788634200,133.7,Up,0.44,20,0.41,50,54,41,False
1788634066.2949529,1788634200,133.7,Down,0.59,50,0.56,20,41,54,False
1788634069.6290164,1788634200,130.4,Up,0.44,20,0.41,50,54,41,False
1788634069.6290164,1788634200,130.4,Down,0.59,50,0.56,20,41,54,False
1788634072.881886,1788634200,127.1,Up,0.44,20,0.42,30,54,42,False
1788634072.881886,1788634200,127.1,Down,0.58,30,0.56,20,42,54,False
1788634076.1159892,1788634200,123.9,Up,0.44,20,0.43,50,55,43,False
1788634076.1159892,1788634200,123.9,Down,0.57,50,0.56,20,43,55,False
1788634079.4415202,1788634200,120.6,Up,0.44,20,0.43,50,55,43,False
1788634079.4415202,1788634200,120.6,Down,0.57,50,0.56,20,43,55,False
1788634082.7525878,1788634200,117.2,Up,0.44,15,0.43,50,55,43,False
1788634082.7525878,1788634200,117.2,Down,0.57,50,0.56,15,43,55,False
1788634085.9918592,1788634200,114.0,Up,0.45,113.6,0.43,20,54,43,False
1788634085.9918592,1788634200,114.0,Down,0.57,20,0.55,113.6,43,54,False
1788634089.3511434,1788634200,110.6,Up,0.45,173.6,0.43,20,53,43,False
1788634089.3511434,1788634200,110.6,Down,0.57,20,0.55,173.6,43,53,False
1788634092.6725268,1788634200,107.3,Up,0.45,173.6,0.43,20,53,43,False
1788634092.6725268,1788634200,107.3,Down,0.57,20,0.55,173.6,43,53,False
1788634095.9897194,1788634200,104.0,Up,0.45,113.6,0.43,20,53,43,False
1788634095.9897194,1788634200,104.0,Down,0.57,20,0.55,113.6,43,53,False
1788634099.322656,1788634200,100.7,Up,0.45,113.6,0.43,20,53,43,False
1788634099.322656,1788634200,100.7,Down,0.57,20,0.55,113.6,43,53,False
1788634102.634986,1788634200,97.4,Up,0.45,113.6,0.43,20,53,43,False
1788634102.634986,1788634200,97.4,Down,0.57,20,0.55,113.6,43,53,False
1788634105.7941992,1788634200,94.2,Up,0.45,84.35,0.43,20,53,43,False
1788634105.7941992,1788634200,94.2,Down,0.57,20,0.55,84.35,43,53,False
1788634109.1111355,1788634200,90.9,Up,0.45,84.35,0.43,20,53,43,False
1788634109.1111355,1788634200,90.9,Down,0.57,20,0.55,84.35,43,53,False
1788634112.2700655,1788634200,87.7,Up,0.45,84.35,0.43,20,53,43,False
1788634112.2700655,1788634200,87.7,Down,0.57,20,0.55,84.35,43,53,False
1788634115.6038039,1788634200,84.4,Up,0.45,84.35,0.43,20,53,43,False
1788634115.6038039,1788634200,84.4,Down,0.57,20,0.55,84.35,43,53,False
1788634118.9166446,1788634200,81.1,Up,0.45,84.35,0.43,20,53,43,False
1788634118.9166446,1788634200,81.1,Down,0.57,20,0.55,84.35,43,53,False
1788634122.287313,1788634200,77.7,Up,0.45,84.35,0.43,20,53,43,False
1788634122.287313,1788634200,77.7,Down,0.57,20,0.55,84.35,43,53,False
1788634125.606039,1788634200,74.4,Up,0.45,84.35,0.43,20,53,43,False
1788634125.606039,1788634200,74.4,Down,0.57,20,0.55,84.35,43,53,False
1788634128.9244208,1788634200,71.1,Up,0.45,12.06,0.43,20,53,43,False
1788634128.9244208,1788634200,71.1,Down,0.57,20,0.55,12.06,43,53,False
1788634132.1633945,1788634200,67.8,Up,0.45,12.06,0.43,20,54,43,False
1788634132.1633945,1788634200,67.8,Down,0.57,20,0.55,12.06,43,54,False
1788634135.4082847,1788634200,64.6,Up,0.45,12.06,0.44,30,55,44,False
1788634135.4082847,1788634200,64.6,Down,0.56,30,0.55,12.06,44,55,False
1788634138.6727293,1788634200,61.3,Up,0.45,9.83,0.44,45,55,44,False
1788634138.6727293,1788634200,61.3,Down,0.56,45,0.55,9.83,44,55,False
1788634142.0151155,1788634200,58.0,Up,0.45,9.83,0.44,45,54,44,False
1788634142.0151155,1788634200,58.0,Down,0.56,45,0.55,9.83,44,54,False
1788634145.3484764,1788634200,54.7,Up,0.45,9.83,0.44,45,53,44,False
1788634145.3484764,1788634200,54.7,Down,0.56,45,0.55,9.83,44,53,False
1788634148.6664505,1788634200,51.3,Up,0.47,66,0.44,45,53,44,False
1788634148.6664505,1788634200,51.3,Down,0.56,45,0.53,81.04,44,53,False
1788634151.9863849,1788634200,48.0,Up,0.47,67.25,0.46,35,53,46,False
1788634151.9863849,1788634200,48.0,Down,0.54,35,0.53,67.25,46,53,False
1788634155.229102,1788634200,44.8,Up,0.47,67.25,0.46,35,53,46,False
1788634155.229102,1788634200,44.8,Down,0.54,35,0.53,67.25,46,53,False
1788634158.5579433,1788634200,41.4,Up,0.47,52,0.46,35,53,46,False
1788634158.5579433,1788634200,41.4,Down,0.54,35,0.53,52,46,53,False
1788634161.877604,1788634200,38.1,Up,0.48,36.63,0.46,35,52,46,False
1788634161.877604,1788634200,38.1,Down,0.53,35,0.52,36.63,47,52,False
1788634165.11199,1788634200,34.9,Up,0.49,71.98,0.48,35,51,48,False
1788634165.11199,1788634200,34.9,Down,0.52,35,0.51,71.98,48,51,False
1788634168.4468899,1788634200,31.6,Up,0.49,71.98,0.48,28.84,51,48,False
1788634168.4468899,1788634200,31.6,Down,0.52,28.84,0.51,71.98,48,51,False
1788634171.6047587,1788634200,28.4,Up,0.5,60.89,0.48,13.84,50,48,False
1788634171.6047587,1788634200,28.4,Down,0.52,13.84,0.5,58.89,48,50,False
1788634174.9343479,1788634200,25.1,Up,0.49,35,0.48,28.84,51,48,False
1788634174.9343479,1788634200,25.1,Down,0.52,13.84,0.51,35,48,51,False
1788634178.093317,1788634200,21.9,Up,0.49,32.93,0.48,13.84,51,48,False
1788634178.093317,1788634200,21.9,Down,0.52,13.84,0.51,32.93,48,51,False
1788634181.392675,1788634200,18.6,Up,0.49,27.74,0.48,11.91,51,48,False
1788634181.392675,1788634200,18.6,Down,0.52,11.91,0.51,27.74,48,51,False
1788634184.5393448,1788634200,15.5,Up,0.49,23.6,0.48,173.06,51,48,False
1788634184.5393448,1788634200,15.5,Down,0.52,23.06,0.51,23.6,48,51,False
1788634187.890685,1788634200,12.1,Up,0.49,12.55,0.48,23.06,51,48,False
1788634187.890685,1788634200,12.1,Down,0.52,23.06,0.51,12.55,48,51,False
1788634191.132007,1788634200,8.9,Up,0.49,12.55,0.48,21.13,51,48,False
1788634191.132007,1788634200,8.9,Down,0.52,21.13,0.51,12.55,48,51,False
1788634193.5770638,1788634200,6.4,Up,0.49,10.5,0.48,31.13,51,48,False
1788634193.5770638,1788634200,6.4,Down,0.52,31.13,0.51,10.5,48,51,False
1788634195.5033195,1788634200,4.5,Up,0.49,10.5,0.48,10,51,45,False
1788634195.5033195,1788634200,4.5,Down,0.52,30,0.51,10.5,45,51,False
1788634196.8173718,1788634200,3.2,Up,0.51,47.94,0.48,749.25,49,46,False
1788634196.8173718,1788634200,3.2,Down,0.52,749.25,0.49,47.94,46,49,False
1788634198.146541,1788634200,1.9,Up,0.51,47.94,0.5,363.63,49,48,False
1788634198.146541,1788634200,1.9,Down,0.5,363.63,0.49,45.33,48,49,False
1788634200.6509469,1788634500,299.3,Up,0.51,309.63,0.5,742.31,48,50,False
1788634200.6509469,1788634500,299.3,Down,0.5,742.31,0.49,309.63,50,48,False
1788634203.8761272,1788634500,296.1,Up,0.51,309.63,0.5,742.31,48,50,False
1788634203.8761272,1788634500,296.1,Down,0.5,742.31,0.49,309.63,50,48,False
1788634207.1977916,1788634500,292.8,Up,0.51,324.63,0.5,752.31,48,50,False
1788634207.1977916,1788634500,292.8,Down,0.5,752.31,0.49,324.63,50,48,False
1788634210.4444385,1788634500,289.6,Up,0.51,324.63,0.5,752.31,49,50,False
1788634210.4444385,1788634500,289.6,Down,0.5,752.31,0.49,324.63,50,49,False
1788634213.6968963,1788634500,286.3,Up,0.51,324.63,0.5,752.31,49,50,False
1788634213.6968963,1788634500,286.3,Down,0.5,752.31,0.49,324.63,50,49,False
1788634217.020282,1788634500,283.0,Up,0.51,329.63,0.5,770.31,49,50,False
1788634217.020282,1788634500,283.0,Down,0.5,770.31,0.49,329.63,50,49,False
1788634220.3317487,1788634500,279.7,Up,0.51,324.63,0.5,770.31,49,50,False
1788634220.3317487,1788634500,279.7,Down,0.5,770.31,0.49,324.63,50,49,False
1788634223.582058,1788634500,276.4,Up,0.51,324.63,0.5,770.31,49,50,False
1788634223.582058,1788634500,276.4,Down,0.5,770.31,0.49,324.63,50,49,False
1788634226.8230093,1788634500,273.2,Up,0.51,324.63,0.5,770.31,49,50,False
1788634226.8230093,1788634500,273.2,Down,0.5,770.31,0.49,324.63,50,49,False
1788634230.098325,1788634500,269.9,Up,0.51,324.63,0.5,764.31,49,50,False
1788634230.098325,1788634500,269.9,Down,0.5,769.31,0.49,324.63,50,49,False
1788634233.3429508,1788634500,266.7,Up,0.51,329.63,0.5,769.31,49,50,False
1788634233.3429508,1788634500,266.7,Down,0.5,769.31,0.49,329.63,50,49,False
1788634236.687859,1788634500,263.3,Up,0.51,321.78,0.5,765.31,49,50,False
1788634236.687859,1788634500,263.3,Down,0.5,765.31,0.49,321.78,50,49,False
1788634240.0235972,1788634500,260.0,Up,0.51,321.78,0.5,765.31,49,50,False
1788634240.0235972,1788634500,260.0,Down,0.5,765.31,0.49,321.78,50,49,False
1788634243.1771429,1788634500,256.8,Up,0.51,321.78,0.5,765.31,49,50,False
1788634243.1771429,1788634500,256.8,Down,0.5,765.31,0.49,321.78,50,49,False
1788634246.512311,1788634500,253.5,Up,0.51,217,0.5,765.31,49,50,False
1788634246.512311,1788634500,253.5,Down,0.5,765.31,0.49,217,50,49,False
1788634249.8236463,1788634500,250.2,Up,0.51,217,0.5,765.31,49,50,False
1788634249.8236463,1788634500,250.2,Down,0.5,765.31,0.49,217,50,49,False
1788634253.1350343,1788634500,246.9,Up,0.51,217,0.5,765.31,49,50,False
1788634253.1350343,1788634500,246.9,Down,0.5,765.31,0.49,217,50,49,False
1788634256.5784426,1788634500,243.4,Up,0.51,217,0.5,765.31,49,50,False
1788634256.5784426,1788634500,243.4,Down,0.5,765.31,0.49,217,50,49,False
1788634259.9184165,1788634500,240.1,Up,0.51,217,0.5,765.31,49,50,False
1788634259.9184165,1788634500,240.1,Down,0.5,765.31,0.49,217,50,49,False
1788634263.2333772,1788634500,236.8,Up,0.51,217,0.5,765.31,49,50,False
1788634263.2333772,1788634500,236.8,Down,0.5,765.31,0.49,217,50,49,False
1788634266.377505,1788634500,233.6,Up,0.51,217,0.5,765.31,49,50,False
1788634266.377505,1788634500,233.6,Down,0.5,765.31,0.49,217,50,49,False
1788634270.0916927,1788634500,229.9,Up,0.51,217,0.5,765.31,49,50,False
1788634270.0916927,1788634500,229.9,Down,0.5,765.31,0.49,217,50,49,False
1788634273.3366818,1788634500,226.7,Up,0.51,217,0.5,765.31,49,50,False
1788634273.3366818,1788634500,226.7,Down,0.5,765.31,0.49,217,50,49,False
1788634276.8757918,1788634500,223.1,Up,0.51,217,0.5,765.31,49,50,False
1788634276.8757918,1788634500,223.1,Down,0.5,765.31,0.49,217,50,49,False
1788634280.2528012,1788634500,219.7,Up,0.51,217,0.5,765.31,49,50,False
1788634280.2528012,1788634500,219.7,Down,0.5,765.31,0.49,217,50,49,False
1788634283.7862496,1788634500,216.2,Up,0.51,217,0.5,765.31,49,50,False
1788634283.7862496,1788634500,216.2,Down,0.5,765.31,0.49,217,50,49,False
1788634286.9752576,1788634500,213.0,Up,0.51,217,0.5,765.31,49,50,False
1788634286.9752576,1788634500,213.0,Down,0.5,765.31,0.49,217,50,49,False
1788634290.3634403,1788634500,209.6,Up,0.51,217,0.5,765.31,49,50,False
1788634290.3634403,1788634500,209.6,Down,0.5,765.31,0.49,217,50,49,False
1788634293.683355,1788634500,206.3,Up,0.51,217,0.5,765.31,49,50,False
1788634293.683355,1788634500,206.3,Down,0.5,765.31,0.49,217,50,49,False
1788634296.9197555,1788634500,203.1,Up,0.51,217,0.5,765.31,49,50,False
1788634296.9197555,1788634500,203.1,Down,0.5,765.31,0.49,217,50,49,False
1788634300.159225,1788634500,199.8,Up,0.51,217,0.5,765.31,49,50,False
1788634300.159225,1788634500,199.8,Down,0.5,765.31,0.49,217,50,49,False
1788634303.3938982,1788634500,196.6,Up,0.51,217,0.5,760.31,49,50,False
1788634303.3938982,1788634500,196.6,Down,0.5,760.31,0.49,217,50,49,False
1788634306.6150296,1788634500,193.4,Up,0.51,217,0.5,760.31,49,50,False
1788634306.6150296,1788634500,193.4,Down,0.5,760.31,0.49,217,50,49,False
1788634309.7726514,1788634500,190.2,Up,0.51,217,0.5,760.31,49,50,False
1788634309.7726514,1788634500,190.2,Down,0.5,760.31,0.49,217,50,49,False
1788634313.0161903,1788634500,187.0,Up,0.51,217,0.5,760.31,49,50,False
1788634313.0161903,1788634500,187.0,Down,0.5,760.31,0.49,217,50,49,False
1788634316.2641816,1788634500,183.7,Up,0.51,217,0.5,760.31,49,50,False
1788634316.2641816,1788634500,183.7,Down,0.5,760.31,0.49,217,50,49,False
1788634319.6395507,1788634500,180.4,Up,0.51,217,0.5,760.31,49,50,False
1788634319.6395507,1788634500,180.4,Down,0.5,760.31,0.49,217,50,49,False
1788634322.9884384,1788634500,177.0,Up,0.51,217,0.5,760.31,49,50,False
1788634322.9884384,1788634500,177.0,Down,0.5,760.31,0.49,217,50,49,False
1788634326.2312393,1788634500,173.8,Up,0.51,209,0.5,760.31,49,50,False
1788634326.2312393,1788634500,173.8,Down,0.5,760.31,0.49,209,50,49,False
1788634329.5587225,1788634500,170.4,Up,0.51,209,0.5,760.31,49,50,False
1788634329.5587225,1788634500,170.4,Down,0.5,760.31,0.49,209,50,49,False
1788634332.8826275,1788634500,167.1,Up,0.51,209,0.5,760.31,49,50,False
1788634332.8826275,1788634500,167.1,Down,0.5,760.31,0.49,209,50,49,False
1788634336.1294985,1788634500,163.9,Up,0.51,209,0.5,760.31,49,50,False
1788634336.1294985,1788634500,163.9,Down,0.5,760.31,0.49,209,50,49,False
1788634339.3609157,1788634500,160.6,Up,0.51,209,0.5,760.31,49,50,False
1788634339.3609157,1788634500,160.6,Down,0.5,760.31,0.49,209,50,49,False
1788634342.602707,1788634500,157.4,Up,0.51,209,0.5,760.31,49,50,False
1788634342.602707,1788634500,157.4,Down,0.5,760.31,0.49,209,50,49,False
1788634345.9177704,1788634500,154.1,Up,0.51,209,0.5,760.31,49,50,False
1788634345.9177704,1788634500,154.1,Down,0.5,760.31,0.49,209,50,49,False
1788634349.1603758,1788634500,150.8,Up,0.51,209,0.5,760.31,49,50,False
1788634349.1603758,1788634500,150.8,Down,0.5,760.31,0.49,209,50,49,False
1788634352.4947782,1788634500,147.5,Up,0.51,209,0.5,760.31,49,50,False
1788634352.4947782,1788634500,147.5,Down,0.5,760.31,0.49,209,50,49,False
1788634355.8601987,1788634500,144.1,Up,0.51,209,0.5,760.31,49,50,False
1788634355.8601987,1788634500,144.1,Down,0.5,760.31,0.49,209,50,49,False
1788634359.2168713,1788634500,140.8,Up,0.51,209,0.5,760.31,49,50,False
1788634359.2168713,1788634500,140.8,Down,0.5,760.31,0.49,209,50,49,False
1788634362.452237,1788634500,137.5,Up,0.51,209,0.5,760.31,49,50,False
1788634362.452237,1788634500,137.5,Down,0.5,760.31,0.49,209,50,49,False
1788634365.729957,1788634500,134.3,Up,0.51,209,0.5,760.31,49,50,False
1788634365.729957,1788634500,134.3,Down,0.5,760.31,0.49,209,50,49,False
1788634369.0570893,1788634500,130.9,Up,0.51,209,0.5,760.31,49,50,False
1788634369.0570893,1788634500,130.9,Down,0.5,760.31,0.49,209,50,49,False
1788634372.29153,1788634500,127.7,Up,0.51,209,0.5,760.31,49,50,False
1788634372.29153,1788634500,127.7,Down,0.5,760.31,0.49,209,50,49,False
1788634375.5398462,1788634500,124.5,Up,0.51,209,0.5,760.31,49,50,False
1788634375.5398462,1788634500,124.5,Down,0.5,760.31,0.49,209,50,49,False
1788634378.8840272,1788634500,121.1,Up,0.51,209,0.5,760.31,49,50,False
1788634378.8840272,1788634500,121.1,Down,0.5,760.31,0.49,209,50,49,False
1788634382.1372352,1788634500,117.9,Up,0.51,209,0.5,760.31,49,50,False
1788634382.1372352,1788634500,117.9,Down,0.5,760.31,0.49,209,50,49,False
1788634385.4606464,1788634500,114.5,Up,0.51,209,0.5,160.31,49,50,False
1788634385.4606464,1788634500,114.5,Down,0.5,160.31,0.49,209,50,49,False
1788634388.7737336,1788634500,111.2,Up,0.51,209,0.5,160.31,49,50,False
1788634388.7737336,1788634500,111.2,Down,0.5,160.31,0.49,209,50,49,False
1788634392.0934577,1788634500,107.9,Up,0.51,209,0.5,170.31,49,50,False
1788634392.0934577,1788634500,107.9,Down,0.5,170.31,0.49,209,50,49,False
1788634395.245601,1788634500,104.8,Up,0.51,209,0.5,170.31,49,50,False
1788634395.245601,1788634500,104.8,Down,0.5,170.31,0.49,209,50,49,False
1788634398.4759238,1788634500,101.5,Up,0.51,209,0.5,170.31,49,50,False
1788634398.4759238,1788634500,101.5,Down,0.5,170.31,0.49,209,50,49,False
1788634401.7026541,1788634500,98.3,Up,0.51,209,0.5,170.31,49,50,False
1788634401.7026541,1788634500,98.3,Down,0.5,170.31,0.49,209,50,49,False
1788634405.0386593,1788634500,95.0,Up,0.51,209,0.5,170.31,49,50,False
1788634405.0386593,1788634500,95.0,Down,0.5,170.31,0.49,209,50,49,False
1788634408.2682946,1788634500,91.7,Up,0.51,209,0.5,168.31,49,50,False
1788634408.2682946,1788634500,91.7,Down,0.5,168.31,0.49,209,50,49,False
1788634411.5921266,1788634500,88.4,Up,0.51,209,0.5,162.31,49,50,False
1788634411.5921266,1788634500,88.4,Down,0.5,162.31,0.49,209,50,49,False
1788634414.9286382,1788634500,85.1,Up,0.51,179.58,0.5,162.31,49,50,False
1788634414.9286382,1788634500,85.1,Down,0.5,162.31,0.49,179.58,50,49,False
1788634418.1890583,1788634500,81.8,Up,0.51,179.58,0.5,162.31,49,50,False
1788634418.1890583,1788634500,81.8,Down,0.5,162.31,0.49,179.58,50,49,False
1788634421.5265887,1788634500,78.5,Up,0.51,179.58,0.5,152.31,49,50,False
1788634421.5265887,1788634500,78.5,Down,0.5,152.31,0.49,179.58,50,49,False
1788634424.716602,1788634500,75.3,Up,0.51,179.58,0.5,152.31,49,50,False
1788634424.716602,1788634500,75.3,Down,0.5,152.31,0.49,179.58,50,49,False
1788634428.0315979,1788634500,72.0,Up,0.51,179.58,0.5,152.31,49,50,False
1788634428.0315979,1788634500,72.0,Down,0.5,152.31,0.49,179.58,50,49,False
1788634431.3598368,1788634500,68.6,Up,0.51,179.58,0.5,162.31,49,50,False
1788634431.3598368,1788634500,68.6,Down,0.5,162.31,0.49,179.58,50,49,False
1788634434.6780083,1788634500,65.3,Up,0.51,169.58,0.5,160.27,49,50,False
1788634434.6780083,1788634500,65.3,Down,0.5,160.27,0.49,169.58,50,49,False
1788634438.0184052,1788634500,62.0,Up,0.52,193.84,0.51,897.33,48,51,False
1788634438.0184052,1788634500,62.0,Down,0.49,897.33,0.48,193.84,51,48,False
1788634441.3565824,1788634500,58.6,Up,0.52,193.84,0.51,897.33,48,51,False
1788634441.3565824,1788634500,58.6,Down,0.49,897.33,0.48,193.84,51,48,False
1788634444.700323,1788634500,55.3,Up,0.53,75,0.52,898.83,47,52,False
1788634444.700323,1788634500,55.3,Down,0.48,898.83,0.47,70,52,47,False
1788634448.0081449,1788634500,52.0,Up,0.53,190,0.52,898.83,47,52,False
1788634448.0081449,1788634500,52.0,Down,0.48,898.83,0.47,190,52,47,False
1788634451.2528138,1788634500,48.7,Up,0.53,185,0.52,843.45,47,52,False
1788634451.2528138,1788634500,48.7,Down,0.48,843.45,0.47,185,52,47,False
1788634454.573563,1788634500,45.4,Up,0.53,195,0.52,843.45,47,52,False
1788634454.573563,1788634500,45.4,Down,0.48,843.45,0.47,345,52,47,False
1788634457.92636,1788634500,42.1,Up,0.53,345,0.52,833.39,47,52,False
1788634457.92636,1788634500,42.1,Down,0.48,833.39,0.47,345,52,47,False
1788634461.2343426,1788634500,38.8,Up,0.53,345,0.52,833.39,47,52,False
1788634461.2343426,1788634500,38.8,Down,0.48,833.39,0.47,345,52,47,False
1788634464.4806063,1788634500,35.5,Up,0.53,345,0.52,826.79,47,52,False
1788634464.4806063,1788634500,35.5,Down,0.48,826.79,0.47,345,52,47,False
1788634467.814656,1788634500,32.2,Up,0.53,415.4,0.52,462.45,47,52,False
1788634467.814656,1788634500,32.2,Down,0.48,455.92,0.47,415.4,52,47,False
1788634471.0492592,1788634500,29.0,Up,0.53,391.4,0.52,4.85,47,52,False
1788634471.0492592,1788634500,29.0,Down,0.48,37.6,0.47,391.4,52,47,False
1788634474.3251107,1788634500,25.7,Up,0.53,391.4,0.52,78.23,47,52,False
1788634474.3251107,1788634500,25.7,Down,0.48,78.23,0.47,391.4,52,47,False
1788634477.6535547,1788634500,22.3,Up,0.53,371.4,0.52,69.87,47,52,False
1788634477.6535547,1788634500,22.3,Down,0.48,69.87,0.47,371.4,52,47,False
1788634480.8893092,1788634500,19.1,Up,0.53,373,0.52,69.87,47,52,False
1788634480.8893092,1788634500,19.1,Down,0.48,13.41,0.47,373,52,47,False
1788634484.22991,1788634500,15.8,Up,0.53,385.94,0.52,13.41,47,52,False
1788634484.22991,1788634500,15.8,Down,0.49,815.74,0.48,110,51,48,False
1788634487.5859,1788634500,12.4,Up,0.52,235.06,0.51,439.14,48,50,False
1788634487.5859,1788634500,12.4,Down,0.49,444.92,0.48,235.06,50,48,False
1788634490.947265,1788634500,9.1,Up,0.51,189.55,0.5,61.18,49,50,False
1788634490.947265,1788634500,9.1,Down,0.5,61.18,0.49,189.55,50,49,False
1788634493.543297,1788634500,6.5,Up,0.51,16.58,0.5,304.18,49,50,False
1788634493.543297,1788634500,6.5,Down,0.5,304.18,0.49,16.58,50,49,False
1788634495.4877422,1788634500,4.5,Up,0.51,26.58,0.5,309.5,49,50,False
1788634495.4877422,1788634500,4.5,Down,0.5,309.5,0.49,26.58,50,49,False
1788634496.774955,1788634500,3.2,Up,0.51,26.58,0.5,1028.7,49,50,False
1788634496.774955,1788634500,3.2,Down,0.5,1028.7,0.49,26.58,50,49,False
1788634498.0989466,1788634500,1.9,Up,0.51,26.58,0.5,1020.8,49,50,False
1788634498.0989466,1788634500,1.9,Down,0.5,1020.8,0.49,26.58,50,49,False
1788634500.5627239,1788634800,299.4,Up,0.51,305.63,0.5,615.5,48,50,False
1788634500.5627239,1788634800,299.4,Down,0.5,615.5,0.49,305.63,50,48,False
1788634503.8949738,1788634800,296.1,Up,0.51,305.63,0.5,615.5,48,50,False
1788634503.8949738,1788634800,296.1,Down,0.5,615.5,0.49,305.63,50,48,False
1788634507.062946,1788634800,292.9,Up,0.51,320.63,0.5,625.5,48,50,False
1788634507.062946,1788634800,292.9,Down,0.5,625.5,0.49,320.63,50,48,False
1788634510.394903,1788634800,289.6,Up,0.51,320.63,0.5,625.5,49,50,False
1788634510.394903,1788634800,289.6,Down,0.5,625.5,0.49,320.63,50,49,False
1788634513.6332104,1788634800,286.4,Up,0.51,320.63,0.5,625.5,49,50,False
1788634513.6332104,1788634800,286.4,Down,0.5,625.5,0.49,320.63,50,49,False
1788634516.8665807,1788634800,283.1,Up,0.51,325.63,0.5,630.5,49,50,False
1788634516.8665807,1788634800,283.1,Down,0.5,630.5,0.49,325.63,50,49,False
1788634520.1105332,1788634800,279.9,Up,0.51,325.63,0.5,630.5,49,50,False
1788634520.1105332,1788634800,279.9,Down,0.5,630.5,0.49,325.63,50,49,False
1788634523.4241426,1788634800,276.6,Up,0.51,325.63,0.5,635.5,49,50,False
1788634523.4241426,1788634800,276.6,Down,0.5,635.5,0.49,325.63,50,49,False
1788634526.6580067,1788634800,273.3,Up,0.51,325.63,0.5,635.5,49,50,False
1788634526.6580067,1788634800,273.3,Down,0.5,635.5,0.49,325.63,50,49,False
1788634529.9813545,1788634800,270.0,Up,0.51,325.63,0.5,635.5,49,50,False
1788634529.9813545,1788634800,270.0,Down,0.5,635.5,0.49,325.63,50,49,False
1788634533.3087518,1788634800,266.7,Up,0.51,325.63,0.5,635.5,49,50,False
1788634533.3087518,1788634800,266.7,Down,0.5,635.5,0.49,325.63,50,49,False
1788634536.6670535,1788634800,263.3,Up,0.51,325.63,0.5,635.5,49,50,False
1788634536.6670535,1788634800,263.3,Down,0.5,635.5,0.49,325.63,50,49,False
1788634539.976304,1788634800,260.0,Up,0.51,325.63,0.5,635.5,49,50,False
1788634539.976304,1788634800,260.0,Down,0.5,635.5,0.49,325.63,50,49,False
1788634543.206426,1788634800,256.8,Up,0.51,325.63,0.5,635.5,49,50,False
1788634543.206426,1788634800,256.8,Down,0.5,635.5,0.49,325.63,50,49,False
1788634546.44318,1788634800,253.6,Up,0.51,213,0.5,635.5,49,50,False
1788634546.44318,1788634800,253.6,Down,0.5,635.5,0.49,213,50,49,False
1788634549.689202,1788634800,250.3,Up,0.51,213,0.5,635.5,49,50,False
1788634549.689202,1788634800,250.3,Down,0.5,635.5,0.49,213,50,49,False
1788634552.9507425,1788634800,247.0,Up,0.51,323,0.5,635.5,49,50,False
1788634552.9507425,1788634800,247.0,Down,0.5,635.5,0.49,323,50,49,False
1788634556.2795646,1788634800,243.7,Up,0.51,323,0.5,635.5,49,50,False
1788634556.2795646,1788634800,243.7,Down,0.5,635.5,0.49,323,50,49,False
1788634559.5181642,1788634800,240.5,Up,0.51,323,0.5,635.5,49,50,False
1788634559.5181642,1788634800,240.5,Down,0.5,635.5,0.49,323,50,49,False
1788634563.246287,1788634800,236.8,Up,0.51,323,0.5,635.5,49,50,False
1788634563.246287,1788634800,236.8,Down,0.5,635.5,0.49,323,50,49,False
1788634566.5986662,1788634800,233.4,Up,0.51,323,0.5,640.5,49,50,False
1788634566.5986662,1788634800,233.4,Down,0.5,640.5,0.49,323,50,49,False
1788634569.9525323,1788634800,230.0,Up,0.51,323,0.5,640.5,49,50,False
1788634569.9525323,1788634800,230.0,Down,0.5,640.5,0.49,323,50,49,False
1788634573.7311401,1788634800,226.3,Up,0.51,323,0.5,640.5,49,50,False
1788634573.7311401,1788634800,226.3,Down,0.5,640.5,0.49,323,50,49,False
1788634576.9930267,1788634800,223.0,Up,0.51,323,0.5,640.5,49,50,False
1788634576.9930267,1788634800,223.0,Down,0.5,640.5,0.49,323,50,49,False
1788634580.5609078,1788634800,219.4,Up,0.51,323,0.5,640.5,49,50,False
1788634580.5609078,1788634800,219.4,Down,0.5,640.5,0.49,323,50,49,False
1788634583.8857102,1788634800,216.1,Up,0.51,323,0.5,640.5,49,50,False
1788634583.8857102,1788634800,216.1,Down,0.5,640.5,0.49,323,50,49,False
1788634587.2044477,1788634800,212.8,Up,0.51,323,0.5,640.5,49,50,False
1788634587.2044477,1788634800,212.8,Down,0.5,640.5,0.49,323,50,49,False
1788634590.4301693,1788634800,209.6,Up,0.51,323,0.5,640.5,49,50,False
1788634590.4301693,1788634800,209.6,Down,0.5,640.5,0.49,323,50,49,False
1788634593.765577,1788634800,206.2,Up,0.51,213,0.5,640.5,49,50,False
1788634593.765577,1788634800,206.2,Down,0.5,640.5,0.49,213,50,49,False
1788634597.0986354,1788634800,202.9,Up,0.51,213,0.5,640.5,49,50,False
1788634597.0986354,1788634800,202.9,Down,0.5,640.5,0.49,213,50,49,False
1788634600.6952982,1788634800,199.3,Up,0.51,218,0.5,635.5,49,50,False
1788634600.6952982,1788634800,199.3,Down,0.5,635.5,0.49,218,50,49,False
1788634603.9333143,1788634800,196.1,Up,0.51,218,0.5,635.5,49,50,False
1788634603.9333143,1788634800,196.1,Down,0.5,635.5,0.49,218,50,49,False
1788634607.2545583,1788634800,192.7,Up,0.51,218,0.5,635.5,49,50,False
1788634607.2545583,1788634800,192.7,Down,0.5,635.5,0.49,218,50,49,False
1788634610.5650957,1788634800,189.4,Up,0.51,218,0.5,635.5,49,50,False
1788634610.5650957,1788634800,189.4,Down,0.5,635.5,0.49,218,50,49,False
1788634613.8067722,1788634800,186.2,Up,0.51,218,0.5,635.5,49,50,False
1788634613.8067722,1788634800,186.2,Down,0.5,635.5,0.49,218,50,49,False
1788634617.1311123,1788634800,182.9,Up,0.51,218,0.5,635.5,49,50,False
1788634617.1311123,1788634800,182.9,Down,0.5,635.5,0.49,218,50,49,False
1788634620.4592032,1788634800,179.5,Up,0.51,218,0.5,635.5,49,50,False
1788634620.4592032,1788634800,179.5,Down,0.5,635.5,0.49,218,50,49,False
1788634623.793406,1788634800,176.2,Up,0.51,218,0.5,635.5,49,50,False
1788634623.793406,1788634800,176.2,Down,0.5,635.5,0.49,218,50,49,False
1788634627.1174564,1788634800,172.9,Up,0.51,210,0.5,635.5,49,50,False
1788634627.1174564,1788634800,172.9,Down,0.5,635.5,0.49,210,50,49,False
1788634630.4466987,1788634800,169.6,Up,0.51,210,0.5,625.5,49,50,False
1788634630.4466987,1788634800,169.6,Down,0.5,625.5,0.49,210,50,49,False
1788634633.8366487,1788634800,166.2,Up,0.51,210,0.5,625.5,49,50,False
1788634633.8366487,1788634800,166.2,Down,0.5,625.5,0.49,210,50,49,False
1788634637.0867627,1788634800,162.9,Up,0.51,210,0.5,615.5,49,50,False
1788634637.0867627,1788634800,162.9,Down,0.5,615.5,0.49,215.71,50,49,False
1788634640.3943892,1788634800,159.6,Up,0.51,215.71,0.5,615.5,49,50,False
1788634640.3943892,1788634800,159.6,Down,0.5,615.5,0.49,215.71,50,49,False
1788634643.6307094,1788634800,156.4,Up,0.51,215.71,0.5,611.5,49,50,False
1788634643.6307094,1788634800,156.4,Down,0.5,611.5,0.49,215.71,50,49,False
1788634646.8679824,1788634800,153.1,Up,0.51,215.71,0.5,611.5,49,50,False
1788634646.8679824,1788634800,153.1,Down,0.5,611.5,0.49,215.71,50,49,False
1788634650.109835,1788634800,149.9,Up,0.51,215.71,0.5,611.5,49,50,False
1788634650.109835,1788634800,149.9,Down,0.5,611.5,0.49,215.71,50,49,False
1788634653.4161613,1788634800,146.6,Up,0.51,215.71,0.5,611.5,49,50,False
1788634653.4161613,1788634800,146.6,Down,0.5,611.5,0.49,215.71,50,49,False
1788634656.7368553,1788634800,143.3,Up,0.51,213.74,0.5,611.5,49,50,False
1788634656.7368553,1788634800,143.3,Down,0.5,611.5,0.49,213.74,50,49,False
1788634659.959902,1788634800,140.0,Up,0.51,213.74,0.5,611.5,49,50,False
1788634659.959902,1788634800,140.0,Down,0.5,611.5,0.49,213.74,50,49,False
1788634663.285276,1788634800,136.7,Up,0.51,213.74,0.5,599.5,49,50,False
1788634663.285276,1788634800,136.7,Down,0.5,599.5,0.49,213.74,50,49,False
1788634666.621667,1788634800,133.4,Up,0.51,213.74,0.5,597.5,49,50,False
1788634666.621667,1788634800,133.4,Down,0.5,597.5,0.49,213.74,50,49,False
1788634669.8664145,1788634800,130.1,Up,0.51,213.74,0.5,597.5,49,50,False
1788634669.8664145,1788634800,130.1,Down,0.5,597.5,0.49,213.74,50,49,False
1788634673.1933935,1788634800,126.8,Up,0.51,213.74,0.5,597.5,49,50,False
1788634673.1933935,1788634800,126.8,Down,0.5,597.5,0.49,213.74,50,49,False
1788634676.525084,1788634800,123.5,Up,0.51,213.74,0.5,597.5,49,50,False
1788634676.525084,1788634800,123.5,Down,0.5,597.5,0.49,213.74,50,49,False
1788634679.8596888,1788634800,120.1,Up,0.51,213.74,0.5,597.5,49,50,False
1788634679.8596888,1788634800,120.1,Down,0.5,597.5,0.49,213.74,50,49,False
1788634683.1101682,1788634800,116.9,Up,0.51,218.74,0.5,597.5,49,50,False
1788634683.1101682,1788634800,116.9,Down,0.5,597.5,0.49,218.74,50,49,False
1788634686.4309251,1788634800,113.6,Up,0.51,228.74,0.5,25,49,50,False
1788634686.4309251,1788634800,113.6,Down,0.5,25,0.49,228.74,50,49,False
1788634689.790139,1788634800,110.2,Up,0.51,228.74,0.5,25,49,50,False
1788634689.790139,1788634800,110.2,Down,0.5,25,0.49,228.74,50,49,False
1788634693.0275693,1788634800,107.0,Up,0.51,228.74,0.5,25,49,50,False
1788634693.0275693,1788634800,107.0,Down,0.5,25,0.49,228.74,50,49,False
1788634696.3493237,1788634800,103.7,Up,0.51,228.74,0.5,25,49,50,False
1788634696.3493237,1788634800,103.7,Down,0.5,25,0.49,228.74,50,49,False
1788634699.7282186,1788634800,100.3,Up,0.51,228.74,0.49,208.7,49,49,False
1788634699.7282186,1788634800,100.3,Down,0.51,208.7,0.49,228.74,49,49,False
1788634703.0653281,1788634800,96.9,Up,0.5,34.8,0.49,202.7,50,49,False
1788634703.0653281,1788634800,96.9,Down,0.51,202.7,0.5,34.8,49,50,False
1788634706.3932931,1788634800,93.6,Up,0.52,173.84,0.51,219.51,48,51,False
1788634706.3932931,1788634800,93.6,Down,0.49,219.51,0.48,173.84,51,48,False
1788634709.7886307,1788634800,90.2,Up,0.52,173.84,0.51,219.51,48,51,False
1788634709.7886307,1788634800,90.2,Down,0.49,219.51,0.48,173.84,51,48,False
1788634713.1301467,1788634800,86.9,Up,0.53,116.65,0.52,450.11,47,52,False
1788634713.1301467,1788634800,86.9,Down,0.48,450.11,0.47,116.65,52,47,False
1788634716.4475582,1788634800,83.6,Up,0.54,17.6,0.53,79.7,46,53,False
1788634716.4475582,1788634800,83.6,Down,0.47,79.7,0.46,17.6,53,46,False
1788634719.7576098,1788634800,80.2,Up,0.54,117.6,0.53,80.61,46,53,False
1788634719.7576098,1788634800,80.2,Down,0.47,80.61,0.46,117.6,53,46,False
1788634722.999886,1788634800,77.0,Up,0.55,85,0.54,465.61,45,54,False
1788634722.999886,1788634800,77.0,Down,0.46,465.61,0.45,85,54,45,False
1788634726.3320136,1788634800,73.7,Up,0.55,185,0.54,465.61,45,54,False
1788634726.3320136,1788634800,73.7,Down,0.46,465.61,0.45,185,54,45,False
1788634729.6603305,1788634800,70.3,Up,0.55,185,0.54,465.61,45,54,False
1788634729.6603305,1788634800,70.3,Down,0.46,465.61,0.45,185,54,45,False
1788634732.98827,1788634800,67.0,Up,0.55,185,0.54,452.56,45,54,False
1788634732.98827,1788634800,67.0,Down,0.46,88.22,0.45,185,54,45,False
1788634736.2171733,1788634800,63.8,Up,0.55,210,0.54,88.22,45,54,False
1788634736.2171733,1788634800,63.8,Down,0.46,88.22,0.45,210,54,45,False
1788634739.492351,1788634800,60.5,Up,0.55,210,0.54,83.22,45,54,False
1788634739.492351,1788634800,60.5,Down,0.46,83.22,0.45,210,54,45,False
1788634742.8019245,1788634800,57.2,Up,0.55,240,0.54,81.04,45,54,False
1788634742.8019245,1788634800,57.2,Down,0.46,81.04,0.45,240,54,45,False
1788634746.0719614,1788634800,53.9,Up,0.55,230,0.54,81.04,45,53,False
1788634746.0719614,1788634800,53.9,Down,0.46,81.04,0.45,230,53,45,False
1788634749.4144766,1788634800,50.6,Up,0.53,25,0.52,118,47,51,False
1788634749.4144766,1788634800,50.6,Down,0.48,118,0.47,25,51,47,False
1788634752.7352686,1788634800,47.3,Up,0.53,24.56,0.52,118,47,51,False
1788634752.7352686,1788634800,47.3,Down,0.48,116.71,0.47,24.56,51,47,False
1788634756.0153189,1788634800,44.0,Up,0.53,24.56,0.52,116.71,47,51,False
1788634756.0153189,1788634800,44.0,Down,0.48,116.71,0.47,24.56,51,47,False
1788634759.2470376,1788634800,40.8,Up,0.53,15.12,0.5,41.61,47,50,False
1788634759.2470376,1788634800,40.8,Down,0.5,123,0.47,94.12,50,47,False
1788634762.6211824,1788634800,37.4,Up,0.51,160,0.5,21,49,50,False
1788634762.6211824,1788634800,37.4,Down,0.5,21,0.49,160,50,49,False
1788634765.8701556,1788634800,34.1,Up,0.51,175,0.5,17,49,50,False
1788634765.8701556,1788634800,34.1,Down,0.5,17,0.49,175,50,49,False
1788634769.2018733,1788634800,30.8,Up,0.51,10,0.49,175,49,49,False
1788634769.2018733,1788634800,30.8,Down,0.51,175,0.49,10,49,49,False
1788634772.5410724,1788634800,27.5,Up,0.53,99.12,0.5,20,47,50,False
1788634772.5410724,1788634800,27.5,Down,0.5,35,0.47,99.12,50,47,False
1788634775.777049,1788634800,24.2,Up,0.51,16.5,0.5,40,49,50,False
1788634775.777049,1788634800,24.2,Down,0.5,40,0.49,16.5,50,49,False
1788634779.0166676,1788634800,21.0,Up,0.51,10.1,0.5,37.98,49,50,False
1788634779.0166676,1788634800,21.0,Down,0.5,37.98,0.49,10.1,50,49,False
1788634782.3440824,1788634800,17.7,Up,0.51,5.11,0.5,19.04,49,50,False
1788634782.3440824,1788634800,17.7,Down,0.5,19.04,0.49,5.11,50,49,False
1788634785.5907326,1788634800,14.4,Up,0.51,2.67,0.5,19.04,49,50,False
1788634785.5907326,1788634800,14.4,Down,0.5,19.04,0.49,2.67,50,49,False
1788634788.8377604,1788634800,11.2,Up,0.51,17.67,0.5,19.04,49,50,False
1788634788.8377604,1788634800,11.2,Down,0.5,19.04,0.49,17.67,50,49,False
1788634791.9448535,1788634800,8.1,Up,0.51,59.67,0.49,137.1,49,49,False
1788634791.9448535,1788634800,8.1,Down,0.51,137.1,0.49,59.67,49,49,False
1788634794.1967309,1788634800,5.8,Up,0.51,48.81,0.49,45,49,49,False
1788634794.1967309,1788634800,5.8,Down,0.51,45,0.5,15,49,50,False
1788634795.9724915,1788634800,4.0,Up,0.5,35,0.49,32.79,50,49,False
1788634795.9724915,1788634800,4.0,Down,0.51,32.79,0.5,35,49,50,False
1788634797.3139932,1788634800,2.7,Up,0.5,28.6,0.49,32.79,50,49,False
1788634797.3139932,1788634800,2.7,Down,0.51,32.79,0.5,20,49,50,False
1788634798.6860182,1788634800,1.3,Up,0.5,20,0.49,45.18,50,49,False
1788634798.6860182,1788634800,1.3,Down,0.51,45.18,0.5,20,49,50,False
1788634801.0139444,1788635100,299.0,Up,0.5,599.5,0.49,285.63,49,49,False
1788634801.0139444,1788635100,299.0,Down,0.51,285.63,0.5,599.5,49,49,False
1788634804.1736386,1788635100,295.8,Up,0.5,599.5,0.49,285.63,49,49,False
1788634804.1736386,1788635100,295.8,Down,0.51,285.63,0.5,599.5,49,49,False
1788634807.4010925,1788635100,292.6,Up,0.5,625,0.49,300.63,49,49,False
1788634807.4010925,1788635100,292.6,Down,0.51,300.63,0.5,625,49,49,False
1788634810.7120657,1788635100,289.3,Up,0.5,625,0.49,305.63,50,49,False
1788634810.7120657,1788635100,289.3,Down,0.51,305.63,0.5,625,49,50,False
1788634813.954285,1788635100,286.0,Up,0.5,625,0.49,305.63,50,49,False
1788634813.954285,1788635100,286.0,Down,0.51,305.63,0.5,625,49,50,False
1788634817.2190142,1788635100,282.8,Up,0.5,630,0.49,310.63,50,49,False
1788634817.2190142,1788635100,282.8,Down,0.51,310.63,0.5,630,49,50,False
1788634820.4608986,1788635100,279.5,Up,0.5,630,0.49,310.63,50,49,False
1788634820.4608986,1788635100,279.5,Down,0.51,310.63,0.5,630,49,50,False
1788634823.9957678,1788635100,276.0,Up,0.5,630,0.49,310.63,50,49,False
1788634823.9957678,1788635100,276.0,Down,0.51,310.63,0.5,630,49,50,False
1788634827.1531022,1788635100,272.8,Up,0.5,630,0.49,310.63,50,49,False
1788634827.1531022,1788635100,272.8,Down,0.51,310.63,0.5,630,49,50,False
1788634830.4766433,1788635100,269.5,Up,0.5,630,0.49,315.63,50,49,False
1788634830.4766433,1788635100,269.5,Down,0.51,315.63,0.5,630,49,50,False
1788634833.735537,1788635100,266.3,Up,0.5,625,0.49,315.63,50,49,False
1788634833.735537,1788635100,266.3,Down,0.51,315.63,0.5,625,49,50,False
1788634837.0709472,1788635100,262.9,Up,0.5,625,0.49,315.63,50,49,False
1788634837.0709472,1788635100,262.9,Down,0.51,315.63,0.5,625,49,50,False
1788634840.4402833,1788635100,259.6,Up,0.5,625,0.49,355.63,50,49,False
1788634840.4402833,1788635100,259.6,Down,0.51,355.63,0.5,625,49,50,False
1788634843.7636263,1788635100,256.2,Up,0.5,621,0.49,347.78,50,49,False
1788634843.7636263,1788635100,256.2,Down,0.51,347.78,0.5,621,49,50,False
1788634846.9238212,1788635100,253.1,Up,0.5,621,0.49,243,50,49,False
1788634846.9238212,1788635100,253.1,Down,0.51,243,0.5,621,49,50,False
1788634850.1904566,1788635100,249.8,Up,0.5,621,0.49,263,50,49,False
1788634850.1904566,1788635100,249.8,Down,0.51,263,0.5,621,49,50,False
1788634853.5184655,1788635100,246.5,Up,0.5,621,0.49,263,50,49,False
1788634853.5184655,1788635100,246.5,Down,0.51,263,0.5,621,49,50,False
1788634856.8427963,1788635100,243.2,Up,0.5,621,0.49,263,50,49,False
1788634856.8427963,1788635100,243.2,Down,0.51,263,0.5,621,49,50,False
1788634860.0041633,1788635100,240.0,Up,0.5,621,0.49,263,50,49,False
1788634860.0041633,1788635100,240.0,Down,0.51,263,0.5,621,49,50,False
1788634863.336268,1788635100,236.7,Up,0.5,621,0.49,233.58,50,49,False
1788634863.336268,1788635100,236.7,Down,0.51,233.58,0.5,621,49,50,False
1788634866.673287,1788635100,233.3,Up,0.5,631,0.49,213.58,50,49,False
1788634866.673287,1788635100,233.3,Down,0.51,213.58,0.5,631,49,50,False
1788634870.221445,1788635100,229.8,Up,0.5,631,0.49,213.58,50,49,False
1788634870.221445,1788635100,229.8,Down,0.51,213.58,0.5,631,49,50,False
1788634873.5966725,1788635100,226.4,Up,0.5,631,0.49,213.58,50,49,False
1788634873.5966725,1788635100,226.4,Down,0.51,213.58,0.5,631,49,50,False
1788634876.9777305,1788635100,223.0,Up,0.5,631,0.49,213.58,50,49,False
1788634876.9777305,1788635100,223.0,Down,0.51,213.58,0.5,631,49,50,False
1788634880.305002,1788635100,219.7,Up,0.5,631,0.49,213.58,50,49,False
1788634880.305002,1788635100,219.7,Down,0.51,213.58,0.5,631,49,50,False
1788634883.5609622,1788635100,216.4,Up,0.5,631,0.49,213.58,50,49,False
1788634883.5609622,1788635100,216.4,Down,0.51,213.58,0.5,631,49,50,False
1788634886.905262,1788635100,213.1,Up,0.5,631,0.49,213.58,50,49,False
1788634886.905262,1788635100,213.1,Down,0.51,213.58,0.5,631,49,50,False
1788634890.1376863,1788635100,209.9,Up,0.5,631,0.49,213.58,50,49,False
1788634890.1376863,1788635100,209.9,Down,0.51,213.58,0.5,631,49,50,False
1788634893.4735463,1788635100,206.5,Up,0.5,631,0.49,213.58,50,49,False
1788634893.4735463,1788635100,206.5,Down,0.51,213.58,0.5,631,49,50,False
1788634896.8116062,1788635100,203.2,Up,0.5,631,0.49,213.58,50,49,False
1788634896.8116062,1788635100,203.2,Down,0.51,213.58,0.5,631,49,50,False
1788634900.1565795,1788635100,199.8,Up,0.5,631,0.49,213.58,50,49,False
1788634900.1565795,1788635100,199.8,Down,0.51,213.58,0.5,631,49,50,False
1788634903.4850135,1788635100,196.5,Up,0.5,631,0.49,203.77,50,49,False
1788634903.4850135,1788635100,196.5,Down,0.51,203.77,0.5,631,49,50,False
1788634906.7145653,1788635100,193.3,Up,0.5,631,0.49,203.77,50,49,False
1788634906.7145653,1788635100,193.3,Down,0.51,203.77,0.5,631,49,50,False
1788634910.0316427,1788635100,190.0,Up,0.5,625,0.49,203.77,50,49,False
1788634910.0316427,1788635100,190.0,Down,0.51,203.77,0.5,625,49,50,False
1788634913.3492212,1788635100,186.7,Up,0.5,625,0.49,203.77,50,49,False
1788634913.3492212,1788635100,186.7,Down,0.51,203.77,0.5,625,49,50,False
1788634916.6588457,1788635100,183.3,Up,0.5,625,0.49,201.8,50,49,False
1788634916.6588457,1788635100,183.3,Down,0.51,201.8,0.5,625,49,50,False
1788634919.8946264,1788635100,180.1,Up,0.5,625,0.49,201.8,50,49,False
1788634919.8946264,1788635100,180.1,Down,0.51,201.8,0.5,625,49,50,False
1788634923.2196891,1788635100,176.8,Up,0.5,619.88,0.49,201.8,50,49,False
1788634923.2196891,1788635100,176.8,Down,0.51,201.8,0.5,619.88,49,50,False
1788634926.468948,1788635100,173.5,Up,0.5,619.88,0.49,201.8,50,49,False
1788634926.468948,1788635100,173.5,Down,0.51,201.8,0.5,619.88,49,50,False
1788634929.7958982,1788635100,170.2,Up,0.5,619.88,0.49,281.8,50,49,False
1788634929.7958982,1788635100,170.2,Down,0.51,281.8,0.5,619.88,49,50,False
1788634933.0437825,1788635100,167.0,Up,0.5,619.88,0.49,281.8,50,49,False
1788634933.0437825,1788635100,167.0,Down,0.51,281.8,0.5,619.88,49,50,False
1788634936.2815228,1788635100,163.7,Up,0.5,619.88,0.49,281.8,50,49,False
1788634936.2815228,1788635100,163.7,Down,0.51,281.8,0.5,619.88,49,50,False
1788634939.5263314,1788635100,160.5,Up,0.5,609.88,0.49,281.8,50,49,False
1788634939.5263314,1788635100,160.5,Down,0.51,281.8,0.5,609.88,49,50,False
1788634942.756245,1788635100,157.2,Up,0.5,609.88,0.49,281.8,50,49,False
1788634942.756245,1788635100,157.2,Down,0.51,281.8,0.5,609.88,49,50,False
1788634946.0916662,1788635100,153.9,Up,0.5,609.88,0.49,281.8,50,49,False
1788634946.0916662,1788635100,153.9,Down,0.51,281.8,0.5,609.88,49,50,False
1788634949.422785,1788635100,150.6,Up,0.5,609.88,0.49,201.8,50,49,False
1788634949.422785,1788635100,150.6,Down,0.51,201.8,0.5,609.88,49,50,False
1788634952.7582324,1788635100,147.2,Up,0.5,609.88,0.49,201.8,50,49,False
1788634952.7582324,1788635100,147.2,Down,0.51,201.8,0.5,609.88,49,50,False
1788634956.0749757,1788635100,143.9,Up,0.5,609.88,0.49,201.8,50,49,False
1788634956.0749757,1788635100,143.9,Down,0.51,201.8,0.5,609.88,49,50,False
1788634959.4064007,1788635100,140.6,Up,0.5,609.88,0.49,201.8,50,49,False
1788634959.4064007,1788635100,140.6,Down,0.51,201.8,0.5,609.88,49,50,False
1788634962.7329843,1788635100,137.3,Up,0.5,609.88,0.49,201.8,50,49,False
1788634962.7329843,1788635100,137.3,Down,0.51,201.8,0.5,609.88,49,50,False
1788634966.0635526,1788635100,133.9,Up,0.5,589.88,0.49,201.8,50,49,False
1788634966.0635526,1788635100,133.9,Down,0.51,201.8,0.5,589.88,49,50,False
1788634969.30819,1788635100,130.7,Up,0.5,589.88,0.48,130,50,48,False
1788634969.30819,1788635100,130.7,Down,0.52,130,0.5,589.88,48,50,False
1788634972.662236,1788635100,127.3,Up,0.5,589.88,0.48,130,50,48,False
1788634972.662236,1788635100,127.3,Down,0.52,130,0.5,589.88,48,50,False
1788634976.000174,1788635100,124.0,Up,0.5,589.88,0.48,130,50,48,False
1788634976.000174,1788635100,124.0,Down,0.52,130,0.5,589.88,48,50,False
1788634979.3757653,1788635100,120.6,Up,0.5,589.88,0.48,130,50,48,False
1788634979.3757653,1788635100,120.6,Down,0.52,130,0.5,589.88,48,50,False
1788634982.7704868,1788635100,117.2,Up,0.5,589.88,0.48,130,50,48,False
1788634982.7704868,1788635100,117.2,Down,0.52,130,0.5,589.88,48,50,False
1788634986.0929384,1788635100,113.9,Up,0.5,30.5,0.49,20,50,49,False
1788634986.0929384,1788635100,113.9,Down,0.51,20,0.5,30.5,49,50,False
1788634989.4340785,1788635100,110.6,Up,0.5,30.5,0.49,20,50,49,False
1788634989.4340785,1788635100,110.6,Down,0.51,20,0.5,30.5,49,50,False
1788634992.748884,1788635100,107.3,Up,0.5,25.5,0.49,20,50,49,False
1788634992.748884,1788635100,107.3,Down,0.51,20,0.5,25.5,49,50,False
1788634996.0906804,1788635100,103.9,Up,0.5,25.5,0.49,20,50,49,False
1788634996.0906804,1788635100,103.9,Down,0.51,20,0.5,25.5,49,50,False
1788634999.4279008,1788635100,100.6,Up,0.51,173.52,0.49,20,49,49,False
1788634999.4279008,1788635100,100.6,Down,0.51,20,0.49,173.52,49,49,False
1788635002.8722172,1788635100,97.1,Up,0.51,159.79,0.49,20,49,49,False
1788635002.8722172,1788635100,97.1,Down,0.51,20,0.49,159.79,49,49,False
1788635006.2060921,1788635100,93.8,Up,0.51,159.79,0.49,20,49,49,False
1788635006.2060921,1788635100,93.8,Down,0.51,20,0.49,159.79,49,49,False
1788635009.5444422,1788635100,90.5,Up,0.51,151.93,0.49,20,49,49,False
1788635009.5444422,1788635100,90.5,Down,0.51,20,0.49,151.93,49,49,False
1788635012.8534942,1788635100,87.1,Up,0.51,151.93,0.49,20,49,49,False
1788635012.8534942,1788635100,87.1,Down,0.51,20,0.49,151.93,49,49,False
1788635016.1760635,1788635100,83.8,Up,0.51,60.32,0.49,20,49,49,False
1788635016.1760635,1788635100,83.8,Down,0.51,20,0.49,60.32,49,49,False
1788635019.5041358,1788635100,80.5,Up,0.51,60.32,0.49,20,49,49,False
1788635019.5041358,1788635100,80.5,Down,0.51,20,0.49,60.32,49,49,False
1788635022.7928298,1788635100,77.2,Up,0.51,60.32,0.49,20,49,49,False
1788635022.7928298,1788635100,77.2,Down,0.51,20,0.49,60.32,49,49,False
1788635026.0574906,1788635100,73.9,Up,0.51,60.32,0.49,30,49,49,False
1788635026.0574906,1788635100,73.9,Down,0.51,30,0.49,60.32,49,49,False
1788635029.4116707,1788635100,70.6,Up,0.51,110,0.49,10.39,49,49,False
1788635029.4116707,1788635100,70.6,Down,0.51,16.39,0.49,110,49,49,False
1788635032.7280905,1788635100,67.3,Up,0.51,110,0.49,16.39,49,49,False
1788635032.7280905,1788635100,67.3,Down,0.51,16.39,0.49,110,49,49,False
1788635036.0407872,1788635100,64.0,Up,0.51,125,0.5,25,49,50,False
1788635036.0407872,1788635100,64.0,Down,0.5,25,0.49,125,50,49,False
1788635039.2031488,1788635100,60.8,Up,0.51,125,0.5,25,49,50,False
1788635039.2031488,1788635100,60.8,Down,0.5,25,0.49,125,50,49,False
1788635042.5472486,1788635100,57.5,Up,0.51,125,0.5,25,49,50,False
1788635042.5472486,1788635100,57.5,Down,0.5,25,0.49,125,50,49,False
1788635045.7884626,1788635100,54.2,Up,0.51,120,0.5,25,49,50,False
1788635045.7884626,1788635100,54.2,Down,0.5,35,0.49,120,50,49,False
1788635049.0932493,1788635100,50.9,Up,0.51,120,0.5,55,49,50,False
1788635049.0932493,1788635100,50.9,Down,0.5,55,0.49,120,50,49,False
1788635052.4301283,1788635100,47.6,Up,0.51,120,0.5,25,49,50,False
1788635052.4301283,1788635100,47.6,Down,0.5,25,0.49,120,50,49,False
1788635055.7640274,1788635100,44.2,Up,0.51,25,0.5,25,49,50,False
1788635055.7640274,1788635100,44.2,Down,0.5,25,0.49,25,50,49,False
1788635058.9910567,1788635100,41.0,Up,0.51,10,0.5,25,49,50,False
1788635058.9910567,1788635100,41.0,Down,0.5,25,0.49,10,50,49,False
1788635062.2359128,1788635100,37.8,Up,0.51,10,0.5,21,49,50,False
1788635062.2359128,1788635100,37.8,Down,0.5,21,0.49,10,50,49,False
1788635065.48272,1788635100,34.5,Up,0.51,25,0.49,145,49,49,False
1788635065.48272,1788635100,34.5,Down,0.51,145,0.49,25,49,49,False
1788635068.6683497,1788635100,31.3,Up,0.51,10,0.49,145,49,49,False
1788635068.6683497,1788635100,31.3,Down,0.51,145,0.49,10,49,49,False
1788635071.9889486,1788635100,28.0,Up,0.51,10,0.49,35,49,49,False
1788635071.9889486,1788635100,28.0,Down,0.51,35,0.49,10,49,49,False
1788635075.1424797,1788635100,24.9,Up,0.5,3.48,0.49,35,50,49,False
1788635075.1424797,1788635100,24.9,Down,0.51,135,0.5,3.48,49,50,False
1788635078.3885498,1788635100,21.6,Up,0.5,1.48,0.49,135,50,49,False
1788635078.3885498,1788635100,21.6,Down,0.51,135,0.5,1.48,49,50,False
1788635081.7486334,1788635100,18.3,Up,0.5,15.88,0.49,15,50,49,False
1788635081.7486334,1788635100,18.3,Down,0.51,15,0.5,15.88,49,50,False
1788635084.9891703,1788635100,15.0,Up,0.49,15.88,0.48,314.44,50,48,False
1788635084.9891703,1788635100,15.0,Down,0.52,314.44,0.51,15.88,48,50,False
1788635088.1419208,1788635100,11.9,Up,0.51,8.03,0.5,35,49,50,False
1788635088.1419208,1788635100,11.9,Down,0.5,35,0.49,8.03,50,49,False
1788635091.438774,1788635100,8.6,Up,0.51,8.03,0.5,35,49,50,False
1788635091.438774,1788635100,8.6,Down,0.5,35,0.49,8.03,50,49,False
1788635093.8255062,1788635100,6.2,Up,0.56,12,0.55,192,43,55,False
1788635093.8255062,1788635100,6.2,Down,0.45,192,0.44,12,55,43,False
1788635095.7069511,1788635100,4.3,Up,0.56,25,0.55,10,44,55,False
1788635095.7069511,1788635100,4.3,Down,0.45,10,0.44,25,55,44,False
1788635097.0296552,1788635100,3.0,Up,0.56,10,0.54,89.19,44,54,False
1788635097.0296552,1788635100,3.0,Down,0.46,89.19,0.44,10,54,44,False
1788635098.266926,1788635100,1.7,Up,0.56,6.42,0.55,100,44,55,False
1788635098.266926,1788635100,1.7,Down,0.45,100,0.44,6.42,55,44,False
1788635100.7352297,1788635400,299.3,Up,0.51,288.66,0.5,605,48,50,False
1788635100.7352297,1788635400,299.3,Down,0.5,605,0.49,288.66,50,48,False
1788635104.064329,1788635400,295.9,Up,0.51,288.66,0.5,605,48,50,False
1788635104.064329,1788635400,295.9,Down,0.5,605,0.49,288.66,50,48,False
1788635107.29302,1788635400,292.7,Up,0.51,263.66,0.5,615,48,50,False
1788635107.29302,1788635400,292.7,Down,0.5,615,0.49,263.66,50,48,False
1788635110.4560385,1788635400,289.5,Up,0.51,263.66,0.5,715,49,50,False
1788635110.4560385,1788635400,289.5,Down,0.5,715,0.49,263.66,50,49,False
1788635113.7794223,1788635400,286.2,Up,0.51,263.66,0.5,715,49,50,False
1788635113.7794223,1788635400,286.2,Down,0.5,715,0.49,263.66,50,49,False
1788635117.013095,1788635400,283.0,Up,0.51,268.66,0.5,730,49,50,False
1788635117.013095,1788635400,283.0,Down,0.5,730,0.49,268.66,50,49,False
1788635120.169812,1788635400,279.8,Up,0.51,268.66,0.5,730,49,50,False
1788635120.169812,1788635400,279.8,Down,0.5,730,0.49,268.66,50,49,False
1788635123.5101514,1788635400,276.5,Up,0.51,268.66,0.5,730,49,50,False
1788635123.5101514,1788635400,276.5,Down,0.5,730,0.49,268.66,50,49,False
1788635126.85004,1788635400,273.1,Up,0.51,273.66,0.5,730,49,50,False
1788635126.85004,1788635400,273.1,Down,0.5,730,0.49,273.66,50,49,False
1788635130.113495,1788635400,269.9,Up,0.51,273.66,0.5,730,49,50,False
1788635130.113495,1788635400,269.9,Down,0.5,730,0.49,273.66,50,49,False
1788635133.442706,1788635400,266.6,Up,0.51,273.66,0.5,730,49,50,False
1788635133.442706,1788635400,266.6,Down,0.5,730,0.49,273.66,50,49,False
1788635136.7635734,1788635400,263.2,Up,0.51,273.66,0.5,730,49,50,False
1788635136.7635734,1788635400,263.2,Down,0.5,730,0.49,273.66,50,49,False
1788635140.1997075,1788635400,259.8,Up,0.51,273.66,0.5,730,49,50,False
1788635140.1997075,1788635400,259.8,Down,0.5,730,0.49,273.66,50,49,False
1788635143.5241613,1788635400,256.5,Up,0.51,273.66,0.5,730,49,50,False
1788635143.5241613,1788635400,256.5,Down,0.5,730,0.49,273.66,50,49,False
1788635146.866432,1788635400,253.1,Up,0.51,223,0.5,730,49,50,False
1788635146.866432,1788635400,253.1,Down,0.5,730,0.49,223,50,49,False
1788635150.1900473,1788635400,249.8,Up,0.51,223,0.5,730,49,50,False
1788635150.1900473,1788635400,249.8,Down,0.5,730,0.49,223,50,49,False
1788635153.5119147,1788635400,246.5,Up,0.51,223,0.5,730,49,50,False
1788635153.5119147,1788635400,246.5,Down,0.5,730,0.49,223,50,49,False
1788635156.757422,1788635400,243.2,Up,0.51,223,0.5,730,49,50,False
1788635156.757422,1788635400,243.2,Down,0.5,730,0.49,223,50,49,False
1788635160.1329274,1788635400,239.9,Up,0.51,223,0.5,730,49,50,False
1788635160.1329274,1788635400,239.9,Down,0.5,730,0.49,223,50,49,False
1788635163.3809292,1788635400,236.6,Up,0.51,223,0.5,730,49,50,False
1788635163.3809292,1788635400,236.6,Down,0.5,730,0.49,223,50,49,False
1788635166.550049,1788635400,233.4,Up,0.51,223,0.5,735,49,50,False
1788635166.550049,1788635400,233.4,Down,0.5,735,0.49,223,50,49,False
1788635169.8325005,1788635400,230.2,Up,0.51,223,0.5,735,49,50,False
1788635169.8325005,1788635400,230.2,Down,0.5,735,0.49,223,50,49,False
1788635173.1507938,1788635400,226.8,Up,0.51,223,0.5,735,49,50,False
1788635173.1507938,1788635400,226.8,Down,0.5,735,0.49,223,50,49,False
1788635176.3210747,1788635400,223.7,Up,0.51,223,0.5,735,49,50,False
1788635176.3210747,1788635400,223.7,Down,0.5,735,0.49,223,50,49,False
1788635179.579173,1788635400,220.4,Up,0.51,223,0.5,740,49,50,False
1788635179.579173,1788635400,220.4,Down,0.5,740,0.49,223,50,49,False
1788635182.9034402,1788635400,217.1,Up,0.51,223,0.5,740,49,50,False
1788635182.9034402,1788635400,217.1,Down,0.5,740,0.49,223,50,49,False
1788635186.146282,1788635400,213.9,Up,0.51,223,0.5,740,49,50,False
1788635186.146282,1788635400,213.9,Down,0.5,740,0.49,223,50,49,False
1788635189.4769998,1788635400,210.5,Up,0.51,223,0.5,740,49,50,False
1788635189.4769998,1788635400,210.5,Down,0.5,740,0.49,223,50,49,False
1788635192.8582854,1788635400,207.1,Up,0.51,223,0.5,750,49,50,False
1788635192.8582854,1788635400,207.1,Down,0.5,750,0.49,223,50,49,False
1788635196.1882849,1788635400,203.8,Up,0.51,223,0.5,750,49,50,False
1788635196.1882849,1788635400,203.8,Down,0.5,750,0.49,223,50,49,False
1788635199.436487,1788635400,200.6,Up,0.51,221.03,0.5,750,49,50,False
1788635199.436487,1788635400,200.6,Down,0.5,750,0.49,221.03,50,49,False
1788635202.7617226,1788635400,197.2,Up,0.51,221.03,0.5,750,49,50,False
1788635202.7617226,1788635400,197.2,Down,0.5,750,0.49,221.03,50,49,False
1788635206.0913713,1788635400,193.9,Up,0.51,221.03,0.5,750,49,50,False
1788635206.0913713,1788635400,193.9,Down,0.5,750,0.49,221.03,50,49,False
1788635209.4324713,1788635400,190.6,Up,0.51,221.03,0.5,750,49,50,False
1788635209.4324713,1788635400,190.6,Down,0.5,750,0.49,221.03,50,49,False
1788635212.7555947,1788635400,187.2,Up,0.51,221.03,0.5,750,49,50,False
1788635212.7555947,1788635400,187.2,Down,0.5,750,0.49,221.03,50,49,False
1788635216.085755,1788635400,183.9,Up,0.51,221.03,0.5,750,49,50,False
1788635216.085755,1788635400,183.9,Down,0.5,750,0.49,221.03,50,49,False
1788635219.2598057,1788635400,180.7,Up,0.51,221.03,0.5,750,49,50,False
1788635219.2598057,1788635400,180.7,Down,0.5,750,0.49,221.03,50,49,False
1788635222.568514,1788635400,177.4,Up,0.51,301.03,0.5,750,49,50,False
1788635222.568514,1788635400,177.4,Down,0.5,750,0.49,301.03,50,49,False
1788635225.8256006,1788635400,174.2,Up,0.51,295,0.5,750,49,50,False
1788635225.8256006,1788635400,174.2,Down,0.5,750,0.49,295,50,49,False
1788635229.1651094,1788635400,170.8,Up,0.51,295,0.5,750,49,50,False
1788635229.1651094,1788635400,170.8,Down,0.5,750,0.49,295,50,49,False
1788635232.3225577,1788635400,167.7,Up,0.51,295,0.5,750,49,50,False
1788635232.3225577,1788635400,167.7,Down,0.5,750,0.49,295,50,49,False
1788635235.49512,1788635400,164.5,Up,0.51,295,0.5,750,49,50,False
1788635235.49512,1788635400,164.5,Down,0.5,750,0.49,295,50,49,False
1788635238.8218436,1788635400,161.2,Up,0.51,295,0.5,750,49,50,False
1788635238.8218436,1788635400,161.2,Down,0.5,750,0.49,295,50,49,False
1788635242.2298176,1788635400,157.8,Up,0.51,295,0.5,750,49,50,False
1788635242.2298176,1788635400,157.8,Down,0.5,750,0.49,295,50,49,False
1788635245.5350547,1788635400,154.5,Up,0.51,295,0.5,738.04,49,50,False
1788635245.5350547,1788635400,154.5,Down,0.5,738.04,0.49,295,50,49,False
1788635248.7899609,1788635400,151.2,Up,0.51,295,0.5,738.04,49,50,False
1788635248.7899609,1788635400,151.2,Down,0.5,738.04,0.49,295,50,49,False
1788635252.024208,1788635400,148.0,Up,0.51,295,0.5,667.04,49,50,False
1788635252.024208,1788635400,148.0,Down,0.5,667.04,0.49,295,50,49,False
1788635255.2722096,1788635400,144.7,Up,0.51,295,0.5,667.04,49,50,False
1788635255.2722096,1788635400,144.7,Down,0.5,667.04,0.49,295,50,49,False
1788635258.64129,1788635400,141.4,Up,0.51,295,0.5,667.04,49,50,False
1788635258.64129,1788635400,141.4,Down,0.5,667.04,0.49,295,50,49,False
1788635261.9745855,1788635400,138.0,Up,0.51,295,0.5,655.04,49,50,False
1788635261.9745855,1788635400,138.0,Down,0.5,655.04,0.49,295,50,49,False
1788635265.242721,1788635400,134.8,Up,0.51,295,0.5,655.04,49,50,False
1788635265.242721,1788635400,134.8,Down,0.5,655.04,0.49,295,50,49,False
1788635268.596593,1788635400,131.4,Up,0.51,295,0.5,655.04,49,50,False
1788635268.596593,1788635400,131.4,Down,0.5,655.04,0.49,295,50,49,False
1788635271.9190526,1788635400,128.1,Up,0.51,295,0.5,655.04,49,50,False
1788635271.9190526,1788635400,128.1,Down,0.5,655.04,0.49,295,50,49,False
1788635275.4088023,1788635400,124.6,Up,0.51,295,0.5,655.04,49,50,False
1788635275.4088023,1788635400,124.6,Down,0.5,655.04,0.49,293.03,50,49,False
1788635278.649767,1788635400,121.4,Up,0.51,293.03,0.5,655.04,49,50,False
1788635278.649767,1788635400,121.4,Down,0.5,655.04,0.49,293.03,50,49,False
1788635281.9655795,1788635400,118.0,Up,0.51,293.03,0.5,655.04,49,50,False
1788635281.9655795,1788635400,118.0,Down,0.5,655.04,0.49,293.03,50,49,False
1788635285.3396366,1788635400,114.7,Up,0.51,293.03,0.5,645.04,49,50,False
1788635285.3396366,1788635400,114.7,Down,0.5,135,0.49,293.03,50,49,False
1788635288.5820632,1788635400,111.4,Up,0.51,293.03,0.5,145,49,50,False
1788635288.5820632,1788635400,111.4,Down,0.5,145,0.49,293.03,50,49,False
1788635292.1344495,1788635400,107.9,Up,0.51,293.03,0.5,145,49,50,False
1788635292.1344495,1788635400,107.9,Down,0.5,145,0.49,293.03,50,49,False
1788635295.4658148,1788635400,104.5,Up,0.51,293.03,0.5,145,49,50,False
1788635295.4658148,1788635400,104.5,Down,0.5,145,0.49,293.03,50,49,False
1788635298.8060844,1788635400,101.2,Up,0.51,293.03,0.5,145,49,50,False
1788635298.8060844,1788635400,101.2,Down,0.5,145,0.49,293.03,50,49,False
1788635302.1422288,1788635400,97.9,Up,0.51,293.03,0.5,145,49,50,False
1788635302.1422288,1788635400,97.9,Down,0.5,145,0.49,293.03,50,49,False
1788635305.456255,1788635400,94.5,Up,0.51,293.03,0.5,145,49,50,False
1788635305.456255,1788635400,94.5,Down,0.5,145,0.49,293.03,50,49,False
1788635308.635686,1788635400,91.4,Up,0.51,293.03,0.5,145,49,50,False
1788635308.635686,1788635400,91.4,Down,0.5,145,0.49,293.03,50,49,False
1788635311.9546692,1788635400,88.0,Up,0.51,289.1,0.5,145,49,50,False
1788635311.9546692,1788635400,88.0,Down,0.5,145,0.49,289.1,50,49,False
1788635315.192103,1788635400,84.8,Up,0.51,289.1,0.5,145,49,50,False
1788635315.192103,1788635400,84.8,Down,0.5,145,0.49,289.1,50,49,False
1788635318.528848,1788635400,81.5,Up,0.51,289.1,0.5,145,49,50,False
1788635318.528848,1788635400,81.5,Down,0.5,145,0.49,289.1,50,49,False
1788635321.7612507,1788635400,78.2,Up,0.51,287.13,0.5,138.4,49,50,False
1788635321.7612507,1788635400,78.2,Down,0.5,138.4,0.49,287.13,50,49,False
1788635325.0034618,1788635400,75.0,Up,0.51,287.13,0.5,138.4,49,50,False
1788635325.0034618,1788635400,75.0,Down,0.5,138.4,0.49,287.13,50,49,False
1788635328.3114095,1788635400,71.7,Up,0.51,287.13,0.5,138.4,49,50,False
1788635328.3114095,1788635400,71.7,Down,0.5,138.4,0.49,287.13,50,49,False
1788635331.6243944,1788635400,68.4,Up,0.51,287.13,0.5,132.4,49,50,False
1788635331.6243944,1788635400,68.4,Down,0.5,132.4,0.49,287.13,50,49,False
1788635334.944626,1788635400,65.1,Up,0.51,287.13,0.5,130.4,49,50,False
1788635334.944626,1788635400,65.1,Down,0.5,63.12,0.49,287.13,50,49,False
1788635338.2679508,1788635400,61.7,Up,0.51,302.13,0.5,63.12,49,50,False
1788635338.2679508,1788635400,61.7,Down,0.5,63.12,0.49,302.13,50,49,False
1788635341.5123036,1788635400,58.5,Up,0.51,302.13,0.5,53.12,49,50,False
1788635341.5123036,1788635400,58.5,Down,0.5,53.12,0.49,302.13,50,49,False
1788635344.6597168,1788635400,55.3,Up,0.51,245,0.5,45.08,49,50,False
1788635344.6597168,1788635400,55.3,Down,0.5,45.08,0.49,245,50,49,False
1788635347.917776,1788635400,52.1,Up,0.51,255,0.5,45.08,49,50,False
1788635347.917776,1788635400,52.1,Down,0.5,45.08,0.49,255,50,49,False
1788635351.142115,1788635400,48.9,Up,0.51,255,0.5,5.08,49,50,False
1788635351.142115,1788635400,48.9,Down,0.5,5.08,0.49,255,50,49,False
1788635354.47003,1788635400,45.5,Up,0.51,140,0.5,62.08,49,50,False
1788635354.47003,1788635400,45.5,Down,0.5,72.08,0.49,140,50,49,False
1788635357.795258,1788635400,42.2,Up,0.51,56,0.5,202.08,49,50,False
1788635357.795258,1788635400,42.2,Down,0.5,202.08,0.49,56,50,49,False
1788635361.1286917,1788635400,38.9,Up,0.51,56,0.5,71,49,50,False
1788635361.1286917,1788635400,38.9,Down,0.5,71,0.49,56,50,49,False
1788635364.4392085,1788635400,35.6,Up,0.51,56,0.5,162,49,50,False
1788635364.4392085,1788635400,35.6,Down,0.5,172,0.49,56,50,49,False
1788635367.7597754,1788635400,32.2,Up,0.51,53.72,0.5,172,49,50,False
1788635367.7597754,1788635400,32.2,Down,0.5,172,0.49,53.72,50,49,False
1788635371.0738804,1788635400,28.9,Up,0.51,53.72,0.5,152,49,50,False
1788635371.0738804,1788635400,28.9,Down,0.5,152,0.49,53.72,50,49,False
1788635374.3068743,1788635400,25.7,Up,0.51,60.22,0.5,152,49,50,False
1788635374.3068743,1788635400,25.7,Down,0.5,142,0.49,60.22,50,49,False
1788635377.6475933,1788635400,22.4,Up,0.51,288.22,0.5,96,49,50,False
1788635377.6475933,1788635400,22.4,Down,0.5,10,0.49,388.22,50,49,False
1788635380.8817987,1788635400,19.1,Up,0.5,273.98,0.49,16,50,49,False
1788635380.8817987,1788635400,19.1,Down,0.51,16,0.5,273.98,49,50,False
1788635384.1976826,1788635400,15.8,Up,0.5,243.98,0.49,16,50,49,False
1788635384.1976826,1788635400,15.8,Down,0.51,16,0.5,243.98,49,50,False
1788635387.5214584,1788635400,12.5,Up,0.49,223,0.48,22.57,51,46,False
1788635387.5214584,1788635400,12.5,Down,0.52,22.57,0.51,223,46,51,False
1788635390.839192,1788635400,9.2,Up,0.47,25,0.46,20,53,46,False
1788635390.839192,1788635400,9.2,Down,0.54,20,0.53,25,46,53,False
1788635393.354111,1788635400,6.6,Up,0.47,30.71,0.46,26,53,46,False
1788635393.354111,1788635400,6.6,Down,0.54,26,0.53,30.71,46,53,False
1788635395.3272092,1788635400,4.7,Up,0.47,15.71,0.46,34.04,53,46,False
1788635395.3272092,1788635400,4.7,Down,0.54,49.04,0.53,15.71,46,53,False
1788635396.7195876,1788635400,3.3,Up,0.47,9.71,0.46,46.18,53,46,False
1788635396.7195876,1788635400,3.3,Down,0.54,46.18,0.53,9.71,46,53,False
1788635397.9665468,1788635400,2.0,Up,0.47,5.45,0.46,18.4,53,46,False
1788635397.9665468,1788635400,2.0,Down,0.55,173.23,0.53,5.45,45,53,False
1788635399.1951025,1788635400,0.8,Up,0.46,27.77,0.45,268,54,45,False
1788635399.1951025,1788635400,0.8,Down,0.55,268,0.54,27.77,45,54,False
1788635401.728598,1788635700,298.3,Up,0.51,288.66,0.5,610,48,50,False
1788635401.728598,1788635700,298.3,Down,0.5,610,0.49,288.66,50,48,False
1788635405.048398,1788635700,295.0,Up,0.51,288.66,0.5,600,48,50,False
1788635405.048398,1788635700,295.0,Down,0.5,600,0.49,288.66,50,48,False
1788635408.331452,1788635700,291.7,Up,0.51,298.66,0.5,710,49,50,False
1788635408.331452,1788635700,291.7,Down,0.5,710,0.49,298.66,50,49,False
1788635411.802514,1788635700,288.2,Up,0.51,319.16,0.5,710,49,50,False
1788635411.802514,1788635700,288.2,Down,0.5,710,0.49,319.16,50,49,False
1788635415.365493,1788635700,284.6,Up,0.51,319.16,0.5,715,49,50,False
1788635415.365493,1788635700,284.6,Down,0.5,715,0.49,324.16,50,49,False
1788635418.6833515,1788635700,281.3,Up,0.51,324.16,0.5,725,49,50,False
1788635418.6833515,1788635700,281.3,Down,0.5,725,0.49,324.16,50,49,False
1788635421.920038,1788635700,278.1,Up,0.51,324.16,0.5,730,49,50,False
1788635421.920038,1788635700,278.1,Down,0.5,730,0.49,324.16,50,49,False
1788635425.2601585,1788635700,274.7,Up,0.51,324.16,0.5,730,49,50,False
1788635425.2601585,1788635700,274.7,Down,0.5,730,0.49,324.16,50,49,False
1788635851.1359131,1788636000,148.9,Up,0.51,215,0.5,620,49,50,False
1788635851.1359131,1788636000,148.9,Down,0.5,620,0.49,215,50,49,False
1788635854.3947594,1788636000,145.6,Up,0.51,215,0.5,608,49,50,False
1788635854.3947594,1788636000,145.6,Down,0.5,608,0.49,215,50,49,False
1788635857.716396,1788636000,142.3,Up,0.51,215,0.5,608,49,50,False
1788635857.716396,1788636000,142.3,Down,0.5,608,0.49,215,50,49,False
1788635861.0311506,1788636000,139.0,Up,0.51,205,0.5,608,49,50,False
1788635861.0311506,1788636000,139.0,Down,0.5,608,0.49,205,50,49,False
1788635864.3610954,1788636000,135.6,Up,0.51,205,0.5,608,49,50,False
1788635864.3610954,1788636000,135.6,Down,0.5,608,0.49,205,50,49,False
1788635867.6828384,1788636000,132.3,Up,0.51,205,0.5,608,49,50,False
1788635867.6828384,1788636000,132.3,Down,0.5,608,0.49,205,50,49,False
1788635870.9372618,1788636000,129.1,Up,0.51,205,0.5,608,49,50,False
1788635870.9372618,1788636000,129.1,Down,0.5,608,0.49,205,50,49,False
1788635874.258135,1788636000,125.7,Up,0.51,205,0.5,608,49,50,False
1788635874.258135,1788636000,125.7,Down,0.5,608,0.49,205,50,49,False
1788635877.4869323,1788636000,122.5,Up,0.51,175.58,0.5,608,49,50,False
1788635877.4869323,1788636000,122.5,Down,0.5,608,0.49,175.58,50,49,False
1788635880.8215027,1788636000,119.2,Up,0.51,175.58,0.5,608,49,50,False
1788635880.8215027,1788636000,119.2,Down,0.5,608,0.49,175.58,50,49,False
1788635884.1510413,1788636000,115.8,Up,0.51,165.58,0.5,608,49,50,False
1788635884.1510413,1788636000,115.8,Down,0.5,608,0.49,165.58,50,49,False
1788635887.4573963,1788636000,112.5,Up,0.51,165.58,0.5,20,49,50,False
1788635887.4573963,1788636000,112.5,Down,0.5,20,0.49,165.58,50,49,False
1788635890.7025006,1788636000,109.3,Up,0.51,165.58,0.5,20,49,50,False
1788635890.7025006,1788636000,109.3,Down,0.5,20,0.49,165.58,50,49,False
1788635893.8518264,1788636000,106.1,Up,0.51,165.58,0.5,20,49,50,False
1788635893.8518264,1788636000,106.1,Down,0.5,20,0.49,165.58,50,49,False
1788635897.0766652,1788636000,102.9,Up,0.51,275.58,0.5,20,49,50,False
1788635897.0766652,1788636000,102.9,Down,0.5,20,0.49,275.58,50,49,False
1788635900.386664,1788636000,99.6,Up,0.51,275.58,0.5,20,49,50,False
1788635900.386664,1788636000,99.6,Down,0.5,20,0.49,275.58,50,49,False
1788635903.7118502,1788636000,96.3,Up,0.51,275.58,0.5,20,49,50,False
1788635903.7118502,1788636000,96.3,Down,0.5,20,0.49,275.58,50,49,False
1788635907.0175688,1788636000,93.0,Up,0.51,275.58,0.5,20,49,50,False
1788635907.0175688,1788636000,93.0,Down,0.5,20,0.49,275.58,50,49,False
1788635910.344134,1788636000,89.7,Up,0.51,275.58,0.5,20,49,50,False
1788635910.344134,1788636000,89.7,Down,0.5,20,0.49,275.58,50,49,False
1788635913.6705093,1788636000,86.3,Up,0.51,275.58,0.5,20,49,50,False
1788635913.6705093,1788636000,86.3,Down,0.5,20,0.49,275.58,50,49,False
1788635916.9854646,1788636000,83.0,Up,0.51,275.58,0.5,20,49,50,False
1788635916.9854646,1788636000,83.0,Down,0.5,20,0.49,275.58,50,49,False
1788635920.325572,1788636000,79.7,Up,0.51,275.58,0.5,20,49,50,False
1788635920.325572,1788636000,79.7,Down,0.5,20,0.49,275.58,50,49,False
1788635923.6813953,1788636000,76.3,Up,0.51,275.58,0.5,20,49,50,False
1788635923.6813953,1788636000,76.3,Down,0.5,20,0.49,275.58,50,49,False
1788635926.995994,1788636000,73.0,Up,0.51,275.58,0.5,20,49,50,False
1788635926.995994,1788636000,73.0,Down,0.5,20,0.49,275.58,50,49,False
1788635930.3157866,1788636000,69.7,Up,0.51,275.58,0.5,20,49,50,False
1788635930.3157866,1788636000,69.7,Down,0.5,20,0.49,275.58,50,49,False
1788635933.6476836,1788636000,66.4,Up,0.51,275.58,0.5,20,49,50,False
1788635933.6476836,1788636000,66.4,Down,0.5,20,0.49,275.58,50,49,False
1788635937.0586162,1788636000,62.9,Up,0.51,290.58,0.5,20,49,50,False
1788635937.0586162,1788636000,62.9,Down,0.5,20,0.49,290.58,50,49,False
1788635940.3083854,1788636000,59.7,Up,0.51,290.58,0.5,20,49,50,False
1788635940.3083854,1788636000,59.7,Down,0.5,20,0.49,290.58,50,49,False
1788635943.6537664,1788636000,56.3,Up,0.51,290.58,0.5,20,49,50,False
1788635943.6537664,1788636000,56.3,Down,0.5,20,0.49,285.58,50,49,False
1788635946.9845347,1788636000,53.0,Up,0.51,265,0.5,10,49,50,False
1788635946.9845347,1788636000,53.0,Down,0.5,10,0.49,265,50,49,False
1788635950.2308235,1788636000,49.8,Up,0.51,265,0.5,20,49,50,False
1788635950.2308235,1788636000,49.8,Down,0.5,20,0.49,265,50,49,False
1788635953.5632453,1788636000,46.4,Up,0.51,265,0.5,20,49,50,False
1788635953.5632453,1788636000,46.4,Down,0.5,20,0.49,265,50,49,False
1788635956.895532,1788636000,43.1,Up,0.51,259.11,0.5,20,49,50,False
1788635956.895532,1788636000,43.1,Down,0.5,20,0.49,259.11,50,49,False
1788635960.2544441,1788636000,39.7,Up,0.51,259.11,0.5,20,49,50,False
1788635960.2544441,1788636000,39.7,Down,0.5,20,0.49,259.11,50,49,False
1788635963.5565076,1788636000,36.4,Up,0.51,359.11,0.5,20,49,50,False
1788635963.5565076,1788636000,36.4,Down,0.5,20,0.49,359.11,50,49,False
1788635966.8971927,1788636000,33.1,Up,0.51,359.11,0.5,20,49,50,False
1788635966.8971927,1788636000,33.1,Down,0.5,20,0.49,359.11,50,49,False
1788635970.2165647,1788636000,29.8,Up,0.51,607.11,0.5,20,49,50,False
1788635970.2165647,1788636000,29.8,Down,0.5,20,0.49,607.11,50,49,False
1788635973.5502055,1788636000,26.4,Up,0.5,225,0.49,10,50,49,False
1788635973.5502055,1788636000,26.4,Down,0.51,10,0.5,230,49,50,False
1788635976.860571,1788636000,23.1,Up,0.49,22.93,0.48,54.42,51,48,False
1788635976.860571,1788636000,23.1,Down,0.52,54.42,0.51,22.93,48,51,False
1788635980.191755,1788636000,19.8,Up,0.49,10,0.48,317.42,51,48,False
1788635980.191755,1788636000,19.8,Down,0.52,317.42,0.51,10,48,51,False
1788635983.4946985,1788636000,16.5,Up,0.49,4.81,0.48,317.42,51,48,False
1788635983.4946985,1788636000,16.5,Down,0.52,317.42,0.51,4.81,48,51,False
1788635986.8177881,1788636000,13.2,Up,0.49,4.81,0.48,307.42,51,48,False
1788635986.8177881,1788636000,13.2,Down,0.52,307.42,0.51,4.81,48,51,False
1788635990.139933,1788636000,9.9,Up,0.5,189.71,0.48,307.42,50,48,False
1788635990.139933,1788636000,9.9,Down,0.52,307.42,0.5,189.71,48,50,False
1788635992.840409,1788636000,7.2,Up,0.49,110,0.48,313.57,51,48,False
1788635992.840409,1788636000,7.2,Down,0.52,313.57,0.51,110,48,51,False
1788635994.9709258,1788636000,5.0,Up,0.49,110,0.48,257.57,51,48,False
1788635994.9709258,1788636000,5.0,Down,0.52,257.57,0.51,110,48,51,False
1788635996.5463836,1788636000,3.5,Up,0.49,110,0.48,255.53,51,48,False
1788635996.5463836,1788636000,3.5,Down,0.52,255.53,0.51,110,48,51,False
1788635997.7747138,1788636000,2.2,Up,0.49,105.9,0.48,255.53,51,48,False
1788635997.7747138,1788636000,2.2,Down,0.52,255.53,0.51,105.9,48,51,False
1788635999.0139492,1788636000,1.0,Up,0.49,103.41,0.48,245.53,51,48,False
1788635999.0139492,1788636000,1.0,Down,0.52,245.53,0.51,99.32,48,51,False
1788636001.521235,1788636300,298.5,Up,0.51,168,0.5,600,48,50,False
1788636001.521235,1788636300,298.5,Down,0.5,600,0.49,168,50,48,False
1788636004.854059,1788636300,295.1,Up,0.51,168,0.5,600,48,50,False
1788636004.854059,1788636300,295.1,Down,0.5,600,0.49,168,50,48,False
1788636008.092025,1788636300,291.9,Up,0.51,123,0.5,610,49,50,False
1788636008.092025,1788636300,291.9,Down,0.5,610,0.49,148,50,49,False
1788636011.329641,1788636300,288.7,Up,0.51,148,0.5,610,49,50,False
1788636011.329641,1788636300,288.7,Down,0.5,610,0.49,148,50,49,False
1788636014.6454754,1788636300,285.4,Up,0.51,148,0.5,610,49,50,False
1788636014.6454754,1788636300,285.4,Down,0.5,615,0.49,148,50,49,False
1788636018.0270154,1788636300,282.0,Up,0.51,164,0.5,615,49,50,False
1788636018.0270154,1788636300,282.0,Down,0.5,615,0.49,164,50,49,False
1788636021.3612523,1788636300,278.6,Up,0.51,164,0.5,620,49,50,False
1788636021.3612523,1788636300,278.6,Down,0.5,620,0.49,164,50,49,False
1788636024.6860037,1788636300,275.3,Up,0.51,164,0.5,620,49,50,False
1788636024.6860037,1788636300,275.3,Down,0.5,620,0.49,164,50,49,False
1788636028.0067265,1788636300,272.0,Up,0.51,164,0.5,620,49,50,False
1788636028.0067265,1788636300,272.0,Down,0.5,620,0.49,164,50,49,False
1788636031.313808,1788636300,268.7,Up,0.51,164,0.5,620,49,50,False
1788636031.313808,1788636300,268.7,Down,0.5,620,0.49,164,50,49,False
1788636034.6540778,1788636300,265.3,Up,0.51,164,0.5,620,49,50,False
1788636034.6540778,1788636300,265.3,Down,0.5,620,0.49,164,50,49,False
1788636037.9910638,1788636300,262.0,Up,0.51,164,0.5,620,49,50,False
1788636037.9910638,1788636300,262.0,Down,0.5,620,0.49,164,50,49,False
1788636041.2348423,1788636300,258.8,Up,0.51,164,0.5,620,49,50,False
1788636041.2348423,1788636300,258.8,Down,0.5,620,0.49,164,50,49,False
1788636044.5843973,1788636300,255.4,Up,0.51,164,0.5,620,49,50,False
1788636044.5843973,1788636300,255.4,Down,0.5,620,0.49,164,50,49,False
1788636047.9344733,1788636300,252.1,Up,0.51,164,0.5,620,49,50,False
1788636047.9344733,1788636300,252.1,Down,0.5,620,0.49,164,50,49,False
1788636051.2794437,1788636300,248.7,Up,0.51,274,0.5,620,49,50,False
1788636051.2794437,1788636300,248.7,Down,0.5,620,0.49,274,50,49,False
1788636054.5178409,1788636300,245.5,Up,0.51,274,0.5,620,49,50,False
1788636054.5178409,1788636300,245.5,Down,0.5,620,0.49,274,50,49,False
1788636057.8287292,1788636300,242.2,Up,0.51,274,0.5,616.78,49,50,False
1788636057.8287292,1788636300,242.2,Down,0.5,616.78,0.49,274,50,49,False
1788636061.0581524,1788636300,238.9,Up,0.51,274,0.5,616.78,49,50,False
1788636061.0581524,1788636300,238.9,Down,0.5,616.78,0.49,274,50,49,False
1788636064.3782706,1788636300,235.6,Up,0.51,274,0.5,616.78,49,50,False
1788636064.3782706,1788636300,235.6,Down,0.5,616.78,0.49,274,50,49,False
1788636067.7108245,1788636300,232.3,Up,0.51,274,0.5,621.78,49,50,False
1788636067.7108245,1788636300,232.3,Down,0.5,621.78,0.49,274,50,49,False
1788636071.0122967,1788636300,229.0,Up,0.51,274,0.5,621.78,49,50,False
1788636071.0122967,1788636300,229.0,Down,0.5,621.78,0.49,274,50,49,False
1788636074.3651922,1788636300,225.6,Up,0.51,274,0.5,621.78,49,50,False
1788636074.3651922,1788636300,225.6,Down,0.5,621.78,0.49,274,50,49,False
1788636077.680793,1788636300,222.3,Up,0.51,274,0.5,621.78,49,50,False
1788636077.680793,1788636300,222.3,Down,0.5,621.78,0.49,274,50,49,False
1788636080.9307263,1788636300,219.1,Up,0.51,274,0.5,600.74,49,50,False
1788636080.9307263,1788636300,219.1,Down,0.5,600.74,0.49,274,50,49,False
1788636084.2555385,1788636300,215.7,Up,0.51,266.15,0.5,596.74,49,50,False
1788636084.2555385,1788636300,215.7,Down,0.5,596.74,0.49,266.15,50,49,False
1788636087.5651546,1788636300,212.4,Up,0.51,266.15,0.5,596.74,49,50,False
1788636087.5651546,1788636300,212.4,Down,0.5,596.74,0.49,266.15,50,49,False
1788636090.7102635,1788636300,209.3,Up,0.51,266.15,0.5,596.74,49,50,False
1788636090.7102635,1788636300,209.3,Down,0.5,596.74,0.49,266.15,50,49,False
1788636094.0525045,1788636300,205.9,Up,0.51,266.15,0.5,596.74,49,50,False
1788636094.0525045,1788636300,205.9,Down,0.5,596.74,0.49,266.15,50,49,False
1788636097.3675048,1788636300,202.6,Up,0.51,266.15,0.5,596.74,49,50,False
1788636097.3675048,1788636300,202.6,Down,0.5,596.74,0.49,266.15,50,49,False
1788636100.6944954,1788636300,199.3,Up,0.51,266.15,0.5,596.74,49,50,False
1788636100.6944954,1788636300,199.3,Down,0.5,596.74,0.49,266.15,50,49,False
1788636103.9995425,1788636300,196.0,Up,0.51,266.15,0.5,596.74,49,50,False
1788636103.9995425,1788636300,196.0,Down,0.5,596.74,0.49,266.15,50,49,False
1788636107.319577,1788636300,192.7,Up,0.51,266.15,0.5,596.74,49,50,False
1788636107.319577,1788636300,192.7,Down,0.5,596.74,0.49,266.15,50,49,False
1788636110.6550827,1788636300,189.3,Up,0.51,266.15,0.5,596.74,49,50,False
1788636110.6550827,1788636300,189.3,Down,0.5,596.74,0.49,266.15,50,49,False
1788636113.9587224,1788636300,186.0,Up,0.51,266.15,0.5,596.74,49,50,False
1788636113.9587224,1788636300,186.0,Down,0.5,596.74,0.49,266.15,50,49,False
1788636117.2901125,1788636300,182.7,Up,0.51,266.15,0.5,596.74,49,50,False
1788636117.2901125,1788636300,182.7,Down,0.5,596.74,0.49,266.15,50,49,False
1788636120.6180549,1788636300,179.4,Up,0.51,266.15,0.5,596.74,49,50,False
1788636120.6180549,1788636300,179.4,Down,0.5,596.74,0.49,266.15,50,49,False
1788636123.9283514,1788636300,176.1,Up,0.51,156.15,0.5,596.74,49,50,False
1788636123.9283514,1788636300,176.1,Down,0.5,596.74,0.49,156.15,50,49,False
1788636127.2411437,1788636300,172.8,Up,0.51,156.15,0.5,596.74,49,50,False
1788636127.2411437,1788636300,172.8,Down,0.5,596.74,0.49,156.15,50,49,False
1788636130.5660455,1788636300,169.4,Up,0.51,156.15,0.5,596.74,49,50,False
1788636130.5660455,1788636300,169.4,Down,0.5,596.74,0.49,156.15,50,49,False
1788636133.8846316,1788636300,166.1,Up,0.51,41.04,0.5,596.74,49,50,False
1788636133.8846316,1788636300,166.1,Down,0.5,596.74,0.49,41.04,50,49,False
1788636137.1986642,1788636300,162.8,Up,0.51,41.04,0.5,596.74,49,50,False
1788636137.1986642,1788636300,162.8,Down,0.5,596.74,0.49,41.04,50,49,False
1788636140.4233103,1788636300,159.6,Up,0.51,41.04,0.5,596.74,49,50,False
1788636140.4233103,1788636300,159.6,Down,0.5,596.74,0.49,41.04,50,49,False
1788636143.7613113,1788636300,156.2,Up,0.51,41.04,0.5,596.74,49,50,False
1788636143.7613113,1788636300,156.2,Down,0.5,596.74,0.49,41.04,50,49,False
1788636147.1096492,1788636300,152.9,Up,0.51,41.04,0.5,596.74,49,50,False
1788636147.1096492,1788636300,152.9,Down,0.5,596.74,0.49,41.04,50,49,False
1788636150.4850519,1788636300,149.5,Up,0.51,41.04,0.5,596.74,49,50,False
1788636150.4850519,1788636300,149.5,Down,0.5,596.74,0.49,41.04,50,49,False
1788636153.7310405,1788636300,146.3,Up,0.51,41.04,0.5,596.74,49,50,False
1788636153.7310405,1788636300,146.3,Down,0.5,596.74,0.49,41.04,50,49,False
1788636157.067843,1788636300,142.9,Up,0.51,41.04,0.5,596.74,49,50,False
1788636157.067843,1788636300,142.9,Down,0.5,596.74,0.49,41.04,50,49,False
1788636160.3059452,1788636300,139.7,Up,0.51,41.04,0.5,596.74,49,50,False
1788636160.3059452,1788636300,139.7,Down,0.5,596.74,0.49,41.04,50,49,False
1788636163.6315107,1788636300,136.4,Up,0.51,11.62,0.5,596.74,49,50,False
1788636163.6315107,1788636300,136.4,Down,0.5,596.74,0.49,1.81,50,49,False
1788636166.8588872,1788636300,133.1,Up,0.51,1.81,0.5,590.74,49,50,False
1788636166.8588872,1788636300,133.1,Down,0.5,590.74,0.49,1.81,50,49,False
1788636170.1757243,1788636300,129.8,Up,0.51,1.81,0.5,590.74,49,50,False
1788636170.1757243,1788636300,129.8,Down,0.5,590.74,0.49,1.81,50,49,False
1788636173.5044901,1788636300,126.5,Up,0.51,1.81,0.5,590.74,49,50,False
1788636173.5044901,1788636300,126.5,Down,0.5,590.74,0.49,1.81,50,49,False
1788636176.817757,1788636300,123.2,Up,0.51,1.81,0.5,590.74,49,50,False
1788636176.817757,1788636300,123.2,Down,0.5,590.74,0.49,1.81,50,49,False
1788636179.9738889,1788636300,120.0,Up,0.51,1.81,0.5,590.74,49,50,False
1788636179.9738889,1788636300,120.0,Down,0.5,590.74,0.49,1.81,50,49,False
1788636183.2956572,1788636300,116.7,Up,0.51,1.81,0.5,590.74,49,50,False
1788636183.2956572,1788636300,116.7,Down,0.5,590.74,0.49,1.81,50,49,False
1788636186.6147182,1788636300,113.4,Up,0.51,1.81,0.5,25,49,50,False
1788636186.6147182,1788636300,113.4,Down,0.5,25,0.49,1.81,50,49,False
1788636189.9241517,1788636300,110.1,Up,0.51,1.81,0.5,25,49,50,False
1788636189.9241517,1788636300,110.1,Down,0.5,25,0.49,1.81,50,49,False
1788636193.2275078,1788636300,106.8,Up,0.51,1.81,0.5,25,49,50,False
1788636193.2275078,1788636300,106.8,Down,0.5,25,0.49,1.81,50,49,False
1788636196.5438106,1788636300,103.5,Up,0.52,242.81,0.5,25,48,50,False
1788636196.5438106,1788636300,103.5,Down,0.5,25,0.48,237.81,50,48,False
1788636199.874075,1788636300,100.1,Up,0.52,237.81,0.49,151.52,48,49,False
1788636199.874075,1788636300,100.1,Down,0.51,151.52,0.48,237.81,49,48,False
1788636203.1753845,1788636300,96.8,Up,0.52,237.81,0.49,151.52,48,49,False
1788636203.1753845,1788636300,96.8,Down,0.51,151.52,0.48,237.81,49,48,False
1788636206.427757,1788636300,93.6,Up,0.52,237.81,0.49,151.52,48,49,False
1788636206.427757,1788636300,93.6,Down,0.51,151.52,0.48,237.81,49,48,False
1788636209.883573,1788636300,90.1,Up,0.52,237.81,0.49,151.52,48,49,False
1788636209.883573,1788636300,90.1,Down,0.51,151.52,0.48,237.81,49,48,False
1788636213.1988869,1788636300,86.8,Up,0.52,237.81,0.49,141.52,48,49,False
1788636213.1988869,1788636300,86.8,Down,0.51,141.52,0.48,237.81,49,48,False
1788636216.5064952,1788636300,83.5,Up,0.52,237.81,0.49,141.52,48,49,False
1788636216.5064952,1788636300,83.5,Down,0.51,141.52,0.48,237.81,49,48,False
1788636219.742851,1788636300,80.3,Up,0.52,237.81,0.49,141.52,48,49,False
1788636219.742851,1788636300,80.3,Down,0.51,141.52,0.48,237.81,49,48,False
1788636223.0441363,1788636300,77.0,Up,0.52,237.81,0.49,141.52,48,49,False
1788636223.0441363,1788636300,77.0,Down,0.51,141.52,0.48,237.81,49,48,False
1788636226.36423,1788636300,73.6,Up,0.52,227.81,0.49,151.52,48,49,False
1788636226.36423,1788636300,73.6,Down,0.51,151.52,0.48,227.81,49,48,False
1788636229.6673079,1788636300,70.3,Up,0.52,227.04,0.49,151.52,48,49,False
1788636229.6673079,1788636300,70.3,Down,0.51,151.52,0.48,227.04,49,48,False
1788636232.9818654,1788636300,67.0,Up,0.52,227.04,0.49,156.52,48,49,False
1788636232.9818654,1788636300,67.0,Down,0.51,156.52,0.48,227.04,49,48,False
1788636236.2956421,1788636300,63.7,Up,0.52,242.04,0.49,171.52,48,49,False
1788636236.2956421,1788636300,63.7,Down,0.51,171.52,0.48,242.04,49,48,False
1788636239.5375044,1788636300,60.5,Up,0.52,242.04,0.5,35,48,50,False
1788636239.5375044,1788636300,60.5,Down,0.5,40,0.48,242.04,50,48,False
1788636242.781872,1788636300,57.2,Up,0.52,242.04,0.5,40,48,50,False
1788636242.781872,1788636300,57.2,Down,0.5,40,0.48,242.04,50,48,False
1788636246.0205588,1788636300,54.0,Up,0.52,212.04,0.51,110,48,51,False
1788636246.0205588,1788636300,54.0,Down,0.49,110,0.48,212.04,51,48,False
1788636249.338883,1788636300,50.7,Up,0.52,206.04,0.51,135,48,51,False
1788636249.338883,1788636300,50.7,Down,0.49,135,0.48,206.04,51,48,False
1788636252.6401258,1788636300,47.4,Up,0.52,206.04,0.51,135,48,51,False
1788636252.6401258,1788636300,47.4,Down,0.49,135,0.48,206.04,51,48,False
1788636255.8290503,1788636300,44.2,Up,0.52,110,0.51,120,48,51,False
1788636255.8290503,1788636300,44.2,Down,0.49,120,0.48,110,51,48,False
1788636259.0608783,1788636300,40.9,Up,0.52,110,0.51,114.24,48,51,False
1788636259.0608783,1788636300,40.9,Down,0.49,114.24,0.48,110,51,48,False
1788636262.3892798,1788636300,37.6,Up,0.52,110,0.51,214.24,48,51,False
1788636262.3892798,1788636300,37.6,Down,0.49,214.24,0.48,110,51,48,False
1788636265.6367183,1788636300,34.4,Up,0.52,125,0.51,206.04,48,51,False
1788636265.6367183,1788636300,34.4,Down,0.49,206.04,0.48,275,51,48,False
1788636268.868722,1788636300,31.1,Up,0.52,275,0.51,199.91,48,51,False
1788636268.868722,1788636300,31.1,Down,0.49,199.91,0.48,275,51,48,False
1788636272.1113503,1788636300,27.9,Up,0.52,100.38,0.51,297.86,48,51,False
1788636272.1113503,1788636300,27.9,Down,0.49,297.86,0.48,100.38,51,48,False
1788636275.430624,1788636300,24.6,Up,0.52,96.53,0.51,303.79,48,51,False
1788636275.430624,1788636300,24.6,Down,0.49,303.79,0.48,96.53,51,48,False
1788636278.7587967,1788636300,21.2,Up,0.52,92.67,0.51,298.38,48,51,False
1788636278.7587967,1788636300,21.2,Down,0.49,298.38,0.48,92.67,51,48,False
1788636282.072952,1788636300,17.9,Up,0.52,92.67,0.51,298.38,48,51,False
1788636282.072952,1788636300,17.9,Down,0.49,298.38,0.48,92.67,51,48,False
1788636285.3008978,1788636300,14.7,Up,0.52,92.67,0.51,298.38,48,51,False
1788636285.3008978,1788636300,14.7,Down,0.49,298.38,0.48,92.67,51,48,False
1788636288.6264036,1788636300,11.4,Up,0.52,92.67,0.51,304.32,48,51,False
1788636288.6264036,1788636300,11.4,Down,0.49,304.32,0.48,92.67,51,48,False
1788636291.782378,1788636300,8.2,Up,0.52,92.67,0.51,400.27,48,51,False
1788636291.782378,1788636300,8.2,Down,0.49,550.27,0.48,92.67,51,48,False
1788636294.1499438,1788636300,5.9,Up,0.55,27.36,0.54,213,45,54,False
1788636294.1499438,1788636300,5.9,Down,0.46,213,0.45,27.36,54,45,False
1788636295.8638604,1788636300,4.1,Up,0.64,5,0.62,189.46,36,62,False
1788636295.8638604,1788636300,4.1,Down,0.33,142,0.32,41.02,67,32,False
1788636297.2184134,1788636300,2.8,Up,0.69,47.38,0.68,107,31,68,False
1788636297.2184134,1788636300,2.8,Down,0.32,107,0.31,47.38,68,31,False
1788636298.5273843,1788636300,1.5,Up,0.69,47.38,0.68,198,31,68,False
1788636298.5273843,1788636300,1.5,Down,0.32,198,0.31,7.38,68,31,False
1788636301.0223753,1788636600,299.0,Up,0.51,290,0.5,10.5,48,50,False
1788636301.0223753,1788636600,299.0,Down,0.5,10.5,0.49,290,50,48,False
1788636304.3412545,1788636600,295.7,Up,0.51,290,0.5,0.5,48,50,False
1788636304.3412545,1788636600,295.7,Down,0.5,0.5,0.49,290,50,48,False
1788636307.5812707,1788636600,292.4,Up,0.51,325,0.5,10.5,48,50,False
1788636307.5812707,1788636600,292.4,Down,0.5,10.5,0.49,325,50,48,False
1788636310.820531,1788636600,289.2,Up,0.51,325,0.5,10.5,49,50,False
1788636310.820531,1788636600,289.2,Down,0.5,10.5,0.49,325,50,49,False
1788636314.0398085,1788636600,286.0,Up,0.51,325,0.5,10.5,49,50,False
1788636314.0398085,1788636600,286.0,Down,0.5,10.5,0.49,325,50,49,False
1788636317.2728946,1788636600,282.7,Up,0.51,335,0.5,15.5,49,50,False
1788636317.2728946,1788636600,282.7,Down,0.5,15.5,0.49,335,50,49,False
1788636320.6034977,1788636600,279.4,Up,0.51,335,0.5,15.5,49,50,False
1788636320.6034977,1788636600,279.4,Down,0.5,15.5,0.49,335,50,49,False
1788636323.834404,1788636600,276.2,Up,0.51,340.71,0.5,10.5,49,50,False
1788636323.834404,1788636600,276.2,Down,0.5,10.5,0.49,340.71,50,49,False
1788636327.1459763,1788636600,272.9,Up,0.51,340.71,0.5,10.5,49,50,False
1788636327.1459763,1788636600,272.9,Down,0.5,10.5,0.49,340.71,50,49,False
1788636330.3884516,1788636600,269.6,Up,0.51,340.71,0.5,10.5,49,50,False
1788636330.3884516,1788636600,269.6,Down,0.5,10.5,0.49,340.71,50,49,False
1788636333.717739,1788636600,266.3,Up,0.51,340.71,0.5,10.5,49,50,False
1788636333.717739,1788636600,266.3,Down,0.5,10.5,0.49,340.71,50,49,False
1788636337.047273,1788636600,263.0,Up,0.51,340.71,0.5,10.5,49,50,False
1788636337.047273,1788636600,263.0,Down,0.5,10.5,0.49,340.71,50,49,False
1788636340.3809013,1788636600,259.6,Up,0.51,340.71,0.5,10.5,49,50,False
1788636340.3809013,1788636600,259.6,Down,0.5,10.5,0.49,340.71,50,49,False
1788636343.7333837,1788636600,256.3,Up,0.51,340.71,0.5,10.5,49,50,False
1788636343.7333837,1788636600,256.3,Down,0.5,10.5,0.49,340.71,50,49,False
1788636347.0380347,1788636600,253.0,Up,0.51,228.71,0.5,10.5,49,50,False
1788636347.0380347,1788636600,253.0,Down,0.5,10.5,0.49,228.71,50,49,False
1788636350.3657532,1788636600,249.6,Up,0.51,228.71,0.5,10.5,49,50,False
1788636350.3657532,1788636600,249.6,Down,0.5,10.5,0.49,228.71,50,49,False
1788636353.8154275,1788636600,246.2,Up,0.51,228.71,0.5,3.5,49,50,False
1788636353.8154275,1788636600,246.2,Down,0.5,3.5,0.49,228.71,50,49,False
1788636357.1460884,1788636600,242.9,Up,0.51,228.71,0.5,3.5,49,50,False
1788636357.1460884,1788636600,242.9,Down,0.5,3.5,0.49,228.71,50,49,False
1788636360.4720008,1788636600,239.5,Up,0.51,228.71,0.5,3.5,49,50,False
1788636360.4720008,1788636600,239.5,Down,0.5,3.5,0.49,228.71,50,49,False
1788636363.7150085,1788636600,236.3,Up,0.51,228.71,0.5,3.5,49,50,False
1788636363.7150085,1788636600,236.3,Down,0.5,3.5,0.49,228.71,50,49,False
1788636367.018824,1788636600,233.0,Up,0.51,228.71,0.49,192.5,49,49,False
1788636367.018824,1788636600,233.0,Down,0.51,192.5,0.5,20,49,50,False
1788636370.2653394,1788636600,229.7,Up,0.5,20,0.49,192.5,50,49,False
1788636370.2653394,1788636600,229.7,Down,0.51,192.5,0.5,20,49,50,False
1788636373.592746,1788636600,226.4,Up,0.5,20,0.49,192.5,50,49,False
1788636373.592746,1788636600,226.4,Down,0.51,192.5,0.5,20,49,50,False
1788636376.8291044,1788636600,223.2,Up,0.5,20,0.49,192.5,50,49,False
1788636376.8291044,1788636600,223.2,Down,0.51,192.5,0.5,20,49,50,False
1788636380.145579,1788636600,219.9,Up,0.5,20,0.49,192.5,50,49,False
1788636380.145579,1788636600,219.9,Down,0.51,192.5,0.5,20,49,50,False
1788636383.28784,1788636600,216.7,Up,0.5,20,0.49,192.5,50,49,False
1788636383.28784,1788636600,216.7,Down,0.51,192.5,0.5,20,49,50,False
1788636386.5933275,1788636600,213.4,Up,0.5,20,0.49,192.5,50,49,False
1788636386.5933275,1788636600,213.4,Down,0.51,192.5,0.5,20,49,50,False
1788636389.8971188,1788636600,210.1,Up,0.5,20,0.49,192.5,50,49,False
1788636389.8971188,1788636600,210.1,Down,0.51,192.5,0.5,20,49,50,False
1788636393.2240002,1788636600,206.8,Up,0.5,20,0.49,192.5,50,49,False
1788636393.2240002,1788636600,206.8,Down,0.51,192.5,0.5,20,49,50,False
1788636396.5422292,1788636600,203.5,Up,0.5,20,0.49,192.5,50,49,False
1788636396.5422292,1788636600,203.5,Down,0.51,192.5,0.5,20,49,50,False
1788636399.871536,1788636600,200.1,Up,0.5,20,0.49,159.16,50,49,False
1788636399.871536,1788636600,200.1,Down,0.51,159.16,0.5,20,49,50,False
1788636403.1838794,1788636600,196.8,Up,0.5,20,0.49,159.16,50,49,False
1788636403.1838794,1788636600,196.8,Down,0.51,159.16,0.5,20,49,50,False
1788636406.4164665,1788636600,193.6,Up,0.5,20,0.49,159.16,50,49,False
1788636406.4164665,1788636600,193.6,Down,0.51,159.16,0.5,20,49,50,False
1788636409.56615,1788636600,190.4,Up,0.5,20,0.49,159.16,50,49,False
1788636409.56615,1788636600,190.4,Down,0.51,159.16,0.5,20,49,50,False
1788636412.8096924,1788636600,187.2,Up,0.5,20,0.49,159.16,50,49,False
1788636412.8096924,1788636600,187.2,Down,0.51,159.16,0.5,20,49,50,False
1788636416.1284194,1788636600,183.9,Up,0.5,20,0.49,159.16,50,49,False
1788636416.1284194,1788636600,183.9,Down,0.51,159.16,0.5,20,49,50,False
1788636419.4490438,1788636600,180.6,Up,0.5,20,0.49,159.16,50,49,False
1788636419.4490438,1788636600,180.6,Down,0.51,159.16,0.5,20,49,50,False
1788636422.7604613,1788636600,177.2,Up,0.5,20,0.49,159.16,50,49,False
1788636422.7604613,1788636600,177.2,Down,0.51,159.16,0.5,20,49,50,False
1788636425.9899294,1788636600,174.0,Up,0.5,20,0.49,159.16,50,49,False
1788636425.9899294,1788636600,174.0,Down,0.51,159.16,0.5,20,49,50,False
1788636429.316678,1788636600,170.7,Up,0.5,20,0.49,159.16,50,49,False
1788636429.316678,1788636600,170.7,Down,0.51,159.16,0.5,20,49,50,False
1788636432.6623378,1788636600,167.3,Up,0.5,20,0.49,159.16,50,49,False
1788636432.6623378,1788636600,167.3,Down,0.51,159.16,0.5,20,49,50,False
1788636435.9765508,1788636600,164.0,Up,0.5,20,0.49,159.16,50,49,False
1788636435.9765508,1788636600,164.0,Down,0.51,159.16,0.5,20,49,50,False
1788636439.2133121,1788636600,160.8,Up,0.5,20,0.49,159.16,50,49,False
1788636439.2133121,1788636600,160.8,Down,0.51,159.16,0.5,20,49,50,False
1788636442.5453582,1788636600,157.5,Up,0.5,20,0.49,159.16,50,49,False
1788636442.5453582,1788636600,157.5,Down,0.51,159.16,0.5,20,49,50,False
1788636445.8775184,1788636600,154.1,Up,0.5,20,0.49,159.16,50,49,False
1788636445.8775184,1788636600,154.1,Down,0.51,159.16,0.5,20,49,50,False
1788636449.2012675,1788636600,150.8,Up,0.5,20,0.49,159.16,50,49,False
1788636449.2012675,1788636600,150.8,Down,0.51,159.16,0.5,20,49,50,False
1788636452.519146,1788636600,147.5,Up,0.5,20,0.49,159.16,50,49,False
1788636452.519146,1788636600,147.5,Down,0.51,159.16,0.5,20,49,50,False
1788636455.7410734,1788636600,144.3,Up,0.5,20,0.49,159.16,50,49,False
1788636455.7410734,1788636600,144.3,Down,0.51,159.16,0.5,20,49,50,False
1788636458.9716887,1788636600,141.0,Up,0.51,195.71,0.49,147.39,49,49,False
1788636458.9716887,1788636600,141.0,Down,0.51,147.39,0.49,195.71,49,49,False
1788636462.2936058,1788636600,137.7,Up,0.51,195.71,0.49,157.39,49,49,False
1788636462.2936058,1788636600,137.7,Down,0.51,157.39,0.49,195.71,49,49,False
1788636465.6034536,1788636600,134.4,Up,0.51,195.71,0.49,157.39,49,49,False
1788636465.6034536,1788636600,134.4,Down,0.51,157.39,0.49,195.71,49,49,False
1788636468.9257925,1788636600,131.1,Up,0.51,195.71,0.49,157.39,49,49,False
1788636468.9257925,1788636600,131.1,Down,0.51,157.39,0.49,195.71,49,49,False
1788636472.1514285,1788636600,127.8,Up,0.51,176.29,0.49,157.39,49,49,False
1788636472.1514285,1788636600,127.8,Down,0.51,157.39,0.49,176.29,49,49,False
1788636475.4671688,1788636600,124.5,Up,0.51,174.32,0.49,157.39,49,49,False
1788636475.4671688,1788636600,124.5,Down,0.51,157.39,0.49,174.32,49,49,False
1788636478.8212974,1788636600,121.2,Up,0.51,174.32,0.49,157.39,49,49,False
1788636478.8212974,1788636600,121.2,Down,0.51,157.39,0.49,174.32,49,49,False
1788636482.176346,1788636600,117.8,Up,0.51,174.32,0.49,157.39,49,49,False
1788636482.176346,1788636600,117.8,Down,0.51,157.39,0.49,174.32,49,49,False
1788636485.4934042,1788636600,114.5,Up,0.51,174.32,0.49,137.39,49,49,False
1788636485.4934042,1788636600,114.5,Down,0.51,137.39,0.49,174.32,49,49,False
1788636488.7198591,1788636600,111.3,Up,0.51,185.32,0.49,141.42,49,49,False
1788636488.7198591,1788636600,111.3,Down,0.51,141.42,0.49,185.32,49,49,False
1788636492.0305429,1788636600,108.0,Up,0.51,175.32,0.49,141.42,49,49,False
1788636492.0305429,1788636600,108.0,Down,0.51,141.42,0.49,175.32,49,49,False
1788636495.343592,1788636600,104.7,Up,0.51,175.32,0.49,141.42,49,49,False
1788636495.343592,1788636600,104.7,Down,0.51,141.42,0.49,175.32,49,49,False
1788636498.5802014,1788636600,101.4,Up,0.51,175.32,0.49,141.42,49,49,False
1788636498.5802014,1788636600,101.4,Down,0.51,141.42,0.49,175.32,49,49,False
1788636501.8883667,1788636600,98.1,Up,0.51,175.32,0.49,141.42,49,49,False
1788636501.8883667,1788636600,98.1,Down,0.51,141.42,0.49,175.32,49,49,False
1788636505.1889153,1788636600,94.8,Up,0.51,164.67,0.49,141.42,49,49,False
1788636505.1889153,1788636600,94.8,Down,0.51,141.42,0.49,164.67,49,49,False
1788636508.4209225,1788636600,91.6,Up,0.51,164.67,0.49,141.42,49,49,False
1788636508.4209225,1788636600,91.6,Down,0.51,141.42,0.49,164.67,49,49,False
1788636511.6619928,1788636600,88.3,Up,0.51,164.67,0.49,141.42,49,49,False
1788636511.6619928,1788636600,88.3,Down,0.51,141.42,0.49,164.67,49,49,False
1788636514.8917875,1788636600,85.1,Up,0.51,164.67,0.49,141.42,49,49,False
1788636514.8917875,1788636600,85.1,Down,0.51,141.42,0.49,164.67,49,49,False
1788636518.2012067,1788636600,81.8,Up,0.51,154.86,0.49,141.42,49,49,False
1788636518.2012067,1788636600,81.8,Down,0.51,141.42,0.49,154.86,49,49,False
1788636521.5085425,1788636600,78.5,Up,0.51,154.86,0.49,36,49,49,False
1788636521.5085425,1788636600,78.5,Down,0.51,36,0.49,154.86,49,49,False
1788636524.8641908,1788636600,75.1,Up,0.51,154.86,0.49,36,49,49,False
1788636524.8641908,1788636600,75.1,Down,0.51,36,0.49,154.86,49,49,False
1788636528.1016958,1788636600,71.9,Up,0.51,41.71,0.49,43,49,49,False
1788636528.1016958,1788636600,71.9,Down,0.51,43,0.49,41.71,49,49,False
1788636531.3442154,1788636600,68.7,Up,0.51,41.71,0.49,43,49,49,False
1788636531.3442154,1788636600,68.7,Down,0.51,43,0.49,41.71,49,49,False
1788636534.6861112,1788636600,65.3,Up,0.51,41.71,0.49,43,49,49,False
1788636534.6861112,1788636600,65.3,Down,0.51,43,0.49,41.71,49,49,False
1788636537.850352,1788636600,62.1,Up,0.5,25,0.49,37,50,49,False
1788636537.850352,1788636600,62.1,Down,0.51,37,0.5,25,49,50,False
1788636541.169737,1788636600,58.8,Up,0.5,25,0.49,37,50,49,False
1788636541.169737,1788636600,58.8,Down,0.51,37,0.5,25,49,50,False
1788636544.4763632,1788636600,55.5,Up,0.5,25,0.49,32,50,49,False
1788636544.4763632,1788636600,55.5,Down,0.51,27,0.5,25,49,50,False
1788636547.7215357,1788636600,52.3,Up,0.5,28.48,0.49,22,50,49,False
1788636547.7215357,1788636600,52.3,Down,0.51,22,0.5,28.48,49,50,False
1788636551.0209808,1788636600,49.0,Up,0.5,35.48,0.49,15,50,49,False
1788636551.0209808,1788636600,49.0,Down,0.51,15,0.5,35.48,49,50,False
1788636554.2478845,1788636600,45.8,Up,0.5,35.48,0.49,15,50,49,False
1788636554.2478845,1788636600,45.8,Down,0.51,15,0.5,35.48,49,50,False
1788636557.582335,1788636600,42.4,Up,0.5,35.48,0.49,15,50,49,False
1788636557.582335,1788636600,42.4,Down,0.51,15,0.5,35.48,49,50,False
1788636560.899205,1788636600,39.1,Up,0.5,135,0.49,155.19,50,49,False
1788636560.899205,1788636600,39.1,Down,0.51,155.19,0.5,135,49,50,False
1788636564.2096684,1788636600,35.8,Up,0.5,154.8,0.49,155.19,50,49,False
1788636564.2096684,1788636600,35.8,Down,0.51,155.19,0.5,154.8,49,50,False
1788636567.5241246,1788636600,32.5,Up,0.5,139.8,0.49,155.19,50,49,False
1788636567.5241246,1788636600,32.5,Down,0.51,155.19,0.5,139.8,49,50,False
1788636570.8463347,1788636600,29.2,Up,0.5,152.48,0.48,263,50,48,False
1788636570.8463347,1788636600,29.2,Down,0.52,263,0.5,152.48,48,50,False
1788636574.153881,1788636600,25.8,Up,0.49,36.5,0.48,263,51,48,False
1788636574.153881,1788636600,25.8,Down,0.52,263,0.51,36.5,48,51,False
1788636577.676304,1788636600,22.3,Up,0.49,36.5,0.48,207,51,48,False
1788636577.676304,1788636600,22.3,Down,0.52,207,0.51,36.5,48,51,False
1788636580.9586003,1788636600,19.0,Up,0.49,31.27,0.48,180,51,48,False
1788636580.9586003,1788636600,19.0,Down,0.52,180,0.51,31.27,48,51,False
1788636584.2694354,1788636600,15.7,Up,0.49,2.27,0.48,274.31,51,48,False
1788636584.2694354,1788636600,15.7,Down,0.52,274.31,0.51,2.27,48,51,False
1788636587.591174,1788636600,12.4,Up,0.51,111.78,0.49,91.81,49,49,False
1788636587.591174,1788636600,12.4,Down,0.51,66.81,0.5,90,49,50,False
1788636590.8212109,1788636600,9.2,Up,0.5,90,0.49,83.95,50,49,False
1788636590.8212109,1788636600,9.2,Down,0.51,83.95,0.5,90,49,50,False
1788636593.4380858,1788636600,6.6,Up,0.5,338,0.49,6.18,50,49,False
1788636593.4380858,1788636600,6.6,Down,0.51,6.18,0.5,338,49,50,False
1788636595.3991556,1788636600,4.6,Up,0.49,20,0.48,119.35,51,48,False
1788636595.3991556,1788636600,4.6,Down,0.52,119.35,0.51,20,48,51,False
1788636596.789266,1788636600,3.2,Up,0.49,20,0.48,131.58,51,48,False
1788636596.789266,1788636600,3.2,Down,0.52,131.58,0.51,20,48,51,False
1788636598.1545856,1788636600,1.8,Up,0.49,16.02,0.48,110.27,51,48,False
1788636598.1545856,1788636600,1.8,Down,0.52,110.27,0.51,16.02,48,51,False
1788636600.5959673,1788636900,299.4,Up,0.51,294.2,0.5,5,48,50,False
1788636600.5959673,1788636900,299.4,Down,0.5,5,0.49,294.2,50,48,False
1788636603.8427637,1788636900,296.2,Up,0.51,294.2,0.5,5,48,50,False
1788636603.8427637,1788636900,296.2,Down,0.5,5,0.49,294.2,50,48,False
1788636607.0851538,1788636900,292.9,Up,0.51,309.2,0.5,15,48,50,False
1788636607.0851538,1788636900,292.9,Down,0.5,15,0.49,309.2,50,48,False
1788636610.3153157,1788636900,289.7,Up,0.51,329.7,0.5,15,49,50,False
1788636610.3153157,1788636900,289.7,Down,0.5,15,0.49,329.7,50,49,False
1788636613.618773,1788636900,286.4,Up,0.51,329.7,0.5,15,49,50,False
1788636613.618773,1788636900,286.4,Down,0.5,15,0.49,329.7,50,49,False
1788636616.9495063,1788636900,283.1,Up,0.51,329.7,0.5,33,49,50,False
1788636616.9495063,1788636900,283.1,Down,0.5,33,0.49,329.7,50,49,False
1788636620.193782,1788636900,279.8,Up,0.51,329.7,0.5,33,49,50,False
1788636620.193782,1788636900,279.8,Down,0.5,33,0.49,329.7,50,49,False
1788636623.516797,1788636900,276.5,Up,0.51,329.7,0.5,38,49,50,False
1788636623.516797,1788636900,276.5,Down,0.5,38,0.49,329.7,50,49,False
1788636626.7424383,1788636900,273.3,Up,0.51,329.7,0.5,33,49,50,False
1788636626.7424383,1788636900,273.3,Down,0.5,33,0.49,329.7,50,49,False
1788636630.0623617,1788636900,269.9,Up,0.51,329.7,0.5,33,49,50,False
1788636630.0623617,1788636900,269.9,Down,0.5,33,0.49,329.7,50,49,False
1788636633.3718245,1788636900,266.6,Up,0.51,329.7,0.5,33,49,50,False
1788636633.3718245,1788636900,266.6,Down,0.5,33,0.49,329.7,50,49,False
1788636636.681522,1788636900,263.3,Up,0.51,329.7,0.5,33,49,50,False
1788636636.681522,1788636900,263.3,Down,0.5,33,0.49,329.7,50,49,False
1788636639.9945018,1788636900,260.0,Up,0.51,329.7,0.5,33,49,50,False
1788636639.9945018,1788636900,260.0,Down,0.5,33,0.49,329.7,50,49,False
1788636643.3017995,1788636900,256.7,Up,0.51,329.7,0.5,33,49,50,False
1788636643.3017995,1788636900,256.7,Down,0.5,33,0.49,329.7,50,49,False
1788636646.6212428,1788636900,253.4,Up,0.51,258.5,0.5,33,49,50,False
1788636646.6212428,1788636900,253.4,Down,0.5,33,0.49,258.5,50,49,False
1788636649.8598087,1788636900,250.1,Up,0.51,278.5,0.5,33,49,50,False
1788636649.8598087,1788636900,250.1,Down,0.5,33,0.49,278.5,50,49,False
1788636653.1738265,1788636900,246.8,Up,0.51,288.5,0.5,33,49,50,False
1788636653.1738265,1788636900,246.8,Down,0.5,33,0.49,288.5,50,49,False
1788636656.49137,1788636900,243.5,Up,0.51,268.5,0.5,33,49,50,False
1788636656.49137,1788636900,243.5,Down,0.5,33,0.49,268.5,50,49,False
1788636659.796679,1788636900,240.2,Up,0.51,268.5,0.5,33,49,50,False
1788636659.796679,1788636900,240.2,Down,0.5,33,0.49,268.5,50,49,False
1788636663.1216273,1788636900,236.9,Up,0.51,268.5,0.5,33,49,50,False
1788636663.1216273,1788636900,236.9,Down,0.5,33,0.49,268.5,50,49,False
1788636666.4292953,1788636900,233.6,Up,0.51,268.5,0.5,33,49,50,False
1788636666.4292953,1788636900,233.6,Down,0.5,33,0.49,268.5,50,49,False
1788636669.7555425,1788636900,230.2,Up,0.51,268.5,0.5,33,49,50,False
1788636669.7555425,1788636900,230.2,Down,0.5,33,0.49,268.5,50,49,False
1788636672.9923368,1788636900,227.0,Up,0.51,268.5,0.5,33,49,50,False
1788636672.9923368,1788636900,227.0,Down,0.5,33,0.49,268.5,50,49,False
1788636676.313323,1788636900,223.7,Up,0.51,268.5,0.5,33,49,50,False
1788636676.313323,1788636900,223.7,Down,0.5,33,0.49,268.5,50,49,False
1788636679.6506941,1788636900,220.3,Up,0.51,268.5,0.5,33,49,50,False
1788636679.6506941,1788636900,220.3,Down,0.5,33,0.49,268.5,50,49,False
1788636682.9711938,1788636900,217.0,Up,0.51,264.57,0.5,25,49,50,False
1788636682.9711938,1788636900,217.0,Down,0.5,25,0.49,264.57,50,49,False
1788636686.2857714,1788636900,213.7,Up,0.51,264.57,0.49,194.17,49,49,False
1788636686.2857714,1788636900,213.7,Down,0.51,194.17,0.49,264.57,49,49,False
1788636689.612609,1788636900,210.4,Up,0.51,264.57,0.49,194.17,49,49,False
1788636689.612609,1788636900,210.4,Down,0.51,194.17,0.49,264.57,49,49,False
1788636692.9357738,1788636900,207.1,Up,0.51,264.57,0.49,194.17,49,49,False
1788636692.9357738,1788636900,207.1,Down,0.51,194.17,0.49,264.57,49,49,False
1788636696.0917096,1788636900,203.9,Up,0.51,264.57,0.49,194.17,49,49,False
1788636696.0917096,1788636900,203.9,Down,0.51,194.17,0.49,264.57,49,49,False
1788636699.3288763,1788636900,200.7,Up,0.51,264.57,0.49,194.17,49,49,False
1788636699.3288763,1788636900,200.7,Down,0.51,194.17,0.49,264.57,49,49,False
1788636702.575265,1788636900,197.4,Up,0.51,264.57,0.49,194.17,49,49,False
1788636702.575265,1788636900,197.4,Down,0.51,194.17,0.49,264.57,49,49,False
1788636705.9094455,1788636900,194.1,Up,0.51,264.57,0.49,194.17,49,49,False
1788636705.9094455,1788636900,194.1,Down,0.51,194.17,0.49,264.57,49,49,False
1788636709.0656617,1788636900,190.9,Up,0.51,264.57,0.49,194.17,49,49,False
1788636709.0656617,1788636900,190.9,Down,0.51,194.17,0.49,264.57,49,49,False
1788636712.3875096,1788636900,187.6,Up,0.51,264.57,0.49,194.17,49,49,False
1788636712.3875096,1788636900,187.6,Down,0.51,194.17,0.49,264.57,49,49,False
1788636715.709895,1788636900,184.3,Up,0.51,264.57,0.49,194.17,49,49,False
1788636715.709895,1788636900,184.3,Down,0.51,194.17,0.49,264.57,49,49,False
1788636719.0209746,1788636900,181.0,Up,0.51,264.57,0.49,194.17,49,49,False
1788636719.0209746,1788636900,181.0,Down,0.51,194.17,0.49,264.57,49,49,False
1788636722.3608637,1788636900,177.6,Up,0.51,264.57,0.49,194.17,49,49,False
1788636722.3608637,1788636900,177.6,Down,0.51,194.17,0.49,264.57,49,49,False
1788636725.6674595,1788636900,174.3,Up,0.51,260.5,0.49,194.17,49,49,False
1788636725.6674595,1788636900,174.3,Down,0.51,194.17,0.49,260.5,49,49,False
1788636728.8907661,1788636900,171.1,Up,0.51,260.5,0.49,194.17,49,49,False
1788636728.8907661,1788636900,171.1,Down,0.51,194.17,0.49,260.5,49,49,False
1788636732.215372,1788636900,167.8,Up,0.51,240,0.49,194.17,49,49,False
1788636732.215372,1788636900,167.8,Down,0.51,194.17,0.49,240,49,49,False
1788636735.5351703,1788636900,164.5,Up,0.51,240,0.49,194.17,49,49,False
1788636735.5351703,1788636900,164.5,Down,0.51,194.17,0.49,240,49,49,False
1788636738.8545084,1788636900,161.1,Up,0.51,240,0.49,194.17,49,49,False
1788636738.8545084,1788636900,161.1,Down,0.51,194.17,0.49,240,49,49,False
1788636742.1801903,1788636900,157.8,Up,0.51,240,0.49,194.17,49,49,False
1788636742.1801903,1788636900,157.8,Down,0.51,194.17,0.49,240,49,49,False
1788636745.4894924,1788636900,154.5,Up,0.51,240,0.49,194.17,49,49,False
1788636745.4894924,1788636900,154.5,Down,0.51,194.17,0.49,240,49,49,False
1788636748.8122475,1788636900,151.2,Up,0.51,320,0.49,194.17,49,49,False
1788636748.8122475,1788636900,151.2,Down,0.52,233.12,0.49,320,48,49,False
1788636752.1179848,1788636900,147.9,Up,0.51,315,0.48,228.12,49,48,False
1788636752.1179848,1788636900,147.9,Down,0.52,228.12,0.49,315,48,49,False
1788636755.445151,1788636900,144.6,Up,0.51,235,0.48,228.12,49,48,False
1788636755.445151,1788636900,144.6,Down,0.52,228.12,0.49,235,48,49,False
1788636758.811829,1788636900,141.2,Up,0.49,70,0.48,218.12,51,48,False
1788636758.811829,1788636900,141.2,Down,0.52,218.12,0.51,70,48,51,False
1788636762.050658,1788636900,137.9,Up,0.49,70,0.48,213.12,51,48,False
1788636762.050658,1788636900,137.9,Down,0.52,213.12,0.51,70,48,51,False
1788636765.380136,1788636900,134.6,Up,0.49,70,0.48,213.12,51,48,False
1788636765.380136,1788636900,134.6,Down,0.52,213.12,0.51,70,48,51,False
1788636768.619575,1788636900,131.4,Up,0.49,70,0.48,213.12,51,48,False
1788636768.619575,1788636900,131.4,Down,0.52,213.12,0.51,70,48,51,False
1788636771.8689888,1788636900,128.1,Up,0.49,70,0.48,218.12,51,48,False
1788636771.8689888,1788636900,128.1,Down,0.52,218.12,0.51,70,48,51,False
1788636775.1003335,1788636900,124.9,Up,0.49,10,0.48,218.12,51,48,False
1788636775.1003335,1788636900,124.9,Down,0.52,218.12,0.51,10,48,51,False
1788636778.4053884,1788636900,121.6,Up,0.49,15,0.48,218.12,51,48,False
1788636778.4053884,1788636900,121.6,Down,0.52,218.12,0.51,15,48,51,False
1788636781.715509,1788636900,118.3,Up,0.49,20,0.48,218.12,51,48,False
1788636781.715509,1788636900,118.3,Down,0.52,218.12,0.51,20,48,51,False
1788636785.0272734,1788636900,115.0,Up,0.49,20,0.48,218.12,51,48,False
1788636785.0272734,1788636900,115.0,Down,0.52,218.12,0.51,20,48,51,False
1788636788.3509586,1788636900,111.6,Up,0.49,20,0.48,218.12,51,48,False
1788636788.3509586,1788636900,111.6,Down,0.52,218.12,0.51,20,48,51,False
1788636791.6792653,1788636900,108.3,Up,0.49,80,0.48,218.12,51,48,False
1788636791.6792653,1788636900,108.3,Down,0.52,218.12,0.51,80,48,51,False
1788636794.9119575,1788636900,105.1,Up,0.49,80,0.48,218.12,51,48,False
1788636794.9119575,1788636900,105.1,Down,0.52,218.12,0.51,80,48,51,False
1788636798.2302072,1788636900,101.8,Up,0.49,80,0.48,218.12,51,48,False
1788636798.2302072,1788636900,101.8,Down,0.52,218.12,0.51,80,48,51,False
1788636801.5344093,1788636900,98.5,Up,0.49,80,0.48,218.12,51,48,False
1788636801.5344093,1788636900,98.5,Down,0.52,218.12,0.51,80,48,51,False
1788636804.7523594,1788636900,95.2,Up,0.49,80,0.48,218.12,51,48,False
1788636804.7523594,1788636900,95.2,Down,0.52,218.12,0.51,80,48,51,False
1788636808.3162885,1788636900,91.7,Up,0.49,73.87,0.48,218.12,51,48,False
1788636808.3162885,1788636900,91.7,Down,0.52,218.12,0.51,73.87,48,51,False
1788636811.6416144,1788636900,88.4,Up,0.49,73.87,0.48,218.12,51,48,False
1788636811.6416144,1788636900,88.4,Down,0.52,218.12,0.51,73.87,48,51,False
1788636814.9883294,1788636900,85.0,Up,0.49,73.87,0.48,218.12,51,48,False
1788636814.9883294,1788636900,85.0,Down,0.52,218.12,0.51,73.87,48,51,False
1788636818.231793,1788636900,81.8,Up,0.49,73.87,0.48,218.12,51,48,False
1788636818.231793,1788636900,81.8,Down,0.52,218.12,0.51,73.87,48,51,False
1788636821.5777776,1788636900,78.4,Up,0.49,73.87,0.48,218.12,51,48,False
1788636821.5777776,1788636900,78.4,Down,0.52,218.12,0.51,73.87,48,51,False
1788636824.8801813,1788636900,75.1,Up,0.49,13.87,0.48,218.12,51,48,False
1788636824.8801813,1788636900,75.1,Down,0.52,218.12,0.51,13.87,48,51,False
1788636828.1975975,1788636900,71.8,Up,0.49,13.87,0.48,218.12,51,48,False
1788636828.1975975,1788636900,71.8,Down,0.52,218.12,0.51,13.87,48,51,False
1788636832.0025244,1788636900,68.0,Up,0.49,73.87,0.48,218.12,51,48,False
1788636832.0025244,1788636900,68.0,Down,0.52,218.12,0.51,73.87,48,51,False
1788636835.2316053,1788636900,64.8,Up,0.49,73.87,0.48,218.12,51,48,False
1788636835.2316053,1788636900,64.8,Down,0.52,218.12,0.51,73.87,48,51,False
1788636838.4726295,1788636900,61.5,Up,0.49,88.87,0.48,218.12,51,48,False
1788636838.4726295,1788636900,61.5,Down,0.52,218.12,0.51,88.87,48,51,False
1788636841.8308325,1788636900,58.2,Up,0.49,28.87,0.48,218.12,51,48,False
1788636841.8308325,1788636900,58.2,Down,0.52,218.12,0.51,28.87,48,51,False
1788636845.1714253,1788636900,54.8,Up,0.49,28.87,0.48,218.12,51,48,False
1788636845.1714253,1788636900,54.8,Down,0.52,218.12,0.51,23.87,48,51,False
1788636848.4851959,1788636900,51.5,Up,0.5,10,0.48,228.12,50,48,False
1788636848.4851959,1788636900,51.5,Down,0.52,213.12,0.5,10,48,50,False
1788636851.8065772,1788636900,48.2,Up,0.5,10,0.49,46,50,49,False
1788636851.8065772,1788636900,48.2,Down,0.51,46,0.5,10,49,50,False
1788636855.1274142,1788636900,44.9,Up,0.5,20,0.49,31,50,49,False
1788636855.1274142,1788636900,44.9,Down,0.51,31,0.5,20,49,50,False
1788636858.3721268,1788636900,41.6,Up,0.5,270,0.49,31,50,47,False
1788636858.3721268,1788636900,41.6,Down,0.52,119.12,0.51,119.04,46,51,False
1788636861.6432946,1788636900,38.4,Up,0.41,15,0.4,100,59,40,False
1788636861.6432946,1788636900,38.4,Down,0.6,120,0.59,15,40,59,False
1788636864.9651117,1788636900,35.0,Up,0.41,115,0.4,120,59,38,False
1788636864.9651117,1788636900,35.0,Down,0.6,120,0.59,115,38,59,False
1788636868.2005377,1788636900,31.8,Up,0.41,115,0.4,120,59,38,False
1788636868.2005377,1788636900,31.8,Down,0.6,120,0.59,115,38,59,False
1788636871.529657,1788636900,28.5,Up,0.41,115,0.4,120,59,38,False
1788636871.529657,1788636900,28.5,Down,0.6,120,0.59,115,38,59,False
1788636874.8553815,1788636900,25.1,Up,0.41,115,0.4,101.66,59,38,False
1788636874.8553815,1788636900,25.1,Down,0.6,111.66,0.59,115,38,59,False
1788636878.1655118,1788636900,21.8,Up,0.41,100,0.4,20,59,38,False
1788636878.1655118,1788636900,21.8,Down,0.6,20,0.59,100,38,59,False
1788636881.4757557,1788636900,18.5,Up,0.41,93.88,0.4,94.66,59,40,False
1788636881.4757557,1788636900,18.5,Down,0.6,94.66,0.59,93.88,40,59,False
1788636884.7773354,1788636900,15.2,Up,0.41,5.13,0.4,79.66,59,39,False
1788636884.7773354,1788636900,15.2,Down,0.6,79.66,0.59,5.13,40,59,False
1788636888.0907435,1788636900,11.9,Up,0.44,107.82,0.4,84.66,56,40,False
1788636888.0907435,1788636900,11.9,Down,0.6,84.66,0.56,107.82,40,56,False
1788636891.3777986,1788636900,8.6,Up,0.41,100,0.4,6.66,59,40,False
1788636891.3777986,1788636900,8.6,Down,0.6,6.66,0.59,100,40,59,False
1788636893.837762,1788636900,6.2,Up,0.43,100,0.4,122.32,57,40,False
1788636893.837762,1788636900,6.2,Down,0.6,122.32,0.57,95.34,40,57,False
1788636895.6204123,1788636900,4.4,Up,0.41,21.4,0.39,10,59,37,False
1788636895.6204123,1788636900,4.4,Down,0.63,15,0.6,38,36,60,False
1788636897.032456,1788636900,3.0,Up,0.31,25,0.29,100,69,29,False
1788636897.032456,1788636900,3.0,Down,0.71,120,0.69,25,29,69,False
1788636898.251841,1788636900,1.7,Up,0.35,113.14,0.29,268.93,64,29,False
1788636898.251841,1788636900,1.7,Down,0.71,268.93,0.65,113.14,29,64,False
1788636900.7268088,1788637200,299.3,Up,0.52,105,0.51,235.94,47,51,False
1788636900.7268088,1788637200,299.3,Down,0.49,235.94,0.48,105,51,47,False
1788636903.967399,1788637200,296.0,Up,0.52,101.15,0.51,235.94,47,51,False
1788636903.967399,1788637200,296.0,Down,0.49,235.94,0.48,101.15,51,47,False
1788636907.287754,1788637200,292.7,Up,0.52,106.15,0.51,261.92,47,51,False
1788636907.287754,1788637200,292.7,Down,0.49,261.92,0.48,106.15,51,47,False
1788636910.4562364,1788637200,289.5,Up,0.52,106.15,0.51,261.92,48,51,False
1788636910.4562364,1788637200,289.5,Down,0.49,261.92,0.48,106.15,51,48,False
1788636913.7521322,1788637200,286.2,Up,0.52,206.15,0.51,241.92,48,51,False
1788636913.7521322,1788637200,286.2,Down,0.49,241.92,0.48,206.15,51,48,False
1788636917.087582,1788637200,282.9,Up,0.52,221.98,0.51,296.92,48,51,False
1788636917.087582,1788637200,282.9,Down,0.49,296.92,0.48,221.98,51,48,False
1788636920.3138344,1788637200,279.7,Up,0.52,221.98,0.51,296.92,48,51,False
1788636920.3138344,1788637200,279.7,Down,0.49,296.92,0.48,221.98,51,48,False
1788636923.6230218,1788637200,276.4,Up,0.52,242.81,0.51,291.92,48,51,False
1788636923.6230218,1788637200,276.4,Down,0.49,291.92,0.48,242.81,51,48,False
1788636926.870736,1788637200,273.1,Up,0.52,242.81,0.51,291.92,48,51,False
1788636926.870736,1788637200,273.1,Down,0.49,291.92,0.48,242.81,51,48,False
1788636930.0912635,1788637200,269.9,Up,0.52,242.81,0.51,291.92,48,51,False
1788636930.0912635,1788637200,269.9,Down,0.49,291.92,0.48,242.81,51,48,False
1788636933.3958468,1788637200,266.6,Up,0.52,242.81,0.51,291.92,48,51,False
1788636933.3958468,1788637200,266.6,Down,0.49,291.92,0.48,242.81,51,48,False
1788636936.6330504,1788637200,263.4,Up,0.52,242.81,0.51,297.92,48,51,False
1788636936.6330504,1788637200,263.4,Down,0.49,297.92,0.48,242.81,51,48,False
1788636939.945033,1788637200,260.1,Up,0.52,242.81,0.51,297.92,48,51,False
1788636939.945033,1788637200,260.1,Down,0.49,297.92,0.48,242.81,51,48,False
1788636943.281894,1788637200,256.7,Up,0.52,242.81,0.51,297.92,48,51,False
1788636943.281894,1788637200,256.7,Down,0.49,297.92,0.48,242.81,51,48,False
1788636946.5895638,1788637200,253.4,Up,0.52,247.81,0.51,292.92,48,51,False
1788636946.5895638,1788637200,253.4,Down,0.49,292.92,0.48,247.81,51,48,False
1788636949.8724668,1788637200,250.1,Up,0.52,247.81,0.51,292.92,48,51,False
1788636949.8724668,1788637200,250.1,Down,0.49,292.92,0.48,247.81,51,48,False
1788636953.11,1788637200,246.9,Up,0.52,146.66,0.51,292.92,48,51,False
1788636953.11,1788637200,246.9,Down,0.49,292.92,0.48,146.66,51,48,False
1788636956.3517709,1788637200,243.6,Up,0.52,146.66,0.51,292.92,48,51,False
1788636956.3517709,1788637200,243.6,Down,0.49,292.92,0.48,146.66,51,48,False
1788636959.6610472,1788637200,240.3,Up,0.52,141.66,0.51,297.92,48,51,False
1788636959.6610472,1788637200,240.3,Down,0.49,297.92,0.48,141.66,51,48,False
1788636962.9805617,1788637200,237.0,Up,0.52,141.66,0.51,297.92,48,51,False
1788636962.9805617,1788637200,237.0,Down,0.49,297.92,0.48,141.66,51,48,False
1788636966.3130803,1788637200,233.7,Up,0.52,141.66,0.51,297.92,48,51,False
1788636966.3130803,1788637200,233.7,Down,0.49,297.92,0.48,141.66,51,48,False
1788636969.6737902,1788637200,230.3,Up,0.52,146.66,0.51,104,48,51,False
1788636969.6737902,1788637200,230.3,Down,0.49,104,0.48,146.66,51,48,False
1788636972.9142947,1788637200,227.1,Up,0.52,146.66,0.51,104,48,51,False
1788636972.9142947,1788637200,227.1,Down,0.49,104,0.48,146.66,51,48,False
1788636976.2379394,1788637200,223.8,Up,0.52,151.66,0.51,109,48,51,False
1788636976.2379394,1788637200,223.8,Down,0.49,109,0.48,151.66,51,48,False
1788636979.5940082,1788637200,220.4,Up,0.52,151.66,0.51,109,48,51,False
1788636979.5940082,1788637200,220.4,Down,0.49,109,0.48,151.66,51,48,False
1788636982.9060624,1788637200,217.1,Up,0.52,151.66,0.51,109,48,51,False
1788636982.9060624,1788637200,217.1,Down,0.49,109,0.48,151.66,51,48,False
1788636986.2259617,1788637200,213.8,Up,0.52,151.66,0.51,109,48,51,False
1788636986.2259617,1788637200,213.8,Down,0.49,109,0.48,151.66,51,48,False
1788636989.5567942,1788637200,210.4,Up,0.52,151.66,0.51,109,48,51,False
1788636989.5567942,1788637200,210.4,Down,0.49,109,0.48,151.66,51,48,False
1788636992.8634572,1788637200,207.1,Up,0.52,151.66,0.51,109,48,51,False
1788636992.8634572,1788637200,207.1,Down,0.49,109,0.48,151.66,51,48,False
1788636996.0953994,1788637200,203.9,Up,0.52,151.66,0.51,109,48,51,False
1788636996.0953994,1788637200,203.9,Down,0.49,109,0.48,151.66,51,48,False
1788636999.4451928,1788637200,200.6,Up,0.52,142.14,0.51,104,48,51,False
1788636999.4451928,1788637200,200.6,Down,0.49,104,0.48,142.14,51,48,False
1788637002.7770345,1788637200,197.2,Up,0.52,137.14,0.51,104,48,51,False
1788637002.7770345,1788637200,197.2,Down,0.49,104,0.48,137.14,51,48,False
1788637006.1195292,1788637200,193.9,Up,0.52,137.14,0.51,104,48,51,False
1788637006.1195292,1788637200,193.9,Down,0.49,104,0.48,137.14,51,48,False
1788637009.3597088,1788637200,190.6,Up,0.52,137.14,0.51,114,48,51,False
1788637009.3597088,1788637200,190.6,Down,0.49,114,0.48,137.14,51,48,False
1788637012.673855,1788637200,187.3,Up,0.52,137.14,0.51,114,48,51,False
1788637012.673855,1788637200,187.3,Down,0.49,114,0.48,137.14,51,48,False
1788637015.9150946,1788637200,184.1,Up,0.52,137.14,0.51,114,48,51,False
1788637015.9150946,1788637200,184.1,Down,0.49,114,0.48,137.14,51,48,False
1788637019.1533256,1788637200,180.8,Up,0.52,40.98,0.51,124,48,51,False
1788637019.1533256,1788637200,180.8,Down,0.49,124,0.48,40.98,51,48,False
1788637022.3888226,1788637200,177.6,Up,0.52,40.98,0.51,124,48,51,False
1788637022.3888226,1788637200,177.6,Down,0.49,124,0.48,40.98,51,48,False
1788637025.6936665,1788637200,174.3,Up,0.52,40.98,0.51,124,48,51,False
1788637025.6936665,1788637200,174.3,Down,0.49,124,0.48,40.98,51,48,False
1788637028.9422574,1788637200,171.1,Up,0.52,31.46,0.51,119,48,51,False
1788637028.9422574,1788637200,171.1,Down,0.49,119,0.48,31.46,51,48,False
1788637032.2697113,1788637200,167.7,Up,0.52,31.46,0.51,119,48,51,False
1788637032.2697113,1788637200,167.7,Down,0.49,119,0.48,31.46,51,48,False
1788637035.893631,1788637200,164.1,Up,0.52,31.46,0.51,119,48,51,False
1788637035.893631,1788637200,164.1,Down,0.49,119,0.48,31.46,51,48,False
1788637039.2107909,1788637200,160.8,Up,0.52,31.46,0.51,119,48,51,False
1788637039.2107909,1788637200,160.8,Down,0.49,119,0.48,31.46,51,48,False
1788637042.546436,1788637200,157.5,Up,0.52,31.46,0.51,119,48,51,False
1788637042.546436,1788637200,157.5,Down,0.49,119,0.48,31.46,51,48,False
1788637045.875154,1788637200,154.1,Up,0.52,31.46,0.51,119,48,51,False
1788637045.875154,1788637200,154.1,Down,0.49,119,0.48,31.46,51,48,False
1788637049.1131763,1788637200,150.9,Up,0.52,31.46,0.51,119,48,51,False
1788637049.1131763,1788637200,150.9,Down,0.49,119,0.48,31.46,51,48,False
1788637052.4204257,1788637200,147.6,Up,0.52,31.46,0.51,119,48,51,False
1788637052.4204257,1788637200,147.6,Down,0.49,119,0.48,31.46,51,48,False
1788637055.6484294,1788637200,144.4,Up,0.52,31.46,0.51,199,48,51,False
1788637055.6484294,1788637200,144.4,Down,0.49,199,0.48,31.46,51,48,False
1788637058.9637861,1788637200,141.0,Up,0.52,31.46,0.51,169,48,51,False
1788637058.9637861,1788637200,141.0,Down,0.49,169,0.48,31.46,51,48,False
1788637062.261539,1788637200,137.7,Up,0.52,31.46,0.51,169,48,51,False
1788637062.261539,1788637200,137.7,Down,0.49,169,0.48,31.46,51,48,False
1788637065.5800397,1788637200,134.4,Up,0.52,31.46,0.51,169,48,51,False
1788637065.5800397,1788637200,134.4,Down,0.49,169,0.48,31.46,51,48,False
1788637068.8966813,1788637200,131.1,Up,0.52,7.15,0.51,169,48,51,False
1788637068.8966813,1788637200,131.1,Down,0.49,169,0.48,7.15,51,48,False
1788637072.235521,1788637200,127.8,Up,0.53,119.91,0.51,169,47,51,False
1788637072.235521,1788637200,127.8,Down,0.49,169,0.47,119.91,51,47,False
1788637075.4706943,1788637200,124.5,Up,0.53,119.91,0.51,169,47,51,False
1788637075.4706943,1788637200,124.5,Down,0.49,169,0.47,116.13,51,47,False
1788637078.6367795,1788637200,121.4,Up,0.54,33,0.51,169,46,51,False
1788637078.6367795,1788637200,121.4,Down,0.49,164,0.46,33,51,46,False
1788637081.96367,1788637200,118.0,Up,0.53,10,0.51,164,47,51,False
1788637081.96367,1788637200,118.0,Down,0.49,164,0.47,10,51,47,False
1788637085.3129866,1788637200,114.7,Up,0.53,110,0.52,20,47,52,False
1788637085.3129866,1788637200,114.7,Down,0.48,20,0.47,110,52,47,False
1788637088.540263,1788637200,111.5,Up,0.53,110,0.52,20,47,52,False
1788637088.540263,1788637200,111.5,Down,0.48,20,0.47,110,52,47,False
1788637091.8609276,1788637200,108.1,Up,0.53,110,0.52,40,47,52,False
1788637091.8609276,1788637200,108.1,Down,0.48,40,0.47,110,52,47,False
1788637095.309781,1788637200,104.7,Up,0.53,103.58,0.52,40,47,52,False
1788637095.309781,1788637200,104.7,Down,0.48,40,0.47,103.58,52,47,False
1788637098.9326134,1788637200,101.1,Up,0.53,103.58,0.52,40,47,52,False
1788637098.9326134,1788637200,101.1,Down,0.48,40,0.47,103.58,52,47,False
1788637103.1692634,1788637200,96.8,Up,0.55,110,0.54,15,45,54,False
1788637103.1692634,1788637200,96.8,Down,0.46,15,0.45,110,54,45,False
1788637106.621133,1788637200,93.4,Up,0.55,110,0.54,144.96,45,54,False
1788637106.621133,1788637200,93.4,Down,0.46,144.96,0.45,110,54,45,False
1788637109.8997855,1788637200,90.1,Up,0.55,110,0.54,142.78,45,54,False
1788637109.8997855,1788637200,90.1,Down,0.46,142.78,0.45,110,54,45,False
1788637113.429794,1788637200,86.6,Up,0.55,110,0.54,142.78,45,54,False
1788637113.429794,1788637200,86.6,Down,0.46,142.78,0.45,110,54,45,False
1788637116.7465441,1788637200,83.3,Up,0.55,110,0.54,142.78,45,54,False
1788637116.7465441,1788637200,83.3,Down,0.46,142.78,0.45,110,54,45,False
1788637120.2445214,1788637200,79.8,Up,0.55,110,0.54,142.78,45,54,False
1788637120.2445214,1788637200,79.8,Down,0.46,142.78,0.45,110,54,45,False
1788637123.5411963,1788637200,76.5,Up,0.55,110,0.54,88.43,45,54,False
1788637123.5411963,1788637200,76.5,Down,0.46,88.43,0.45,110,54,45,False
1788637126.7609193,1788637200,73.2,Up,0.55,110,0.54,88.43,45,54,False
1788637126.7609193,1788637200,73.2,Down,0.46,88.43,0.45,110,54,45,False
1788637130.0658514,1788637200,69.9,Up,0.55,110,0.54,88.43,45,54,False
1788637130.0658514,1788637200,69.9,Down,0.46,88.43,0.45,110,54,45,False
1788637133.3567836,1788637200,66.6,Up,0.55,110,0.54,88.43,45,54,False
1788637133.3567836,1788637200,66.6,Down,0.46,88.43,0.45,110,54,45,False
1788637136.670785,1788637200,63.3,Up,0.56,145,0.55,88.43,44,54,False
1788637136.670785,1788637200,63.3,Down,0.45,88.43,0.44,145,54,44,False
1788637139.9787898,1788637200,60.0,Up,0.58,80,0.56,37,42,56,False
1788637139.9787898,1788637200,60.0,Down,0.44,37,0.42,80,56,42,False
1788637143.2895317,1788637200,56.7,Up,0.57,25,0.56,27,43,56,False
1788637143.2895317,1788637200,56.7,Down,0.44,27,0.43,25,56,43,False
1788637146.5319872,1788637200,53.5,Up,0.57,23.24,0.56,24.72,43,56,False
1788637146.5319872,1788637200,53.5,Down,0.44,24.72,0.43,23.24,56,43,False
1788637149.7547324,1788637200,50.2,Up,0.56,16,0.55,52.26,44,55,False
1788637149.7547324,1788637200,50.2,Down,0.45,52.26,0.44,16,55,44,False
1788637153.221844,1788637200,46.8,Up,0.56,19.98,0.55,21.26,44,55,False
1788637153.221844,1788637200,46.8,Down,0.45,21.26,0.44,19.98,55,44,False
1788637157.2117882,1788637200,42.8,Up,0.56,169.98,0.55,21.26,44,55,False
1788637157.2117882,1788637200,42.8,Down,0.45,21.26,0.44,169.98,55,44,False
1788637160.5334916,1788637200,39.5,Up,0.56,169.98,0.55,21.26,44,55,False
1788637160.5334916,1788637200,39.5,Down,0.45,21.26,0.44,154.98,55,44,False
1788637163.8996758,1788637200,36.1,Up,0.56,169.98,0.54,4.26,44,54,False
1788637163.8996758,1788637200,36.1,Down,0.47,3.26,0.45,150,53,45,False
1788637167.1354964,1788637200,32.9,Up,0.54,13.14,0.52,12.24,46,52,False
1788637167.1354964,1788637200,32.9,Down,0.48,12.24,0.46,13.14,52,46,False
1788637170.4510782,1788637200,29.5,Up,0.53,37.73,0.52,19.99,47,52,False
1788637170.4510782,1788637200,29.5,Down,0.48,19.99,0.47,52.73,52,47,False
1788637173.7632444,1788637200,26.2,Up,0.53,52.73,0.51,133,47,51,False
1788637173.7632444,1788637200,26.2,Down,0.49,133,0.47,52.73,51,47,False
1788637177.0651543,1788637200,22.9,Up,0.53,43.29,0.48,130,47,48,False
1788637177.0651543,1788637200,22.9,Down,0.52,130,0.47,43.29,48,47,False
1788637180.3801587,1788637200,19.6,Up,0.53,43.29,0.52,32.25,47,49,False
1788637180.3801587,1788637200,19.6,Down,0.48,32.25,0.47,43.29,49,47,False
1788637183.6339605,1788637200,16.4,Up,0.55,153.08,0.53,38.29,45,51,False
1788637183.6339605,1788637200,16.4,Down,0.47,38.29,0.45,153.08,51,45,False
1788637186.9441829,1788637200,13.1,Up,0.54,0.3,0.53,26,46,50,False
1788637186.9441829,1788637200,13.1,Down,0.47,26,0.46,0.3,50,46,False
1788637190.248061,1788637200,9.8,Up,0.49,0.46,0.48,85.07,47,48,False
1788637190.248061,1788637200,9.8,Down,0.52,85.07,0.51,0.46,48,47,False
1788637192.9215462,1788637200,7.1,Up,0.5,5,0.48,42.37,47,48,False
1788637192.9215462,1788637200,7.1,Down,0.52,42.37,0.5,5,48,47,False
1788637194.9995093,1788637200,5.0,Up,0.49,5.31,0.48,42.37,49,48,False
1788637194.9995093,1788637200,5.0,Down,0.52,42.37,0.51,5.31,48,49,False
1788637196.5686543,1788637200,3.4,Up,0.49,1.22,0.48,769.63,49,48,False
1788637196.5686543,1788637200,3.4,Down,0.52,769.63,0.51,1.22,48,49,False
1788637197.8642843,1788637200,2.1,Up,0.52,9.61,0.48,1006.06,48,48,False
1788637197.8642843,1788637200,2.1,Down,0.52,1006.06,0.48,6.93,48,48,False
1788637199.185554,1788637200,0.8,Up,0.52,5,0.48,546.27,48,48,False
1788637199.185554,1788637200,0.8,Down,0.52,546.27,0.48,5,48,48,False
1788637201.6382809,1788637500,298.4,Up,0.52,105,0.51,112.97,47,51,False
1788637201.6382809,1788637500,298.4,Down,0.49,112.97,0.48,105,51,47,False
1788637204.9308465,1788637500,295.1,Up,0.52,105,0.51,112.97,47,51,False
1788637204.9308465,1788637500,295.1,Down,0.49,112.97,0.48,105,51,47,False
1788637208.2443922,1788637500,291.8,Up,0.52,120,0.51,102.97,48,51,False
1788637208.2443922,1788637500,291.8,Down,0.49,102.97,0.48,120,51,48,False
1788637211.5663803,1788637500,288.4,Up,0.52,220,0.51,102.97,48,51,False
1788637211.5663803,1788637500,288.4,Down,0.49,102.97,0.48,220,51,48,False
1788637214.8927453,1788637500,285.1,Up,0.52,225,0.51,107.97,48,51,False
1788637214.8927453,1788637500,285.1,Down,0.49,107.97,0.48,225,51,48,False
1788637218.2244706,1788637500,281.8,Up,0.52,225,0.51,157.97,48,51,False
1788637218.2244706,1788637500,281.8,Down,0.49,157.97,0.48,225,51,48,False
1788637222.2254279,1788637500,277.8,Up,0.52,225,0.51,152.97,48,51,False
1788637222.2254279,1788637500,277.8,Down,0.49,152.97,0.48,225,51,48,False
1788637225.5876665,1788637500,274.4,Up,0.52,245.83,0.51,152.97,48,51,False
1788637225.5876665,1788637500,274.4,Down,0.49,152.97,0.48,245.83,51,48,False
1788637228.837252,1788637500,271.2,Up,0.52,250.83,0.51,152.97,48,51,False
1788637228.837252,1788637500,271.2,Down,0.49,152.97,0.48,250.83,51,48,False
1788637232.3181086,1788637500,267.7,Up,0.52,250.83,0.51,152.97,48,51,False
1788637232.3181086,1788637500,267.7,Down,0.49,152.97,0.48,250.83,51,48,False
1788637235.8814285,1788637500,264.1,Up,0.52,250.83,0.51,159.87,48,51,False
1788637235.8814285,1788637500,264.1,Down,0.49,159.87,0.48,250.83,51,48,False
1788637239.527768,1788637500,260.5,Up,0.52,250.83,0.51,159.87,48,51,False
1788637239.527768,1788637500,260.5,Down,0.49,159.87,0.48,250.83,51,48,False
1788637242.83832,1788637500,257.2,Up,0.52,250.83,0.51,159.87,48,51,False
1788637242.83832,1788637500,257.2,Down,0.49,159.87,0.48,250.83,51,48,False
1788637246.1940753,1788637500,253.8,Up,0.52,250.83,0.51,159.87,48,51,False
1788637246.1940753,1788637500,253.8,Down,0.49,159.87,0.48,250.83,51,48,False
1788637249.7558987,1788637500,250.2,Up,0.52,250.83,0.51,159.87,48,51,False
1788637249.7558987,1788637500,250.2,Down,0.49,159.87,0.48,250.83,51,48,False
1788637253.0624983,1788637500,246.9,Up,0.52,250.83,0.51,159.87,48,51,False
1788637253.0624983,1788637500,246.9,Down,0.49,159.87,0.48,250.83,51,48,False
1788637256.3783708,1788637500,243.6,Up,0.52,250.83,0.51,159.87,48,51,False
1788637256.3783708,1788637500,243.6,Down,0.49,159.87,0.48,250.83,51,48,False
1788637259.6826386,1788637500,240.3,Up,0.52,255.83,0.51,154.87,48,51,False
1788637259.6826386,1788637500,240.3,Down,0.49,154.87,0.48,255.83,51,48,False
1788637263.0855477,1788637500,236.9,Up,0.53,60.64,0.52,783.41,47,52,False
1788637263.0855477,1788637500,236.9,Down,0.48,783.41,0.47,60.64,52,47,False
1788637266.3314867,1788637500,233.7,Up,0.54,119.91,0.53,67.31,46,53,False
1788637266.3314867,1788637500,233.7,Down,0.47,67.31,0.46,119.91,53,46,False
1788637269.665029,1788637500,230.3,Up,0.54,119.91,0.53,67.31,46,53,False
1788637269.665029,1788637500,230.3,Down,0.47,67.31,0.46,119.91,53,46,False
1788637272.8999722,1788637500,227.1,Up,0.54,100,0.53,67.31,46,53,False
1788637272.8999722,1788637500,227.1,Down,0.47,67.31,0.46,100,53,46,False
1788637276.214453,1788637500,223.8,Up,0.54,100,0.53,67.31,46,53,False
1788637276.214453,1788637500,223.8,Down,0.47,67.31,0.46,100,53,46,False
1788637279.5096178,1788637500,220.5,Up,0.54,100,0.53,67.31,46,53,False
1788637279.5096178,1788637500,220.5,Down,0.47,67.31,0.46,100,53,46,False
1788637282.806622,1788637500,217.2,Up,0.54,130,0.53,67.31,46,53,False
1788637282.806622,1788637500,217.2,Down,0.47,67.31,0.46,130,53,46,False
1788637286.0379145,1788637500,214.0,Up,0.54,130,0.53,67.31,46,53,False
1788637286.0379145,1788637500,214.0,Down,0.47,67.31,0.46,130,53,46,False
1788637289.350055,1788637500,210.6,Up,0.54,130,0.53,67.31,46,53,False
1788637289.350055,1788637500,210.6,Down,0.47,67.31,0.46,130,53,46,False
1788637292.6539066,1788637500,207.3,Up,0.54,30,0.53,67.31,46,53,False
1788637292.6539066,1788637500,207.3,Down,0.47,67.31,0.46,30,53,46,False
1788637295.9561062,1788637500,204.0,Up,0.54,130,0.53,67.31,46,53,False
1788637295.9561062,1788637500,204.0,Down,0.47,67.31,0.46,130,53,46,False
1788637299.199482,1788637500,200.8,Up,0.54,130,0.53,67.31,46,53,False
1788637299.199482,1788637500,200.8,Down,0.47,67.31,0.46,130,53,46,False
1788637302.507205,1788637500,197.5,Up,0.54,130,0.53,67.31,46,53,False
1788637302.507205,1788637500,197.5,Down,0.47,67.31,0.46,130,53,46,False
1788637305.7355716,1788637500,194.3,Up,0.54,130,0.53,67.31,46,53,False
1788637305.7355716,1788637500,194.3,Down,0.47,67.31,0.46,130,53,46,False
1788637309.0558262,1788637500,190.9,Up,0.54,130,0.53,67.31,46,53,False
1788637309.0558262,1788637500,190.9,Down,0.46,47.31,0.45,115.81,53,45,False
1788637312.3669899,1788637500,187.6,Up,0.57,40,0.56,98.31,42,56,False
1788637312.3669899,1788637500,187.6,Down,0.44,57.31,0.43,40,56,42,False
1788637315.6711948,1788637500,184.3,Up,0.57,140,0.56,187.31,43,56,False
1788637315.6711948,1788637500,184.3,Down,0.44,187.31,0.43,140,56,43,False
1788637318.977725,1788637500,181.0,Up,0.59,15,0.58,47.31,41,57,False
1788637318.977725,1788637500,181.0,Down,0.42,47.31,0.41,10,57,41,False
1788637322.2777193,1788637500,177.7,Up,0.59,140,0.58,47.31,41,57,False
1788637322.2777193,1788637500,177.7,Down,0.42,47.31,0.41,140,57,41,False
1788637325.5932643,1788637500,174.4,Up,0.59,130,0.58,74.31,41,57,False
1788637325.5932643,1788637500,174.4,Down,0.42,74.31,0.41,130,57,41,False
1788637328.901419,1788637500,171.1,Up,0.59,130,0.58,74.31,41,57,False
1788637328.901419,1788637500,171.1,Down,0.42,74.31,0.41,130,57,41,False
1788637332.127477,1788637500,167.9,Up,0.59,130,0.58,74.31,41,57,False
1788637332.127477,1788637500,167.9,Down,0.42,74.31,0.41,130,57,41,False
1788637335.4346902,1788637500,164.6,Up,0.59,130,0.58,74.31,41,57,False
1788637335.4346902,1788637500,164.6,Down,0.42,74.31,0.41,130,57,41,False
1788637338.7446067,1788637500,161.3,Up,0.59,130,0.58,69.99,41,57,False
1788637338.7446067,1788637500,161.3,Down,0.42,69.99,0.41,130,57,41,False
1788637341.969414,1788637500,158.0,Up,0.59,130,0.58,69.99,41,57,False
1788637341.969414,1788637500,158.0,Down,0.42,69.99,0.41,130,57,41,False
1788637345.273701,1788637500,154.7,Up,0.59,130,0.58,69.99,41,57,False
1788637345.273701,1788637500,154.7,Down,0.42,69.99,0.41,130,57,41,False
1788637348.601421,1788637500,151.4,Up,0.59,30,0.58,69.99,41,57,False
1788637348.601421,1788637500,151.4,Down,0.42,69.99,0.41,30,57,41,False
1788637351.944865,1788637500,148.1,Up,0.59,104.57,0.58,69.99,41,57,False
1788637351.944865,1788637500,148.1,Down,0.42,69.99,0.41,104.57,57,41,False
1788637355.2448125,1788637500,144.8,Up,0.59,129.57,0.58,69.99,41,57,False
1788637355.2448125,1788637500,144.8,Down,0.42,69.99,0.41,129.57,57,41,False
1788637358.4686012,1788637500,141.5,Up,0.59,100,0.58,69.99,41,57,False
1788637358.4686012,1788637500,141.5,Down,0.42,69.99,0.41,100,57,41,False
1788637361.7730083,1788637500,138.2,Up,0.59,100,0.58,67.9,41,57,False
1788637361.7730083,1788637500,138.2,Down,0.42,67.9,0.41,100,57,41,False
1788637365.079624,1788637500,134.9,Up,0.53,25,0.52,20,47,52,False
1788637365.079624,1788637500,134.9,Down,0.48,20,0.47,25,52,47,False
1788637368.4098275,1788637500,131.6,Up,0.53,25,0.52,20,47,52,False
1788637368.4098275,1788637500,131.6,Down,0.48,20,0.47,25,52,47,False
1788637371.6445525,1788637500,128.4,Up,0.53,25,0.52,20,47,52,False
1788637371.6445525,1788637500,128.4,Down,0.48,20,0.47,25,52,47,False
1788637374.870753,1788637500,125.1,Up,0.53,25,0.52,16.33,47,52,False
1788637374.870753,1788637500,125.1,Down,0.48,16.33,0.47,25,52,47,False
1788637378.1740766,1788637500,121.8,Up,0.54,15,0.53,974.46,46,53,False
1788637378.1740766,1788637500,121.8,Down,0.47,974.46,0.46,15,53,46,False
1788637381.4778817,1788637500,118.5,Up,0.54,15,0.53,974.46,46,53,False
1788637381.4778817,1788637500,118.5,Down,0.47,974.46,0.46,15,53,46,False
1788637384.786547,1788637500,115.2,Up,0.54,15,0.53,974.46,46,53,False
1788637384.786547,1788637500,115.2,Down,0.47,974.46,0.46,15,53,46,False
1788637388.0998797,1788637500,111.9,Up,0.54,15,0.53,974.46,46,53,False
1788637388.0998797,1788637500,111.9,Down,0.47,974.46,0.46,15,53,46,False
1788637391.411482,1788637500,108.6,Up,0.54,15,0.53,974.46,46,53,False
1788637391.411482,1788637500,108.6,Down,0.47,974.46,0.46,15,53,46,False
1788637394.6550243,1788637500,105.3,Up,0.54,15,0.53,974.46,46,53,False
1788637394.6550243,1788637500,105.3,Down,0.47,974.46,0.46,15,53,46,False
1788637397.9577372,1788637500,102.0,Up,0.54,15,0.53,974.46,46,53,False
1788637397.9577372,1788637500,102.0,Down,0.47,974.46,0.46,15,53,46,False
1788637401.183891,1788637500,98.8,Up,0.54,15,0.53,974.46,46,53,False
1788637401.183891,1788637500,98.8,Down,0.47,974.46,0.46,15,53,46,False
1788637404.4138565,1788637500,95.6,Up,0.54,15,0.53,974.46,46,53,False
1788637404.4138565,1788637500,95.6,Down,0.47,974.46,0.46,15,53,46,False
1788637407.7173693,1788637500,92.3,Up,0.54,15,0.53,974.46,46,53,False
1788637407.7173693,1788637500,92.3,Down,0.47,974.46,0.46,15,53,46,False
1788637410.9509115,1788637500,89.0,Up,0.54,15,0.53,942.46,46,53,False
1788637410.9509115,1788637500,89.0,Down,0.47,942.46,0.46,15,53,46,False
1788637414.1815367,1788637500,85.8,Up,0.54,15,0.53,942.46,46,53,False
1788637414.1815367,1788637500,85.8,Down,0.47,942.46,0.46,15,53,46,False
1788637417.408589,1788637500,82.6,Up,0.54,15,0.53,942.46,46,53,False
1788637417.408589,1788637500,82.6,Down,0.47,942.46,0.46,15,53,46,False
1788637420.7256486,1788637500,79.3,Up,0.55,99,0.54,498.08,45,54,False
1788637420.7256486,1788637500,79.3,Down,0.46,498.08,0.45,99,54,45,False
1788637424.0330694,1788637500,76.0,Up,0.55,93,0.54,498.08,45,54,False
1788637424.0330694,1788637500,76.0,Down,0.46,498.08,0.45,93,54,45,False
1788637427.2670875,1788637500,72.7,Up,0.55,93,0.54,432.86,45,54,False
1788637427.2670875,1788637500,72.7,Down,0.46,432.86,0.45,93,54,45,False
1788637430.5015352,1788637500,69.5,Up,0.55,93,0.54,432.86,45,54,False
1788637430.5015352,1788637500,69.5,Down,0.45,916.99,0.44,100,55,44,False
1788637433.8070133,1788637500,66.2,Up,0.59,100.15,0.58,10,41,55,False
1788637433.8070133,1788637500,66.2,Down,0.42,10,0.41,100.15,55,41,False
1788637437.1250472,1788637500,62.9,Up,0.59,125.15,0.58,51,41,55,False
1788637437.1250472,1788637500,62.9,Down,0.42,51,0.41,125.15,55,41,False
1788637440.4305472,1788637500,59.6,Up,0.59,125.15,0.58,51,41,55,False
1788637440.4305472,1788637500,59.6,Down,0.42,51,0.41,125.15,55,41,False
1788637443.7239761,1788637500,56.3,Up,0.59,125.15,0.58,60.84,41,53,False
1788637443.7239761,1788637500,56.3,Down,0.42,60.84,0.41,125.15,53,41,False
1788637446.9670815,1788637500,53.0,Up,0.59,135,0.58,60.84,41,52,False
1788637446.9670815,1788637500,53.0,Down,0.42,60.84,0.41,135,52,41,False
1788637450.2013998,1788637500,49.8,Up,0.59,135,0.58,58.84,41,52,False
1788637450.2013998,1788637500,49.8,Down,0.42,58.84,0.41,135,52,41,False
1788637453.4294744,1788637500,46.6,Up,0.59,135,0.58,35.03,41,52,False
1788637453.4294744,1788637500,46.6,Down,0.42,35.03,0.41,135,52,41,False
1788637456.7405367,1788637500,43.3,Up,0.59,135,0.58,35.03,41,52,False
1788637456.7405367,1788637500,43.3,Down,0.42,35.03,0.41,135,52,41,False
1788637460.0528636,1788637500,39.9,Up,0.59,135,0.58,25.03,41,52,False
1788637460.0528636,1788637500,39.9,Down,0.42,25.03,0.41,135,52,41,False
1788637463.3640559,1788637500,36.6,Up,0.59,140,0.58,25.03,41,52,False
1788637463.3640559,1788637500,36.6,Down,0.42,25.03,0.41,140,52,41,False
1788637466.670525,1788637500,33.3,Up,0.59,285,0.58,25.03,41,53,False
1788637466.670525,1788637500,33.3,Down,0.42,25.03,0.41,285,53,41,False
1788637469.9872828,1788637500,30.0,Up,0.59,285,0.51,10,41,50,False
1788637469.9872828,1788637500,30.0,Down,0.49,10,0.48,110,50,43,False
1788637473.2889385,1788637500,26.7,Up,0.47,110,0.46,13,50,46,False
1788637473.2889385,1788637500,26.7,Down,0.54,13,0.53,110,46,51,False
1788637476.5840843,1788637500,23.4,Up,0.44,110,0.42,9.43,56,42,False
1788637476.5840843,1788637500,23.4,Down,0.58,9.43,0.56,110,42,56,False
1788637479.8170369,1788637500,20.2,Up,0.43,115,0.41,5,57,41,False
1788637479.8170369,1788637500,20.2,Down,0.59,5,0.57,115,41,57,False
1788637483.1406825,1788637500,16.9,Up,0.43,120.31,0.41,5,57,41,False
1788637483.1406825,1788637500,16.9,Down,0.59,5,0.57,120.31,41,57,False
1788637486.4406538,1788637500,13.6,Up,0.42,100,0.41,20,58,41,False
1788637486.4406538,1788637500,13.6,Down,0.59,20,0.57,5.31,41,57,False
1788637489.7370324,1788637500,10.3,Up,0.44,15,0.43,26,56,42,False
1788637489.7370324,1788637500,10.3,Down,0.57,26,0.56,15,43,56,False
1788637492.7040045,1788637500,7.3,Up,0.51,10,0.49,10,47,49,False
1788637492.7040045,1788637500,7.3,Down,0.47,100,0.46,5,53,46,False
1788637495.1296988,1788637500,4.9,Up,0.55,87.86,0.54,100,45,54,False
1788637495.1296988,1788637500,4.9,Down,0.46,100,0.45,87.86,54,45,False
1788637496.6574178,1788637500,3.3,Up,0.55,88.31,0.54,91.93,45,54,False
1788637496.6574178,1788637500,3.3,Down,0.46,91.93,0.45,88.31,54,45,False
1788637497.9864995,1788637500,2.0,Up,0.55,88.31,0.54,85.93,45,54,False
1788637497.9864995,1788637500,2.0,Down,0.46,85.93,0.45,88.31,54,45,False
1788637499.2920191,1788637500,0.7,Up,0.55,88.31,0.54,20.72,45,54,False
1788637499.2920191,1788637500,0.7,Down,0.46,20.72,0.45,88.31,54,45,False
1788637501.8995447,1788637800,298.1,Up,0.51,265.45,0.5,625.91,48,50,False
1788637501.8995447,1788637800,298.1,Down,0.5,625.91,0.49,265.45,50,48,False
1788637505.1322048,1788637800,294.9,Up,0.51,265.45,0.5,625.91,48,50,False
1788637505.1322048,1788637800,294.9,Down,0.5,625.91,0.49,265.45,50,48,False
1788637508.4325905,1788637800,291.6,Up,0.51,280.45,0.5,635.91,48,50,False
1788637508.4325905,1788637800,291.6,Down,0.5,735.91,0.49,280.45,50,48,False
1788637511.7539034,1788637800,288.2,Up,0.51,300.95,0.5,735.91,49,50,False
1788637511.7539034,1788637800,288.2,Down,0.5,735.91,0.49,300.95,50,49,False
1788637514.9878771,1788637800,285.0,Up,0.51,300.95,0.5,740.91,49,50,False
1788637514.9878771,1788637800,285.0,Down,0.5,740.91,0.49,305.95,50,49,False
1788637518.2938678,1788637800,281.7,Up,0.51,305.95,0.5,757.91,49,50,False
1788637518.2938678,1788637800,281.7,Down,0.5,757.91,0.49,305.95,50,49,False
1788637521.6295877,1788637800,278.4,Up,0.51,305.95,0.5,757.91,49,50,False
1788637521.6295877,1788637800,278.4,Down,0.5,757.91,0.49,305.95,50,49,False
1788637524.9408903,1788637800,275.1,Up,0.51,305.95,0.5,752.91,49,50,False
1788637524.9408903,1788637800,275.1,Down,0.5,752.91,0.49,305.95,50,49,False
1788637528.2392633,1788637800,271.8,Up,0.51,305.95,0.5,752.91,49,50,False
1788637528.2392633,1788637800,271.8,Down,0.5,752.91,0.49,305.95,50,49,False
1788637531.5414414,1788637800,268.5,Up,0.51,305.95,0.5,752.91,49,50,False
1788637531.5414414,1788637800,268.5,Down,0.5,752.91,0.49,305.95,50,49,False
1788637534.8485346,1788637800,265.2,Up,0.51,305.95,0.5,752.91,49,50,False
1788637534.8485346,1788637800,265.2,Down,0.5,752.91,0.49,305.95,50,49,False
1788637538.1445866,1788637800,261.9,Up,0.51,305.95,0.5,752.91,49,50,False
1788637538.1445866,1788637800,261.9,Down,0.5,752.91,0.49,305.95,50,49,False
1788637541.4557593,1788637800,258.5,Up,0.51,305.95,0.5,752.91,49,50,False
1788637541.4557593,1788637800,258.5,Down,0.5,752.91,0.49,305.95,50,49,False
1788637544.7525399,1788637800,255.2,Up,0.51,208.5,0.5,757.91,49,50,False
1788637544.7525399,1788637800,255.2,Down,0.5,757.91,0.49,208.5,50,49,False
1788637547.9850693,1788637800,252.0,Up,0.51,208.5,0.5,757.91,49,50,False
1788637547.9850693,1788637800,252.0,Down,0.5,757.91,0.49,208.5,50,49,False
1788637551.2900817,1788637800,248.7,Up,0.51,208.5,0.5,757.91,49,50,False
1788637551.2900817,1788637800,248.7,Down,0.5,757.91,0.49,208.5,50,49,False
1788637554.6003635,1788637800,245.4,Up,0.51,208.5,0.5,757.91,49,50,False
1788637554.6003635,1788637800,245.4,Down,0.5,757.91,0.49,208.5,50,49,False
1788637557.9165983,1788637800,242.1,Up,0.51,208.5,0.5,757.91,49,50,False
1788637557.9165983,1788637800,242.1,Down,0.5,757.91,0.49,208.5,50,49,False
1788637561.2147202,1788637800,238.8,Up,0.51,208.5,0.5,757.91,49,50,False
1788637561.2147202,1788637800,238.8,Down,0.5,757.91,0.49,208.5,50,49,False
1788637564.5040457,1788637800,235.5,Up,0.51,208.5,0.5,757.91,49,50,False
1788637564.5040457,1788637800,235.5,Down,0.5,757.91,0.49,208.5,50,49,False
1788637567.806025,1788637800,232.2,Up,0.51,203.5,0.5,762.91,49,50,False
1788637567.806025,1788637800,232.2,Down,0.5,762.91,0.49,203.5,50,49,False
1788637571.164599,1788637800,228.8,Up,0.51,198.5,0.5,767.91,49,50,False
1788637571.164599,1788637800,228.8,Down,0.5,767.91,0.49,198.5,50,49,False
1788637574.4907684,1788637800,225.5,Up,0.51,193.5,0.5,762.91,49,50,False
1788637574.4907684,1788637800,225.5,Down,0.5,762.91,0.49,193.5,50,49,False
1788637577.80203,1788637800,222.2,Up,0.51,193.5,0.5,762.91,49,50,False
1788637577.80203,1788637800,222.2,Down,0.5,762.91,0.49,193.5,50,49,False
1788637581.092594,1788637800,218.9,Up,0.51,193.5,0.5,762.91,49,50,False
1788637581.092594,1788637800,218.9,Down,0.5,762.91,0.49,193.5,50,49,False
1788637584.3248441,1788637800,215.7,Up,0.51,193.5,0.5,762.91,49,50,False
1788637584.3248441,1788637800,215.7,Down,0.5,762.91,0.49,193.5,50,49,False
1788637587.5909648,1788637800,212.4,Up,0.51,193.5,0.5,762.91,49,50,False
1788637587.5909648,1788637800,212.4,Down,0.5,762.91,0.49,193.5,50,49,False
1788637590.7439373,1788637800,209.3,Up,0.51,193.5,0.5,762.91,49,50,False
1788637590.7439373,1788637800,209.3,Down,0.5,762.91,0.49,193.5,50,49,False
1788637593.8980367,1788637800,206.1,Up,0.51,193.5,0.5,762.91,49,50,False
1788637593.8980367,1788637800,206.1,Down,0.5,762.91,0.49,193.5,50,49,False
1788637597.2328541,1788637800,202.8,Up,0.51,193.5,0.5,762.91,49,50,False
1788637597.2328541,1788637800,202.8,Down,0.5,762.91,0.49,193.5,50,49,False
1788637600.5618858,1788637800,199.4,Up,0.51,193.5,0.5,762.91,49,50,False
1788637600.5618858,1788637800,199.4,Down,0.5,762.91,0.49,193.5,50,49,False
1788637603.7868853,1788637800,196.2,Up,0.51,193.5,0.5,762.91,49,50,False
1788637603.7868853,1788637800,196.2,Down,0.5,762.91,0.49,193.5,50,49,False
1788637607.0963953,1788637800,192.9,Up,0.51,193.5,0.5,752.91,49,50,False
1788637607.0963953,1788637800,192.9,Down,0.5,752.91,0.49,193.5,50,49,False
1788637610.4090266,1788637800,189.6,Up,0.51,193.5,0.5,752.91,49,50,False
1788637610.4090266,1788637800,189.6,Down,0.5,752.91,0.49,193.5,50,49,False
1788637613.7146823,1788637800,186.3,Up,0.51,193.5,0.5,752.91,49,50,False
1788637613.7146823,1788637800,186.3,Down,0.5,752.91,0.49,193.5,50,49,False
1788637616.955037,1788637800,183.0,Up,0.51,193.5,0.5,752.91,49,50,False
1788637616.955037,1788637800,183.0,Down,0.5,752.91,0.49,193.5,50,49,False
1788637620.1769445,1788637800,179.8,Up,0.51,193.5,0.5,758.51,49,50,False
1788637620.1769445,1788637800,179.8,Down,0.5,758.51,0.49,193.5,50,49,False
1788637623.4879503,1788637800,176.5,Up,0.51,193.5,0.5,768.51,49,50,False
1788637623.4879503,1788637800,176.5,Down,0.5,768.51,0.49,193.5,50,49,False
1788637626.7962139,1788637800,173.2,Up,0.51,185.5,0.5,768.51,49,50,False
1788637626.7962139,1788637800,173.2,Down,0.5,768.51,0.49,185.5,50,49,False
1788637630.1004167,1788637800,169.9,Up,0.51,190.5,0.5,773.51,49,50,False
1788637630.1004167,1788637800,169.9,Down,0.5,773.51,0.49,190.5,50,49,False
1788637633.407942,1788637800,166.6,Up,0.51,195.5,0.5,778.51,49,50,False
1788637633.407942,1788637800,166.6,Down,0.5,778.51,0.49,195.5,50,49,False
1788637636.7128558,1788637800,163.3,Up,0.51,195.5,0.5,781.51,49,50,False
1788637636.7128558,1788637800,163.3,Down,0.5,781.51,0.49,195.5,50,49,False
1788637639.989003,1788637800,160.0,Up,0.51,195.5,0.5,791.51,49,50,False
1788637639.989003,1788637800,160.0,Down,0.5,791.51,0.49,195.5,50,49,False
1788637643.2914188,1788637800,156.7,Up,0.51,195.5,0.5,791.51,49,50,False
1788637643.2914188,1788637800,156.7,Down,0.5,791.51,0.49,195.5,50,49,False
1788637646.5983117,1788637800,153.4,Up,0.51,195.5,0.5,791.51,49,50,False
1788637646.5983117,1788637800,153.4,Down,0.5,791.51,0.49,195.5,50,49,False
1788637649.9185333,1788637800,150.1,Up,0.51,195.5,0.5,791.51,49,50,False
1788637649.9185333,1788637800,150.1,Down,0.5,791.51,0.49,195.5,50,49,False
1788637653.2219853,1788637800,146.8,Up,0.51,195.5,0.5,781.51,49,50,False
1788637653.2219853,1788637800,146.8,Down,0.5,781.51,0.49,195.5,50,49,False
1788637656.451352,1788637800,143.5,Up,0.51,195.5,0.5,861.51,49,50,False
1788637656.451352,1788637800,143.5,Down,0.5,861.51,0.49,195.5,50,49,False
1788637659.7064426,1788637800,140.3,Up,0.51,195.5,0.5,871.51,49,50,False
1788637659.7064426,1788637800,140.3,Down,0.5,871.51,0.49,195.5,50,49,False
1788637663.0002487,1788637800,137.0,Up,0.51,195.5,0.5,871.51,49,50,False
1788637663.0002487,1788637800,137.0,Down,0.5,871.51,0.49,195.5,50,49,False
1788637666.315097,1788637800,133.7,Up,0.51,185.5,0.5,871.51,49,50,False
1788637666.315097,1788637800,133.7,Down,0.5,871.51,0.49,185.5,50,49,False
1788637669.6212323,1788637800,130.4,Up,0.52,125,0.51,851.5,48,51,False
1788637669.6212323,1788637800,130.4,Down,0.49,851.5,0.48,125,51,48,False
1788637672.9591117,1788637800,127.0,Up,0.52,128.84,0.51,1888.6,48,51,False
1788637672.9591117,1788637800,127.0,Down,0.49,1888.6,0.48,128.84,51,48,False
1788637676.2574205,1788637800,123.7,Up,0.52,128.84,0.51,1888.6,48,51,False
1788637676.2574205,1788637800,123.7,Down,0.49,1888.6,0.48,128.84,51,48,False
1788637679.5659316,1788637800,120.4,Up,0.53,139.87,0.52,928.26,47,52,False
1788637679.5659316,1788637800,120.4,Down,0.48,928.26,0.47,139.87,52,47,False
1788637682.8873575,1788637800,117.1,Up,0.53,139.87,0.52,928.26,47,52,False
1788637682.8873575,1788637800,117.1,Down,0.48,928.26,0.47,139.87,52,47,False
1788637686.205386,1788637800,113.8,Up,0.53,121,0.52,928.26,47,52,False
1788637686.205386,1788637800,113.8,Down,0.48,928.26,0.47,121,52,47,False
1788637689.4311101,1788637800,110.6,Up,0.53,121,0.52,928.26,47,52,False
1788637689.4311101,1788637800,110.6,Down,0.48,928.26,0.47,121,52,47,False
1788637692.665167,1788637800,107.3,Up,0.53,105,0.52,928.26,47,52,False
1788637692.665167,1788637800,107.3,Down,0.48,928.26,0.47,105,52,47,False
1788637695.9779556,1788637800,104.0,Up,0.54,16.9,0.53,941,46,53,False
1788637695.9779556,1788637800,104.0,Down,0.47,941,0.46,16.9,53,46,False
1788637699.1375222,1788637800,100.9,Up,0.54,110.9,0.53,46,46,53,False
1788637699.1375222,1788637800,100.9,Down,0.47,46,0.46,110.9,53,46,False
1788637702.444435,1788637800,97.6,Up,0.54,110.9,0.53,46,46,53,False
1788637702.444435,1788637800,97.6,Down,0.47,46,0.46,110.9,53,46,False
1788637705.667882,1788637800,94.3,Up,0.54,110.9,0.53,30,46,53,False
1788637705.667882,1788637800,94.3,Down,0.47,30,0.46,110.9,53,46,False
1788637708.9108117,1788637800,91.1,Up,0.54,110.9,0.53,30,46,53,False
1788637708.9108117,1788637800,91.1,Down,0.47,30,0.46,110.9,53,46,False
1788637712.204154,1788637800,87.8,Up,0.54,110.9,0.53,30,46,53,False
1788637712.204154,1788637800,87.8,Down,0.47,30,0.46,110.9,53,46,False
1788637715.430953,1788637800,84.6,Up,0.54,110.9,0.53,30,46,53,False
1788637715.430953,1788637800,84.6,Down,0.47,30,0.46,110.9,53,46,False
1788637718.7548728,1788637800,81.2,Up,0.55,175,0.54,889.09,45,53,False
1788637718.7548728,1788637800,81.2,Down,0.46,899.09,0.45,165,54,45,False
1788637722.049885,1788637800,78.0,Up,0.55,175,0.54,921.27,45,54,False
1788637722.049885,1788637800,78.0,Down,0.46,921.27,0.45,175,54,45,False
1788637725.3457658,1788637800,74.7,Up,0.56,25,0.55,857.17,44,54,False
1788637725.3457658,1788637800,74.7,Down,0.45,857.17,0.44,25,54,44,False
1788637728.647726,1788637800,71.4,Up,0.56,121.42,0.55,32.18,44,54,False
1788637728.647726,1788637800,71.4,Down,0.45,32.18,0.44,121.42,54,44,False
1788637731.8804107,1788637800,68.1,Up,0.56,100,0.55,32.18,44,55,False
1788637731.8804107,1788637800,68.1,Down,0.45,32.18,0.44,100,55,44,False
1788637735.1923885,1788637800,64.8,Up,0.56,110,0.55,32.18,44,55,False
1788637735.1923885,1788637800,64.8,Down,0.45,32.18,0.44,110,55,44,False
1788637738.513054,1788637800,61.5,Up,0.56,125,0.55,32.18,44,55,False
1788637738.513054,1788637800,61.5,Down,0.45,32.18,0.44,125,55,44,False
1788637741.6615314,1788637800,58.3,Up,0.56,125,0.55,32.18,44,55,False
1788637741.6615314,1788637800,58.3,Down,0.45,32.18,0.44,125,55,44,False
1788637744.9809318,1788637800,55.0,Up,0.56,125,0.55,32.18,44,55,False
1788637744.9809318,1788637800,55.0,Down,0.45,32.18,0.44,125,55,44,False
1788637748.216935,1788637800,51.8,Up,0.56,25,0.55,19.18,44,54,False
1788637748.216935,1788637800,51.8,Down,0.45,19.18,0.44,25,54,44,False
1788637751.52068,1788637800,48.5,Up,0.56,116.06,0.54,891.15,44,54,False
1788637751.52068,1788637800,48.5,Down,0.46,891.15,0.44,116.06,54,44,False
1788637754.7454927,1788637800,45.3,Up,0.55,25,0.54,891.15,45,54,False
1788637754.7454927,1788637800,45.3,Down,0.46,891.15,0.45,25,54,45,False
1788637758.0678456,1788637800,41.9,Up,0.55,175,0.54,891.15,45,54,False
1788637758.0678456,1788637800,41.9,Down,0.46,891.15,0.45,175,54,45,False
1788637761.3779442,1788637800,38.6,Up,0.55,173.63,0.54,527.97,45,53,False
1788637761.3779442,1788637800,38.6,Down,0.46,527.97,0.45,173.63,53,45,False
1788637764.7478538,1788637800,35.3,Up,0.55,173.63,0.54,431.91,45,53,False
1788637764.7478538,1788637800,35.3,Down,0.46,431.91,0.45,173.63,53,45,False
1788637768.056418,1788637800,31.9,Up,0.53,110,0.52,785.93,46,46,False
1788637768.056418,1788637800,31.9,Down,0.48,664.93,0.47,110,46,46,False
1788637771.4229047,1788637800,28.6,Up,0.53,30,0.52,438.71,47,46,False
1788637771.4229047,1788637800,28.6,Down,0.48,438.71,0.47,30,46,47,False
1788637774.6496658,1788637800,25.4,Up,0.53,17.44,0.52,23.2,47,46,False
1788637774.6496658,1788637800,25.4,Down,0.48,33.2,0.47,117.44,46,47,False
1788637777.959321,1788637800,22.0,Up,0.54,144.71,0.53,15,46,47,False
1788637777.959321,1788637800,22.0,Down,0.47,15,0.46,144.71,47,46,False
1788637781.1058629,1788637800,18.9,Up,0.56,16.06,0.55,5,44,53,False
1788637781.1058629,1788637800,18.9,Down,0.45,5,0.44,16.06,53,44,False
1788637784.338756,1788637800,15.7,Up,0.56,14.27,0.55,5,44,52,False
1788637784.338756,1788637800,15.7,Down,0.45,5,0.44,14.27,52,44,False
1788637787.674976,1788637800,12.3,Up,0.52,31,0.51,744.31,48,51,False
1788637787.674976,1788637800,12.3,Down,0.49,744.31,0.48,31,50,48,False
1788637790.981003,1788637800,9.0,Up,0.52,31,0.51,715.58,48,50,False
1788637790.981003,1788637800,9.0,Down,0.49,715.58,0.48,31,51,48,False
1788637793.5559092,1788637800,6.4,Up,0.52,16,0.51,715.58,48,51,False
1788637793.5559092,1788637800,6.4,Down,0.49,715.58,0.48,16,51,48,False
1788637795.407684,1788637800,4.6,Up,0.52,80.57,0.51,539.54,44,51,False
1788637795.407684,1788637800,4.6,Down,0.49,539.54,0.48,76.72,51,44,False
1788637796.7839205,1788637800,3.2,Up,0.52,96.66,0.51,1269.75,45,51,False
1788637796.7839205,1788637800,3.2,Down,0.49,1269.75,0.48,83.19,51,45,False
1788637798.0806024,1788637800,1.9,Up,0.52,83.19,0.51,1447.98,45,51,False
1788637798.0806024,1788637800,1.9,Down,0.49,1447.98,0.48,83.19,51,45,False
1788637800.4784546,1788638100,299.5,Up,0.52,110,0.51,117.96,48,51,False
1788637800.4784546,1788638100,299.5,Down,0.49,117.96,0.48,110,51,48,False
1788637803.7145486,1788638100,296.3,Up,0.52,110,0.51,117.96,48,51,False
1788637803.7145486,1788638100,296.3,Down,0.49,117.96,0.48,110,51,48,False
1788637807.0433764,1788638100,293.0,Up,0.52,125,0.51,155.96,48,51,False
1788637807.0433764,1788638100,293.0,Down,0.49,155.96,0.48,125,51,48,False
1788637810.364368,1788638100,289.6,Up,0.52,125,0.51,135.96,48,51,False
1788637810.364368,1788638100,289.6,Down,0.49,135.96,0.48,125,51,48,False
1788637813.6663642,1788638100,286.3,Up,0.52,115,0.51,123.92,48,51,False
1788637813.6663642,1788638100,286.3,Down,0.49,123.92,0.48,115,51,48,False
1788637816.938443,1788638100,283.1,Up,0.52,115.48,0.51,128.92,48,51,False
1788637816.938443,1788638100,283.1,Down,0.49,128.92,0.48,115.48,51,48,False
1788637820.255172,1788638100,279.7,Up,0.52,15,0.51,178.92,48,51,False
1788637820.255172,1788638100,279.7,Down,0.49,178.92,0.48,15,51,48,False
1788637823.5804627,1788638100,276.4,Up,0.52,115,0.51,178.92,48,51,False
1788637823.5804627,1788638100,276.4,Down,0.49,178.92,0.48,115,51,48,False
1788637826.8206089,1788638100,273.2,Up,0.52,115,0.51,178.92,48,51,False
1788637826.8206089,1788638100,273.2,Down,0.49,178.92,0.48,115,51,48,False
1788637830.0459368,1788638100,270.0,Up,0.52,115,0.51,178.92,48,51,False
1788637830.0459368,1788638100,270.0,Down,0.49,178.92,0.48,115,51,48,False
1788637833.3474967,1788638100,266.7,Up,0.52,115,0.51,173.35,48,51,False
1788637833.3474967,1788638100,266.7,Down,0.49,173.35,0.48,115,51,48,False
1788637836.6499603,1788638100,263.4,Up,0.52,105.48,0.51,179.35,48,51,False
1788637836.6499603,1788638100,263.4,Down,0.49,179.35,0.48,105.48,51,48,False
1788637839.887536,1788638100,260.1,Up,0.52,105.48,0.51,179.35,48,51,False
1788637839.887536,1788638100,260.1,Down,0.49,179.35,0.48,105.48,51,48,False
1788637843.2182963,1788638100,256.8,Up,0.52,105.48,0.51,179.35,48,51,False
1788637843.2182963,1788638100,256.8,Down,0.49,179.35,0.48,105.48,51,48,False
1788637846.4537418,1788638100,253.5,Up,0.52,105.48,0.51,179.35,48,51,False
1788637846.4537418,1788638100,253.5,Down,0.49,179.35,0.48,105.48,51,48,False
1788637849.7699087,1788638100,250.2,Up,0.52,105.48,0.51,179.35,48,51,False
1788637849.7699087,1788638100,250.2,Down,0.49,189.35,0.48,105.48,51,48,False
1788637852.9899626,1788638100,247.0,Up,0.52,105.48,0.51,189.35,48,51,False
1788637852.9899626,1788638100,247.0,Down,0.49,189.35,0.48,105.48,51,48,False
1788637856.302673,1788638100,243.7,Up,0.52,105.48,0.51,189.35,48,51,False
1788637856.302673,1788638100,243.7,Down,0.49,189.35,0.48,105.48,51,48,False
1788637859.5259821,1788638100,240.5,Up,0.52,105.48,0.51,189.35,48,51,False
1788637859.5259821,1788638100,240.5,Down,0.49,189.35,0.48,105.48,51,48,False
1788637862.8364902,1788638100,237.2,Up,0.52,105.48,0.51,189.35,48,51,False
1788637862.8364902,1788638100,237.2,Down,0.49,189.35,0.48,105.48,51,48,False
1788637866.1562552,1788638100,233.8,Up,0.52,105.48,0.51,179.35,48,51,False
1788637866.1562552,1788638100,233.8,Down,0.49,179.35,0.48,105.48,51,48,False
1788637869.3314433,1788638100,230.7,Up,0.52,110.48,0.51,104,48,51,False
1788637869.3314433,1788638100,230.7,Down,0.49,104,0.48,110.48,51,48,False
1788637872.6651287,1788638100,227.3,Up,0.52,115.48,0.51,119,48,51,False
1788637872.6651287,1788638100,227.3,Down,0.49,119,0.48,115.48,51,48,False
1788637875.9761863,1788638100,224.0,Up,0.52,115.48,0.51,119,48,51,False
1788637875.9761863,1788638100,224.0,Down,0.49,119,0.48,115.48,51,48,False
1788637879.1974597,1788638100,220.8,Up,0.52,115.48,0.51,119,48,51,False
1788637879.1974597,1788638100,220.8,Down,0.49,119,0.48,115.48,51,48,False
1788637882.5052063,1788638100,217.5,Up,0.52,115.48,0.51,119,48,51,False
1788637882.5052063,1788638100,217.5,Down,0.49,119,0.48,115.48,51,48,False
1788637885.7379818,1788638100,214.3,Up,0.52,115.48,0.51,119,48,51,False
1788637885.7379818,1788638100,214.3,Down,0.49,119,0.48,115.48,51,48,False
1788637889.0471253,1788638100,211.0,Up,0.52,115.48,0.51,119,48,51,False
1788637889.0471253,1788638100,211.0,Down,0.49,119,0.48,115.48,51,48,False
1788637892.2953956,1788638100,207.7,Up,0.52,115.48,0.51,119,48,51,False
1788637892.2953956,1788638100,207.7,Down,0.49,119,0.48,115.48,51,48,False
1788637895.5317068,1788638100,204.5,Up,0.52,115.48,0.51,119,48,51,False
1788637895.5317068,1788638100,204.5,Down,0.49,119,0.48,115.48,51,48,False
1788637898.824285,1788638100,201.2,Up,0.52,115.48,0.51,119,48,51,False
1788637898.824285,1788638100,201.2,Down,0.49,119,0.48,115.48,51,48,False
1788637902.0634687,1788638100,197.9,Up,0.52,110.48,0.51,119,48,51,False
1788637902.0634687,1788638100,197.9,Down,0.49,119,0.48,110.48,51,48,False
1788637905.3751705,1788638100,194.6,Up,0.52,110.48,0.51,119,48,51,False
1788637905.3751705,1788638100,194.6,Down,0.49,119,0.48,110.48,51,48,False
1788637908.6879191,1788638100,191.3,Up,0.52,110.48,0.51,119,48,51,False
1788637908.6879191,1788638100,191.3,Down,0.49,119,0.48,110.48,51,48,False
1788637912.00689,1788638100,188.0,Up,0.52,110.48,0.51,119,48,51,False
1788637912.00689,1788638100,188.0,Down,0.49,119,0.48,110.48,51,48,False
1788637915.2985358,1788638100,184.7,Up,0.52,110.48,0.51,119,48,51,False
1788637915.2985358,1788638100,184.7,Down,0.49,119,0.48,110.48,51,48,False
1788637918.607087,1788638100,181.4,Up,0.52,110.48,0.51,119,48,51,False
1788637918.607087,1788638100,181.4,Down,0.49,119,0.48,110.48,51,48,False
1788637921.9246054,1788638100,178.1,Up,0.52,110.48,0.51,109,48,51,False
1788637921.9246054,1788638100,178.1,Down,0.49,109,0.48,110.48,51,48,False
1788637925.215421,1788638100,174.8,Up,0.52,110.48,0.51,109,48,51,False
1788637925.215421,1788638100,174.8,Down,0.49,109,0.48,110.48,51,48,False
1788637928.5202527,1788638100,171.5,Up,0.52,110.48,0.51,109,48,51,False
1788637928.5202527,1788638100,171.5,Down,0.49,109,0.48,110.48,51,48,False
1788637931.7434523,1788638100,168.3,Up,0.52,110.48,0.51,109,48,51,False
1788637931.7434523,1788638100,168.3,Down,0.49,109,0.48,110.48,51,48,False
1788637935.04814,1788638100,165.0,Up,0.52,110.48,0.51,109,48,51,False
1788637935.04814,1788638100,165.0,Down,0.49,109,0.48,110.48,51,48,False
1788637938.36282,1788638100,161.6,Up,0.52,110.48,0.51,109,48,51,False
1788637938.36282,1788638100,161.6,Down,0.49,109,0.48,110.48,51,48,False
1788637941.5845916,1788638100,158.4,Up,0.52,110.48,0.51,109,48,51,False
1788637941.5845916,1788638100,158.4,Down,0.49,109,0.48,110.48,51,48,False
1788637944.9042208,1788638100,155.1,Up,0.52,110.48,0.51,109,48,51,False
1788637944.9042208,1788638100,155.1,Down,0.49,109,0.48,110.48,51,48,False
1788637948.2049,1788638100,151.8,Up,0.52,110.48,0.51,109,48,51,False
1788637948.2049,1788638100,151.8,Down,0.49,109,0.48,110.48,51,48,False
1788637951.4354508,1788638100,148.6,Up,0.52,110.48,0.51,109,48,51,False
1788637951.4354508,1788638100,148.6,Down,0.49,109,0.48,110.48,51,48,False
1788637954.6853054,1788638100,145.3,Up,0.52,110.48,0.51,109,48,51,False
1788637954.6853054,1788638100,145.3,Down,0.49,109,0.48,110.48,51,48,False
1788637957.9830835,1788638100,142.0,Up,0.52,110.48,0.51,109,48,51,False
1788637957.9830835,1788638100,142.0,Down,0.49,109,0.48,110.48,51,48,False
1788637961.2176926,1788638100,138.8,Up,0.52,110.48,0.51,109,48,51,False
1788637961.2176926,1788638100,138.8,Down,0.49,109,0.48,110.48,51,48,False
1788637964.455121,1788638100,135.5,Up,0.52,110.48,0.51,109,48,51,False
1788637964.455121,1788638100,135.5,Down,0.49,109,0.48,110.48,51,48,False
1788637967.7022111,1788638100,132.3,Up,0.52,110.48,0.51,109,48,51,False
1788637967.7022111,1788638100,132.3,Down,0.49,109,0.48,110.48,51,48,False
1788637971.0112245,1788638100,129.0,Up,0.52,110.48,0.51,109,48,51,False
1788637971.0112245,1788638100,129.0,Down,0.49,109,0.48,110.48,51,48,False
1788637974.311458,1788638100,125.7,Up,0.52,110.48,0.51,109,48,51,False
1788637974.311458,1788638100,125.7,Down,0.49,109,0.48,110.48,51,48,False
1788637977.6199963,1788638100,122.4,Up,0.52,10,0.51,109,48,51,False
1788637977.6199963,1788638100,122.4,Down,0.49,109,0.48,10,51,48,False
1788637980.9349768,1788638100,119.1,Up,0.52,10,0.51,109,48,51,False
1788637980.9349768,1788638100,119.1,Down,0.49,109,0.48,10,51,48,False
1788637984.2566962,1788638100,115.7,Up,0.52,10,0.51,109,48,51,False
1788637984.2566962,1788638100,115.7,Down,0.49,109,0.48,10,51,48,False
1788637987.5486364,1788638100,112.5,Up,0.52,10,0.51,109,48,51,False
1788637987.5486364,1788638100,112.5,Down,0.49,109,0.48,10,51,48,False
1788637990.8571746,1788638100,109.1,Up,0.52,10,0.51,109,48,51,False
1788637990.8571746,1788638100,109.1,Down,0.49,109,0.48,10,51,48,False
1788637994.1617727,1788638100,105.8,Up,0.52,10,0.51,109,48,51,False
1788637994.1617727,1788638100,105.8,Down,0.49,109,0.48,10,51,48,False
1788637997.387841,1788638100,102.6,Up,0.52,10,0.51,109,48,49,False
1788637997.387841,1788638100,102.6,Down,0.49,109,0.48,10,49,48,False
1788638000.6241014,1788638100,99.4,Up,0.52,10,0.51,109,48,51,False
1788638000.6241014,1788638100,99.4,Down,0.49,109,0.48,10,51,48,False
1788638003.948856,1788638100,96.1,Up,0.52,10,0.51,109,48,51,False
1788638003.948856,1788638100,96.1,Down,0.49,109,0.48,10,51,48,False
1788638007.4791253,1788638100,92.5,Up,0.53,138.14,0.51,109,47,51,False
1788638007.4791253,1788638100,92.5,Down,0.49,109,0.47,138.14,51,47,False
1788638010.8086705,1788638100,89.2,Up,0.53,138.14,0.51,109,47,51,False
1788638010.8086705,1788638100,89.2,Down,0.49,109,0.47,138.14,51,47,False
1788638014.1396506,1788638100,85.9,Up,0.53,138.14,0.51,109,47,51,False
1788638014.1396506,1788638100,85.9,Down,0.49,109,0.47,138.14,51,47,False
1788638017.3804967,1788638100,82.6,Up,0.53,138.14,0.51,109,47,51,False
1788638017.3804967,1788638100,82.6,Down,0.49,109,0.47,138.14,51,47,False
1788638020.628258,1788638100,79.4,Up,0.53,138.14,0.51,109,47,51,False
1788638020.628258,1788638100,79.4,Down,0.49,109,0.47,138.14,51,47,False
1788638023.9442122,1788638100,76.1,Up,0.53,105.4,0.51,104,47,51,False
1788638023.9442122,1788638100,76.1,Down,0.49,104,0.47,105.4,51,47,False
1788638027.266219,1788638100,72.7,Up,0.53,105.4,0.51,104,47,51,False
1788638027.266219,1788638100,72.7,Down,0.49,104,0.47,105.4,51,47,False
1788638030.5898015,1788638100,69.4,Up,0.53,105.4,0.51,104,47,51,False
1788638030.5898015,1788638100,69.4,Down,0.49,104,0.47,105.4,51,47,False
1788638033.8342242,1788638100,66.2,Up,0.53,105.4,0.51,104,47,51,False
1788638033.8342242,1788638100,66.2,Down,0.49,104,0.47,105.4,51,47,False
1788638037.1762002,1788638100,62.8,Up,0.52,25,0.51,101.95,48,51,False
1788638037.1762002,1788638100,62.8,Down,0.49,101.95,0.48,25,51,48,False
1788638040.4725826,1788638100,59.5,Up,0.52,25,0.51,101.95,48,51,False
1788638040.4725826,1788638100,59.5,Down,0.49,101.95,0.48,25,51,48,False
1788638043.6941237,1788638100,56.3,Up,0.52,25,0.51,106.95,48,51,False
1788638043.6941237,1788638100,56.3,Down,0.49,106.95,0.48,25,51,48,False
1788638046.9998183,1788638100,53.0,Up,0.52,25,0.51,91.95,48,51,False
1788638046.9998183,1788638100,53.0,Down,0.49,91.95,0.48,25,51,48,False
1788638050.3002205,1788638100,49.7,Up,0.52,125,0.51,101.95,48,51,False
1788638050.3002205,1788638100,49.7,Down,0.49,101.95,0.48,125,51,48,False
1788638053.6337042,1788638100,46.4,Up,0.52,125,0.51,101.95,48,51,False
1788638053.6337042,1788638100,46.4,Down,0.49,101.95,0.48,125,51,48,False
1788638056.96548,1788638100,43.0,Up,0.52,275,0.51,101.95,48,51,False
1788638056.96548,1788638100,43.0,Down,0.49,101.95,0.48,275,51,48,False
1788638060.2914953,1788638100,39.7,Up,0.52,275,0.51,101.95,48,51,False
1788638060.2914953,1788638100,39.7,Down,0.49,101.95,0.48,275,51,48,False
1788638063.6033244,1788638100,36.4,Up,0.52,275,0.51,101.95,48,51,False
1788638063.6033244,1788638100,36.4,Down,0.49,101.95,0.48,275,51,48,False
1788638066.9164908,1788638100,33.1,Up,0.52,285,0.51,98.35,48,51,False
1788638066.9164908,1788638100,33.1,Down,0.49,98.35,0.48,285,51,48,False
1788638070.1474938,1788638100,29.9,Up,0.52,285,0.51,98.35,48,51,False
1788638070.1474938,1788638100,29.9,Down,0.49,98.35,0.48,285,51,48,False
1788638073.4705985,1788638100,26.5,Up,0.52,285,0.51,98.35,48,51,False
1788638073.4705985,1788638100,26.5,Down,0.49,98.35,0.48,285,51,48,False
1788638076.8512812,1788638100,23.1,Up,0.52,135,0.51,96.28,48,51,False
1788638076.8512812,1788638100,23.1,Down,0.49,96.28,0.48,135,51,48,False
1788638080.157941,1788638100,19.8,Up,0.52,135,0.51,89.78,48,51,False
1788638080.157941,1788638100,19.8,Down,0.49,89.78,0.48,135,51,48,False
1788638083.4678025,1788638100,16.5,Up,0.52,135,0.51,95.72,48,51,False
1788638083.4678025,1788638100,16.5,Down,0.49,95.72,0.48,135,51,48,False
1788638086.7995799,1788638100,13.2,Up,0.52,135,0.51,9.59,48,51,False
1788638086.7995799,1788638100,13.2,Down,0.49,9.59,0.48,135,51,48,False
1788638090.0941405,1788638100,9.9,Up,0.51,10,0.5,108.4,49,50,False
1788638090.0941405,1788638100,9.9,Down,0.5,108.4,0.49,25,50,49,False
1788638092.8922243,1788638100,7.1,Up,0.51,110,0.5,98.4,49,50,False
1788638092.8922243,1788638100,7.1,Down,0.5,98.4,0.49,110,50,49,False
1788638094.9147625,1788638100,5.1,Up,0.51,130,0.5,98.4,49,50,False
1788638094.9147625,1788638100,5.1,Down,0.5,98.4,0.49,130,50,49,False
1788638096.5047674,1788638100,3.5,Up,0.5,221.28,0.49,25,50,49,False
1788638096.5047674,1788638100,3.5,Down,0.51,25,0.5,221.28,49,50,False
1788638097.8271606,1788638100,2.2,Up,0.5,226.28,0.49,7,50,49,False
1788638097.8271606,1788638100,2.2,Down,0.51,7,0.5,226.28,49,50,False
1788638099.0561235,1788638100,0.9,Up,0.5,226.28,0.49,22,50,49,False
1788638099.0561235,1788638100,0.9,Down,0.51,22,0.5,226.28,49,50,False
1788638101.4228961,1788638400,298.6,Up,0.51,279.19,0.5,620.5,49,50,False
1788638101.4228961,1788638400,298.6,Down,0.5,620.5,0.49,279.19,50,49,False
1788638104.5898821,1788638400,295.4,Up,0.51,269.19,0.5,620.5,49,50,False
1788638104.5898821,1788638400,295.4,Down,0.5,620.5,0.49,269.19,50,49,False
1788638107.824072,1788638400,292.2,Up,0.51,284.19,0.5,730.5,49,50,False
1788638107.824072,1788638400,292.2,Down,0.5,730.5,0.49,284.19,50,49,False
1788638111.1386673,1788638400,288.9,Up,0.51,304.69,0.5,730.5,49,50,False
1788638111.1386673,1788638400,288.9,Down,0.5,730.5,0.49,304.69,50,49,False
1788638114.363633,1788638400,285.6,Up,0.51,304.69,0.5,730.5,49,50,False
1788638114.363633,1788638400,285.6,Down,0.5,730.5,0.49,304.69,50,49,False
1788638117.6768036,1788638400,282.3,Up,0.51,309.69,0.5,735.5,49,50,False
1788638117.6768036,1788638400,282.3,Down,0.5,735.5,0.49,309.69,50,49,False
1788638120.9874792,1788638400,279.0,Up,0.51,309.69,0.5,753.5,49,50,False
1788638120.9874792,1788638400,279.0,Down,0.5,753.5,0.49,309.69,50,49,False
1788638124.2925186,1788638400,275.7,Up,0.51,309.69,0.5,758.5,49,50,False
1788638124.2925186,1788638400,275.7,Down,0.5,758.5,0.49,309.69,50,49,False
1788638127.5323822,1788638400,272.5,Up,0.51,309.69,0.5,758.5,49,50,False
1788638127.5323822,1788638400,272.5,Down,0.5,758.5,0.49,309.69,50,49,False
1788638130.8257353,1788638400,269.2,Up,0.51,309.69,0.5,758.5,49,50,False
1788638130.8257353,1788638400,269.2,Down,0.5,758.5,0.49,309.69,50,49,False
1788638134.1399078,1788638400,265.9,Up,0.51,309.69,0.5,758.5,49,50,False
1788638134.1399078,1788638400,265.9,Down,0.5,758.5,0.49,309.69,50,49,False
1788638137.458173,1788638400,262.5,Up,0.51,309.69,0.5,758.5,49,50,False
1788638137.458173,1788638400,262.5,Down,0.5,758.5,0.49,309.69,50,49,False
1788638140.6936073,1788638400,259.3,Up,0.51,309.69,0.5,758.5,49,50,False
1788638140.6936073,1788638400,259.3,Down,0.5,758.5,0.49,309.69,50,49,False
1788638143.9257576,1788638400,256.1,Up,0.51,309.69,0.5,763.5,49,50,False
1788638143.9257576,1788638400,256.1,Down,0.5,763.5,0.49,309.69,50,49,False
1788638147.2425005,1788638400,252.8,Up,0.51,208.5,0.5,763.5,49,50,False
1788638147.2425005,1788638400,252.8,Down,0.5,763.5,0.49,208.5,50,49,False
1788638150.5271034,1788638400,249.5,Up,0.51,208.5,0.5,773.5,49,50,False
1788638150.5271034,1788638400,249.5,Down,0.5,773.5,0.49,208.5,50,49,False
1788638153.825578,1788638400,246.2,Up,0.51,208.5,0.5,773.5,49,50,False
1788638153.825578,1788638400,246.2,Down,0.5,773.5,0.49,208.5,50,49,False
1788638157.1294422,1788638400,242.9,Up,0.51,208.5,0.5,773.5,49,50,False
1788638157.1294422,1788638400,242.9,Down,0.5,773.5,0.49,208.5,50,49,False
1788638160.423736,1788638400,239.6,Up,0.51,208.5,0.5,773.5,49,50,False
1788638160.423736,1788638400,239.6,Down,0.5,773.5,0.49,208.5,50,49,False
1788638163.7378087,1788638400,236.3,Up,0.51,208.5,0.5,773.5,49,50,False
1788638163.7378087,1788638400,236.3,Down,0.5,773.5,0.49,208.5,50,49,False
1788638167.0604737,1788638400,232.9,Up,0.51,208.5,0.5,778.5,49,50,False
1788638167.0604737,1788638400,232.9,Down,0.5,778.5,0.49,208.5,50,49,False
1788638170.2870872,1788638400,229.7,Up,0.51,208.5,0.5,773.5,49,50,False
1788638170.2870872,1788638400,229.7,Down,0.5,773.5,0.49,208.5,50,49,False
1788638173.5276177,1788638400,226.5,Up,0.51,208.5,0.5,773.5,49,50,False
1788638173.5276177,1788638400,226.5,Down,0.5,773.5,0.49,208.5,50,49,False
1788638176.8279042,1788638400,223.2,Up,0.51,208.5,0.5,773.5,49,50,False
1788638176.8279042,1788638400,223.2,Down,0.5,773.5,0.49,208.5,50,49,False
1788638180.1600266,1788638400,219.8,Up,0.51,208.5,0.5,773.5,49,50,False
1788638180.1600266,1788638400,219.8,Down,0.5,773.5,0.49,208.5,50,49,False
1788638183.3965707,1788638400,216.6,Up,0.51,208.5,0.5,773.5,49,50,False
1788638183.3965707,1788638400,216.6,Down,0.5,773.5,0.49,208.5,50,49,False
1788638186.6955647,1788638400,213.3,Up,0.51,208.5,0.5,773.5,49,50,False
1788638186.6955647,1788638400,213.3,Down,0.5,773.5,0.49,208.5,50,49,False
1788638189.9920683,1788638400,210.0,Up,0.51,208.5,0.5,773.5,49,50,False
1788638189.9920683,1788638400,210.0,Down,0.5,773.5,0.49,208.5,50,49,False
1788638193.298533,1788638400,206.7,Up,0.51,208.5,0.5,773.5,49,50,False
1788638193.298533,1788638400,206.7,Down,0.5,773.5,0.49,208.5,50,49,False
1788638196.632267,1788638400,203.4,Up,0.51,208.5,0.5,773.5,49,50,False
1788638196.632267,1788638400,203.4,Down,0.5,773.5,0.49,208.5,50,49,False
1788638199.9603462,1788638400,200.0,Up,0.51,208.5,0.5,773.5,49,50,False
1788638199.9603462,1788638400,200.0,Down,0.5,773.5,0.49,208.5,50,49,False
1788638203.277016,1788638400,196.7,Up,0.51,208.5,0.5,773.5,49,50,False
1788638203.277016,1788638400,196.7,Down,0.5,773.5,0.49,208.5,50,49,False
1788638206.5887222,1788638400,193.4,Up,0.51,208.5,0.5,773.5,49,50,False
1788638206.5887222,1788638400,193.4,Down,0.5,773.5,0.49,208.5,50,49,False
1788638209.8951669,1788638400,190.1,Up,0.51,208.5,0.5,773.5,49,50,False
1788638209.8951669,1788638400,190.1,Down,0.5,773.5,0.49,208.5,50,49,False
1788638213.2222073,1788638400,186.8,Up,0.51,208.5,0.5,773.5,49,50,False
1788638213.2222073,1788638400,186.8,Down,0.5,773.5,0.49,208.5,50,49,False
1788638216.4592488,1788638400,183.5,Up,0.51,208.5,0.5,773.5,49,50,False
1788638216.4592488,1788638400,183.5,Down,0.5,773.5,0.49,208.5,50,49,False
1788638219.7680657,1788638400,180.2,Up,0.51,208.5,0.5,773.5,49,50,False
1788638219.7680657,1788638400,180.2,Down,0.5,773.5,0.49,208.5,50,49,False
1788638223.0145779,1788638400,177.0,Up,0.51,208.5,0.5,773.5,49,50,False
1788638223.0145779,1788638400,177.0,Down,0.5,773.5,0.49,208.5,50,49,False
1788638226.2393005,1788638400,173.8,Up,0.51,200.5,0.5,773.5,49,50,False
1788638226.2393005,1788638400,173.8,Down,0.5,773.5,0.49,200.5,50,49,False
1788638229.5622194,1788638400,170.4,Up,0.51,200.5,0.5,773.5,49,50,False
1788638229.5622194,1788638400,170.4,Down,0.5,773.5,0.49,200.5,50,49,False
1788638232.914073,1788638400,167.1,Up,0.51,200.5,0.5,773.5,49,50,False
1788638232.914073,1788638400,167.1,Down,0.5,773.5,0.49,200.5,50,49,False
1788638236.1631484,1788638400,163.8,Up,0.51,200.5,0.5,773.5,49,50,False
1788638236.1631484,1788638400,163.8,Down,0.5,773.5,0.49,200.5,50,49,False
1788638239.4753563,1788638400,160.5,Up,0.51,200.5,0.5,763.5,49,50,False
1788638239.4753563,1788638400,160.5,Down,0.5,763.5,0.49,200.5,50,49,False
1788638242.7752993,1788638400,157.2,Up,0.51,200.5,0.5,763.5,49,50,False
1788638242.7752993,1788638400,157.2,Down,0.5,763.5,0.49,200.5,50,49,False
1788638246.075567,1788638400,153.9,Up,0.51,200.5,0.5,763.5,49,50,False
1788638246.075567,1788638400,153.9,Down,0.5,763.5,0.49,200.5,50,49,False
1788638249.3814814,1788638400,150.6,Up,0.51,200.5,0.5,763.5,49,50,False
1788638249.3814814,1788638400,150.6,Down,0.5,763.5,0.49,200.5,50,49,False
1788638252.6247067,1788638400,147.4,Up,0.51,200.5,0.5,763.5,49,50,False
1788638252.6247067,1788638400,147.4,Down,0.5,763.5,0.49,200.5,50,49,False
1788638255.9206095,1788638400,144.1,Up,0.51,200.5,0.5,721.5,49,50,False
1788638255.9206095,1788638400,144.1,Down,0.5,721.5,0.49,200.5,50,49,False
1788638259.2275364,1788638400,140.8,Up,0.51,200.5,0.5,721.5,49,50,False
1788638259.2275364,1788638400,140.8,Down,0.5,721.5,0.49,200.5,50,49,False
1788638262.5305994,1788638400,137.5,Up,0.51,200.5,0.5,721.5,49,50,False
1788638262.5305994,1788638400,137.5,Down,0.5,721.5,0.49,200.5,50,49,False
1788638265.8339849,1788638400,134.2,Up,0.51,200.5,0.5,721.5,49,50,False
1788638265.8339849,1788638400,134.2,Down,0.5,721.5,0.49,200.5,50,49,False
1788638269.071513,1788638400,130.9,Up,0.51,200.5,0.5,721.5,49,50,False
1788638269.071513,1788638400,130.9,Down,0.5,721.5,0.49,200.5,50,49,False
1788638272.3491957,1788638400,127.7,Up,0.51,200.5,0.5,721.5,49,50,False
1788638272.3491957,1788638400,127.7,Down,0.5,721.5,0.49,200.5,50,49,False
1788638275.584204,1788638400,124.4,Up,0.51,200.5,0.5,731.5,49,50,False
1788638275.584204,1788638400,124.4,Down,0.5,731.5,0.49,200.5,50,49,False
1788638278.8942482,1788638400,121.1,Up,0.51,200.5,0.5,731.5,49,50,False
1788638278.8942482,1788638400,121.1,Down,0.5,731.5,0.49,200.5,50,49,False
1788638282.126126,1788638400,117.9,Up,0.51,200.5,0.5,731.5,49,50,False
1788638282.126126,1788638400,117.9,Down,0.5,731.5,0.49,200.5,50,49,False
1788638285.3698864,1788638400,114.6,Up,0.51,190.5,0.5,721.5,49,50,False
1788638285.3698864,1788638400,114.6,Down,0.5,158,0.49,190.5,50,49,False
1788638288.6755712,1788638400,111.3,Up,0.51,190.5,0.5,158,49,50,False
1788638288.6755712,1788638400,111.3,Down,0.5,158,0.49,190.5,50,49,False
1788638291.8313868,1788638400,108.2,Up,0.51,190.5,0.5,158,49,50,False
1788638291.8313868,1788638400,108.2,Down,0.5,158,0.49,190.5,50,49,False
1788638295.1360826,1788638400,104.9,Up,0.51,180.87,0.5,168,49,50,False
1788638295.1360826,1788638400,104.9,Down,0.5,168,0.49,180.87,50,49,False
1788638298.4347088,1788638400,101.6,Up,0.51,180.87,0.5,168,49,50,False
1788638298.4347088,1788638400,101.6,Down,0.5,168,0.49,180.87,50,49,False
1788638301.7443259,1788638400,98.3,Up,0.51,180.87,0.5,168,49,50,False
1788638301.7443259,1788638400,98.3,Down,0.5,168,0.49,180.87,50,49,False
1788638305.0843556,1788638400,94.9,Up,0.51,180.87,0.5,168,49,50,False
1788638305.0843556,1788638400,94.9,Down,0.5,168,0.49,180.87,50,49,False
1788638308.321643,1788638400,91.7,Up,0.51,180.87,0.5,168,49,50,False
1788638308.321643,1788638400,91.7,Down,0.5,168,0.49,180.87,50,49,False
1788638311.6402473,1788638400,88.4,Up,0.52,87.92,0.51,893.3,48,51,False
1788638311.6402473,1788638400,88.4,Down,0.49,893.3,0.48,87.92,51,48,False
1788638314.941634,1788638400,85.1,Up,0.52,133.84,0.51,1893.3,48,51,False
1788638314.941634,1788638400,85.1,Down,0.49,1893.3,0.48,133.84,51,48,False
1788638318.2561667,1788638400,81.7,Up,0.53,40.64,0.52,927.33,47,52,False
1788638318.2561667,1788638400,81.7,Down,0.48,927.33,0.47,40.64,52,47,False
1788638321.5934143,1788638400,78.4,Up,0.54,53,0.53,911.12,46,53,False
1788638321.5934143,1788638400,78.4,Down,0.47,911.12,0.46,53,53,46,False
1788638324.9058409,1788638400,75.1,Up,0.55,105,0.54,10,45,54,False
1788638324.9058409,1788638400,75.1,Down,0.46,10,0.45,105,54,45,False
1788638328.223035,1788638400,71.8,Up,0.55,205,0.54,10,45,54,False
1788638328.223035,1788638400,71.8,Down,0.46,10,0.45,205,54,45,False
1788638331.5256512,1788638400,68.5,Up,0.55,195,0.54,10,45,54,False
1788638331.5256512,1788638400,68.5,Down,0.46,10,0.45,195,54,45,False
1788638334.8355296,1788638400,65.2,Up,0.55,205,0.54,10,45,54,False
1788638334.8355296,1788638400,65.2,Down,0.46,10,0.45,205,54,45,False
1788638338.0750391,1788638400,61.9,Up,0.55,220,0.54,10,45,54,False
1788638338.0750391,1788638400,61.9,Down,0.46,10,0.45,220,54,45,False
1788638341.3698533,1788638400,58.6,Up,0.55,220,0.54,10,45,54,False
1788638341.3698533,1788638400,58.6,Down,0.46,10,0.45,220,54,45,False
1788638344.7143257,1788638400,55.3,Up,0.55,210,0.54,10,45,54,False
1788638344.7143257,1788638400,55.3,Down,0.46,10,0.45,210,53,45,False
1788638348.0295987,1788638400,52.0,Up,0.54,125,0.53,9,46,52,False
1788638348.0295987,1788638400,52.0,Down,0.47,9,0.46,125,52,46,False
1788638351.3420777,1788638400,48.7,Up,0.54,125,0.53,9,46,53,False
1788638351.3420777,1788638400,48.7,Down,0.47,9,0.46,125,53,46,False
1788638354.6355345,1788638400,45.4,Up,0.54,125,0.53,9,46,53,False
1788638354.6355345,1788638400,45.4,Down,0.47,9,0.46,125,53,46,False
1788638357.9523659,1788638400,42.0,Up,0.54,275,0.53,5.38,46,53,False
1788638357.9523659,1788638400,42.0,Down,0.47,5.38,0.46,275,53,46,False
1788638361.1936269,1788638400,38.8,Up,0.54,175,0.53,5.38,46,53,False
1788638361.1936269,1788638400,38.8,Down,0.47,105.38,0.46,10,53,46,False
1788638364.4282475,1788638400,35.6,Up,0.54,25,0.53,105.38,46,53,False
1788638364.4282475,1788638400,35.6,Down,0.47,105.38,0.46,25,53,46,False
1788638367.744969,1788638400,32.3,Up,0.54,25,0.53,105.38,46,53,False
1788638367.744969,1788638400,32.3,Down,0.47,105.38,0.46,25,53,46,False
1788638371.0524766,1788638400,28.9,Up,0.54,25,0.53,105.38,46,53,False
1788638371.0524766,1788638400,28.9,Down,0.47,105.38,0.46,25,53,46,False
1788638374.2925696,1788638400,25.7,Up,0.54,25,0.53,105.38,46,53,False
1788638374.2925696,1788638400,25.7,Down,0.47,105.38,0.46,25,53,46,False
1788638377.603778,1788638400,22.4,Up,0.54,25,0.53,105.38,46,53,False
1788638377.603778,1788638400,22.4,Down,0.47,105.38,0.46,25,53,46,False
1788638380.9129095,1788638400,19.1,Up,0.54,25,0.53,105.38,46,53,False
1788638380.9129095,1788638400,19.1,Down,0.47,111.09,0.46,25,53,46,False
1788638384.2080388,1788638400,15.8,Up,0.54,4.62,0.53,74.91,46,53,False
1788638384.2080388,1788638400,15.8,Down,0.47,74.91,0.46,4.62,53,46,False
1788638387.5130641,1788638400,12.5,Up,0.54,13.62,0.53,120,46,53,False
1788638387.5130641,1788638400,12.5,Down,0.47,120,0.46,13.62,53,46,False
1788638390.811023,1788638400,9.2,Up,0.54,13.62,0.53,114.5,46,53,False
1788638390.811023,1788638400,9.2,Down,0.47,114.5,0.46,13.62,53,46,False
1788638393.413345,1788638400,6.6,Up,0.54,19.62,0.53,117.87,46,53,False
1788638393.413345,1788638400,6.6,Down,0.47,117.87,0.46,19.62,53,46,False
1788638395.3554807,1788638400,4.6,Up,0.54,19.62,0.53,201.91,46,53,False
1788638395.3554807,1788638400,4.6,Down,0.47,182.82,0.46,19.62,53,46,False
1788638396.7404418,1788638400,3.3,Up,0.54,16.01,0.53,540.45,46,53,False
1788638396.7404418,1788638400,3.3,Down,0.47,899.29,0.46,16.01,53,46,False
1788638398.0344424,1788638400,2.0,Up,0.54,10.01,0.53,878.54,46,53,False
1788638398.0344424,1788638400,2.0,Down,0.47,878.54,0.46,10.01,53,46,False
1788638400.5055118,1788638700,299.5,Up,0.52,115,0.51,112.97,48,51,False
1788638400.5055118,1788638700,299.5,Down,0.49,112.97,0.48,115,51,48,False
1788638403.7610757,1788638700,296.2,Up,0.52,115,0.51,112.97,48,51,False
1788638403.7610757,1788638700,296.2,Down,0.49,112.97,0.48,115,51,48,False
1788638407.0807383,1788638700,292.9,Up,0.52,120,0.51,104.8,48,51,False
1788638407.0807383,1788638700,292.9,Down,0.49,104.8,0.48,120,51,48,False
1788638410.3983688,1788638700,289.6,Up,0.52,125,0.51,89.8,48,51,False
1788638410.3983688,1788638700,289.6,Down,0.49,89.8,0.48,125,51,48,False
1788638413.712395,1788638700,286.3,Up,0.52,130,0.51,94.8,48,51,False
1788638413.712395,1788638700,286.3,Down,0.49,94.8,0.48,130,51,48,False
1788638417.037302,1788638700,283.0,Up,0.52,135,0.51,149.8,48,51,False
1788638417.037302,1788638700,283.0,Down,0.49,149.8,0.48,135,51,48,False
1788638420.1850014,1788638700,279.8,Up,0.52,235,0.51,149.8,48,51,False
1788638420.1850014,1788638700,279.8,Down,0.49,149.8,0.48,235,51,48,False
1788638423.4216003,1788638700,276.6,Up,0.52,235,0.51,144.8,48,51,False
1788638423.4216003,1788638700,276.6,Down,0.49,144.8,0.48,235,51,48,False
1788638426.7359824,1788638700,273.3,Up,0.52,235,0.51,144.8,48,51,False
1788638426.7359824,1788638700,273.3,Down,0.49,144.8,0.48,235,51,48,False
1788638430.4010537,1788638700,269.6,Up,0.52,235,0.51,144.8,48,51,False
1788638430.4010537,1788638700,269.6,Down,0.49,144.8,0.48,235,51,48,False
1788638433.9742336,1788638700,266.0,Up,0.52,235,0.51,144.8,48,51,False
1788638433.9742336,1788638700,266.0,Down,0.49,144.8,0.48,235,51,48,False
1788638437.4842172,1788638700,262.5,Up,0.52,235,0.51,144.8,48,51,False
1788638437.4842172,1788638700,262.5,Down,0.49,144.8,0.48,235,51,48,False
1788638440.90437,1788638700,259.1,Up,0.52,230,0.51,144.8,48,51,False
1788638440.90437,1788638700,259.1,Down,0.49,144.8,0.48,230,51,48,False
1788638444.135763,1788638700,255.9,Up,0.52,230,0.51,144.8,48,51,False
1788638444.135763,1788638700,255.9,Down,0.49,144.8,0.48,230,51,48,False
1788638447.4478738,1788638700,252.6,Up,0.52,230,0.51,144.8,48,51,False
1788638447.4478738,1788638700,252.6,Down,0.49,144.8,0.48,230,51,48,False
1788638450.6794848,1788638700,249.3,Up,0.52,230,0.51,144.8,48,51,False
1788638450.6794848,1788638700,249.3,Down,0.49,144.8,0.48,230,51,48,False
1788638453.9910154,1788638700,246.0,Up,0.52,230,0.51,144.8,48,51,False
1788638453.9910154,1788638700,246.0,Down,0.49,144.8,0.48,230,51,48,False
1788638457.3053174,1788638700,242.7,Up,0.52,235,0.51,154.8,48,51,False
1788638457.3053174,1788638700,242.7,Down,0.49,154.8,0.48,235,51,48,False
1788638460.560688,1788638700,239.4,Up,0.52,235,0.51,154.8,48,51,False
1788638460.560688,1788638700,239.4,Down,0.49,154.8,0.48,235,51,48,False
1788638463.8596883,1788638700,236.1,Up,0.52,235,0.51,150.71,48,51,False
1788638463.8596883,1788638700,236.1,Down,0.49,150.71,0.48,235,51,48,False
1788638467.170121,1788638700,232.8,Up,0.52,235,0.51,140.71,48,51,False
1788638467.170121,1788638700,232.8,Down,0.49,140.71,0.48,235,51,48,False
1788638470.3921387,1788638700,229.6,Up,0.52,235,0.51,70,48,51,False
1788638470.3921387,1788638700,229.6,Down,0.49,70,0.48,235,51,48,False
1788638473.7118437,1788638700,226.3,Up,0.52,235,0.51,70,48,51,False
1788638473.7118437,1788638700,226.3,Down,0.49,70,0.48,235,51,48,False
1788638477.0211916,1788638700,223.0,Up,0.52,235,0.51,63.87,48,51,False
1788638477.0211916,1788638700,223.0,Down,0.49,63.87,0.48,235,51,48,False
1788638480.311421,1788638700,219.7,Up,0.54,143.86,0.53,68.16,46,53,False
1788638480.311421,1788638700,219.7,Down,0.47,68.16,0.46,133.86,53,46,False
1788638483.613422,1788638700,216.4,Up,0.54,143.86,0.53,68.16,46,53,False
1788638483.613422,1788638700,216.4,Down,0.47,68.16,0.46,143.86,53,46,False
1788638486.914869,1788638700,213.1,Up,0.55,91.11,0.54,937.89,45,54,False
1788638486.914869,1788638700,213.1,Down,0.46,937.89,0.45,191.11,54,45,False
1788638490.2034452,1788638700,209.8,Up,0.55,191.11,0.54,75.72,45,54,False
1788638490.2034452,1788638700,209.8,Down,0.46,75.72,0.45,191.11,54,45,False
1788638493.5080595,1788638700,206.5,Up,0.55,181.11,0.54,75.72,45,54,False
1788638493.5080595,1788638700,206.5,Down,0.46,75.72,0.45,181.11,54,45,False
1788638496.8222425,1788638700,203.2,Up,0.55,181.11,0.54,75.72,45,54,False
1788638496.8222425,1788638700,203.2,Down,0.46,75.72,0.45,181.11,54,45,False
1788638500.1272676,1788638700,199.9,Up,0.55,181.11,0.54,75.72,45,54,False
1788638500.1272676,1788638700,199.9,Down,0.46,75.72,0.45,181.11,54,45,False
1788638503.4475763,1788638700,196.6,Up,0.55,181.11,0.54,75.72,45,54,False
1788638503.4475763,1788638700,196.6,Down,0.46,75.72,0.45,181.11,54,45,False
1788638506.782431,1788638700,193.2,Up,0.55,181.11,0.54,75.72,45,54,False
1788638506.782431,1788638700,193.2,Down,0.46,75.72,0.45,181.11,54,45,False
1788638510.0861895,1788638700,189.9,Up,0.55,161.11,0.54,75.72,45,54,False
1788638510.0861895,1788638700,189.9,Down,0.46,75.72,0.45,161.11,54,45,False
1788638513.3908498,1788638700,186.6,Up,0.55,157.47,0.54,75.72,45,54,False
1788638513.3908498,1788638700,186.6,Down,0.46,75.72,0.45,157.47,54,45,False
1788638516.6208136,1788638700,183.4,Up,0.55,157.47,0.54,75.72,45,54,False
1788638516.6208136,1788638700,183.4,Down,0.46,75.72,0.45,153.83,54,45,False
1788638519.9399137,1788638700,180.1,Up,0.55,173.83,0.54,75.72,45,54,False
1788638519.9399137,1788638700,180.1,Down,0.46,75.72,0.45,173.83,54,45,False
1788638523.2475822,1788638700,176.8,Up,0.55,173.83,0.54,75.72,45,54,False
1788638523.2475822,1788638700,176.8,Down,0.46,75.72,0.45,173.83,54,45,False
1788638526.5628076,1788638700,173.4,Up,0.55,173.83,0.54,75.72,45,54,False
1788638526.5628076,1788638700,173.4,Down,0.46,75.72,0.45,173.83,54,45,False
1788638529.8623507,1788638700,170.1,Up,0.55,153.83,0.54,75.72,45,54,False
1788638529.8623507,1788638700,170.1,Down,0.46,75.72,0.45,153.83,54,45,False
1788638533.0858915,1788638700,166.9,Up,0.55,153.83,0.54,75.72,45,54,False
1788638533.0858915,1788638700,166.9,Down,0.46,75.72,0.45,153.83,54,45,False
1788638536.3866332,1788638700,163.6,Up,0.55,153.83,0.54,75.72,45,54,False
1788638536.3866332,1788638700,163.6,Down,0.46,75.72,0.45,153.83,54,45,False
1788638539.7134476,1788638700,160.3,Up,0.55,153.83,0.54,75.72,45,54,False
1788638539.7134476,1788638700,160.3,Down,0.46,75.72,0.45,153.83,54,45,False
1788638543.062797,1788638700,156.9,Up,0.55,153.83,0.54,75.72,45,54,False
1788638543.062797,1788638700,156.9,Down,0.46,75.72,0.45,153.83,54,45,False
1788638546.4113595,1788638700,153.6,Up,0.55,153.83,0.54,75.72,45,54,False
1788638546.4113595,1788638700,153.6,Down,0.46,75.72,0.45,153.83,54,45,False
1788638549.6373634,1788638700,150.4,Up,0.55,153.83,0.54,75.72,45,54,False
1788638549.6373634,1788638700,150.4,Down,0.46,75.72,0.45,153.83,54,45,False
1788638552.8761244,1788638700,147.1,Up,0.55,133.83,0.54,75.72,45,54,False
1788638552.8761244,1788638700,147.1,Down,0.46,75.72,0.45,133.83,54,45,False
1788638556.1089458,1788638700,143.9,Up,0.55,133.83,0.54,75.72,45,54,False
1788638556.1089458,1788638700,143.9,Down,0.46,75.72,0.45,133.83,54,45,False
1788638559.4224477,1788638700,140.6,Up,0.55,133.83,0.54,75.72,45,54,False
1788638559.4224477,1788638700,140.6,Down,0.46,75.72,0.45,133.83,54,45,False
1788638562.7891965,1788638700,137.2,Up,0.55,133.83,0.54,75.72,45,54,False
1788638562.7891965,1788638700,137.2,Down,0.46,75.72,0.45,133.83,54,45,False
1788638566.123849,1788638700,133.9,Up,0.55,133.83,0.54,75.72,45,54,False
1788638566.123849,1788638700,133.9,Down,0.46,75.72,0.45,133.83,54,45,False
1788638569.4708133,1788638700,130.5,Up,0.55,133.83,0.54,75.72,45,54,False
1788638569.4708133,1788638700,130.5,Down,0.46,75.72,0.45,133.83,54,45,False
1788638572.782874,1788638700,127.2,Up,0.55,133.83,0.54,75.72,45,54,False
1788638572.782874,1788638700,127.2,Down,0.46,75.72,0.45,133.83,54,45,False
1788638576.0234108,1788638700,124.0,Up,0.55,133.83,0.54,75.72,45,54,False
1788638576.0234108,1788638700,124.0,Down,0.46,75.72,0.45,133.83,54,45,False
1788638579.3185978,1788638700,120.7,Up,0.55,133.83,0.54,75.72,45,54,False
1788638579.3185978,1788638700,120.7,Down,0.46,75.72,0.45,133.83,54,45,False
1788638582.6400476,1788638700,117.4,Up,0.55,133.83,0.54,75.72,45,54,False
1788638582.6400476,1788638700,117.4,Down,0.46,75.72,0.45,133.83,54,45,False
1788638585.9496229,1788638700,114.1,Up,0.55,123.83,0.54,75.72,45,54,False
1788638585.9496229,1788638700,114.1,Down,0.46,75.72,0.45,123.83,54,45,False
1788638589.2782605,1788638700,110.7,Up,0.55,123.83,0.54,75.72,45,54,False
1788638589.2782605,1788638700,110.7,Down,0.46,75.72,0.45,123.83,54,45,False
1788638592.5012398,1788638700,107.5,Up,0.55,123.83,0.54,75.72,45,54,False
1788638592.5012398,1788638700,107.5,Down,0.46,75.72,0.45,123.83,54,45,False
1788638595.7398546,1788638700,104.3,Up,0.55,143.83,0.54,75.72,45,54,False
1788638595.7398546,1788638700,104.3,Down,0.46,75.72,0.45,143.83,54,45,False
1788638599.0597105,1788638700,100.9,Up,0.55,148.83,0.54,75.72,45,54,False
1788638599.0597105,1788638700,100.9,Down,0.46,75.72,0.45,148.83,54,45,False
1788638602.2956781,1788638700,97.7,Up,0.55,148.83,0.54,75.72,45,54,False
1788638602.2956781,1788638700,97.7,Down,0.46,75.72,0.45,148.83,54,45,False
1788638605.47337,1788638700,94.5,Up,0.55,148.83,0.54,75.72,45,54,False
1788638605.47337,1788638700,94.5,Down,0.46,75.72,0.45,148.83,54,45,False
1788638608.7996016,1788638700,91.2,Up,0.55,148.83,0.54,75.72,45,54,False
1788638608.7996016,1788638700,91.2,Down,0.46,75.72,0.45,148.83,54,45,False
1788638612.107841,1788638700,87.9,Up,0.55,138.83,0.54,75.72,45,54,False
1788638612.107841,1788638700,87.9,Down,0.46,75.72,0.45,138.83,54,45,False
1788638615.3577843,1788638700,84.6,Up,0.55,138.83,0.54,75.72,45,54,False
1788638615.3577843,1788638700,84.6,Down,0.46,75.72,0.45,138.83,54,45,False
1788638618.6793623,1788638700,81.3,Up,0.55,138.83,0.54,75.72,45,54,False
1788638618.6793623,1788638700,81.3,Down,0.46,75.72,0.45,138.83,54,45,False
1788638621.9813554,1788638700,78.0,Up,0.55,118.83,0.54,75.72,45,54,False
1788638621.9813554,1788638700,78.0,Down,0.46,75.72,0.45,118.83,54,45,False
1788638625.294248,1788638700,74.7,Up,0.55,118.83,0.54,75.72,45,54,False
1788638625.294248,1788638700,74.7,Down,0.46,75.72,0.45,118.83,54,45,False
1788638628.6048028,1788638700,71.4,Up,0.55,118.83,0.54,75.72,45,54,False
1788638628.6048028,1788638700,71.4,Down,0.46,75.72,0.45,118.83,54,45,False
1788638632.0422776,1788638700,68.0,Up,0.55,138.83,0.54,75.72,45,54,False
1788638632.0422776,1788638700,68.0,Down,0.46,75.72,0.45,138.83,54,45,False
1788638635.2774322,1788638700,64.7,Up,0.55,148.83,0.54,75.72,45,54,False
1788638635.2774322,1788638700,64.7,Down,0.46,75.72,0.45,148.83,54,45,False
1788638638.526731,1788638700,61.5,Up,0.55,163.83,0.54,43.11,45,54,False
1788638638.526731,1788638700,61.5,Down,0.46,43.11,0.45,163.83,54,45,False
1788638641.7728138,1788638700,58.2,Up,0.55,163.83,0.54,43.11,45,54,False
1788638641.7728138,1788638700,58.2,Down,0.46,43.11,0.45,163.83,54,45,False
1788638645.0174575,1788638700,55.0,Up,0.55,158.83,0.54,43.11,45,54,False
1788638645.0174575,1788638700,55.0,Down,0.46,43.11,0.45,158.83,54,45,False
1788638648.3268816,1788638700,51.7,Up,0.55,158.83,0.54,63.11,45,54,False
1788638648.3268816,1788638700,51.7,Down,0.46,63.11,0.45,158.83,54,45,False
1788638651.6253152,1788638700,48.4,Up,0.55,155,0.54,60.93,45,54,False
1788638651.6253152,1788638700,48.4,Down,0.46,60.93,0.45,155,54,45,False
1788638654.9612353,1788638700,45.0,Up,0.55,305,0.54,60.93,45,54,False
1788638654.9612353,1788638700,45.0,Down,0.46,60.93,0.45,305,54,45,False
1788638658.2634077,1788638700,41.7,Up,0.55,305,0.54,24.93,45,54,False
1788638658.2634077,1788638700,41.7,Down,0.46,24.93,0.45,305,54,45,False
1788638661.5731544,1788638700,38.4,Up,0.53,375,0.52,23.57,47,51,False
1788638661.5731544,1788638700,38.4,Down,0.48,18.57,0.47,375,51,47,False
1788638664.877846,1788638700,35.1,Up,0.53,375,0.52,18.57,47,51,False
1788638664.877846,1788638700,35.1,Down,0.48,18.57,0.47,375,51,47,False
1788638668.1838834,1788638700,31.8,Up,0.53,375,0.52,18.57,47,51,False
1788638668.1838834,1788638700,31.8,Down,0.48,18.57,0.47,375,51,47,False
1788638671.480251,1788638700,28.5,Up,0.52,125,0.51,821.87,48,50,False
1788638671.480251,1788638700,28.5,Down,0.49,821.87,0.48,125,50,48,False
1788638674.791966,1788638700,25.2,Up,0.52,225,0.51,803.87,48,50,False
1788638674.791966,1788638700,25.2,Down,0.49,803.87,0.48,225,50,48,False
1788638678.096872,1788638700,21.9,Up,0.52,193.84,0.51,803.87,48,50,False
1788638678.096872,1788638700,21.9,Down,0.49,803.87,0.48,193.84,50,48,False
1788638681.4027784,1788638700,18.6,Up,0.52,191.91,0.51,803.87,48,50,False
1788638681.4027784,1788638700,18.6,Down,0.49,803.87,0.48,198.22,50,48,False
1788638684.6418054,1788638700,15.4,Up,0.52,179.22,0.51,585.82,48,49,False
1788638684.6418054,1788638700,15.4,Down,0.49,585.82,0.48,179.22,49,48,False
1788638688.0597987,1788638700,11.9,Up,0.52,177.29,0.51,559.82,48,49,False
1788638688.0597987,1788638700,11.9,Down,0.49,559.82,0.48,177.29,49,48,False
1788638691.3383222,1788638700,8.7,Up,0.52,177.29,0.51,546.63,48,49,False
1788638691.3383222,1788638700,8.7,Down,0.49,540.63,0.48,177.29,49,48,False
1788638693.8085482,1788638700,6.2,Up,0.52,146.84,0.51,374.58,48,49,False
1788638693.8085482,1788638700,6.2,Down,0.49,374.58,0.48,146.84,49,48,False
1788638695.658731,1788638700,4.3,Up,0.52,166.84,0.51,183,48,49,False
1788638695.658731,1788638700,4.3,Down,0.49,183,0.48,166.84,50,48,False
1788638696.970027,1788638700,3.0,Up,0.52,151.84,0.51,156.86,48,50,False
1788638696.970027,1788638700,3.0,Down,0.49,253.02,0.48,113.37,50,48,False
1788638698.1918845,1788638700,1.8,Up,0.52,21.7,0.51,333.54,48,50,False
1788638698.1918845,1788638700,1.8,Down,0.49,331.49,0.48,21.7,50,48,False
1788638700.632524,1788639000,299.4,Up,0.52,105,0.51,122.97,48,51,False
1788638700.632524,1788639000,299.4,Down,0.49,122.97,0.48,105,51,48,False
1788638703.8762467,1788639000,296.1,Up,0.52,105,0.51,122.97,48,51,False
1788638703.8762467,1788639000,296.1,Down,0.49,122.97,0.48,105,51,48,False
1788638707.1753469,1788639000,292.8,Up,0.52,125,0.51,132.97,48,51,False
1788638707.1753469,1788639000,292.8,Down,0.49,132.97,0.48,125,51,48,False
1788638710.4193616,1788639000,289.6,Up,0.52,125,0.51,115.97,48,51,False
1788638710.4193616,1788639000,289.6,Down,0.49,115.97,0.48,125,51,48,False
1788638713.7339237,1788639000,286.3,Up,0.52,125,0.51,115.97,48,51,False
1788638713.7339237,1788639000,286.3,Down,0.49,115.97,0.48,125,51,48,False
1788638717.0614755,1788639000,282.9,Up,0.52,130,0.51,170.97,48,51,False
1788638717.0614755,1788639000,282.9,Down,0.49,170.97,0.48,130,51,48,False
1788638720.3648975,1788639000,279.6,Up,0.52,135,0.51,165.97,48,51,False
1788638720.3648975,1788639000,279.6,Down,0.49,165.97,0.48,135,51,48,False
1788638723.683178,1788639000,276.3,Up,0.52,140,0.51,165.97,48,51,False
1788638723.683178,1788639000,276.3,Down,0.49,165.97,0.48,140,51,48,False
1788638727.015232,1788639000,273.0,Up,0.52,160.83,0.51,163.93,48,51,False
1788638727.015232,1788639000,273.0,Down,0.49,163.93,0.48,160.83,51,48,False
1788638730.3376772,1788639000,269.7,Up,0.52,160.83,0.51,163.93,48,51,False
1788638730.3376772,1788639000,269.7,Down,0.49,163.93,0.48,155.83,51,48,False
1788638733.694404,1788639000,266.3,Up,0.52,155.83,0.51,163.93,48,51,False
1788638733.694404,1788639000,266.3,Down,0.49,163.93,0.48,155.83,51,48,False
1788638737.0019207,1788639000,263.0,Up,0.52,155.83,0.51,163.93,48,51,False
1788638737.0019207,1788639000,263.0,Down,0.49,163.93,0.48,155.83,51,48,False
1788638740.3125184,1788639000,259.7,Up,0.52,155.83,0.51,163.93,48,51,False
1788638740.3125184,1788639000,259.7,Down,0.49,163.93,0.48,155.83,51,48,False
1788638743.6208103,1788639000,256.4,Up,0.52,155.83,0.51,163.93,48,51,False
1788638743.6208103,1788639000,256.4,Down,0.49,163.93,0.48,155.83,51,48,False
1788638746.9610267,1788639000,253.0,Up,0.52,155.83,0.51,163.93,48,51,False
1788638746.9610267,1788639000,253.0,Down,0.49,163.93,0.48,155.83,51,48,False
1788638750.2753866,1788639000,249.7,Up,0.52,155.83,0.51,163.93,48,51,False
1788638750.2753866,1788639000,249.7,Down,0.49,163.93,0.48,155.83,51,48,False
1788638753.5860713,1788639000,246.4,Up,0.52,155.83,0.51,163.93,48,51,False
1788638753.5860713,1788639000,246.4,Down,0.49,163.93,0.48,155.83,51,48,False
1788638756.8893783,1788639000,243.1,Up,0.52,155.83,0.51,163.93,48,51,False
1788638756.8893783,1788639000,243.1,Down,0.49,163.93,0.48,155.83,51,48,False
1788638760.1916327,1788639000,239.8,Up,0.52,155.83,0.51,163.93,48,51,False
1788638760.1916327,1788639000,239.8,Down,0.49,163.93,0.48,155.83,51,48,False
1788638763.492334,1788639000,236.5,Up,0.52,155.83,0.51,163.93,48,51,False
1788638763.492334,1788639000,236.5,Down,0.49,163.93,0.48,155.83,51,48,False
1788638766.807678,1788639000,233.2,Up,0.52,155.83,0.51,163.93,48,51,False
1788638766.807678,1788639000,233.2,Down,0.49,158.93,0.48,150.83,51,48,False
1788638770.1273625,1788639000,229.9,Up,0.52,145.83,0.51,60,48,51,False
1788638770.1273625,1788639000,229.9,Down,0.49,60,0.48,145.83,51,48,False
1788638773.4329042,1788639000,226.6,Up,0.52,145.83,0.51,60,48,51,False
1788638773.4329042,1788639000,226.6,Down,0.49,60,0.48,145.83,51,48,False
1788638776.668026,1788639000,223.3,Up,0.52,145.83,0.51,60,48,51,False
1788638776.668026,1788639000,223.3,Down,0.49,60,0.48,145.83,51,48,False
1788638779.9848022,1788639000,220.0,Up,0.52,145.83,0.51,60,48,51,False
1788638779.9848022,1788639000,220.0,Down,0.49,60,0.48,225.83,51,48,False
1788638783.2835324,1788639000,216.7,Up,0.52,245.83,0.51,60,48,51,False
1788638783.2835324,1788639000,216.7,Down,0.49,60,0.48,245.83,51,48,False
1788638786.5883658,1788639000,213.4,Up,0.52,245.83,0.51,60,48,51,False
1788638786.5883658,1788639000,213.4,Down,0.49,60,0.48,245.83,51,48,False
1788638789.8182802,1788639000,210.2,Up,0.52,245.83,0.51,60,48,51,False
1788638789.8182802,1788639000,210.2,Down,0.49,60,0.48,245.83,51,48,False
1788638793.0972414,1788639000,206.9,Up,0.52,245.83,0.51,60,48,51,False
1788638793.0972414,1788639000,206.9,Down,0.49,60,0.48,245.83,51,48,False
1788638796.3943388,1788639000,203.6,Up,0.52,245.83,0.51,60,48,51,False
1788638796.3943388,1788639000,203.6,Down,0.49,60,0.48,245.83,51,48,False
1788638799.715761,1788639000,200.3,Up,0.52,245.83,0.51,60,48,51,False
1788638799.715761,1788639000,200.3,Down,0.49,60,0.48,245.83,51,48,False
1788638803.128149,1788639000,196.9,Up,0.52,245.83,0.51,60,48,51,False
1788638803.128149,1788639000,196.9,Down,0.49,60,0.48,245.83,51,48,False
1788638806.3634038,1788639000,193.6,Up,0.52,245.83,0.51,60,48,51,False
1788638806.3634038,1788639000,193.6,Down,0.49,60,0.48,245.83,51,48,False
1788638809.6713855,1788639000,190.3,Up,0.52,245.83,0.51,60,48,51,False
1788638809.6713855,1788639000,190.3,Down,0.49,60,0.48,245.83,51,48,False
1788638812.8990636,1788639000,187.1,Up,0.52,325.83,0.51,60,48,51,False
1788638812.8990636,1788639000,187.1,Down,0.49,60,0.48,325.83,51,48,False
1788638816.2063203,1788639000,183.8,Up,0.52,325.83,0.51,60,48,51,False
1788638816.2063203,1788639000,183.8,Down,0.49,60,0.48,325.83,51,48,False
1788638819.4413805,1788639000,180.6,Up,0.52,325.83,0.51,60,48,51,False
1788638819.4413805,1788639000,180.6,Down,0.49,60,0.48,325.83,51,48,False
1788638822.7658625,1788639000,177.2,Up,0.52,325.83,0.51,50,48,51,False
1788638822.7658625,1788639000,177.2,Down,0.49,50,0.48,325.83,51,48,False
1788638826.0814288,1788639000,173.9,Up,0.52,335.83,0.51,55,48,51,False
1788638826.0814288,1788639000,173.9,Down,0.49,55,0.48,335.83,51,48,False
1788638829.3933158,1788639000,170.6,Up,0.52,235.83,0.51,55,48,51,False
1788638829.3933158,1788639000,170.6,Down,0.49,55,0.48,235.83,51,48,False
1788638832.6222155,1788639000,167.4,Up,0.52,235.83,0.51,55,48,51,False
1788638832.6222155,1788639000,167.4,Down,0.49,55,0.48,235.83,51,48,False
1788638835.9298387,1788639000,164.1,Up,0.52,240.83,0.51,60,48,51,False
1788638835.9298387,1788639000,164.1,Down,0.49,60,0.48,240.83,51,48,False
1788638839.1667104,1788639000,160.8,Up,0.52,240.83,0.51,60,48,51,False
1788638839.1667104,1788639000,160.8,Down,0.49,60,0.48,240.83,51,48,False
1788638842.468939,1788639000,157.5,Up,0.52,240.83,0.51,60,48,51,False
1788638842.468939,1788639000,157.5,Down,0.49,60,0.48,240.83,51,48,False
1788638845.7249265,1788639000,154.3,Up,0.52,240.83,0.51,60,48,51,False
1788638845.7249265,1788639000,154.3,Down,0.49,60,0.48,240.83,51,48,False
1788638849.0339286,1788639000,151.0,Up,0.52,240.83,0.51,60,48,51,False
1788638849.0339286,1788639000,151.0,Down,0.49,60,0.48,240.83,51,48,False
1788638852.3471134,1788639000,147.7,Up,0.52,240.83,0.51,60,48,51,False
1788638852.3471134,1788639000,147.7,Down,0.49,60,0.48,240.83,51,48,False
1788638855.665505,1788639000,144.3,Up,0.52,160.83,0.51,60,48,51,False
1788638855.665505,1788639000,144.3,Down,0.49,60,0.48,160.83,51,48,False
1788638858.917151,1788639000,141.1,Up,0.52,160.83,0.51,60,48,51,False
1788638858.917151,1788639000,141.1,Down,0.49,60,0.48,160.83,51,48,False
1788638862.2333236,1788639000,137.8,Up,0.52,160.83,0.51,60,48,51,False
1788638862.2333236,1788639000,137.8,Down,0.49,60,0.48,160.83,51,48,False
1788638865.538026,1788639000,134.5,Up,0.52,160.83,0.51,60,48,51,False
1788638865.538026,1788639000,134.5,Down,0.49,60,0.48,160.83,51,48,False
1788638868.7773442,1788639000,131.2,Up,0.52,160.83,0.51,60,48,51,False
1788638868.7773442,1788639000,131.2,Down,0.49,60,0.48,160.83,51,48,False
1788638872.0955212,1788639000,127.9,Up,0.52,160.83,0.51,60,48,51,False
1788638872.0955212,1788639000,127.9,Down,0.49,60,0.48,160.83,51,48,False
1788638875.4128914,1788639000,124.6,Up,0.52,160.83,0.51,60,48,51,False
1788638875.4128914,1788639000,124.6,Down,0.49,60,0.48,160.83,51,48,False
1788638878.747341,1788639000,121.3,Up,0.52,160.83,0.51,60,48,51,False
1788638878.747341,1788639000,121.3,Down,0.49,60,0.48,160.83,51,48,False
1788638882.0529897,1788639000,117.9,Up,0.52,160.83,0.51,60,48,51,False
1788638882.0529897,1788639000,117.9,Down,0.49,60,0.48,160.83,51,48,False
1788638885.278862,1788639000,114.7,Up,0.52,160.83,0.51,60,48,51,False
1788638885.278862,1788639000,114.7,Down,0.49,60,0.48,160.83,51,48,False
1788638888.5857673,1788639000,111.4,Up,0.52,160.83,0.51,60,48,51,False
1788638888.5857673,1788639000,111.4,Down,0.49,60,0.48,160.83,51,48,False
1788638891.8973138,1788639000,108.1,Up,0.52,160.83,0.51,60,48,51,False
1788638891.8973138,1788639000,108.1,Down,0.49,60,0.48,160.83,51,48,False
1788638895.1206863,1788639000,104.9,Up,0.52,160.83,0.51,60,48,51,False
1788638895.1206863,1788639000,104.9,Down,0.49,60,0.48,160.83,51,48,False
1788638898.440353,1788639000,101.6,Up,0.52,160.83,0.51,60,48,51,False
1788638898.440353,1788639000,101.6,Down,0.49,60,0.48,160.83,51,48,False
1788638901.755833,1788639000,98.2,Up,0.52,160.83,0.51,60,48,51,False
1788638901.755833,1788639000,98.2,Down,0.49,60,0.48,160.83,51,48,False
1788638905.0818899,1788639000,94.9,Up,0.52,160.83,0.51,60,48,51,False
1788638905.0818899,1788639000,94.9,Down,0.49,60,0.48,160.83,51,48,False
1788638908.311777,1788639000,91.7,Up,0.52,160.83,0.51,55.91,48,51,False
1788638908.311777,1788639000,91.7,Down,0.49,55.91,0.48,160.83,51,48,False
1788638911.6210492,1788639000,88.4,Up,0.52,160.83,0.51,55.91,48,51,False
1788638911.6210492,1788639000,88.4,Down,0.49,55.91,0.48,160.83,51,48,False
1788638914.9400272,1788639000,85.1,Up,0.52,160.83,0.51,55.91,48,51,False
1788638914.9400272,1788639000,85.1,Down,0.49,55.91,0.48,160.83,51,48,False
1788638918.171493,1788639000,81.8,Up,0.52,160.83,0.51,55.91,48,51,False
1788638918.171493,1788639000,81.8,Down,0.49,55.91,0.48,160.83,51,48,False
1788638921.481248,1788639000,78.5,Up,0.52,160.83,0.51,55.91,48,51,False
1788638921.481248,1788639000,78.5,Down,0.49,55.91,0.48,160.83,51,48,False
1788638924.7866318,1788639000,75.2,Up,0.52,156.83,0.51,55.91,48,51,False
1788638924.7866318,1788639000,75.2,Down,0.49,55.91,0.48,156.83,51,48,False
1788638928.0860744,1788639000,71.9,Up,0.52,156.83,0.51,55.91,48,51,False
1788638928.0860744,1788639000,71.9,Down,0.49,55.91,0.48,156.83,51,48,False
1788638931.3283067,1788639000,68.7,Up,0.52,156.83,0.51,55.91,48,51,False
1788638931.3283067,1788639000,68.7,Down,0.49,55.91,0.48,156.83,51,48,False
1788638934.6536238,1788639000,65.3,Up,0.52,156.83,0.51,55.91,48,51,False
1788638934.6536238,1788639000,65.3,Down,0.49,55.91,0.48,156.83,51,48,False
1788638937.9597666,1788639000,62.0,Up,0.52,171.83,0.51,55.91,48,51,False
1788638937.9597666,1788639000,62.0,Down,0.49,55.91,0.48,171.83,51,48,False
1788638941.280307,1788639000,58.7,Up,0.52,171.83,0.51,55.91,48,51,False
1788638941.280307,1788639000,58.7,Down,0.49,55.91,0.48,171.83,51,48,False
1788638944.5244753,1788639000,55.5,Up,0.52,171.83,0.51,55.91,48,51,False
1788638944.5244753,1788639000,55.5,Down,0.49,50.91,0.48,161.83,51,48,False
1788638947.8361168,1788639000,52.2,Up,0.52,166.83,0.51,39.31,48,51,False
1788638947.8361168,1788639000,52.2,Down,0.49,39.31,0.48,166.83,51,48,False
1788638951.1540086,1788639000,48.8,Up,0.52,266.83,0.51,39.31,48,51,False
1788638951.1540086,1788639000,48.8,Down,0.49,39.31,0.48,266.83,51,48,False
1788638954.4698443,1788639000,45.5,Up,0.52,266.83,0.51,39.31,48,51,False
1788638954.4698443,1788639000,45.5,Down,0.49,39.31,0.48,266.83,51,48,False
1788638957.8138692,1788639000,42.2,Up,0.52,416.83,0.51,39.31,48,51,False
1788638957.8138692,1788639000,42.2,Down,0.49,39.31,0.48,416.83,51,48,False
1788638961.0691319,1788639000,38.9,Up,0.56,65,0.55,47.16,44,52,False
1788638961.0691319,1788639000,38.9,Down,0.45,19.16,0.44,65,52,44,False
1788638964.3960526,1788639000,35.6,Up,0.56,165,0.55,212.74,44,53,False
1788638964.3960526,1788639000,35.6,Down,0.45,212.74,0.44,165,53,44,False
1788638967.743952,1788639000,32.3,Up,0.52,110,0.51,13.34,48,50,False
1788638967.743952,1788639000,32.3,Down,0.49,13.34,0.48,110,50,48,False
1788638970.9718964,1788639000,29.0,Up,0.51,110,0.5,119.89,49,50,False
1788638970.9718964,1788639000,29.0,Down,0.5,119.89,0.49,110,50,49,False
1788638974.2058246,1788639000,25.8,Up,0.53,25,0.52,826.25,47,52,False
1788638974.2058246,1788639000,25.8,Down,0.48,831.25,0.47,25,52,47,False
1788638977.5161116,1788639000,22.5,Up,0.53,25,0.52,829.14,47,52,False
1788638977.5161116,1788639000,22.5,Down,0.48,824.97,0.47,25,52,47,False
1788638980.8222558,1788639000,19.2,Up,0.56,45,0.52,824.97,44,51,False
1788638980.8222558,1788639000,19.2,Down,0.48,824.97,0.44,45,51,44,False
1788638984.1353333,1788639000,15.9,Up,0.55,20.45,0.54,5,45,53,False
1788638984.1353333,1788639000,15.9,Down,0.46,5,0.45,20.45,53,45,False
1788638987.4648466,1788639000,12.5,Up,0.55,23.45,0.52,693.38,45,52,False
1788638987.4648466,1788639000,12.5,Down,0.47,20,0.45,23.45,53,45,False
1788638990.7692447,1788639000,9.2,Up,0.55,10,0.52,707.12,45,52,False
1788638990.7692447,1788639000,9.2,Down,0.48,707.12,0.45,10,52,45,False
1788638993.3043573,1788639000,6.7,Up,0.55,16,0.54,5,45,53,False
1788638993.3043573,1788639000,6.7,Down,0.46,5,0.45,16,53,45,False
1788638995.198847,1788639000,4.8,Up,0.55,26.9,0.54,5,45,53,False
1788638995.198847,1788639000,4.8,Down,0.47,15,0.45,31.9,53,45,False
1788638996.555883,1788639000,3.4,Up,0.51,92.05,0.5,62.65,49,50,False
1788638996.555883,1788639000,3.4,Down,0.5,57.65,0.49,92.05,50,49,False
1788638997.877137,1788639000,2.1,Up,0.51,93.12,0.5,87.33,49,50,False
1788638997.877137,1788639000,2.1,Down,0.5,87.33,0.49,113.11,50,49,False
1788638999.1120267,1788639000,0.9,Up,0.5,34.99,0.49,15.49,50,49,False
1788638999.1120267,1788639000,0.9,Down,0.52,154.37,0.5,10,48,50,False
1788639001.5250638,1788639300,298.5,Up,0.51,284.2,0.5,615.5,49,50,False
1788639001.5250638,1788639300,298.5,Down,0.5,615.5,0.49,284.2,50,49,False
1788639004.8350122,1788639300,295.2,Up,0.51,284.2,0.5,615.5,49,50,False
1788639004.8350122,1788639300,295.2,Down,0.5,615.5,0.49,284.2,50,49,False
1788639008.0622916,1788639300,291.9,Up,0.51,317.2,0.5,725.5,49,50,False
1788639008.0622916,1788639300,291.9,Down,0.5,725.5,0.49,317.2,50,49,False
1788639011.2968078,1788639300,288.7,Up,0.51,317.2,0.5,725.5,49,50,False
1788639011.2968078,1788639300,288.7,Down,0.5,725.5,0.49,317.2,50,49,False
1788639014.5253053,1788639300,285.5,Up,0.51,317.2,0.5,725.5,49,50,False
1788639014.5253053,1788639300,285.5,Down,0.5,725.5,0.49,317.2,50,49,False
1788639017.7533817,1788639300,282.2,Up,0.51,322.2,0.5,730.5,49,50,False
1788639017.7533817,1788639300,282.2,Down,0.5,730.5,0.49,322.2,50,49,False
1788639021.0646305,1788639300,278.9,Up,0.51,322.2,0.5,730.5,49,50,False
1788639021.0646305,1788639300,278.9,Down,0.5,730.5,0.49,322.2,50,49,False
1788639024.3856754,1788639300,275.6,Up,0.51,342.59,0.5,735.5,49,50,False
1788639024.3856754,1788639300,275.6,Down,0.5,735.5,0.49,342.59,50,49,False
1788639027.6889951,1788639300,272.3,Up,0.51,342.59,0.5,735.5,49,50,False
1788639027.6889951,1788639300,272.3,Down,0.5,735.5,0.49,342.59,50,49,False
1788639030.8614938,1788639300,269.1,Up,0.51,342.59,0.5,735.5,49,50,False
1788639030.8614938,1788639300,269.1,Down,0.5,735.5,0.49,342.59,50,49,False
1788639034.1642125,1788639300,265.8,Up,0.51,342.59,0.5,735.5,49,50,False
1788639034.1642125,1788639300,265.8,Down,0.5,735.5,0.49,342.59,50,49,False
1788639037.4699357,1788639300,262.5,Up,0.51,342.59,0.5,735.5,49,50,False
1788639037.4699357,1788639300,262.5,Down,0.5,735.5,0.49,342.59,50,49,False
1788639040.7603543,1788639300,259.2,Up,0.51,342.59,0.5,719.18,49,50,False
1788639040.7603543,1788639300,259.2,Down,0.5,719.18,0.49,342.59,50,49,False
1788639044.0661836,1788639300,255.9,Up,0.51,347.58,0.5,724.18,49,50,False
1788639044.0661836,1788639300,255.9,Down,0.5,724.18,0.49,347.58,50,49,False
1788639047.3792772,1788639300,252.6,Up,0.51,236.39,0.5,724.18,49,50,False
1788639047.3792772,1788639300,252.6,Down,0.5,724.18,0.49,236.39,50,49,False
1788639050.6922784,1788639300,249.3,Up,0.51,236.39,0.5,734.18,49,50,False
1788639050.6922784,1788639300,249.3,Down,0.5,734.18,0.49,236.39,50,49,False
1788639054.021,1788639300,246.0,Up,0.51,236.39,0.5,734.18,49,50,False
1788639054.021,1788639300,246.0,Down,0.5,734.18,0.49,236.39,50,49,False
1788639057.337963,1788639300,242.7,Up,0.51,236.39,0.5,734.18,49,50,False
1788639057.337963,1788639300,242.7,Down,0.5,734.18,0.49,236.39,50,49,False
1788639060.6483638,1788639300,239.4,Up,0.51,236.39,0.5,724.18,49,50,False
1788639060.6483638,1788639300,239.4,Down,0.5,724.18,0.49,236.39,50,49,False
1788639063.9518254,1788639300,236.0,Up,0.51,236.39,0.5,724.18,49,50,False
1788639063.9518254,1788639300,236.0,Down,0.5,724.18,0.49,236.39,50,49,False
1788639067.2531788,1788639300,232.7,Up,0.51,236.39,0.5,724.18,49,50,False
1788639067.2531788,1788639300,232.7,Down,0.5,724.18,0.49,236.39,50,49,False
1788639070.5057907,1788639300,229.5,Up,0.51,236.39,0.5,724.18,49,50,False
1788639070.5057907,1788639300,229.5,Down,0.5,734.18,0.49,236.39,50,49,False
1788639073.8517156,1788639300,226.1,Up,0.51,236.39,0.5,734.18,49,50,False
1788639073.8517156,1788639300,226.1,Down,0.5,734.18,0.49,236.39,50,49,False
1788639077.175884,1788639300,222.8,Up,0.51,236.39,0.5,724.18,49,50,False
1788639077.175884,1788639300,222.8,Down,0.5,724.18,0.49,236.39,50,49,False
1788639080.4047732,1788639300,219.6,Up,0.51,236.39,0.5,724.18,49,50,False
1788639080.4047732,1788639300,219.6,Down,0.5,724.18,0.49,236.39,50,49,False
1788639083.7116895,1788639300,216.3,Up,0.51,236.39,0.5,724.18,49,50,False
1788639083.7116895,1788639300,216.3,Down,0.5,724.18,0.49,236.39,50,49,False
1788639087.358382,1788639300,212.6,Up,0.51,236.39,0.5,724.18,49,50,False
1788639087.358382,1788639300,212.6,Down,0.5,724.18,0.49,236.39,50,49,False
1788639090.6754286,1788639300,209.3,Up,0.51,242.1,0.5,724.18,49,50,False
1788639090.6754286,1788639300,209.3,Down,0.5,724.18,0.49,242.1,50,49,False
1788639093.9039474,1788639300,206.1,Up,0.51,242.1,0.5,724.18,49,50,False
1788639093.9039474,1788639300,206.1,Down,0.5,724.18,0.49,242.1,50,49,False
1788639097.1564727,1788639300,202.8,Up,0.51,242.1,0.5,724.18,49,50,False
1788639097.1564727,1788639300,202.8,Down,0.5,724.18,0.49,242.1,50,49,False
1788639100.388185,1788639300,199.6,Up,0.51,242.1,0.5,720.18,49,50,False
1788639100.388185,1788639300,199.6,Down,0.5,720.18,0.49,242.1,50,49,False
1788639103.70589,1788639300,196.3,Up,0.51,242.1,0.5,720.18,49,50,False
1788639103.70589,1788639300,196.3,Down,0.5,720.18,0.49,242.1,50,49,False
1788639107.1700466,1788639300,192.8,Up,0.51,242.1,0.5,720.18,49,50,False
1788639107.1700466,1788639300,192.8,Down,0.5,720.18,0.49,242.1,50,49,False
1788639110.474973,1788639300,189.5,Up,0.51,242.1,0.5,720.18,49,50,False
1788639110.474973,1788639300,189.5,Down,0.5,720.18,0.49,242.1,50,49,False
1788639113.778103,1788639300,186.2,Up,0.51,242.1,0.5,730.18,49,50,False
1788639113.778103,1788639300,186.2,Down,0.5,730.18,0.49,242.1,50,49,False
1788639117.0855196,1788639300,182.9,Up,0.51,242.1,0.5,730.18,49,50,False
1788639117.0855196,1788639300,182.9,Down,0.5,730.18,0.49,242.1,50,49,False
1788639120.3128047,1788639300,179.7,Up,0.51,242.1,0.5,730.18,49,50,False
1788639120.3128047,1788639300,179.7,Down,0.5,730.18,0.49,242.1,50,49,False
1788639123.6182046,1788639300,176.4,Up,0.51,242.1,0.5,730.18,49,50,False
1788639123.6182046,1788639300,176.4,Down,0.5,730.18,0.49,242.1,50,49,False
1788639126.8420892,1788639300,173.2,Up,0.51,234.1,0.5,730.18,49,50,False
1788639126.8420892,1788639300,173.2,Down,0.5,730.18,0.49,234.1,50,49,False
1788639130.1744983,1788639300,169.8,Up,0.51,234.1,0.5,720.18,49,50,False
1788639130.1744983,1788639300,169.8,Down,0.5,720.18,0.49,234.1,50,49,False
1788639133.409576,1788639300,166.6,Up,0.51,234.1,0.5,720.18,49,50,False
1788639133.409576,1788639300,166.6,Down,0.5,720.18,0.49,234.1,50,49,False
1788639136.7523007,1788639300,163.2,Up,0.51,239.1,0.5,720.18,49,50,False
1788639136.7523007,1788639300,163.2,Down,0.5,720.18,0.49,239.1,50,49,False
1788639139.9855564,1788639300,160.0,Up,0.51,239.1,0.5,720.18,49,50,False
1788639139.9855564,1788639300,160.0,Down,0.5,720.18,0.49,239.1,50,49,False
1788639143.2123823,1788639300,156.8,Up,0.51,239.1,0.5,720.18,49,50,False
1788639143.2123823,1788639300,156.8,Down,0.5,720.18,0.49,239.1,50,49,False
1788639146.5211391,1788639300,153.5,Up,0.51,239.1,0.5,720.18,49,50,False
1788639146.5211391,1788639300,153.5,Down,0.5,720.18,0.49,239.1,50,49,False
1788639149.819196,1788639300,150.2,Up,0.51,239.1,0.5,520.18,49,50,False
1788639149.819196,1788639300,150.2,Down,0.5,320.18,0.49,239.1,50,49,False
1788639153.0431678,1788639300,147.0,Up,0.51,239.1,0.5,73.34,49,50,False
1788639153.0431678,1788639300,147.0,Down,0.5,73.34,0.49,239.1,50,49,False
1788639156.2694702,1788639300,143.7,Up,0.51,249.1,0.5,89.34,49,50,False
1788639156.2694702,1788639300,143.7,Down,0.5,89.34,0.49,249.1,50,49,False
1788639159.5858386,1788639300,140.4,Up,0.51,251.1,0.5,79.34,49,50,False
1788639159.5858386,1788639300,140.4,Down,0.5,79.34,0.49,251.1,50,49,False
1788639162.8208666,1788639300,137.2,Up,0.51,251.1,0.5,79.34,49,50,False
1788639162.8208666,1788639300,137.2,Down,0.5,79.34,0.49,251.1,50,49,False
1788639166.0446093,1788639300,134.0,Up,0.51,251.1,0.5,79.34,49,50,False
1788639166.0446093,1788639300,134.0,Down,0.5,89.34,0.49,261.1,50,49,False
1788639169.3505135,1788639300,130.6,Up,0.51,261.1,0.5,79.34,49,50,False
1788639169.3505135,1788639300,130.6,Down,0.5,79.34,0.49,261.1,50,49,False
1788639172.6601355,1788639300,127.3,Up,0.51,221.68,0.5,79.34,49,50,False
1788639172.6601355,1788639300,127.3,Down,0.5,79.34,0.49,221.68,50,49,False
1788639175.8887467,1788639300,124.1,Up,0.51,221.68,0.5,89.34,49,50,False
1788639175.8887467,1788639300,124.1,Down,0.5,89.34,0.49,221.68,50,49,False
1788639179.2049124,1788639300,120.8,Up,0.51,241.68,0.5,59.54,49,50,False
1788639179.2049124,1788639300,120.8,Down,0.5,59.54,0.49,241.68,50,49,False
1788639182.5123146,1788639300,117.5,Up,0.51,256.68,0.5,59.54,49,50,False
1788639182.5123146,1788639300,117.5,Down,0.5,59.54,0.49,256.68,50,49,False
1788639185.8136356,1788639300,114.2,Up,0.51,226.68,0.5,62.54,49,50,False
1788639185.8136356,1788639300,114.2,Down,0.5,62.54,0.49,236.68,50,49,False
1788639189.1545851,1788639300,110.8,Up,0.51,224.71,0.5,52.54,49,50,False
1788639189.1545851,1788639300,110.8,Down,0.5,52.54,0.49,224.71,50,49,False
1788639192.3832815,1788639300,107.6,Up,0.51,234.71,0.5,20,49,50,False
1788639192.3832815,1788639300,107.6,Down,0.5,20,0.49,234.71,50,49,False
1788639195.6906922,1788639300,104.3,Up,0.51,234.71,0.5,20,49,50,False
1788639195.6906922,1788639300,104.3,Down,0.5,20,0.49,234.71,50,49,False
1788639199.0081108,1788639300,101.0,Up,0.51,224.71,0.5,20,49,50,False
1788639199.0081108,1788639300,101.0,Down,0.5,20,0.49,244.71,50,49,False
1788639202.2430587,1788639300,97.8,Up,0.51,254.71,0.5,18,49,50,False
1788639202.2430587,1788639300,97.8,Down,0.5,18,0.49,254.71,50,49,False
1788639205.5514135,1788639300,94.4,Up,0.51,244.71,0.5,18,49,50,False
1788639205.5514135,1788639300,94.4,Down,0.5,18,0.49,244.71,50,49,False
1788639208.812938,1788639300,91.2,Up,0.51,244.71,0.5,18,49,50,False
1788639208.812938,1788639300,91.2,Down,0.5,18,0.49,244.71,50,49,False
1788639212.034959,1788639300,88.0,Up,0.51,254.71,0.5,18,49,50,False
1788639212.034959,1788639300,88.0,Down,0.5,18,0.49,254.71,50,49,False
1788639215.3360093,1788639300,84.7,Up,0.51,244.71,0.5,18,49,50,False
1788639215.3360093,1788639300,84.7,Down,0.5,18,0.49,244.71,50,49,False
1788639218.5632193,1788639300,81.4,Up,0.51,244.71,0.5,18,49,50,False
1788639218.5632193,1788639300,81.4,Down,0.5,18,0.49,244.71,50,49,False
1788639221.8677711,1788639300,78.1,Up,0.51,239.71,0.5,18,49,50,False
1788639221.8677711,1788639300,78.1,Down,0.5,18,0.49,239.71,50,49,False
1788639225.0893364,1788639300,74.9,Up,0.51,139.71,0.5,18,47,50,False
1788639225.0893364,1788639300,74.9,Down,0.5,18,0.49,139.71,50,47,False
1788639228.4011981,1788639300,71.6,Up,0.51,239.71,0.5,18,49,50,False
1788639228.4011981,1788639300,71.6,Down,0.5,18,0.49,239.71,50,49,False
1788639231.706587,1788639300,68.3,Up,0.51,219.71,0.5,9.98,49,50,False
1788639231.706587,1788639300,68.3,Down,0.5,9.98,0.49,219.71,50,49,False
1788639235.0092928,1788639300,65.0,Up,0.49,29.6,0.48,200.57,51,48,False
1788639235.0092928,1788639300,65.0,Down,0.52,200.57,0.51,29.6,48,51,False
1788639238.2451174,1788639300,61.8,Up,0.49,29.6,0.48,215.57,51,48,False
1788639238.2451174,1788639300,61.8,Down,0.52,215.57,0.51,29.6,48,51,False
1788639241.4761226,1788639300,58.5,Up,0.49,29.6,0.48,215.57,51,48,False
1788639241.4761226,1788639300,58.5,Down,0.52,215.57,0.51,29.6,48,51,False
1788639244.767059,1788639300,55.2,Up,0.49,29.6,0.48,200.57,51,48,False
1788639244.767059,1788639300,55.2,Down,0.52,200.57,0.51,29.6,48,51,False
1788639247.9920235,1788639300,52.0,Up,0.49,44.6,0.48,205.57,51,48,False
1788639247.9920235,1788639300,52.0,Down,0.52,205.57,0.51,44.6,48,51,False
1788639251.3332107,1788639300,48.7,Up,0.49,29.6,0.48,95.57,51,48,False
1788639251.3332107,1788639300,48.7,Down,0.53,150.42,0.51,44.6,47,51,False
1788639254.9399061,1788639300,45.1,Up,0.48,25,0.47,60.42,52,47,False
1788639254.9399061,1788639300,45.1,Down,0.53,60.42,0.52,25,47,52,False
1788639258.0972624,1788639300,41.9,Up,0.48,275,0.47,30.42,52,47,False
1788639258.0972624,1788639300,41.9,Down,0.53,30.42,0.52,275,47,52,False
1788639261.348254,1788639300,38.7,Up,0.48,125,0.47,19.7,52,47,False
1788639261.348254,1788639300,38.7,Down,0.53,119.7,0.52,125,47,52,False
1788639264.6549923,1788639300,35.3,Up,0.48,121,0.47,119.7,52,47,False
1788639264.6549923,1788639300,35.3,Down,0.53,119.7,0.52,121,47,52,False
1788639267.9692793,1788639300,32.0,Up,0.48,121,0.47,119.7,52,47,False
1788639267.9692793,1788639300,32.0,Down,0.53,119.7,0.52,121,47,52,False
1788639271.2870538,1788639300,28.7,Up,0.48,121,0.47,119.7,52,47,False
1788639271.2870538,1788639300,28.7,Down,0.53,119.7,0.52,121,47,52,False
1788639274.6014247,1788639300,25.4,Up,0.48,121,0.47,119.7,52,47,False
1788639274.6014247,1788639300,25.4,Down,0.53,119.7,0.52,121,47,52,False
1788639277.9006822,1788639300,22.1,Up,0.48,114.75,0.47,119.7,52,47,False
1788639277.9006822,1788639300,22.1,Down,0.53,119.7,0.52,114.75,47,52,False
1788639281.1388955,1788639300,18.9,Up,0.48,104.03,0.47,119.7,52,46,False
1788639281.1388955,1788639300,18.9,Down,0.53,119.7,0.52,89.03,46,52,False
1788639284.448084,1788639300,15.6,Up,0.48,52,0.47,119.7,52,47,False
1788639284.448084,1788639300,15.6,Down,0.53,119.7,0.52,52,47,52,False
1788639287.7471852,1788639300,12.3,Up,0.48,15,0.47,121.92,52,47,False
1788639287.7471852,1788639300,12.3,Down,0.53,21.92,0.52,15,47,52,False
1788639291.0551775,1788639300,8.9,Up,0.46,12.82,0.44,0.93,54,44,False
1788639291.0551775,1788639300,8.9,Down,0.56,0.93,0.54,12.82,44,54,False
1788639293.6011868,1788639300,6.4,Up,0.47,100,0.44,111.93,53,44,False
1788639293.6011868,1788639300,6.4,Down,0.56,111.93,0.53,100,44,53,False
1788639295.511038,1788639300,4.5,Up,0.45,20,0.44,153.25,54,44,False
1788639295.511038,1788639300,4.5,Down,0.56,153.25,0.55,15.55,44,54,False
1788639296.946357,1788639300,3.1,Up,0.45,9.55,0.44,308.21,54,44,False
1788639296.946357,1788639300,3.1,Down,0.56,308.21,0.55,9.55,44,54,False
1788639298.2576547,1788639300,1.7,Up,0.45,9.55,0.44,354.32,54,44,False
1788639298.2576547,1788639300,1.7,Down,0.56,336.46,0.55,9.55,44,54,False
1788639300.7897105,1788639600,299.2,Up,0.52,155,0.51,107.94,48,51,False
1788639300.7897105,1788639600,299.2,Down,0.49,107.94,0.48,155,51,48,False
1788639304.0172176,1788639600,296.0,Up,0.52,155,0.51,107.94,48,51,False
1788639304.0172176,1788639600,296.0,Down,0.49,107.94,0.48,155,51,48,False
1788639307.3137703,1788639600,292.7,Up,0.52,160,0.51,107.94,48,51,False
1788639307.3137703,1788639600,292.7,Down,0.49,107.94,0.48,160,51,48,False
1788639310.544845,1788639600,289.5,Up,0.52,160,0.51,107.94,48,51,False
1788639310.544845,1788639600,289.5,Down,0.49,107.94,0.48,160,51,48,False
1788639313.869736,1788639600,286.1,Up,0.52,165,0.51,95.94,48,51,False
1788639313.869736,1788639600,286.1,Down,0.49,95.94,0.48,165,51,48,False
1788639317.1741216,1788639600,282.8,Up,0.52,180,0.51,149.94,48,51,False
1788639317.1741216,1788639600,282.8,Down,0.49,149.94,0.48,180,51,48,False
1788639320.4986923,1788639600,279.5,Up,0.52,180,0.51,149.94,48,51,False
1788639320.4986923,1788639600,279.5,Down,0.49,149.94,0.48,180,51,48,False
1788639323.812814,1788639600,276.2,Up,0.52,200.83,0.51,144.94,48,51,False
1788639323.812814,1788639600,276.2,Down,0.49,144.94,0.48,200.83,51,48,False
1788639327.1172166,1788639600,272.9,Up,0.52,200.83,0.51,144.94,48,51,False
1788639327.1172166,1788639600,272.9,Down,0.49,144.94,0.48,200.83,51,48,False
1788639330.4220598,1788639600,269.6,Up,0.52,200.83,0.51,144.94,48,51,False
1788639330.4220598,1788639600,269.6,Down,0.49,144.94,0.48,200.83,51,48,False
1788639333.762545,1788639600,266.2,Up,0.52,200.83,0.51,144.94,48,51,False
1788639333.762545,1788639600,266.2,Down,0.49,144.94,0.48,200.83,51,48,False
1788639336.920203,1788639600,263.1,Up,0.52,200.83,0.51,144.94,48,51,False
1788639336.920203,1788639600,263.1,Down,0.49,144.94,0.48,200.83,51,48,False
1788639340.233185,1788639600,259.8,Up,0.52,200.83,0.51,144.94,48,51,False
1788639340.233185,1788639600,259.8,Down,0.49,144.94,0.48,200.83,51,48,False
1788639343.5491784,1788639600,256.5,Up,0.52,200.83,0.51,144.94,48,51,False
1788639343.5491784,1788639600,256.5,Down,0.49,144.94,0.48,200.83,51,48,False
1788639346.8735197,1788639600,253.1,Up,0.52,195.83,0.51,144.94,48,51,False
1788639346.8735197,1788639600,253.1,Down,0.49,144.94,0.48,195.83,51,48,False
1788639350.2005486,1788639600,249.8,Up,0.52,195.83,0.51,144.94,48,51,False
1788639350.2005486,1788639600,249.8,Down,0.49,144.94,0.48,195.83,51,48,False
1788639353.5142047,1788639600,246.5,Up,0.52,195.83,0.51,144.94,48,51,False
1788639353.5142047,1788639600,246.5,Down,0.49,144.94,0.48,195.83,51,48,False
1788639356.7424362,1788639600,243.3,Up,0.52,195.83,0.51,144.94,48,51,False
1788639356.7424362,1788639600,243.3,Down,0.49,144.94,0.48,195.83,51,48,False
1788639360.0389383,1788639600,240.0,Up,0.52,195.83,0.51,144.94,48,51,False
1788639360.0389383,1788639600,240.0,Down,0.49,144.94,0.48,195.83,51,48,False
1788639363.2729461,1788639600,236.7,Up,0.52,195.83,0.51,144.94,48,51,False
1788639363.2729461,1788639600,236.7,Down,0.49,144.94,0.48,195.83,51,48,False
1788639366.5843897,1788639600,233.4,Up,0.52,195.83,0.51,144.94,48,51,False
1788639366.5843897,1788639600,233.4,Down,0.49,144.94,0.48,195.83,51,48,False
1788639370.0413089,1788639600,230.0,Up,0.52,195.83,0.51,64,48,51,False
1788639370.0413089,1788639600,230.0,Down,0.49,64,0.48,195.83,51,48,False
1788639373.3444922,1788639600,226.7,Up,0.52,195.83,0.51,64,48,51,False
1788639373.3444922,1788639600,226.7,Down,0.49,64,0.48,195.83,51,48,False
1788639376.659183,1788639600,223.3,Up,0.52,295.83,0.51,64,48,51,False
1788639376.659183,1788639600,223.3,Down,0.49,64,0.48,295.83,51,48,False
1788639379.971222,1788639600,220.0,Up,0.52,295.83,0.51,64,48,51,False
1788639379.971222,1788639600,220.0,Down,0.49,64,0.48,295.83,51,48,False
1788639383.316888,1788639600,216.7,Up,0.52,295.83,0.51,64,48,51,False
1788639383.316888,1788639600,216.7,Down,0.49,64,0.48,295.83,51,48,False
1788639386.6023414,1788639600,213.4,Up,0.52,295.83,0.51,61.96,48,51,False
1788639386.6023414,1788639600,213.4,Down,0.49,61.96,0.48,295.83,51,48,False
1788639389.8973134,1788639600,210.1,Up,0.52,295.83,0.51,61.96,48,51,False
1788639389.8973134,1788639600,210.1,Down,0.49,61.96,0.48,295.83,51,48,False
1788639393.1933515,1788639600,206.8,Up,0.52,295.83,0.51,71.96,48,51,False
1788639393.1933515,1788639600,206.8,Down,0.49,71.96,0.48,295.83,51,48,False
1788639396.4141965,1788639600,203.6,Up,0.52,295.83,0.51,71.96,48,51,False
1788639396.4141965,1788639600,203.6,Down,0.49,71.96,0.48,295.83,51,48,False
1788639399.7154343,1788639600,200.3,Up,0.52,295.83,0.51,71.96,48,51,False
1788639399.7154343,1788639600,200.3,Down,0.49,71.96,0.48,295.83,51,48,False
1788639403.0238638,1788639600,197.0,Up,0.52,295.83,0.51,71.96,48,51,False
1788639403.0238638,1788639600,197.0,Down,0.49,71.96,0.48,295.83,51,48,False
1788639406.3293056,1788639600,193.7,Up,0.52,295.83,0.51,71.96,48,51,False
1788639406.3293056,1788639600,193.7,Down,0.49,71.96,0.48,295.83,51,48,False
1788639409.668266,1788639600,190.3,Up,0.52,295.83,0.51,71.96,48,51,False
1788639409.668266,1788639600,190.3,Down,0.49,71.96,0.48,295.83,51,48,False
1788639412.976369,1788639600,187.0,Up,0.52,295.83,0.51,71.96,48,51,False
1788639412.976369,1788639600,187.0,Down,0.49,71.96,0.48,295.83,51,48,False
1788639416.274404,1788639600,183.7,Up,0.52,295.83,0.51,71.96,48,51,False
1788639416.274404,1788639600,183.7,Down,0.49,71.96,0.48,295.83,51,48,False
1788639419.5734627,1788639600,180.4,Up,0.52,295.83,0.51,71.96,48,51,False
1788639419.5734627,1788639600,180.4,Down,0.49,71.96,0.48,295.83,51,48,False
1788639422.930588,1788639600,177.1,Up,0.52,295.83,0.51,66.96,48,51,False
1788639422.930588,1788639600,177.1,Down,0.49,66.96,0.48,295.83,51,48,False
1788639426.225107,1788639600,173.8,Up,0.52,295.83,0.51,66.96,48,51,False
1788639426.225107,1788639600,173.8,Down,0.49,66.96,0.48,295.83,51,48,False
1788639429.5363762,1788639600,170.5,Up,0.52,295.83,0.51,66.96,48,51,False
1788639429.5363762,1788639600,170.5,Down,0.49,66.96,0.48,295.83,51,48,False
1788639432.8735218,1788639600,167.1,Up,0.52,295.83,0.51,66.96,48,51,False
1788639432.8735218,1788639600,167.1,Down,0.49,66.96,0.48,295.83,51,48,False
1788639436.1848314,1788639600,163.8,Up,0.52,375.83,0.51,66.96,48,51,False
1788639436.1848314,1788639600,163.8,Down,0.49,66.96,0.48,375.83,51,48,False
1788639439.415321,1788639600,160.6,Up,0.52,375.83,0.51,66.96,48,51,False
1788639439.415321,1788639600,160.6,Down,0.49,66.96,0.48,375.83,51,48,False
1788639442.7261217,1788639600,157.3,Up,0.52,375.83,0.51,56.96,48,51,False
1788639442.7261217,1788639600,157.3,Down,0.49,56.96,0.48,375.83,51,48,False
1788639446.0607011,1788639600,153.9,Up,0.52,375.83,0.51,56.96,48,51,False
1788639446.0607011,1788639600,153.9,Down,0.49,56.96,0.48,375.83,51,48,False
1788639449.2878087,1788639600,150.7,Up,0.52,375.83,0.51,56.96,48,51,False
1788639449.2878087,1788639600,150.7,Down,0.49,56.96,0.48,375.83,51,48,False
1788639452.520504,1788639600,147.5,Up,0.52,375.83,0.51,56.96,48,51,False
1788639452.520504,1788639600,147.5,Down,0.49,56.96,0.48,375.83,51,48,False
1788639455.7861323,1788639600,144.2,Up,0.52,375.83,0.51,56.96,48,51,False
1788639455.7861323,1788639600,144.2,Down,0.49,56.96,0.48,375.83,51,48,False
1788639459.0847235,1788639600,140.9,Up,0.52,295.83,0.51,56.96,48,51,False
1788639459.0847235,1788639600,140.9,Down,0.49,56.96,0.48,295.83,51,48,False
1788639462.3884168,1788639600,137.6,Up,0.52,285.83,0.51,56.96,48,51,False
1788639462.3884168,1788639600,137.6,Down,0.49,56.96,0.48,285.83,51,48,False
1788639465.7313309,1788639600,134.3,Up,0.52,285.83,0.51,56.96,48,51,False
1788639465.7313309,1788639600,134.3,Down,0.49,56.96,0.48,285.83,51,48,False
1788639469.042411,1788639600,131.0,Up,0.52,285.83,0.51,56.96,48,51,False
1788639469.042411,1788639600,131.0,Down,0.49,56.96,0.48,285.83,51,48,False
1788639472.265293,1788639600,127.7,Up,0.52,285.83,0.51,56.96,48,51,False
1788639472.265293,1788639600,127.7,Down,0.49,56.96,0.48,285.83,51,48,False
1788639475.5668814,1788639600,124.4,Up,0.52,285.83,0.51,56.96,48,51,False
1788639475.5668814,1788639600,124.4,Down,0.49,56.96,0.48,285.83,51,48,False
1788639478.890337,1788639600,121.1,Up,0.52,285.83,0.51,56.96,48,51,False
1788639478.890337,1788639600,121.1,Down,0.49,56.96,0.48,285.83,51,48,False
1788639482.197969,1788639600,117.8,Up,0.52,285.83,0.51,56.96,48,51,False
1788639482.197969,1788639600,117.8,Down,0.49,56.96,0.48,285.83,51,48,False
1788639485.4928458,1788639600,114.5,Up,0.52,285.83,0.51,56.96,48,51,False
1788639485.4928458,1788639600,114.5,Down,0.49,56.96,0.48,285.83,51,48,False
1788639488.811185,1788639600,111.2,Up,0.52,285.83,0.51,56.96,48,51,False
1788639488.811185,1788639600,111.2,Down,0.49,56.96,0.48,285.83,51,48,False
1788639492.1176598,1788639600,107.9,Up,0.52,285.83,0.51,56.96,48,51,False
1788639492.1176598,1788639600,107.9,Down,0.49,56.96,0.48,285.83,51,48,False
1788639495.4240558,1788639600,104.6,Up,0.52,285.83,0.51,22.26,48,51,False
1788639495.4240558,1788639600,104.6,Down,0.49,22.26,0.48,285.83,51,48,False
1788639498.740725,1788639600,101.3,Up,0.52,285.83,0.51,22.26,48,51,False
1788639498.740725,1788639600,101.3,Down,0.49,22.26,0.48,285.83,51,48,False
1788639502.042421,1788639600,98.0,Up,0.52,285.83,0.51,22.26,48,51,False
1788639502.042421,1788639600,98.0,Down,0.49,22.26,0.48,285.83,51,48,False
1788639505.3573773,1788639600,94.6,Up,0.52,285.83,0.51,22.26,48,51,False
1788639505.3573773,1788639600,94.6,Down,0.49,22.26,0.48,285.83,51,48,False
1788639508.528191,1788639600,91.5,Up,0.52,285.83,0.51,22.26,48,51,False
1788639508.528191,1788639600,91.5,Down,0.49,22.26,0.48,285.83,51,48,False
1788639511.8368835,1788639600,88.2,Up,0.52,285.83,0.51,22.26,48,51,False
1788639511.8368835,1788639600,88.2,Down,0.49,22.26,0.48,285.83,51,48,False
1788639515.1626294,1788639600,84.8,Up,0.52,285.83,0.51,22.26,48,51,False
1788639515.1626294,1788639600,84.8,Down,0.49,22.26,0.48,285.83,51,48,False
1788639518.3914194,1788639600,81.6,Up,0.52,285.83,0.51,22.26,48,51,False
1788639518.3914194,1788639600,81.6,Down,0.49,22.26,0.48,285.83,51,48,False
1788639521.6153681,1788639600,78.4,Up,0.52,285.83,0.51,22.26,48,51,False
1788639521.6153681,1788639600,78.4,Down,0.49,22.26,0.48,285.83,51,48,False
1788639524.8422556,1788639600,75.2,Up,0.52,285.83,0.51,22.26,48,51,False
1788639524.8422556,1788639600,75.2,Down,0.49,22.26,0.48,285.83,51,48,False
1788639528.0778244,1788639600,71.9,Up,0.52,285.83,0.51,22.26,48,51,False
1788639528.0778244,1788639600,71.9,Down,0.49,22.26,0.48,285.83,51,48,False
1788639531.3053463,1788639600,68.7,Up,0.52,285.83,0.51,22.26,48,51,False
1788639531.3053463,1788639600,68.7,Down,0.49,22.26,0.48,285.83,51,48,False
1788639534.6520388,1788639600,65.3,Up,0.52,285.83,0.51,22.26,48,51,False
1788639534.6520388,1788639600,65.3,Down,0.49,22.26,0.48,285.83,51,48,False
1788639537.8906207,1788639600,62.1,Up,0.52,289.29,0.51,20.21,48,51,False
1788639537.8906207,1788639600,62.1,Down,0.49,20.21,0.48,289.29,51,48,False
1788639541.1896338,1788639600,58.8,Up,0.52,289.29,0.51,20.21,48,51,False
1788639541.1896338,1788639600,58.8,Down,0.49,20.21,0.48,289.29,51,48,False
1788639544.4901273,1788639600,55.5,Up,0.52,284.29,0.51,20.21,48,51,False
1788639544.4901273,1788639600,55.5,Down,0.49,20.21,0.48,284.29,51,48,False
1788639547.8098552,1788639600,52.2,Up,0.52,145.83,0.51,20.21,48,51,False
1788639547.8098552,1788639600,52.2,Down,0.49,20.21,0.48,143.9,51,48,False
1788639551.0454304,1788639600,49.0,Up,0.52,143.9,0.51,30.21,48,51,False
1788639551.0454304,1788639600,49.0,Down,0.49,30.21,0.48,143.9,51,48,False
1788639554.337266,1788639600,45.7,Up,0.52,143.9,0.51,30.21,48,51,False
1788639554.337266,1788639600,45.7,Down,0.49,30.21,0.48,143.9,51,48,False
1788639557.5704799,1788639600,42.4,Up,0.51,30.39,0.5,195.5,49,50,False
1788639557.5704799,1788639600,42.4,Down,0.5,195.5,0.49,45.39,50,49,False
1788639560.8023174,1788639600,39.2,Up,0.51,145.39,0.5,195.5,49,50,False
1788639560.8023174,1788639600,39.2,Down,0.5,195.5,0.49,145.39,50,49,False
1788639564.1079414,1788639600,35.9,Up,0.51,145.39,0.5,190.5,49,50,False
1788639564.1079414,1788639600,35.9,Down,0.5,190.5,0.49,145.39,50,49,False
1788639567.405907,1788639600,32.6,Up,0.51,145.39,0.5,76.5,49,50,False
1788639567.405907,1788639600,32.6,Down,0.5,60.5,0.49,145.39,50,49,False
1788639570.7121997,1788639600,29.3,Up,0.49,44.6,0.48,183.9,51,48,False
1788639570.7121997,1788639600,29.3,Down,0.52,183.9,0.51,44.6,48,51,False
1788639574.0213807,1788639600,26.0,Up,0.49,102.95,0.48,183.9,51,48,False
1788639574.0213807,1788639600,26.0,Down,0.52,183.9,0.51,5,48,51,False
1788639577.3303022,1788639600,22.7,Up,0.49,101.93,0.48,111.9,51,48,False
1788639577.3303022,1788639600,22.7,Down,0.52,111.9,0.51,101.93,48,51,False
1788639580.6284149,1788639600,19.4,Up,0.49,92.87,0.48,153.9,51,48,False
1788639580.6284149,1788639600,19.4,Down,0.52,153.9,0.51,92.87,48,51,False
1788639583.930477,1788639600,16.1,Up,0.49,92.87,0.48,163.9,51,48,False
1788639583.930477,1788639600,16.1,Down,0.52,163.9,0.51,92.87,48,51,False
1788639587.1523693,1788639600,12.8,Up,0.49,103.89,0.48,306.2,51,48,False
1788639587.1523693,1788639600,12.8,Down,0.52,306.2,0.51,103.89,48,51,False
1788639590.4398935,1788639600,9.6,Up,0.52,88.95,0.51,118,46,51,False
1788639590.4398935,1788639600,9.6,Down,0.49,124,0.48,72.21,51,46,False
1788639593.1359556,1788639600,6.9,Up,0.58,115.37,0.57,63.61,42,57,False
1788639593.1359556,1788639600,6.9,Down,0.43,63.61,0.42,115.37,57,42,False
1788639595.1655557,1788639600,4.8,Up,0.58,126.38,0.57,40.49,42,57,False
1788639595.1655557,1788639600,4.8,Down,0.43,40.49,0.42,126.38,57,42,False
1788639596.6015925,1788639600,3.4,Up,0.57,67,0.56,96.5,43,56,False
1788639596.6015925,1788639600,3.4,Down,0.45,100,0.43,67,55,43,False
1788639597.9142072,1788639600,2.1,Up,0.53,148.32,0.52,168.74,47,50,False
1788639597.9142072,1788639600,2.1,Down,0.48,149.8,0.47,145.56,50,47,False
1788639599.1412015,1788639600,0.9,Up,0.53,145.56,0.52,111.09,47,50,False
1788639599.1412015,1788639600,0.9,Down,0.48,111.09,0.47,145.56,50,47,False
1788639601.5849462,1788639900,298.4,Up,0.52,110,0.51,96.93,47,51,False
1788639601.5849462,1788639900,298.4,Down,0.49,96.93,0.48,110,51,47,False
1788639604.8252475,1788639900,295.2,Up,0.52,110,0.51,96.93,47,51,False
1788639604.8252475,1788639900,295.2,Down,0.49,96.93,0.48,110,51,47,False
1788639608.1390355,1788639900,291.9,Up,0.52,120,0.51,111.93,48,51,False
1788639608.1390355,1788639900,291.9,Down,0.49,106.93,0.48,115,51,48,False
1788639611.3762467,1788639900,288.6,Up,0.52,115,0.51,106.93,48,51,False
1788639611.3762467,1788639900,288.6,Down,0.49,106.93,0.48,115,51,48,False
1788639614.6012282,1788639900,285.4,Up,0.52,110,0.51,101.93,48,51,False
1788639614.6012282,1788639900,285.4,Down,0.49,106.93,0.48,110,51,48,False
1788639617.9209557,1788639900,282.1,Up,0.52,115,0.51,129.93,48,51,False
1788639617.9209557,1788639900,282.1,Down,0.49,129.93,0.48,115,51,48,False
1788639621.1818395,1788639900,278.8,Up,0.52,120,0.51,124.93,48,51,False
1788639621.1818395,1788639900,278.8,Down,0.49,124.93,0.48,120,51,48,False
1788639624.517806,1788639900,275.5,Up,0.52,125,0.51,124.93,48,51,False
1788639624.517806,1788639900,275.5,Down,0.49,124.93,0.48,125,51,48,False
1788639627.8383937,1788639900,272.2,Up,0.52,125,0.51,124.93,48,51,False
1788639627.8383937,1788639900,272.2,Down,0.49,124.93,0.48,125,51,48,False
1788639631.1477869,1788639900,268.9,Up,0.52,125,0.51,124.93,48,51,False
1788639631.1477869,1788639900,268.9,Down,0.49,124.93,0.48,125,51,48,False
1788639634.511704,1788639900,265.5,Up,0.52,125,0.51,124.93,48,51,False
1788639634.511704,1788639900,265.5,Down,0.49,124.93,0.48,125,51,48,False
1788639637.817024,1788639900,262.2,Up,0.52,125,0.51,124.93,48,51,False
1788639637.817024,1788639900,262.2,Down,0.49,124.93,0.48,125,51,48,False
1788639641.0430472,1788639900,259.0,Up,0.52,125,0.51,124.93,48,51,False
1788639641.0430472,1788639900,259.0,Down,0.49,124.93,0.48,125,51,48,False
1788639644.2840796,1788639900,255.7,Up,0.52,125,0.51,124.93,48,51,False
1788639644.2840796,1788639900,255.7,Down,0.49,124.93,0.48,125,51,48,False
1788639647.5836415,1788639900,252.4,Up,0.52,125,0.51,124.93,48,51,False
1788639647.5836415,1788639900,252.4,Down,0.49,124.93,0.48,125,51,48,False
1788639650.7323065,1788639900,249.3,Up,0.52,125,0.51,124.93,48,51,False
1788639650.7323065,1788639900,249.3,Down,0.49,124.93,0.48,125,51,48,False
1788639654.054453,1788639900,245.9,Up,0.52,125,0.51,124.93,48,51,False
1788639654.054453,1788639900,245.9,Down,0.49,124.93,0.48,125,51,48,False
1788639657.396462,1788639900,242.6,Up,0.52,125,0.51,124.93,48,51,False
1788639657.396462,1788639900,242.6,Down,0.49,124.93,0.48,125,51,48,False
1788639660.6368995,1788639900,239.4,Up,0.52,125,0.51,124.93,48,51,False
1788639660.6368995,1788639900,239.4,Down,0.49,124.93,0.48,125,51,48,False
1788639663.8688252,1788639900,236.1,Up,0.52,125,0.51,124.93,48,51,False
1788639663.8688252,1788639900,236.1,Down,0.49,124.93,0.48,125,51,48,False
1788639667.1814022,1788639900,232.8,Up,0.52,125,0.51,124.93,48,51,False
1788639667.1814022,1788639900,232.8,Down,0.49,124.93,0.48,125,51,48,False
1788639670.4150784,1788639900,229.6,Up,0.52,125,0.51,33,48,51,False
1788639670.4150784,1788639900,229.6,Down,0.49,33,0.48,125,51,48,False
1788639673.7552795,1788639900,226.2,Up,0.52,125,0.51,30.96,48,51,False
1788639673.7552795,1788639900,226.2,Down,0.49,30.96,0.48,125,51,48,False
1788639677.0337903,1788639900,223.0,Up,0.52,125,0.51,30.96,48,51,False
1788639677.0337903,1788639900,223.0,Down,0.49,30.96,0.48,125,51,48,False
1788639680.3587253,1788639900,219.6,Up,0.52,125,0.51,30.96,48,51,False
1788639680.3587253,1788639900,219.6,Down,0.49,30.96,0.48,125,51,48,False
1788639683.66978,1788639900,216.3,Up,0.52,125,0.51,30.96,48,51,False
1788639683.66978,1788639900,216.3,Down,0.49,30.96,0.48,125,51,48,False
1788639686.9844582,1788639900,213.0,Up,0.52,125,0.51,30.96,48,51,False
1788639686.9844582,1788639900,213.0,Down,0.49,30.96,0.48,125,51,48,False
1788639690.3032885,1788639900,209.7,Up,0.52,125,0.51,30.96,48,51,False
1788639690.3032885,1788639900,209.7,Down,0.49,30.96,0.48,125,51,48,False
1788639693.6322536,1788639900,206.4,Up,0.52,125,0.51,30.96,48,51,False
1788639693.6322536,1788639900,206.4,Down,0.49,30.96,0.48,125,51,48,False
1788639696.9457555,1788639900,203.1,Up,0.52,125,0.51,30.96,48,51,False
1788639696.9457555,1788639900,203.1,Down,0.49,30.96,0.48,125,51,48,False
1788639700.2664497,1788639900,199.7,Up,0.52,125,0.51,30.96,48,51,False
1788639700.2664497,1788639900,199.7,Down,0.49,30.96,0.48,125,51,48,False
1788639703.5719836,1788639900,196.4,Up,0.52,205,0.51,30.96,48,51,False
1788639703.5719836,1788639900,196.4,Down,0.49,30.96,0.48,205,51,48,False
1788639706.8018186,1788639900,193.2,Up,0.52,205,0.51,30.96,48,51,False
1788639706.8018186,1788639900,193.2,Down,0.49,30.96,0.48,205,51,48,False
1788639710.1025074,1788639900,189.9,Up,0.52,205,0.51,30.96,48,51,False
1788639710.1025074,1788639900,189.9,Down,0.49,30.96,0.48,205,51,48,False
1788639713.325982,1788639900,186.7,Up,0.52,205,0.51,30.96,48,51,False
1788639713.325982,1788639900,186.7,Down,0.49,30.96,0.48,205,51,48,False
1788639716.557342,1788639900,183.4,Up,0.52,205,0.51,30.96,48,51,False
1788639716.557342,1788639900,183.4,Down,0.49,30.96,0.48,205,51,48,False
1788639719.8654063,1788639900,180.1,Up,0.52,205,0.51,30.96,48,51,False
1788639719.8654063,1788639900,180.1,Down,0.49,30.96,0.48,205,51,48,False
1788639723.094898,1788639900,176.9,Up,0.52,205,0.51,30.96,48,51,False
1788639723.094898,1788639900,176.9,Down,0.49,30.96,0.48,205,51,48,False
1788639726.354811,1788639900,173.6,Up,0.52,205,0.51,30.96,48,51,False
1788639726.354811,1788639900,173.6,Down,0.49,30.96,0.48,205,51,48,False
1788639729.599793,1788639900,170.4,Up,0.52,210,0.51,35.96,48,51,False
1788639729.599793,1788639900,170.4,Down,0.49,35.96,0.48,210,51,48,False
1788639732.823272,1788639900,167.2,Up,0.52,110,0.51,40.96,48,51,False
1788639732.823272,1788639900,167.2,Down,0.49,40.96,0.48,110,51,48,False
1788639736.057313,1788639900,163.9,Up,0.52,110,0.5,716.64,48,50,False
1788639736.057313,1788639900,163.9,Down,0.5,716.64,0.48,110,50,48,False
1788639739.3025792,1788639900,160.7,Up,0.52,110,0.5,716.64,48,50,False
1788639739.3025792,1788639900,160.7,Down,0.5,716.64,0.48,110,50,48,False
1788639742.6102557,1788639900,157.4,Up,0.52,120,0.5,726.64,48,50,False
1788639742.6102557,1788639900,157.4,Down,0.5,726.64,0.48,120,50,48,False
1788639745.9098654,1788639900,154.1,Up,0.52,120,0.5,726.64,48,50,False
1788639745.9098654,1788639900,154.1,Down,0.5,726.64,0.48,120,50,48,False
1788639749.221423,1788639900,150.8,Up,0.52,110,0.5,698.14,48,50,False
1788639749.221423,1788639900,150.8,Down,0.5,698.14,0.48,110,50,48,False
1788639752.5363686,1788639900,147.5,Up,0.52,110,0.5,698.14,48,50,False
1788639752.5363686,1788639900,147.5,Down,0.5,698.14,0.48,110,50,48,False
1788639755.8382668,1788639900,144.2,Up,0.52,110,0.5,691.54,48,50,False
1788639755.8382668,1788639900,144.2,Down,0.5,691.54,0.48,110,50,48,False
1788639759.063137,1788639900,140.9,Up,0.52,30,0.5,691.54,48,50,False
1788639759.063137,1788639900,140.9,Down,0.5,691.54,0.48,30,50,48,False
1788639762.3819323,1788639900,137.6,Up,0.52,40,0.5,701.54,48,50,False
1788639762.3819323,1788639900,137.6,Down,0.5,701.54,0.48,40,50,48,False
1788639765.6830425,1788639900,134.3,Up,0.52,40,0.5,653.54,48,50,False
1788639765.6830425,1788639900,134.3,Down,0.5,653.54,0.48,40,50,48,False
1788639768.9118726,1788639900,131.1,Up,0.52,50,0.5,414.7,48,50,False
1788639768.9118726,1788639900,131.1,Down,0.5,414.7,0.48,50,50,48,False
1788639772.2064066,1788639900,127.8,Up,0.52,50,0.5,414.7,48,50,False
1788639772.2064066,1788639900,127.8,Down,0.5,414.7,0.48,50,50,48,False
1788639775.5087073,1788639900,124.5,Up,0.52,40,0.5,414.7,48,50,False
1788639775.5087073,1788639900,124.5,Down,0.5,414.7,0.48,40,50,48,False
1788639778.6675549,1788639900,121.3,Up,0.52,40,0.5,414.7,48,50,False
1788639778.6675549,1788639900,121.3,Down,0.5,414.7,0.48,40,50,48,False
1788639781.961303,1788639900,118.0,Up,0.51,6.39,0.5,414.7,49,50,False
1788639781.961303,1788639900,118.0,Down,0.5,414.7,0.49,6.39,50,49,False
1788639785.193247,1788639900,114.8,Up,0.52,30,0.5,414.7,48,50,False
1788639785.193247,1788639900,114.8,Down,0.5,147,0.48,30,50,48,False
1788639788.4458997,1788639900,111.6,Up,0.52,36,0.5,153,48,50,False
1788639788.4458997,1788639900,111.6,Down,0.5,143,0.48,36,50,48,False
1788639791.7658308,1788639900,108.2,Up,0.52,26,0.5,143,48,50,False
1788639791.7658308,1788639900,108.2,Down,0.5,143,0.48,26,50,48,False
1788639795.1821454,1788639900,104.8,Up,0.52,26,0.5,139,48,50,False
1788639795.1821454,1788639900,104.8,Down,0.5,139,0.48,26,50,48,False
1788639798.5219774,1788639900,101.5,Up,0.52,36,0.5,63,48,50,False
1788639798.5219774,1788639900,101.5,Down,0.5,63,0.48,36,50,48,False
1788639801.9251301,1788639900,98.1,Up,0.52,36,0.5,63,48,50,False
1788639801.9251301,1788639900,98.1,Down,0.5,63,0.48,36,50,48,False
1788639805.2186,1788639900,94.8,Up,0.52,36,0.5,63,48,50,False
1788639805.2186,1788639900,94.8,Down,0.5,63,0.48,36,50,48,False
1788639808.5314634,1788639900,91.5,Up,0.52,36,0.5,63,48,50,False
1788639808.5314634,1788639900,91.5,Down,0.5,63,0.48,36,50,48,False
1788639811.7664273,1788639900,88.2,Up,0.52,36,0.5,63,48,50,False
1788639811.7664273,1788639900,88.2,Down,0.5,63,0.48,36,50,48,False
1788639815.0699883,1788639900,84.9,Up,0.52,26,0.5,63,48,50,False
1788639815.0699883,1788639900,84.9,Down,0.5,63,0.48,26,50,48,False
1788639818.380941,1788639900,81.6,Up,0.52,13.69,0.5,68,48,50,False
1788639818.380941,1788639900,81.6,Down,0.5,68,0.48,13.69,50,48,False
1788639821.696053,1788639900,78.3,Up,0.53,151.41,0.5,68,47,50,False
1788639821.696053,1788639900,78.3,Down,0.5,68,0.47,151.41,50,47,False
1788639824.999485,1788639900,75.0,Up,0.53,140.07,0.5,68,47,50,False
1788639824.999485,1788639900,75.0,Down,0.5,68,0.47,140.07,50,47,False
1788639828.307015,1788639900,71.7,Up,0.53,134.4,0.5,68,47,50,False
1788639828.307015,1788639900,71.7,Down,0.5,68,0.47,134.4,50,47,False
1788639831.5672202,1788639900,68.4,Up,0.53,134.4,0.5,68,47,50,False
1788639831.5672202,1788639900,68.4,Down,0.5,68,0.47,134.4,50,47,False
1788639834.8650537,1788639900,65.1,Up,0.53,134.4,0.5,68,47,50,False
1788639834.8650537,1788639900,65.1,Down,0.5,68,0.47,134.4,50,47,False
1788639838.1879401,1788639900,61.8,Up,0.51,25,0.5,62,49,50,False
1788639838.1879401,1788639900,61.8,Down,0.5,62,0.49,25,50,49,False
1788639841.4111269,1788639900,58.6,Up,0.51,25,0.5,58,49,50,False
1788639841.4111269,1788639900,58.6,Down,0.5,58,0.49,25,50,49,False
1788639844.701078,1788639900,55.3,Up,0.51,25,0.5,58,49,50,False
1788639844.701078,1788639900,55.3,Down,0.5,53,0.49,25,50,49,False
1788639848.0160348,1788639900,52.0,Up,0.51,35,0.5,43,49,50,False
1788639848.0160348,1788639900,52.0,Down,0.5,43,0.49,35,50,49,False
1788639851.3134813,1788639900,48.7,Up,0.51,35,0.5,43,49,50,False
1788639851.3134813,1788639900,48.7,Down,0.5,43,0.49,35,50,49,False
1788639854.6335683,1788639900,45.4,Up,0.51,35,0.5,43,49,50,False
1788639854.6335683,1788639900,45.4,Down,0.5,43,0.49,35,50,49,False
1788639857.926951,1788639900,42.1,Up,0.51,20,0.5,43,49,50,False
1788639857.926951,1788639900,42.1,Down,0.5,43,0.49,20,50,49,False
1788639861.2364352,1788639900,38.8,Up,0.51,20,0.5,58,49,50,False
1788639861.2364352,1788639900,38.8,Down,0.5,58,0.49,20,50,49,False
1788639864.5409765,1788639900,35.5,Up,0.51,10.19,0.5,168,49,50,False
1788639864.5409765,1788639900,35.5,Down,0.5,168,0.49,10.19,50,49,False
1788639867.848671,1788639900,32.2,Up,0.51,10.19,0.5,168,49,50,False
1788639867.848671,1788639900,32.2,Down,0.5,168,0.49,10.19,50,49,False
1788639871.280592,1788639900,28.7,Up,0.51,10.19,0.5,53,49,50,False
1788639871.280592,1788639900,28.7,Down,0.5,53,0.49,10.19,50,49,False
1788639874.5787795,1788639900,25.4,Up,0.51,17.19,0.5,49.62,49,50,False
1788639874.5787795,1788639900,25.4,Down,0.5,49.62,0.49,17.19,50,49,False
1788639877.891063,1788639900,22.1,Up,0.53,108,0.51,45,47,51,False
1788639877.891063,1788639900,22.1,Down,0.49,45,0.47,108,51,47,False
1788639881.1210437,1788639900,18.9,Up,0.51,55,0.5,11.7,49,50,False
1788639881.1210437,1788639900,18.9,Down,0.5,11.7,0.49,55,50,49,False
1788639884.3405597,1788639900,15.7,Up,0.54,55,0.53,32,46,53,False
1788639884.3405597,1788639900,15.7,Down,0.47,32,0.46,55,53,46,False
1788639887.6397805,1788639900,12.4,Up,0.58,8.05,0.57,193,40,57,False
1788639887.6397805,1788639900,12.4,Down,0.43,199,0.42,8.05,57,40,False
1788639890.9373646,1788639900,9.1,Up,0.58,15.26,0.57,190.74,40,57,False
1788639890.9373646,1788639900,9.1,Down,0.43,190.74,0.42,15.26,57,40,False
1788639893.4292881,1788639900,6.6,Up,0.63,20,0.62,42,36,62,False
1788639893.4292881,1788639900,6.6,Down,0.38,42,0.37,8.03,62,36,False
1788639895.3485398,1788639900,4.7,Up,0.67,98,0.66,96.52,33,66,False
1788639895.3485398,1788639900,4.7,Down,0.34,91.52,0.33,98,66,33,False
1788639896.6657453,1788639900,3.3,Up,0.67,98,0.65,114.8,33,65,False
1788639896.6657453,1788639900,3.3,Down,0.35,114.8,0.33,42,65,33,False
1788639897.9555285,1788639900,2.0,Up,0.67,28.47,0.65,89.8,33,65,False
1788639897.9555285,1788639900,2.0,Down,0.35,89.8,0.33,28.47,65,33,False
1788639899.1163037,1788639900,0.9,Up,0.68,35,0.67,110,32,67,False
1788639899.1163037,1788639900,0.9,Down,0.33,103.93,0.32,35,67,32,False
1788639901.6082647,1788640200,298.4,Up,0.51,306.16,0.5,10.5,49,50,False
1788639901.6082647,1788640200,298.4,Down,0.5,10.5,0.49,306.16,50,49,False
1788639904.836309,1788640200,295.2,Up,0.51,306.16,0.5,10.5,49,50,False
1788639904.836309,1788640200,295.2,Down,0.5,10.5,0.49,306.16,50,49,False
1788639908.071884,1788640200,291.9,Up,0.51,321.16,0.5,120.5,49,50,False
1788639908.071884,1788640200,291.9,Down,0.5,120.5,0.49,321.16,50,49,False
1788639911.3230605,1788640200,288.7,Up,0.51,321.16,0.5,120.5,49,50,False
1788639911.3230605,1788640200,288.7,Down,0.5,120.5,0.49,321.16,50,49,False
1788639914.6469228,1788640200,285.4,Up,0.51,321.16,0.5,125.5,49,50,False
1788639914.6469228,1788640200,285.4,Down,0.5,125.5,0.49,326.16,50,49,False
1788639917.9873128,1788640200,282.0,Up,0.51,364.16,0.5,125.5,49,50,False
1788639917.9873128,1788640200,282.0,Down,0.5,125.5,0.49,364.16,50,49,False
1788639921.291126,1788640200,278.7,Up,0.51,364.16,0.5,125.5,49,50,False
1788639921.291126,1788640200,278.7,Down,0.5,125.5,0.49,364.16,50,49,False
1788639924.5066407,1788640200,275.5,Up,0.51,384.55,0.5,130.5,49,50,False
1788639924.5066407,1788640200,275.5,Down,0.5,130.5,0.49,384.55,50,49,False
1788639927.995003,1788640200,272.0,Up,0.51,384.55,0.5,126.41,49,50,False
1788639927.995003,1788640200,272.0,Down,0.5,126.41,0.49,384.55,50,49,False
1788639931.2247946,1788640200,268.8,Up,0.51,384.55,0.5,126.41,49,50,False
1788639931.2247946,1788640200,268.8,Down,0.5,126.41,0.49,384.55,50,49,False
1788639934.4652672,1788640200,265.5,Up,0.51,389.55,0.5,126.41,49,50,False
1788639934.4652672,1788640200,265.5,Down,0.5,126.41,0.49,389.55,50,49,False
1788639937.7740214,1788640200,262.2,Up,0.51,389.55,0.5,126.41,49,50,False
1788639937.7740214,1788640200,262.2,Down,0.5,126.41,0.49,389.55,50,49,False
1788639940.9779055,1788640200,259.0,Up,0.51,389.55,0.5,126.41,49,50,False
1788639940.9779055,1788640200,259.0,Down,0.5,126.41,0.49,389.55,50,49,False
1788639944.1992204,1788640200,255.8,Up,0.51,389.55,0.5,131.41,49,50,False
1788639944.1992204,1788640200,255.8,Down,0.5,131.41,0.49,389.55,50,49,False
1788639947.3427424,1788640200,252.7,Up,0.51,273.39,0.5,131.41,49,50,False
1788639947.3427424,1788640200,252.7,Down,0.5,131.41,0.49,273.39,50,49,False
1788639950.6641023,1788640200,249.3,Up,0.51,273.39,0.5,131.41,49,50,False
1788639950.6641023,1788640200,249.3,Down,0.5,131.41,0.49,273.39,50,49,False
1788639953.8868647,1788640200,246.1,Up,0.51,273.39,0.5,131.41,49,50,False
1788639953.8868647,1788640200,246.1,Down,0.5,131.41,0.49,273.39,50,49,False
1788639957.1929367,1788640200,242.8,Up,0.51,273.39,0.5,131.41,49,50,False
1788639957.1929367,1788640200,242.8,Down,0.5,131.41,0.49,273.39,50,49,False
1788639960.4265873,1788640200,239.6,Up,0.51,273.39,0.5,124.41,49,50,False
1788639960.4265873,1788640200,239.6,Down,0.5,124.41,0.49,273.39,50,49,False
1788639963.7429338,1788640200,236.3,Up,0.51,273.39,0.5,124.41,49,50,False
1788639963.7429338,1788640200,236.3,Down,0.5,124.41,0.49,273.39,50,49,False
1788639967.0474925,1788640200,233.0,Up,0.51,273.39,0.5,4.41,49,50,False
1788639967.0474925,1788640200,233.0,Down,0.5,4.41,0.49,273.39,50,49,False
1788639970.3614335,1788640200,229.6,Up,0.51,273.39,0.5,4.41,49,50,False
1788639970.3614335,1788640200,229.6,Down,0.5,4.41,0.49,273.39,50,49,False
1788639973.669646,1788640200,226.3,Up,0.51,273.39,0.5,4.41,49,50,False
1788639973.669646,1788640200,226.3,Down,0.5,4.41,0.49,273.39,50,49,False
1788639976.8872128,1788640200,223.1,Up,0.51,273.39,0.5,4.41,49,50,False
1788639976.8872128,1788640200,223.1,Down,0.5,4.41,0.49,273.39,50,49,False
1788639980.1092126,1788640200,219.9,Up,0.51,268.39,0.5,4.41,49,50,False
1788639980.1092126,1788640200,219.9,Down,0.5,4.41,0.49,268.39,50,49,False
1788639983.3456843,1788640200,216.7,Up,0.51,273.39,0.5,4.41,49,50,False
1788639983.3456843,1788640200,216.7,Down,0.5,4.41,0.49,273.39,50,49,False
1788639986.6449113,1788640200,213.4,Up,0.51,273.39,0.5,4.41,49,50,False
1788639986.6449113,1788640200,213.4,Down,0.5,4.41,0.49,273.39,50,49,False
1788639990.0179868,1788640200,210.0,Up,0.51,273.39,0.5,4.41,49,50,False
1788639990.0179868,1788640200,210.0,Down,0.5,4.41,0.49,273.39,50,49,False
1788639993.3420506,1788640200,206.7,Up,0.51,273.39,0.5,4.41,49,50,False
1788639993.3420506,1788640200,206.7,Down,0.5,4.41,0.49,273.39,50,49,False
1788639996.6180344,1788640200,203.4,Up,0.51,273.39,0.5,4.41,49,50,False
1788639996.6180344,1788640200,203.4,Down,0.5,4.41,0.49,273.39,50,49,False
1788639999.8728976,1788640200,200.1,Up,0.51,273.39,0.5,4.41,49,50,False
1788639999.8728976,1788640200,200.1,Down,0.5,4.41,0.49,273.39,50,49,False
1788640003.1806827,1788640200,196.8,Up,0.51,273.39,0.5,4.41,49,50,False
1788640003.1806827,1788640200,196.8,Down,0.5,4.41,0.49,273.39,50,49,False
1788640006.4886482,1788640200,193.5,Up,0.51,273.39,0.5,4.41,49,50,False
1788640006.4886482,1788640200,193.5,Down,0.5,4.41,0.49,273.39,50,49,False
1788640009.8135514,1788640200,190.2,Up,0.51,240.05,0.5,4.41,49,50,False
1788640009.8135514,1788640200,190.2,Down,0.5,4.41,0.49,240.05,50,49,False
1788640012.9670846,1788640200,187.0,Up,0.51,240.05,0.5,4.41,49,50,False
1788640012.9670846,1788640200,187.0,Down,0.5,4.41,0.49,240.05,50,49,False
1788640016.1920078,1788640200,183.8,Up,0.51,230.05,0.5,4.41,49,50,False
1788640016.1920078,1788640200,183.8,Down,0.5,4.41,0.49,230.05,50,49,False
1788640019.5116768,1788640200,180.5,Up,0.51,230.05,0.5,4.41,49,50,False
1788640019.5116768,1788640200,180.5,Down,0.5,4.41,0.49,230.05,50,49,False
1788640022.818936,1788640200,177.2,Up,0.51,230.05,0.5,4.41,49,50,False
1788640022.818936,1788640200,177.2,Down,0.5,4.41,0.49,230.05,50,49,False
1788640026.0412326,1788640200,174.0,Up,0.51,230.05,0.5,4.41,49,50,False
1788640026.0412326,1788640200,174.0,Down,0.5,4.41,0.49,230.05,50,49,False
1788640029.273053,1788640200,170.7,Up,0.51,230.05,0.5,4.41,49,50,False
1788640029.273053,1788640200,170.7,Down,0.5,4.41,0.49,230.05,50,49,False
1788640032.7790313,1788640200,167.2,Up,0.51,230.05,0.5,4.41,49,50,False
1788640032.7790313,1788640200,167.2,Down,0.5,4.41,0.49,230.05,50,49,False
1788640036.0948672,1788640200,163.9,Up,0.51,230.05,0.5,4.41,49,50,False
1788640036.0948672,1788640200,163.9,Down,0.5,4.41,0.49,230.05,50,49,False
1788640039.4197853,1788640200,160.6,Up,0.51,230.05,0.5,4.41,49,50,False
1788640039.4197853,1788640200,160.6,Down,0.5,4.41,0.49,230.05,50,49,False
1788640042.7221942,1788640200,157.3,Up,0.51,230.05,0.5,4.41,49,50,False
1788640042.7221942,1788640200,157.3,Down,0.5,4.41,0.49,230.05,50,49,False
1788640046.0221944,1788640200,154.0,Up,0.51,230.05,0.5,4.41,49,50,False
1788640046.0221944,1788640200,154.0,Down,0.5,4.41,0.49,230.05,50,49,False
1788640049.3242862,1788640200,150.7,Up,0.51,230.05,0.5,4.41,49,50,False
1788640049.3242862,1788640200,150.7,Down,0.5,4.41,0.49,230.05,50,49,False
1788640052.6300125,1788640200,147.4,Up,0.51,250.05,0.5,4.41,49,50,False
1788640052.6300125,1788640200,147.4,Down,0.5,4.41,0.49,250.05,50,49,False
1788640055.8511152,1788640200,144.1,Up,0.51,250.05,0.5,4.41,49,50,False
1788640055.8511152,1788640200,144.1,Down,0.5,4.41,0.49,250.05,50,49,False
1788640059.2309153,1788640200,140.8,Up,0.51,250.05,0.5,4.41,49,50,False
1788640059.2309153,1788640200,140.8,Down,0.5,4.41,0.49,250.05,50,49,False
1788640062.5304832,1788640200,137.5,Up,0.51,272.05,0.5,2.41,49,50,False
1788640062.5304832,1788640200,137.5,Down,0.5,2.41,0.49,272.05,50,49,False
1788640065.8467507,1788640200,134.2,Up,0.51,262.05,0.5,2.41,49,50,False
1788640065.8467507,1788640200,134.2,Down,0.5,2.41,0.49,262.05,50,49,False
1788640069.0840025,1788640200,130.9,Up,0.51,262.05,0.5,2.41,49,50,False
1788640069.0840025,1788640200,130.9,Down,0.5,2.41,0.49,262.05,50,49,False
1788640072.4619887,1788640200,127.5,Up,0.51,262.05,0.5,2.41,49,50,False
1788640072.4619887,1788640200,127.5,Down,0.5,2.41,0.49,262.05,50,49,False
1788640075.7629635,1788640200,124.2,Up,0.51,262.05,0.5,2.41,49,50,False
1788640075.7629635,1788640200,124.2,Down,0.5,2.41,0.49,262.05,50,49,False
1788640079.077874,1788640200,120.9,Up,0.51,252.05,0.5,7.41,49,50,False
1788640079.077874,1788640200,120.9,Down,0.5,7.41,0.49,252.05,50,49,False
1788640082.3129194,1788640200,117.7,Up,0.51,252.05,0.5,7.41,49,50,False
1788640082.3129194,1788640200,117.7,Down,0.5,7.41,0.49,252.05,50,49,False
1788640085.605161,1788640200,114.4,Up,0.51,232.05,0.5,7.41,49,50,False
1788640085.605161,1788640200,114.4,Down,0.5,7.41,0.49,232.05,50,49,False
1788640088.9364617,1788640200,111.1,Up,0.51,232.05,0.5,7.41,49,50,False
1788640088.9364617,1788640200,111.1,Down,0.5,7.41,0.49,232.05,50,49,False
1788640092.191034,1788640200,107.8,Up,0.51,222.05,0.5,7.41,49,50,False
1788640092.191034,1788640200,107.8,Down,0.5,7.41,0.49,222.05,50,49,False
1788640095.7773793,1788640200,104.2,Up,0.51,222.05,0.5,7.41,49,50,False
1788640095.7773793,1788640200,104.2,Down,0.5,7.41,0.49,222.05,50,49,False
1788640099.2769148,1788640200,100.7,Up,0.51,222.05,0.5,7.41,49,50,False
1788640099.2769148,1788640200,100.7,Down,0.5,7.41,0.49,222.05,50,49,False
1788640102.6118588,1788640200,97.4,Up,0.51,222.05,0.5,7.41,49,50,False
1788640102.6118588,1788640200,97.4,Down,0.5,7.41,0.49,222.05,50,49,False
1788640105.8468454,1788640200,94.2,Up,0.51,222.05,0.5,7.41,49,50,False
1788640105.8468454,1788640200,94.2,Down,0.5,7.41,0.49,222.05,50,49,False
1788640109.237926,1788640200,90.8,Up,0.51,222.05,0.5,7.41,49,50,False
1788640109.237926,1788640200,90.8,Down,0.5,7.41,0.49,222.05,50,49,False
1788640112.6715846,1788640200,87.3,Up,0.51,222.05,0.5,7.41,49,50,False
1788640112.6715846,1788640200,87.3,Down,0.5,7.41,0.49,222.05,50,49,False
1788640115.9774442,1788640200,84.0,Up,0.51,222.05,0.5,7.41,49,50,False
1788640115.9774442,1788640200,84.0,Down,0.5,7.41,0.49,222.05,50,49,False
1788640119.2842267,1788640200,80.7,Up,0.51,212.05,0.5,7.41,49,50,False
1788640119.2842267,1788640200,80.7,Down,0.5,7.41,0.49,212.05,50,49,False
1788640122.5875068,1788640200,77.4,Up,0.51,212.05,0.5,7.41,49,50,False
1788640122.5875068,1788640200,77.4,Down,0.5,7.41,0.49,212.05,50,49,False
1788640125.888872,1788640200,74.1,Up,0.51,212.05,0.5,7.41,49,50,False
1788640125.888872,1788640200,74.1,Down,0.5,7.41,0.49,212.05,50,49,False
1788640129.1176078,1788640200,70.9,Up,0.51,212.05,0.5,7.41,49,50,False
1788640129.1176078,1788640200,70.9,Down,0.5,7.41,0.49,212.05,50,49,False
1788640132.408553,1788640200,67.6,Up,0.51,212.05,0.5,7.41,49,50,False
1788640132.408553,1788640200,67.6,Down,0.5,7.41,0.49,212.05,50,49,False
1788640135.6381109,1788640200,64.4,Up,0.51,212.05,0.5,7.41,49,50,False
1788640135.6381109,1788640200,64.4,Down,0.5,7.41,0.49,212.05,50,49,False
1788640138.9107864,1788640200,61.1,Up,0.51,227.05,0.5,7.41,49,50,False
1788640138.9107864,1788640200,61.1,Down,0.5,7.41,0.49,227.05,50,49,False
1788640142.209054,1788640200,57.8,Up,0.51,227.05,0.5,7.41,49,50,False
1788640142.209054,1788640200,57.8,Down,0.5,7.41,0.49,227.05,50,49,False
1788640145.3717875,1788640200,54.6,Up,0.51,102.39,0.5,2.41,49,50,False
1788640145.3717875,1788640200,54.6,Down,0.5,2.41,0.49,102.39,50,49,False
1788640148.6822007,1788640200,51.3,Up,0.51,53.17,0.5,137.41,49,50,False
1788640148.6822007,1788640200,51.3,Down,0.5,137.41,0.49,53.17,50,49,False
1788640151.9959252,1788640200,48.0,Up,0.51,39.2,0.5,137.41,49,50,False
1788640151.9959252,1788640200,48.0,Down,0.5,137.41,0.49,39.2,50,49,False
1788640155.3264813,1788640200,44.7,Up,0.51,39.2,0.5,247.41,49,50,False
1788640155.3264813,1788640200,44.7,Down,0.5,247.41,0.49,39.2,50,49,False
1788640158.6118438,1788640200,41.4,Up,0.51,0.18,0.5,257.41,49,50,False
1788640158.6118438,1788640200,41.4,Down,0.5,257.41,0.48,78.94,50,48,False
1788640161.9242845,1788640200,38.1,Up,0.52,2.01,0.51,35,48,51,False
1788640161.9242845,1788640200,38.1,Down,0.49,135,0.48,2.01,51,48,False
1788640165.2327373,1788640200,34.8,Up,0.52,2.01,0.51,145,48,51,False
1788640165.2327373,1788640200,34.8,Down,0.49,145,0.48,2.01,51,48,False
1788640168.5313516,1788640200,31.5,Up,0.52,152.01,0.51,249.18,48,51,False
1788640168.5313516,1788640200,31.5,Down,0.49,249.18,0.48,152.01,51,48,False
1788640171.8266187,1788640200,28.2,Up,0.52,152.01,0.51,249.18,48,51,False
1788640171.8266187,1788640200,28.2,Down,0.49,249.18,0.48,152.01,51,48,False
1788640175.2162259,1788640200,24.8,Up,0.55,79.77,0.53,35,45,53,False
1788640175.2162259,1788640200,24.8,Down,0.47,32.53,0.45,44.38,53,45,False
1788640178.6810248,1788640200,21.3,Up,0.54,125,0.52,75.21,46,52,False
1788640178.6810248,1788640200,21.3,Down,0.48,75.21,0.46,125,52,46,False
1788640181.9775388,1788640200,18.0,Up,0.53,10,0.52,73.12,47,52,False
1788640181.9775388,1788640200,18.0,Down,0.48,73.12,0.47,10,52,47,False
1788640185.2970107,1788640200,14.7,Up,0.53,10,0.52,73.12,47,52,False
1788640185.2970107,1788640200,14.7,Down,0.48,73.12,0.47,8.11,52,47,False
1788640188.5955076,1788640200,11.4,Up,0.53,0.28,0.52,78.94,47,52,False
1788640188.5955076,1788640200,11.4,Down,0.48,78.94,0.47,0.28,52,47,False
1788640191.7540324,1788640200,8.2,Up,0.54,100,0.52,76.85,46,52,False
1788640191.7540324,1788640200,8.2,Down,0.48,76.85,0.46,110,52,46,False
1788640194.1218724,1788640200,5.9,Up,0.53,10,0.52,91.85,46,52,False
1788640194.1218724,1788640200,5.9,Down,0.48,91.85,0.47,10,52,46,False
1788640195.8271186,1788640200,4.2,Up,0.55,158.1,0.52,91.85,45,52,False
1788640195.8271186,1788640200,4.2,Down,0.48,88.78,0.45,158.1,52,45,False
1788640197.1940496,1788640200,2.8,Up,0.55,158.1,0.53,642.52,45,53,False
1788640197.1940496,1788640200,2.8,Down,0.46,278.91,0.45,158.1,54,45,False
1788640198.5645702,1788640200,1.4,Up,0.55,143.1,0.54,276.73,45,53,False
1788640198.5645702,1788640200,1.4,Down,0.46,276.73,0.45,143.1,53,45,False
1788640200.9354272,1788640500,299.1,Up,0.52,110,0.51,102,48,51,False
1788640200.9354272,1788640500,299.1,Down,0.49,102,0.48,110,51,48,False
1788640204.2506008,1788640500,295.7,Up,0.52,110,0.51,102,48,51,False
1788640204.2506008,1788640500,295.7,Down,0.49,102,0.48,110,51,48,False
1788640207.554304,1788640500,292.4,Up,0.52,130,0.51,112,48,51,False
1788640207.554304,1788640500,292.4,Down,0.49,112,0.48,130,51,48,False
1788640210.9005497,1788640500,289.1,Up,0.52,130,0.51,112,48,51,False
1788640210.9005497,1788640500,289.1,Down,0.49,112,0.48,130,51,48,False
1788640214.2086442,1788640500,285.8,Up,0.52,130,0.51,112,48,51,False
1788640214.2086442,1788640500,285.8,Down,0.49,112,0.48,130,51,48,False
1788640217.549491,1788640500,282.5,Up,0.52,135,0.51,132,48,51,False
1788640217.549491,1788640500,282.5,Down,0.49,132,0.48,135,51,48,False
1788640220.7855158,1788640500,279.2,Up,0.52,135,0.51,127,48,51,False
1788640220.7855158,1788640500,279.2,Down,0.49,127,0.48,135,51,48,False
1788640224.026484,1788640500,276.0,Up,0.52,135,0.51,127,48,51,False
1788640224.026484,1788640500,276.0,Down,0.49,127,0.48,135,51,48,False
1788640227.363866,1788640500,272.6,Up,0.52,135,0.51,127,48,51,False
1788640227.363866,1788640500,272.6,Down,0.49,127,0.48,135,51,48,False
1788640230.673803,1788640500,269.3,Up,0.52,135,0.51,127,48,51,False
1788640230.673803,1788640500,269.3,Down,0.49,127,0.48,135,51,48,False
1788640233.9694896,1788640500,266.0,Up,0.52,135,0.51,127,48,51,False
1788640233.9694896,1788640500,266.0,Down,0.49,127,0.48,135,51,48,False
1788640237.2545805,1788640500,262.7,Up,0.52,135,0.51,133,48,51,False
1788640237.2545805,1788640500,262.7,Down,0.49,133,0.48,135,51,48,False
1788640240.485518,1788640500,259.5,Up,0.52,135,0.51,133,48,51,False
1788640240.485518,1788640500,259.5,Down,0.49,133,0.48,135,51,48,False
1788640243.7924278,1788640500,256.2,Up,0.52,140,0.51,133,48,51,False
1788640243.7924278,1788640500,256.2,Down,0.49,133,0.48,140,51,48,False
1788640247.1578538,1788640500,252.8,Up,0.52,140,0.51,133,48,51,False
1788640247.1578538,1788640500,252.8,Down,0.49,133,0.48,140,51,48,False
1788640250.4677649,1788640500,249.5,Up,0.52,140,0.51,133,48,51,False
1788640250.4677649,1788640500,249.5,Down,0.49,133,0.48,140,51,48,False
1788640253.7730932,1788640500,246.2,Up,0.52,135,0.51,133,48,51,False
1788640253.7730932,1788640500,246.2,Down,0.49,133,0.48,135,51,48,False
1788640257.0618868,1788640500,242.9,Up,0.52,145,0.51,133,48,51,False
1788640257.0618868,1788640500,242.9,Down,0.49,133,0.48,145,51,48,False
1788640260.2890134,1788640500,239.7,Up,0.52,145,0.51,133,48,51,False
1788640260.2890134,1788640500,239.7,Down,0.49,133,0.48,145,51,48,False
1788640263.5215425,1788640500,236.5,Up,0.52,145,0.51,133,48,51,False
1788640263.5215425,1788640500,236.5,Down,0.49,133,0.48,145,51,48,False
1788640266.8472896,1788640500,233.2,Up,0.52,135,0.51,133,48,51,False
1788640266.8472896,1788640500,233.2,Down,0.49,133,0.48,135,51,48,False
1788640270.1702015,1788640500,229.8,Up,0.52,135,0.51,41,48,51,False
1788640270.1702015,1788640500,229.8,Down,0.49,41,0.48,135,51,48,False
1788640273.4703012,1788640500,226.5,Up,0.52,135,0.51,48.98,48,51,False
1788640273.4703012,1788640500,226.5,Down,0.49,48.98,0.48,135,51,48,False
1788640276.789329,1788640500,223.2,Up,0.52,135,0.51,38.98,48,51,False
1788640276.789329,1788640500,223.2,Down,0.49,38.98,0.48,135,51,48,False
1788640280.0873234,1788640500,219.9,Up,0.52,135,0.51,38.98,48,51,False
1788640280.0873234,1788640500,219.9,Down,0.49,38.98,0.48,135,51,48,False
1788640283.3970358,1788640500,216.6,Up,0.52,135,0.51,38.98,48,51,False
1788640283.3970358,1788640500,216.6,Down,0.49,38.98,0.48,135,51,48,False
1788640286.6158435,1788640500,213.4,Up,0.52,135,0.51,38.98,48,51,False
1788640286.6158435,1788640500,213.4,Down,0.49,38.98,0.48,135,51,48,False
1788640289.9156382,1788640500,210.1,Up,0.52,135,0.51,38.98,48,51,False
1788640289.9156382,1788640500,210.1,Down,0.49,38.98,0.48,135,51,48,False
1788640293.2069054,1788640500,206.8,Up,0.52,135,0.51,38.98,48,51,False
1788640293.2069054,1788640500,206.8,Down,0.49,38.98,0.48,135,51,48,False
1788640296.4970148,1788640500,203.5,Up,0.52,135,0.51,38.98,48,51,False
1788640296.4970148,1788640500,203.5,Down,0.49,38.98,0.48,135,51,48,False
1788640299.805589,1788640500,200.2,Up,0.52,135,0.51,38.98,48,51,False
1788640299.805589,1788640500,200.2,Down,0.49,38.98,0.48,135,51,48,False
1788640303.1082823,1788640500,196.9,Up,0.52,135,0.51,38.98,48,51,False
1788640303.1082823,1788640500,196.9,Down,0.49,38.98,0.48,135,51,48,False
1788640306.3336759,1788640500,193.7,Up,0.52,135,0.51,38.98,48,51,False
1788640306.3336759,1788640500,193.7,Down,0.49,38.98,0.48,135,51,48,False
1788640309.5591414,1788640500,190.4,Up,0.52,135,0.51,38.98,48,51,False
1788640309.5591414,1788640500,190.4,Down,0.49,38.98,0.48,135,51,48,False
1788640312.8533578,1788640500,187.1,Up,0.52,135,0.51,38.98,48,51,False
1788640312.8533578,1788640500,187.1,Down,0.49,38.98,0.48,135,51,48,False
1788640316.150921,1788640500,183.8,Up,0.52,135,0.51,38.98,48,51,False
1788640316.150921,1788640500,183.8,Down,0.49,38.98,0.48,135,51,48,False
1788640319.4515216,1788640500,180.5,Up,0.52,135,0.51,38.98,48,51,False
1788640319.4515216,1788640500,180.5,Down,0.49,38.98,0.48,135,51,48,False
1788640322.7526414,1788640500,177.2,Up,0.52,135,0.51,38.98,48,51,False
1788640322.7526414,1788640500,177.2,Down,0.49,38.98,0.48,135,51,48,False
1788640326.0623958,1788640500,173.9,Up,0.52,135,0.51,38.98,48,51,False
1788640326.0623958,1788640500,173.9,Down,0.49,38.98,0.48,135,51,48,False
1788640329.4008045,1788640500,170.6,Up,0.52,135,0.51,38.98,48,51,False
1788640329.4008045,1788640500,170.6,Down,0.49,38.98,0.48,135,51,48,False
1788640332.6283383,1788640500,167.4,Up,0.52,135,0.51,38.98,48,51,False
1788640332.6283383,1788640500,167.4,Down,0.49,38.98,0.48,135,51,48,False
1788640335.9525995,1788640500,164.0,Up,0.52,135,0.51,38.98,48,51,False
1788640335.9525995,1788640500,164.0,Down,0.49,38.98,0.48,135,51,48,False
1788640339.262771,1788640500,160.7,Up,0.52,135,0.51,38.98,48,51,False
1788640339.262771,1788640500,160.7,Down,0.49,38.98,0.48,135,51,48,False
1788640342.5943065,1788640500,157.4,Up,0.52,135,0.51,38.98,48,51,False
1788640342.5943065,1788640500,157.4,Down,0.49,38.98,0.48,135,51,48,False
1788640345.9131548,1788640500,154.1,Up,0.52,135,0.51,38.98,48,51,False
1788640345.9131548,1788640500,154.1,Down,0.49,38.98,0.48,135,51,48,False
1788640349.2235067,1788640500,150.8,Up,0.52,135,0.51,38.98,48,51,False
1788640349.2235067,1788640500,150.8,Down,0.49,38.98,0.48,135,51,48,False
1788640352.4763699,1788640500,147.5,Up,0.52,135,0.51,38.98,48,51,False
1788640352.4763699,1788640500,147.5,Down,0.49,38.98,0.48,135,51,48,False
1788640355.7136304,1788640500,144.3,Up,0.52,135,0.51,38.98,48,51,False
1788640355.7136304,1788640500,144.3,Down,0.49,38.98,0.48,135,51,48,False
1788640358.9579053,1788640500,141.0,Up,0.52,135,0.51,38.98,48,51,False
1788640358.9579053,1788640500,141.0,Down,0.49,38.98,0.48,135,51,48,False
1788640362.269891,1788640500,137.7,Up,0.52,135,0.51,38.98,48,51,False
1788640362.269891,1788640500,137.7,Down,0.49,38.98,0.48,135,51,48,False
1788640365.5752883,1788640500,134.4,Up,0.52,135,0.51,38.98,48,51,False
1788640365.5752883,1788640500,134.4,Down,0.49,38.98,0.48,135,51,48,False
1788640368.8887792,1788640500,131.1,Up,0.52,135,0.51,38.98,48,51,False
1788640368.8887792,1788640500,131.1,Down,0.49,38.98,0.48,135,51,48,False
1788640372.197291,1788640500,127.8,Up,0.52,135,0.51,38.98,48,51,False
1788640372.197291,1788640500,127.8,Down,0.49,38.98,0.48,135,51,48,False
1788640375.4763892,1788640500,124.5,Up,0.52,135,0.51,38.98,48,51,False
1788640375.4763892,1788640500,124.5,Down,0.49,38.98,0.48,135,51,48,False
1788640378.7916887,1788640500,121.2,Up,0.52,135,0.51,38.98,48,51,False
1788640378.7916887,1788640500,121.2,Down,0.49,38.98,0.48,135,51,48,False
1788640382.0881183,1788640500,117.9,Up,0.52,135,0.51,53.98,48,51,False
1788640382.0881183,1788640500,117.9,Down,0.49,53.98,0.48,135,51,48,False
1788640385.3850698,1788640500,114.6,Up,0.52,135,0.51,53.98,48,51,False
1788640385.3850698,1788640500,114.6,Down,0.49,53.98,0.48,135,51,48,False
1788640388.6962986,1788640500,111.3,Up,0.52,135,0.51,53.98,48,51,False
1788640388.6962986,1788640500,111.3,Down,0.49,53.98,0.48,135,51,48,False
1788640391.9878485,1788640500,108.0,Up,0.52,135,0.51,53.98,48,51,False
1788640391.9878485,1788640500,108.0,Down,0.49,53.98,0.48,135,51,48,False
1788640395.2868454,1788640500,104.7,Up,0.52,140,0.51,63.98,48,51,False
1788640395.2868454,1788640500,104.7,Down,0.49,63.98,0.48,140,51,48,False
1788640398.5882137,1788640500,101.4,Up,0.52,130,0.51,53.98,48,51,False
1788640398.5882137,1788640500,101.4,Down,0.49,53.98,0.48,130,51,48,False
1788640401.9429889,1788640500,98.1,Up,0.52,130,0.51,53.98,48,51,False
1788640401.9429889,1788640500,98.1,Down,0.49,53.98,0.48,130,51,48,False
1788640405.6483471,1788640500,94.4,Up,0.52,130,0.51,53.98,48,51,False
1788640405.6483471,1788640500,94.4,Down,0.49,53.98,0.48,130,51,48,False
1788640408.8029394,1788640500,91.2,Up,0.52,130,0.51,53.98,48,51,False
1788640408.8029394,1788640500,91.2,Down,0.49,53.98,0.48,130,51,48,False
1788640412.100203,1788640500,87.9,Up,0.52,130,0.51,53.98,48,51,False
1788640412.100203,1788640500,87.9,Down,0.49,53.98,0.48,130,51,48,False
1788640416.180415,1788640500,83.8,Up,0.52,130,0.51,53.98,48,51,False
1788640416.180415,1788640500,83.8,Down,0.49,53.98,0.48,130,51,48,False
1788640419.485406,1788640500,80.5,Up,0.52,130,0.51,53.98,48,51,False
1788640419.485406,1788640500,80.5,Down,0.49,53.98,0.48,130,51,48,False
1788640422.8080735,1788640500,77.2,Up,0.52,110,0.51,53.98,48,51,False
1788640422.8080735,1788640500,77.2,Down,0.49,53.98,0.48,110,51,48,False
1788640426.1100512,1788640500,73.9,Up,0.52,110,0.51,53.98,48,51,False
1788640426.1100512,1788640500,73.9,Down,0.49,53.98,0.48,110,51,48,False
1788640429.420118,1788640500,70.6,Up,0.52,110,0.51,53.98,48,51,False
1788640429.420118,1788640500,70.6,Down,0.49,53.98,0.48,110,51,48,False
1788640432.6483045,1788640500,67.4,Up,0.52,110,0.51,53.98,48,51,False
1788640432.6483045,1788640500,67.4,Down,0.49,53.98,0.48,110,51,48,False
1788640435.8748033,1788640500,64.1,Up,0.52,110,0.51,53.98,48,51,False
1788640435.8748033,1788640500,64.1,Down,0.49,53.98,0.48,110,51,48,False
1788640439.1984189,1788640500,60.8,Up,0.52,110,0.51,53.98,48,51,False
1788640439.1984189,1788640500,60.8,Down,0.49,53.98,0.48,110,51,48,False
1788640442.5284448,1788640500,57.5,Up,0.52,125,0.51,58.98,48,51,False
1788640442.5284448,1788640500,57.5,Down,0.49,58.98,0.48,125,51,48,False
1788640445.891098,1788640500,54.1,Up,0.53,101.96,0.51,43.98,47,51,False
1788640445.891098,1788640500,54.1,Down,0.49,43.98,0.47,40,51,47,False
1788640449.2191136,1788640500,50.8,Up,0.52,25,0.51,49.98,48,51,False
1788640449.2191136,1788640500,50.8,Down,0.49,49.98,0.48,25,51,48,False
1788640452.5821295,1788640500,47.4,Up,0.52,25,0.51,143.98,48,51,False
1788640452.5821295,1788640500,47.4,Down,0.49,143.98,0.48,25,51,48,False
1788640456.2561786,1788640500,43.7,Up,0.52,25,0.51,41.93,48,51,False
1788640456.2561786,1788640500,43.7,Down,0.49,41.93,0.48,25,51,48,False
1788640459.5737479,1788640500,40.4,Up,0.52,25,0.51,41.93,48,51,False
1788640459.5737479,1788640500,40.4,Down,0.49,41.93,0.48,25,51,48,False
1788640462.8739636,1788640500,37.1,Up,0.52,25.38,0.51,41.93,48,51,False
1788640462.8739636,1788640500,37.1,Down,0.49,41.93,0.48,25.38,51,48,False
1788640466.179878,1788640500,33.8,Up,0.52,25.38,0.51,41.93,48,51,False
1788640466.179878,1788640500,33.8,Down,0.49,41.93,0.48,25.38,51,48,False
1788640469.4802697,1788640500,30.5,Up,0.52,25.38,0.51,41.93,48,51,False
1788640469.4802697,1788640500,30.5,Down,0.49,41.93,0.48,25.38,51,48,False
1788640472.770005,1788640500,27.2,Up,0.52,25.38,0.51,41.93,48,51,False
1788640472.770005,1788640500,27.2,Down,0.49,41.93,0.48,25.38,51,48,False
1788640475.989486,1788640500,24.0,Up,0.52,25.38,0.51,26.26,48,51,False
1788640475.989486,1788640500,24.0,Down,0.49,26.26,0.48,25.38,51,48,False
1788640479.2899718,1788640500,20.7,Up,0.53,185,0.52,20,47,52,False
1788640479.2899718,1788640500,20.7,Down,0.48,20,0.47,185,52,47,False
1788640482.599503,1788640500,17.4,Up,0.53,191.44,0.52,30,47,52,False
1788640482.599503,1788640500,17.4,Down,0.48,30,0.47,191.44,52,47,False
1788640485.8149207,1788640500,14.2,Up,0.52,120,0.51,26.26,48,51,False
1788640485.8149207,1788640500,14.2,Down,0.49,26.26,0.48,120,51,48,False
1788640489.128142,1788640500,10.9,Up,0.52,31.31,0.49,171.83,48,49,False
1788640489.128142,1788640500,10.9,Down,0.51,171.83,0.48,31.31,49,48,False
1788640492.0672922,1788640500,7.9,Up,0.52,51.31,0.5,20,48,50,False
1788640492.0672922,1788640500,7.9,Down,0.5,20,0.48,51.31,50,48,False
1788640494.3400557,1788640500,5.7,Up,0.44,7,0.41,62,55,41,False
1788640494.3400557,1788640500,5.7,Down,0.59,60.3,0.55,39.33,41,55,False
1788640496.0502832,1788640500,3.9,Up,0.42,88.19,0.41,210.3,58,41,False
1788640496.0502832,1788640500,3.9,Down,0.59,210.3,0.58,88.19,41,58,False
1788640497.2803702,1788640500,2.7,Up,0.44,10,0.41,207.75,56,41,False
1788640497.2803702,1788640500,2.7,Down,0.59,207.75,0.56,52,41,56,False
1788640498.5771902,1788640500,1.4,Up,0.42,115,0.41,42.05,58,41,False
1788640498.5771902,1788640500,1.4,Down,0.59,42.05,0.58,115,41,58,False
1788640501.0915146,1788640800,298.9,Up,0.51,284.16,0.5,615.5,49,50,False
1788640501.0915146,1788640800,298.9,Down,0.5,615.5,0.49,284.16,50,49,False
1788640504.3192935,1788640800,295.7,Up,0.51,284.16,0.5,615.5,49,50,False
1788640504.3192935,1788640800,295.7,Down,0.5,615.5,0.49,284.16,50,49,False
1788640507.631463,1788640800,292.4,Up,0.51,316.16,0.5,625.5,49,50,False
1788640507.631463,1788640800,292.4,Down,0.5,625.5,0.49,316.16,50,49,False
1788640510.9310353,1788640800,289.1,Up,0.51,311.16,0.5,620.5,49,50,False
1788640510.9310353,1788640800,289.1,Down,0.5,620.5,0.49,311.16,50,49,False
1788640514.2463431,1788640800,285.8,Up,0.51,306.16,0.5,615.5,49,50,False
1788640514.2463431,1788640800,285.8,Down,0.5,615.5,0.49,306.16,50,49,False
1788640517.40917,1788640800,282.6,Up,0.51,311.16,0.5,620.5,49,50,False
1788640517.40917,1788640800,282.6,Down,0.5,620.5,0.49,311.16,50,49,False
1788640520.6351547,1788640800,279.4,Up,0.51,311.16,0.5,620.5,49,50,False
1788640520.6351547,1788640800,279.4,Down,0.5,620.5,0.49,311.16,50,49,False
1788640523.7960718,1788640800,276.2,Up,0.51,311.16,0.5,625.5,49,50,False
1788640523.7960718,1788640800,276.2,Down,0.5,625.5,0.49,311.16,50,49,False
1788640527.0896862,1788640800,272.9,Up,0.51,311.16,0.5,625.5,49,50,False
1788640527.0896862,1788640800,272.9,Down,0.5,625.5,0.49,311.16,50,49,False
1788640530.391892,1788640800,269.6,Up,0.51,311.16,0.5,625.5,49,50,False
1788640530.391892,1788640800,269.6,Down,0.5,625.5,0.49,311.16,50,49,False
1788640533.6275363,1788640800,266.4,Up,0.51,306.15,0.5,625.5,49,50,False
1788640533.6275363,1788640800,266.4,Down,0.5,625.5,0.49,306.15,50,49,False
1788640536.9241538,1788640800,263.1,Up,0.51,306.15,0.5,625.5,49,50,False
1788640536.9241538,1788640800,263.1,Down,0.5,625.5,0.49,306.15,50,49,False
1788640540.231401,1788640800,259.8,Up,0.51,306.15,0.5,625.5,49,50,False
1788640540.231401,1788640800,259.8,Down,0.5,625.5,0.49,306.15,50,49,False
1788640543.4489467,1788640800,256.6,Up,0.51,306.15,0.5,625.5,49,50,False
1788640543.4489467,1788640800,256.6,Down,0.5,625.5,0.49,306.15,50,49,False
1788640546.7475705,1788640800,253.3,Up,0.51,195,0.5,625.5,49,50,False
1788640546.7475705,1788640800,253.3,Down,0.5,625.5,0.49,195,50,49,False
1788640550.0440245,1788640800,250.0,Up,0.51,195,0.5,625.5,49,50,False
1788640550.0440245,1788640800,250.0,Down,0.5,625.5,0.49,195,50,49,False
1788640553.3210225,1788640800,246.7,Up,0.51,195,0.5,625.5,49,50,False
1788640553.3210225,1788640800,246.7,Down,0.5,625.5,0.49,195,50,49,False
1788640556.6217523,1788640800,243.4,Up,0.51,195,0.5,625.5,49,50,False
1788640556.6217523,1788640800,243.4,Down,0.5,625.5,0.49,195,50,49,False
1788640559.936403,1788640800,240.1,Up,0.51,195,0.5,625.5,49,50,False
1788640559.936403,1788640800,240.1,Down,0.5,625.5,0.49,195,50,49,False
1788640563.2403276,1788640800,236.8,Up,0.51,195,0.5,625.5,49,50,False
1788640563.2403276,1788640800,236.8,Down,0.5,625.5,0.49,195,50,49,False
1788640566.5404954,1788640800,233.5,Up,0.51,195,0.5,625.5,49,50,False
1788640566.5404954,1788640800,233.5,Down,0.5,630.5,0.49,195,50,49,False
1788640569.83382,1788640800,230.2,Up,0.51,195,0.5,630.5,49,50,False
1788640569.83382,1788640800,230.2,Down,0.5,630.5,0.49,195,50,49,False
1788640573.0651553,1788640800,226.9,Up,0.51,205,0.5,640.5,49,50,False
1788640573.0651553,1788640800,226.9,Down,0.5,640.5,0.49,205,50,49,False
1788640576.3562598,1788640800,223.6,Up,0.51,205,0.5,640.5,49,50,False
1788640576.3562598,1788640800,223.6,Down,0.5,640.5,0.49,205,50,49,False
1788640579.5875077,1788640800,220.4,Up,0.51,205,0.5,640.5,49,50,False
1788640579.5875077,1788640800,220.4,Down,0.5,640.5,0.49,205,50,49,False
1788640582.9011996,1788640800,217.1,Up,0.51,205,0.5,640.5,49,50,False
1788640582.9011996,1788640800,217.1,Down,0.5,640.5,0.49,205,50,49,False
1788640586.1371896,1788640800,213.9,Up,0.51,205,0.5,640.5,49,50,False
1788640586.1371896,1788640800,213.9,Down,0.5,640.5,0.49,205,50,49,False
1788640589.442538,1788640800,210.6,Up,0.51,205,0.5,632.33,49,50,False
1788640589.442538,1788640800,210.6,Down,0.5,632.33,0.49,205,50,49,False
1788640592.7395613,1788640800,207.3,Up,0.51,205,0.5,632.33,49,50,False
1788640592.7395613,1788640800,207.3,Down,0.5,632.33,0.49,205,50,49,False
1788640595.8924358,1788640800,204.1,Up,0.51,205,0.5,632.33,49,50,False
1788640595.8924358,1788640800,204.1,Down,0.5,632.33,0.49,205,50,49,False
1788640599.181577,1788640800,200.8,Up,0.51,205,0.5,632.33,49,50,False
1788640599.181577,1788640800,200.8,Down,0.5,632.33,0.49,205,50,49,False
1788640602.5049293,1788640800,197.5,Up,0.51,205,0.5,632.33,49,50,False
1788640602.5049293,1788640800,197.5,Down,0.5,632.33,0.49,205,50,49,False
1788640605.7262363,1788640800,194.3,Up,0.51,205,0.5,632.33,49,50,False
1788640605.7262363,1788640800,194.3,Down,0.5,632.33,0.49,205,50,49,False
1788640609.0375426,1788640800,191.0,Up,0.51,205,0.5,632.33,49,50,False
1788640609.0375426,1788640800,191.0,Down,0.5,632.33,0.49,205,50,49,False
1788640612.3402894,1788640800,187.7,Up,0.51,205,0.5,632.33,49,50,False
1788640612.3402894,1788640800,187.7,Down,0.5,632.33,0.49,205,50,49,False
1788640615.6465068,1788640800,184.4,Up,0.51,205,0.5,632.33,49,50,False
1788640615.6465068,1788640800,184.4,Down,0.5,632.33,0.49,205,50,49,False
1788640618.8686256,1788640800,181.1,Up,0.51,205,0.5,632.33,49,50,False
1788640618.8686256,1788640800,181.1,Down,0.5,632.33,0.49,205,50,49,False
1788640622.1548107,1788640800,177.8,Up,0.51,205,0.5,632.33,49,50,False
1788640622.1548107,1788640800,177.8,Down,0.5,632.33,0.49,205,50,49,False
1788640625.4658208,1788640800,174.5,Up,0.51,197,0.5,632.33,49,50,False
1788640625.4658208,1788640800,174.5,Down,0.5,632.33,0.49,197,50,49,False
1788640628.7171032,1788640800,171.3,Up,0.51,192,0.5,627.33,49,50,False
1788640628.7171032,1788640800,171.3,Down,0.5,622.33,0.49,187,50,49,False
1788640632.0265605,1788640800,168.0,Up,0.51,187,0.5,622.33,49,50,False
1788640632.0265605,1788640800,168.0,Down,0.5,622.33,0.49,187,50,49,False
1788640635.3195884,1788640800,164.7,Up,0.51,153.66,0.5,622.33,49,50,False
1788640635.3195884,1788640800,164.7,Down,0.5,622.33,0.49,153.66,50,49,False
1788640638.6309247,1788640800,161.4,Up,0.51,158.66,0.5,620.5,49,50,False
1788640638.6309247,1788640800,161.4,Down,0.5,620.5,0.49,158.66,50,49,False
1788640641.8631778,1788640800,158.1,Up,0.51,158.66,0.5,620.5,49,50,False
1788640641.8631778,1788640800,158.1,Down,0.5,620.5,0.49,158.66,50,49,False
1788640645.165115,1788640800,154.8,Up,0.51,158.66,0.5,620.5,49,50,False
1788640645.165115,1788640800,154.8,Down,0.5,620.5,0.49,158.66,50,49,False
1788640648.307922,1788640800,151.7,Up,0.51,158.66,0.5,620.5,49,50,False
1788640648.307922,1788640800,151.7,Down,0.5,620.5,0.49,158.66,50,49,False
1788640651.618517,1788640800,148.4,Up,0.51,158.66,0.5,620.5,49,50,False
1788640651.618517,1788640800,148.4,Down,0.5,620.5,0.49,158.66,50,49,False
1788640654.9195113,1788640800,145.1,Up,0.51,153.66,0.5,608.5,49,50,False
1788640654.9195113,1788640800,145.1,Down,0.5,608.5,0.49,153.66,50,49,False
1788640658.2084708,1788640800,141.8,Up,0.51,153.66,0.5,608.5,49,50,False
1788640658.2084708,1788640800,141.8,Down,0.5,608.5,0.49,153.66,50,49,False
1788640661.50128,1788640800,138.5,Up,0.51,153.66,0.5,608.5,49,50,False
1788640661.50128,1788640800,138.5,Down,0.5,608.5,0.49,153.66,50,49,False
1788640664.8146207,1788640800,135.2,Up,0.51,153.66,0.5,608.5,49,50,False
1788640664.8146207,1788640800,135.2,Down,0.5,608.5,0.49,153.66,50,49,False
1788640668.1182563,1788640800,131.9,Up,0.51,153.66,0.5,608.5,49,50,False
1788640668.1182563,1788640800,131.9,Down,0.5,608.5,0.49,153.66,50,49,False
1788640671.471629,1788640800,128.5,Up,0.51,153.66,0.5,608.5,49,50,False
1788640671.471629,1788640800,128.5,Down,0.5,608.5,0.49,153.66,50,49,False
1788640674.7721791,1788640800,125.2,Up,0.51,153.66,0.5,608.5,49,50,False
1788640674.7721791,1788640800,125.2,Down,0.5,608.5,0.49,153.66,50,49,False
1788640678.0062563,1788640800,122.0,Up,0.51,163.66,0.5,608.5,49,50,False
1788640678.0062563,1788640800,122.0,Down,0.5,608.5,0.49,163.66,50,49,False
1788640681.226469,1788640800,118.8,Up,0.51,163.66,0.5,608.5,49,50,False
1788640681.226469,1788640800,118.8,Down,0.5,608.5,0.49,163.66,50,49,False
1788640684.5254443,1788640800,115.5,Up,0.51,163.66,0.5,608.5,49,50,False
1788640684.5254443,1788640800,115.5,Down,0.5,608.5,0.49,163.66,50,49,False
1788640687.8250809,1788640800,112.2,Up,0.51,168.66,0.5,20,49,50,False
1788640687.8250809,1788640800,112.2,Down,0.5,20,0.49,168.66,50,49,False
1788640691.0504756,1788640800,108.9,Up,0.51,168.66,0.5,20,49,50,False
1788640691.0504756,1788640800,108.9,Down,0.5,20,0.49,168.66,50,49,False
1788640694.3614013,1788640800,105.6,Up,0.51,173.66,0.5,25,49,50,False
1788640694.3614013,1788640800,105.6,Down,0.5,25,0.49,173.66,50,49,False
1788640697.6703506,1788640800,102.3,Up,0.51,173.66,0.5,25,49,50,False
1788640697.6703506,1788640800,102.3,Down,0.5,25,0.49,173.66,50,49,False
1788640700.9645061,1788640800,99.0,Up,0.51,163.66,0.5,25,49,50,False
1788640700.9645061,1788640800,99.0,Down,0.5,25,0.49,163.66,50,49,False
1788640704.188983,1788640800,95.8,Up,0.51,163.66,0.5,25,49,50,False
1788640704.188983,1788640800,95.8,Down,0.5,25,0.49,163.66,50,49,False
1788640707.503414,1788640800,92.5,Up,0.52,160,0.51,889.07,48,51,False
1788640707.503414,1788640800,92.5,Down,0.49,889.07,0.48,160,51,48,False
1788640710.7608776,1788640800,89.2,Up,0.53,117.55,0.52,924.73,47,52,False
1788640710.7608776,1788640800,89.2,Down,0.48,924.73,0.47,117.55,52,47,False
1788640714.0111208,1788640800,86.0,Up,0.54,115.6,0.53,867.18,46,53,False
1788640714.0111208,1788640800,86.0,Down,0.47,867.18,0.46,115.6,53,46,False
1788640717.151019,1788640800,82.8,Up,0.54,193,0.53,877.18,46,53,False
1788640717.151019,1788640800,82.8,Down,0.47,877.18,0.46,193,53,46,False
1788640720.301146,1788640800,79.7,Up,0.55,177.27,0.54,885.59,45,54,False
1788640720.301146,1788640800,79.7,Down,0.46,885.59,0.45,177.27,54,45,False
1788640723.6047935,1788640800,76.4,Up,0.55,177.27,0.54,78.6,45,53,False
1788640723.6047935,1788640800,76.4,Down,0.46,78.6,0.45,177.27,53,45,False
1788640726.9119482,1788640800,73.1,Up,0.55,147.27,0.54,78.6,45,53,False
1788640726.9119482,1788640800,73.1,Down,0.46,78.6,0.45,147.27,53,45,False
1788640730.232578,1788640800,69.8,Up,0.55,147.27,0.54,78.6,45,53,False
1788640730.232578,1788640800,69.8,Down,0.46,78.6,0.45,147.27,53,45,False
1788640733.4636555,1788640800,66.5,Up,0.55,147.27,0.54,78.6,45,53,False
1788640733.4636555,1788640800,66.5,Down,0.46,78.6,0.45,147.27,53,45,False
1788640736.689142,1788640800,63.3,Up,0.55,172.27,0.54,78.6,45,53,False
1788640736.689142,1788640800,63.3,Down,0.46,78.6,0.45,172.27,53,45,False
1788640739.987572,1788640800,60.0,Up,0.55,172.27,0.54,81.42,45,53,False
1788640739.987572,1788640800,60.0,Down,0.46,81.42,0.45,172.27,53,45,False
1788640743.29957,1788640800,56.7,Up,0.55,167.27,0.54,81.42,45,53,False
1788640743.29957,1788640800,56.7,Down,0.46,81.42,0.45,167.27,53,45,False
1788640746.5218542,1788640800,53.5,Up,0.55,172.27,0.54,81.42,45,53,False
1788640746.5218542,1788640800,53.5,Down,0.46,81.42,0.45,172.27,53,45,False
1788640749.8442383,1788640800,50.2,Up,0.54,31,0.53,13.13,46,53,False
1788640749.8442383,1788640800,50.2,Down,0.47,13.13,0.46,31,53,46,False
1788640753.1521485,1788640800,46.8,Up,0.53,25,0.52,80.98,47,52,False
1788640753.1521485,1788640800,46.8,Down,0.48,80.98,0.47,25,52,47,False
1788640756.4511478,1788640800,43.5,Up,0.53,25,0.52,75.98,47,52,False
1788640756.4511478,1788640800,43.5,Down,0.48,80.98,0.47,25,52,47,False
1788640759.7578125,1788640800,40.2,Up,0.53,25,0.52,19.98,47,52,False
1788640759.7578125,1788640800,40.2,Down,0.48,24.98,0.47,25,52,47,False
1788640763.0895903,1788640800,36.9,Up,0.53,275,0.52,24.98,47,52,False
1788640763.0895903,1788640800,36.9,Down,0.48,24.98,0.47,275,52,47,False
1788640766.3154242,1788640800,33.7,Up,0.53,275,0.52,174.98,47,52,False
1788640766.3154242,1788640800,33.7,Down,0.48,174.98,0.47,275,52,47,False
1788640769.6065395,1788640800,30.4,Up,0.53,275,0.52,166.64,47,52,False
1788640769.6065395,1788640800,30.4,Down,0.48,166.64,0.47,275,52,47,False
1788640772.8334818,1788640800,27.2,Up,0.53,275,0.52,166.64,47,52,False
1788640772.8334818,1788640800,27.2,Down,0.48,166.64,0.47,275,52,47,False
1788640776.1348188,1788640800,23.9,Up,0.53,275,0.52,167.87,47,52,False
1788640776.1348188,1788640800,23.9,Down,0.48,167.87,0.47,275,52,47,False
1788640779.3879669,1788640800,20.6,Up,0.53,275,0.52,167.87,47,52,False
1788640779.3879669,1788640800,20.6,Down,0.48,167.87,0.47,275,52,47,False
1788640782.7056878,1788640800,17.3,Up,0.53,125,0.52,173.69,47,52,False
1788640782.7056878,1788640800,17.3,Down,0.48,173.69,0.47,125,52,47,False
1788640786.0106463,1788640800,14.0,Up,0.53,110,0.52,165.55,47,52,False
1788640786.0106463,1788640800,14.0,Down,0.48,165.55,0.47,110,52,47,False
1788640789.3253279,1788640800,10.7,Up,0.53,121.22,0.49,118,47,49,False
1788640789.3253279,1788640800,10.7,Down,0.51,118,0.49,15,49,49,False
1788640792.2123322,1788640800,7.8,Up,0.51,25,0.49,118,49,49,False
1788640792.2123322,1788640800,7.8,Down,0.51,118,0.49,25,49,49,False
1788640794.4722507,1788640800,5.5,Up,0.51,8.03,0.5,195,49,50,False
1788640794.4722507,1788640800,5.5,Down,0.5,195,0.49,8.03,50,49,False
1788640796.1603968,1788640800,3.8,Up,0.51,28.03,0.5,180.92,49,50,False
1788640796.1603968,1788640800,3.8,Down,0.5,180.92,0.49,28.03,50,49,False
1788640797.457566,1788640800,2.5,Up,0.51,28.03,0.5,185.92,49,50,False
1788640797.457566,1788640800,2.5,Down,0.5,185.92,0.49,28.03,50,49,False
1788640798.692391,1788640800,1.3,Up,0.54,81.89,0.5,225.38,46,50,False
1788640798.692391,1788640800,1.3,Down,0.5,225.38,0.46,81.89,50,46,False
1788640801.1808608,1788641100,298.8,Up,0.51,284.16,0.5,580,49,50,False
1788640801.1808608,1788641100,298.8,Down,0.5,580,0.49,284.16,50,49,False
1788640804.4859648,1788641100,295.5,Up,0.51,284.16,0.5,580,49,50,False
1788640804.4859648,1788641100,295.5,Down,0.5,580,0.49,284.16,50,49,False
1788640807.78765,1788641100,292.2,Up,0.51,294.16,0.5,690,49,50,False
1788640807.78765,1788641100,292.2,Down,0.5,690,0.49,294.16,50,49,False
1788640811.124384,1788641100,288.9,Up,0.51,310.16,0.5,690,49,50,False
1788640811.124384,1788641100,288.9,Down,0.5,690,0.49,310.16,50,49,False
1788640814.431828,1788641100,285.6,Up,0.51,310.16,0.5,690,49,50,False
1788640814.431828,1788641100,285.6,Down,0.5,690,0.49,310.16,50,49,False
1788640817.6566825,1788641100,282.3,Up,0.51,327.16,0.5,695,49,50,False
1788640817.6566825,1788641100,282.3,Down,0.5,695,0.49,327.16,50,49,False
1788640820.8829134,1788641100,279.1,Up,0.51,327.16,0.5,695,49,50,False
1788640820.8829134,1788641100,279.1,Down,0.5,695,0.49,327.16,50,49,False
1788640824.1073003,1788641100,275.9,Up,0.51,347.55,0.5,700,49,50,False
1788640824.1073003,1788641100,275.9,Down,0.5,700,0.49,347.55,50,49,False
1788640827.3311088,1788641100,272.7,Up,0.51,347.55,0.5,700,49,50,False
1788640827.3311088,1788641100,272.7,Down,0.5,700,0.49,347.55,50,49,False
1788640830.6414073,1788641100,269.4,Up,0.51,342.54,0.5,700,49,50,False
1788640830.6414073,1788641100,269.4,Down,0.5,700,0.49,342.54,50,49,False
1788640833.8757482,1788641100,266.1,Up,0.51,342.54,0.5,700,49,50,False
1788640833.8757482,1788641100,266.1,Down,0.5,700,0.49,342.54,50,49,False
1788640837.027805,1788641100,263.0,Up,0.51,342.54,0.5,700,49,50,False
1788640837.027805,1788641100,263.0,Down,0.5,700,0.49,342.54,50,49,False
1788640840.3371923,1788641100,259.7,Up,0.51,342.54,0.5,700,49,50,False
1788640840.3371923,1788641100,259.7,Down,0.5,700,0.49,342.54,50,49,False
1788640843.5785208,1788641100,256.4,Up,0.51,342.54,0.5,700,49,50,False
1788640843.5785208,1788641100,256.4,Down,0.5,700,0.49,342.54,50,49,False
1788640846.912873,1788641100,253.1,Up,0.51,241.39,0.5,710,49,50,False
1788640846.912873,1788641100,253.1,Down,0.5,710,0.49,241.39,50,49,False
1788640850.2095623,1788641100,249.8,Up,0.51,231.39,0.5,700,49,50,False
1788640850.2095623,1788641100,249.8,Down,0.5,700,0.49,231.39,50,49,False
1788640853.515955,1788641100,246.5,Up,0.51,231.39,0.5,700,49,50,False
1788640853.515955,1788641100,246.5,Down,0.5,700,0.49,231.39,50,49,False
1788640856.6759937,1788641100,243.3,Up,0.51,231.39,0.5,700,49,50,False
1788640856.6759937,1788641100,243.3,Down,0.5,700,0.49,231.39,50,49,False
1788640859.9923506,1788641100,240.0,Up,0.51,231.39,0.5,700,49,50,False
1788640859.9923506,1788641100,240.0,Down,0.5,700,0.49,231.39,50,49,False
1788640863.3036568,1788641100,236.7,Up,0.51,206.09,0.5,710,49,50,False
1788640863.3036568,1788641100,236.7,Down,0.5,710,0.49,206.09,50,49,False
1788640866.5242414,1788641100,233.5,Up,0.51,196.09,0.5,700,49,50,False
1788640866.5242414,1788641100,233.5,Down,0.5,700,0.49,196.09,50,49,False
1788640869.83347,1788641100,230.2,Up,0.51,196.09,0.5,700,49,50,False
1788640869.83347,1788641100,230.2,Down,0.5,700,0.49,196.09,50,49,False
1788640873.1239927,1788641100,226.9,Up,0.51,196.09,0.5,500,49,50,False
1788640873.1239927,1788641100,226.9,Down,0.5,500,0.49,196.09,50,49,False
1788640876.4244199,1788641100,223.6,Up,0.51,196.09,0.5,500,49,50,False
1788640876.4244199,1788641100,223.6,Down,0.5,500,0.49,196.09,50,49,False
1788640879.727545,1788641100,220.3,Up,0.51,196.09,0.5,498,49,50,False
1788640879.727545,1788641100,220.3,Down,0.5,498,0.49,196.09,50,49,False
1788640882.9534252,1788641100,217.0,Up,0.51,196.09,0.5,498,49,50,False
1788640882.9534252,1788641100,217.0,Down,0.5,498,0.49,196.09,50,49,False
1788640886.174401,1788641100,213.8,Up,0.51,196.09,0.5,498,49,50,False
1788640886.174401,1788641100,213.8,Down,0.5,498,0.49,196.09,50,49,False
1788640889.4042692,1788641100,210.6,Up,0.51,186.09,0.5,498,49,50,False
1788640889.4042692,1788641100,210.6,Down,0.5,498,0.49,186.09,50,49,False
1788640892.6420352,1788641100,207.4,Up,0.51,186.09,0.5,498,49,50,False
1788640892.6420352,1788641100,207.4,Down,0.5,498,0.49,186.09,50,49,False
1788640895.8603718,1788641100,204.1,Up,0.51,186.09,0.5,498,49,50,False
1788640895.8603718,1788641100,204.1,Down,0.5,498,0.49,186.09,50,49,False
1788640899.1625977,1788641100,200.8,Up,0.51,186.09,0.5,498,49,50,False
1788640899.1625977,1788641100,200.8,Down,0.5,498,0.49,186.09,50,49,False
1788640902.3051636,1788641100,197.7,Up,0.51,186.09,0.5,498,49,50,False
1788640902.3051636,1788641100,197.7,Down,0.5,498,0.49,186.09,50,49,False
1788640905.520777,1788641100,194.5,Up,0.51,186.09,0.5,498,49,50,False
1788640905.520777,1788641100,194.5,Down,0.5,498,0.49,186.09,50,49,False
1788640909.1430585,1788641100,190.9,Up,0.51,186.09,0.5,498,49,50,False
1788640909.1430585,1788641100,190.9,Down,0.5,498,0.49,186.09,50,49,False
1788640912.3718197,1788641100,187.6,Up,0.51,186.09,0.5,498,49,50,False
1788640912.3718197,1788641100,187.6,Down,0.5,498,0.49,186.09,50,49,False
1788640915.6789923,1788641100,184.3,Up,0.51,186.09,0.5,498,49,50,False
1788640915.6789923,1788641100,184.3,Down,0.5,498,0.49,186.09,50,49,False
1788640918.8275144,1788641100,181.2,Up,0.51,186.09,0.5,498,49,50,False
1788640918.8275144,1788641100,181.2,Down,0.5,498,0.49,186.09,50,49,False
1788640922.132881,1788641100,177.9,Up,0.51,186.09,0.5,498,49,50,False
1788640922.132881,1788641100,177.9,Down,0.5,498,0.49,186.09,50,49,False
1788640925.4369254,1788641100,174.6,Up,0.51,186.09,0.5,498,49,50,False
1788640925.4369254,1788641100,174.6,Down,0.5,498,0.49,186.09,50,49,False
1788640928.751585,1788641100,171.2,Up,0.51,186.09,0.5,498,49,50,False
1788640928.751585,1788641100,171.2,Down,0.5,498,0.49,186.09,50,49,False
1788640932.0525026,1788641100,167.9,Up,0.51,186.09,0.5,494.12,49,50,False
1788640932.0525026,1788641100,167.9,Down,0.5,494.12,0.49,186.09,50,49,False
1788640935.3640268,1788641100,164.6,Up,0.51,186.09,0.5,494.12,49,50,False
1788640935.3640268,1788641100,164.6,Down,0.5,494.12,0.49,186.09,50,49,False
1788640938.7136197,1788641100,161.3,Up,0.51,173.44,0.5,494.12,49,50,False
1788640938.7136197,1788641100,161.3,Down,0.5,494.12,0.49,173.44,50,49,False
1788640942.0048835,1788641100,158.0,Up,0.51,173.44,0.5,494.12,49,50,False
1788640942.0048835,1788641100,158.0,Down,0.5,494.12,0.49,173.44,50,49,False
1788640945.242596,1788641100,154.8,Up,0.51,173.44,0.5,494.12,49,50,False
1788640945.242596,1788641100,154.8,Down,0.5,494.12,0.49,173.44,50,49,False
1788640948.5451705,1788641100,151.5,Up,0.51,173.44,0.5,464.12,49,50,False
1788640948.5451705,1788641100,151.5,Down,0.5,464.12,0.49,173.44,50,49,False
1788640951.8360655,1788641100,148.2,Up,0.51,173.44,0.5,464.12,49,50,False
1788640951.8360655,1788641100,148.2,Down,0.5,454.78,0.49,173.44,50,49,False
1788640955.1486466,1788641100,144.9,Up,0.51,173.44,0.5,454.78,49,50,False
1788640955.1486466,1788641100,144.9,Down,0.5,454.78,0.49,173.44,50,49,False
1788640958.3695378,1788641100,141.6,Up,0.51,173.44,0.5,454.78,49,50,False
1788640958.3695378,1788641100,141.6,Down,0.5,454.78,0.49,173.44,50,49,False
1788640961.6774483,1788641100,138.3,Up,0.51,173.44,0.5,502.78,49,50,False
1788640961.6774483,1788641100,138.3,Down,0.5,502.78,0.49,173.44,50,49,False
1788640964.984412,1788641100,135.0,Up,0.51,173.44,0.5,502.78,49,50,False
1788640964.984412,1788641100,135.0,Down,0.5,502.78,0.49,173.44,50,49,False
1788640968.2097318,1788641100,131.8,Up,0.51,168.44,0.5,502.78,49,50,False
1788640968.2097318,1788641100,131.8,Down,0.5,502.78,0.49,168.44,50,49,False
1788640971.510693,1788641100,128.5,Up,0.51,168.44,0.5,502.78,49,50,False
1788640971.510693,1788641100,128.5,Down,0.5,502.78,0.49,168.44,50,49,False
1788640974.8164988,1788641100,125.2,Up,0.51,168.44,0.5,502.78,49,50,False
1788640974.8164988,1788641100,125.2,Down,0.5,502.78,0.49,168.44,50,49,False
1788640978.0970125,1788641100,121.9,Up,0.51,168.44,0.5,502.78,49,50,False
1788640978.0970125,1788641100,121.9,Down,0.5,502.78,0.49,168.44,50,49,False
1788640981.4005973,1788641100,118.6,Up,0.51,168.44,0.5,502.78,49,50,False
1788640981.4005973,1788641100,118.6,Down,0.5,502.78,0.49,168.44,50,49,False
1788640984.7039225,1788641100,115.3,Up,0.51,168.44,0.5,502.78,49,50,False
1788640984.7039225,1788641100,115.3,Down,0.5,502.78,0.49,168.44,50,49,False
1788640988.0067291,1788641100,112.0,Up,0.51,168.44,0.5,168,49,50,False
1788640988.0067291,1788641100,112.0,Down,0.5,168,0.49,168.44,50,49,False
1788640991.3134305,1788641100,108.7,Up,0.51,163.44,0.5,158,49,50,False
1788640991.3134305,1788641100,108.7,Down,0.5,158,0.49,163.44,50,49,False
1788640994.505764,1788641100,105.5,Up,0.51,163.44,0.5,158,49,50,False
1788640994.505764,1788641100,105.5,Down,0.5,158,0.49,163.44,50,49,False
1788640997.8074803,1788641100,102.2,Up,0.51,163.44,0.5,158,49,50,False
1788640997.8074803,1788641100,102.2,Down,0.5,158,0.49,163.44,50,49,False
1788641001.103474,1788641100,98.9,Up,0.51,163.44,0.5,158,49,50,False
1788641001.103474,1788641100,98.9,Down,0.5,158,0.49,163.44,50,49,False
1788641004.4106834,1788641100,95.6,Up,0.51,163.44,0.5,158,49,50,False
1788641004.4106834,1788641100,95.6,Down,0.5,158,0.49,163.44,50,49,False
1788641007.9002059,1788641100,92.1,Up,0.51,163.44,0.5,158,49,50,False
1788641007.9002059,1788641100,92.1,Down,0.5,158,0.49,163.44,50,49,False
1788641011.216319,1788641100,88.8,Up,0.51,163.44,0.5,158,49,50,False
1788641011.216319,1788641100,88.8,Down,0.5,158,0.49,163.44,50,49,False
1788641014.4440298,1788641100,85.6,Up,0.51,168.44,0.5,158,49,50,False
1788641014.4440298,1788641100,85.6,Down,0.5,158,0.49,168.44,50,49,False
1788641017.757699,1788641100,82.2,Up,0.51,168.44,0.5,388,49,50,False
1788641017.757699,1788641100,82.2,Down,0.5,388,0.49,168.44,50,49,False
1788641020.9765787,1788641100,79.0,Up,0.51,168.44,0.5,388,49,50,False
1788641020.9765787,1788641100,79.0,Down,0.5,388,0.49,168.44,50,49,False
1788641024.287469,1788641100,75.7,Up,0.51,168.44,0.5,388,49,50,False
1788641024.287469,1788641100,75.7,Down,0.5,388,0.49,168.44,50,49,False
1788641027.6096354,1788641100,72.4,Up,0.51,168.44,0.5,388,49,50,False
1788641027.6096354,1788641100,72.4,Down,0.5,388,0.49,168.44,50,49,False
1788641030.9134467,1788641100,69.1,Up,0.51,168.44,0.5,388,49,50,False
1788641030.9134467,1788641100,69.1,Down,0.5,388,0.49,168.44,50,49,False
1788641034.2255964,1788641100,65.8,Up,0.51,63.39,0.5,388,49,50,False
1788641034.2255964,1788641100,65.8,Down,0.5,388,0.49,63.39,50,49,False
1788641037.5350525,1788641100,62.5,Up,0.51,63.39,0.5,384,49,50,False
1788641037.5350525,1788641100,62.5,Down,0.5,384,0.49,63.39,50,49,False
1788641040.87011,1788641100,59.1,Up,0.51,63.39,0.5,399,49,50,False
1788641040.87011,1788641100,59.1,Down,0.5,399,0.49,63.39,50,49,False
1788641044.1882062,1788641100,55.8,Up,0.51,58.39,0.5,399,49,50,False
1788641044.1882062,1788641100,55.8,Down,0.5,399,0.49,58.39,50,49,False
1788641047.4899,1788641100,52.5,Up,0.51,68.39,0.5,399,49,50,False
1788641047.4899,1788641100,52.5,Down,0.5,399,0.49,68.39,50,49,False
1788641050.7121117,1788641100,49.3,Up,0.51,68.39,0.5,399,49,50,False
1788641050.7121117,1788641100,49.3,Down,0.5,399,0.49,68.39,50,49,False
1788641054.0190048,1788641100,46.0,Up,0.51,68.39,0.5,257.4,49,50,False
1788641054.0190048,1788641100,46.0,Down,0.5,257.4,0.49,68.39,50,49,False
1788641057.6119754,1788641100,42.4,Up,0.51,68.39,0.5,455.4,49,50,False
1788641057.6119754,1788641100,42.4,Down,0.5,455.4,0.49,68.39,50,49,False
1788641060.8519442,1788641100,39.1,Up,0.51,78.39,0.5,415.4,49,50,False
1788641060.8519442,1788641100,39.1,Down,0.5,415.4,0.49,78.39,50,49,False
1788641064.1660938,1788641100,35.8,Up,0.52,166,0.51,223,48,51,False
1788641064.1660938,1788641100,35.8,Down,0.49,223,0.48,166,51,48,False
1788641067.454536,1788641100,32.5,Up,0.52,33.45,0.51,228,48,51,False
1788641067.454536,1788641100,32.5,Down,0.49,228,0.48,33.45,51,48,False
1788641070.676636,1788641100,29.3,Up,0.52,28.45,0.51,223.91,48,51,False
1788641070.676636,1788641100,29.3,Down,0.49,223.91,0.48,28.45,51,48,False
1788641073.9849827,1788641100,26.0,Up,0.52,28.45,0.51,216.91,48,51,False
1788641073.9849827,1788641100,26.0,Down,0.49,216.91,0.48,28.45,51,48,False
1788641077.2827437,1788641100,22.7,Up,0.52,70.45,0.51,130,48,51,False
1788641077.2827437,1788641100,22.7,Down,0.49,130,0.48,70.45,51,48,False
1788641080.5940387,1788641100,19.4,Up,0.52,70.45,0.51,130,48,51,False
1788641080.5940387,1788641100,19.4,Down,0.49,130,0.48,70.45,51,48,False
1788641083.8929448,1788641100,16.1,Up,0.51,258,0.5,282.12,49,50,False
1788641083.8929448,1788641100,16.1,Down,0.5,277.12,0.49,258,50,49,False
1788641087.2128968,1788641100,12.8,Up,0.51,273,0.5,257.16,49,50,False
1788641087.2128968,1788641100,12.8,Down,0.5,257.16,0.49,273,50,49,False
1788641090.5107117,1788641100,9.5,Up,0.51,10,0.5,359.16,49,50,False
1788641090.5107117,1788641100,9.5,Down,0.5,359.16,0.49,10,50,49,False
1788641093.1814754,1788641100,6.8,Up,0.51,10,0.5,279.16,49,50,False
1788641093.1814754,1788641100,6.8,Down,0.49,118,0.47,60.8,51,47,False
1788641095.1933992,1788641100,4.8,Up,0.53,60.8,0.52,135,47,52,False
1788641095.1933992,1788641100,4.8,Down,0.48,135,0.47,60.8,52,47,False
1788641096.619744,1788641100,3.4,Up,0.53,63.02,0.52,319.85,46,52,False
1788641096.619744,1788641100,3.4,Down,0.48,319.85,0.47,63.02,52,46,False
1788641097.8594697,1788641100,2.1,Up,0.53,5.83,0.52,310.68,46,52,False
1788641097.8594697,1788641100,2.1,Down,0.48,310.68,0.47,5.83,52,46,False
1788641099.1538496,1788641100,0.8,Up,0.54,55,0.53,62,45,53,False
1788641099.1538496,1788641100,0.8,Down,0.47,62,0.46,19.35,53,45,False
1788641101.7470167,1788641400,298.3,Up,0.51,289.16,0.5,630.5,49,50,False
1788641101.7470167,1788641400,298.3,Down,0.5,630.5,0.49,289.16,50,49,False
1788641105.0444155,1788641400,295.0,Up,0.51,317.16,0.5,630.5,49,50,False
1788641105.0444155,1788641400,295.0,Down,0.5,630.5,0.49,317.16,50,49,False
1788641108.3404565,1788641400,291.7,Up,0.51,339.16,0.5,630.5,49,50,False
1788641108.3404565,1788641400,291.7,Down,0.5,630.5,0.49,339.16,50,49,False
1788641111.565821,1788641400,288.4,Up,0.51,339.16,0.5,630.5,49,50,False
1788641111.565821,1788641400,288.4,Down,0.5,630.5,0.49,339.16,50,49,False
1788641114.7900102,1788641400,285.2,Up,0.51,339.16,0.5,635.5,49,50,False
1788641114.7900102,1788641400,285.2,Down,0.5,635.5,0.49,344.16,50,49,False
1788641118.0949414,1788641400,281.9,Up,0.51,357.16,0.5,635.5,49,50,False
1788641118.0949414,1788641400,281.9,Down,0.5,635.5,0.49,357.16,50,49,False
1788641121.4061797,1788641400,278.6,Up,0.51,357.16,0.5,635.5,49,50,False
1788641121.4061797,1788641400,278.6,Down,0.5,635.5,0.49,357.16,50,49,False
1788641124.7752547,1788641400,275.2,Up,0.51,357.16,0.5,640.5,49,50,False
1788641124.7752547,1788641400,275.2,Down,0.5,640.5,0.49,357.16,50,49,False
1788641128.1050909,1788641400,271.9,Up,0.51,357.16,0.5,640.5,49,50,False
1788641128.1050909,1788641400,271.9,Down,0.5,640.5,0.49,357.16,50,49,False
1788641131.4532237,1788641400,268.5,Up,0.51,357.16,0.5,640.5,49,50,False
1788641131.4532237,1788641400,268.5,Down,0.5,640.5,0.49,357.16,50,49,False
1788641134.752058,1788641400,265.2,Up,0.51,357.16,0.5,640.5,49,50,False
1788641134.752058,1788641400,265.2,Down,0.5,640.5,0.49,357.16,50,49,False
1788641138.062644,1788641400,261.9,Up,0.51,357.16,0.5,640.5,49,50,False
1788641138.062644,1788641400,261.9,Down,0.5,640.5,0.49,357.16,50,49,False
1788641141.359515,1788641400,258.6,Up,0.51,357.16,0.5,640.5,49,50,False
1788641141.359515,1788641400,258.6,Down,0.5,640.5,0.49,357.16,50,49,False
1788641144.6724923,1788641400,255.3,Up,0.51,246.01,0.5,640.5,49,50,False
1788641144.6724923,1788641400,255.3,Down,0.5,640.5,0.49,246.01,50,49,False
1788641147.9886138,1788641400,252.0,Up,0.51,246.01,0.5,640.5,49,50,False
1788641147.9886138,1788641400,252.0,Down,0.5,640.5,0.49,246.01,50,49,False
1788641151.2211099,1788641400,248.8,Up,0.51,266.01,0.5,640.5,49,50,False
1788641151.2211099,1788641400,248.8,Down,0.5,640.5,0.49,266.01,50,49,False
1788641154.4819882,1788641400,245.5,Up,0.51,266.01,0.5,640.5,49,50,False
1788641154.4819882,1788641400,245.5,Down,0.5,640.5,0.49,266.01,50,49,False
1788641157.826549,1788641400,242.2,Up,0.51,261,0.5,640.5,49,50,False
1788641157.826549,1788641400,242.2,Down,0.5,640.5,0.49,261,50,49,False
1788641161.1247706,1788641400,238.9,Up,0.51,261,0.5,640.5,49,50,False
1788641161.1247706,1788641400,238.9,Down,0.5,624.18,0.49,261,50,49,False
1788641164.3538299,1788641400,235.6,Up,0.51,261,0.5,624.18,49,50,False
1788641164.3538299,1788641400,235.6,Down,0.5,624.18,0.49,261,50,49,False
1788641167.5750983,1788641400,232.4,Up,0.51,261,0.5,624.18,49,50,False
1788641167.5750983,1788641400,232.4,Down,0.5,624.18,0.49,261,50,49,False
1788641170.8776999,1788641400,229.1,Up,0.51,261,0.5,624.18,49,50,False
1788641170.8776999,1788641400,229.1,Down,0.5,624.18,0.49,261,50,49,False
1788641174.184203,1788641400,225.8,Up,0.51,271,0.5,634.18,49,50,False
1788641174.184203,1788641400,225.8,Down,0.5,634.18,0.49,271,50,49,False
1788641177.4505043,1788641400,222.5,Up,0.51,271,0.5,634.18,49,50,False
1788641177.4505043,1788641400,222.5,Down,0.5,634.18,0.49,271,50,49,False
1788641180.7741282,1788641400,219.2,Up,0.51,271,0.5,634.18,49,50,False
1788641180.7741282,1788641400,219.2,Down,0.5,634.18,0.49,271,50,49,False
1788641184.090133,1788641400,215.9,Up,0.51,271,0.5,634.18,49,50,False
1788641184.090133,1788641400,215.9,Down,0.5,634.18,0.49,271,50,49,False
1788641187.6687157,1788641400,212.3,Up,0.51,271,0.5,634.18,49,50,False
1788641187.6687157,1788641400,212.3,Down,0.5,634.18,0.49,271,50,49,False
1788641190.9744349,1788641400,209.0,Up,0.51,271,0.5,634.18,49,50,False
1788641190.9744349,1788641400,209.0,Down,0.5,634.18,0.49,271,50,49,False
1788641194.2756248,1788641400,205.7,Up,0.51,271,0.5,634.18,49,50,False
1788641194.2756248,1788641400,205.7,Down,0.5,634.18,0.49,271,50,49,False
1788641197.5709276,1788641400,202.4,Up,0.51,271,0.5,634.18,49,50,False
1788641197.5709276,1788641400,202.4,Down,0.5,634.18,0.49,271,50,49,False
1788641200.8691437,1788641400,199.1,Up,0.51,271,0.5,634.18,49,50,False
1788641200.8691437,1788641400,199.1,Down,0.5,634.18,0.49,271,50,49,False
1788641204.1705742,1788641400,195.8,Up,0.51,271,0.5,634.18,49,50,False
1788641204.1705742,1788641400,195.8,Down,0.5,634.18,0.49,271,50,49,False
1788641207.4825687,1788641400,192.5,Up,0.51,271,0.5,634.18,49,50,False
1788641207.4825687,1788641400,192.5,Down,0.5,634.18,0.49,271,50,49,False
1788641210.785884,1788641400,189.2,Up,0.51,271,0.5,634.18,49,50,False
1788641210.785884,1788641400,189.2,Down,0.5,634.18,0.49,271,50,49,False
1788641214.0968008,1788641400,185.9,Up,0.51,251,0.5,634.18,49,50,False
1788641214.0968008,1788641400,185.9,Down,0.5,634.18,0.49,251,50,49,False
1788641217.407822,1788641400,182.6,Up,0.51,251,0.5,634.18,49,50,False
1788641217.407822,1788641400,182.6,Down,0.5,634.18,0.49,251,50,49,False
1788641220.7077894,1788641400,179.3,Up,0.51,251,0.5,634.18,49,50,False
1788641220.7077894,1788641400,179.3,Down,0.5,634.18,0.49,251,50,49,False
1788641224.0181289,1788641400,176.0,Up,0.51,271,0.5,634.18,49,50,False
1788641224.0181289,1788641400,176.0,Down,0.5,634.18,0.49,271,50,49,False
1788641227.3288827,1788641400,172.7,Up,0.51,263,0.5,634.18,49,50,False
1788641227.3288827,1788641400,172.7,Down,0.5,634.18,0.49,263,50,49,False
1788641230.5579002,1788641400,169.4,Up,0.51,263,0.5,634.18,49,50,False
1788641230.5579002,1788641400,169.4,Down,0.5,634.18,0.49,263,50,49,False
1788641233.7850296,1788641400,166.2,Up,0.51,263,0.5,634.18,49,50,False
1788641233.7850296,1788641400,166.2,Down,0.5,634.18,0.49,263,50,49,False
1788641237.0993738,1788641400,162.9,Up,0.51,263,0.5,634.18,49,50,False
1788641237.0993738,1788641400,162.9,Down,0.5,634.18,0.49,263,50,49,False
1788641240.417263,1788641400,159.6,Up,0.51,263,0.5,604.18,49,50,False
1788641240.417263,1788641400,159.6,Down,0.5,604.18,0.49,263,50,49,False
1788641243.7220318,1788641400,156.3,Up,0.51,263,0.5,604.18,49,50,False
1788641243.7220318,1788641400,156.3,Down,0.5,604.18,0.49,263,50,49,False
1788641247.047489,1788641400,153.0,Up,0.51,263,0.5,604.18,49,50,False
1788641247.047489,1788641400,153.0,Down,0.5,604.18,0.49,263,50,49,False
1788641250.5308053,1788641400,149.5,Up,0.51,263,0.5,604.18,49,50,False
1788641250.5308053,1788641400,149.5,Down,0.5,604.18,0.49,263,50,49,False
1788641253.8360412,1788641400,146.2,Up,0.51,263,0.5,592.18,49,50,False
1788641253.8360412,1788641400,146.2,Down,0.5,592.18,0.49,263,50,49,False
1788641257.0580852,1788641400,142.9,Up,0.51,263,0.5,592.18,49,50,False
1788641257.0580852,1788641400,142.9,Down,0.5,592.18,0.49,263,50,49,False
1788641260.3560069,1788641400,139.6,Up,0.51,263,0.5,592.18,49,50,False
1788641260.3560069,1788641400,139.6,Down,0.5,592.18,0.49,263,50,49,False
1788641263.6754158,1788641400,136.3,Up,0.51,258,0.5,597.18,49,50,False
1788641263.6754158,1788641400,136.3,Down,0.5,597.18,0.49,258,50,49,False
1788641266.9797792,1788641400,133.0,Up,0.51,258,0.5,597.18,49,50,False
1788641266.9797792,1788641400,133.0,Down,0.5,597.18,0.49,258,50,49,False
1788641270.2781403,1788641400,129.7,Up,0.51,348,0.5,597.18,49,50,False
1788641270.2781403,1788641400,129.7,Down,0.5,597.18,0.49,348,50,49,False
1788641273.5803463,1788641400,126.4,Up,0.51,348,0.5,597.18,49,50,False
1788641273.5803463,1788641400,126.4,Down,0.5,597.18,0.49,348,50,49,False
1788641276.8811064,1788641400,123.1,Up,0.51,348,0.5,597.18,49,50,False
1788641276.8811064,1788641400,123.1,Down,0.5,597.18,0.49,348,50,49,False
1788641280.1871421,1788641400,119.8,Up,0.51,348,0.5,597.18,49,50,False
1788641280.1871421,1788641400,119.8,Down,0.5,597.18,0.49,348,50,49,False
1788641283.4180555,1788641400,116.6,Up,0.51,348,0.5,593.18,49,50,False
1788641283.4180555,1788641400,116.6,Down,0.5,593.18,0.49,348,50,49,False
1788641286.71999,1788641400,113.3,Up,0.51,238,0.5,45,49,50,False
1788641286.71999,1788641400,113.3,Down,0.5,45,0.49,238,50,49,False
1788641290.0238876,1788641400,110.0,Up,0.51,348,0.5,45,49,50,False
1788641290.0238876,1788641400,110.0,Down,0.5,45,0.49,348,50,49,False
1788641293.1832852,1788641400,106.8,Up,0.51,348,0.5,45,49,50,False
1788641293.1832852,1788641400,106.8,Down,0.5,45,0.49,348,50,49,False
1788641296.4868734,1788641400,103.5,Up,0.51,243,0.5,40,49,50,False
1788641296.4868734,1788641400,103.5,Down,0.5,40,0.49,243,50,49,False
1788641299.797847,1788641400,100.2,Up,0.51,243,0.5,40,49,50,False
1788641299.797847,1788641400,100.2,Down,0.5,40,0.49,243,50,49,False
1788641303.1191611,1788641400,96.9,Up,0.53,93.86,0.5,40,47,50,False
1788641303.1191611,1788641400,96.9,Down,0.49,5,0.47,93.86,51,47,False
1788641306.415629,1788641400,93.6,Up,0.57,219.55,0.56,112.66,43,56,False
1788641306.415629,1788641400,93.6,Down,0.44,112.66,0.43,219.55,56,43,False
1788641309.7503688,1788641400,90.2,Up,0.57,219.55,0.56,112.66,43,56,False
1788641309.7503688,1788641400,90.2,Down,0.44,112.66,0.43,130,56,43,False
1788641313.0485206,1788641400,87.0,Up,0.57,130,0.56,112.66,43,56,False
1788641313.0485206,1788641400,87.0,Down,0.44,112.66,0.43,130,56,43,False
1788641316.3499491,1788641400,83.7,Up,0.57,130,0.56,112.66,43,56,False
1788641316.3499491,1788641400,83.7,Down,0.44,112.66,0.43,130,56,43,False
1788641319.917886,1788641400,80.1,Up,0.57,130,0.56,112.66,43,56,False
1788641319.917886,1788641400,80.1,Down,0.44,112.66,0.43,130,56,43,False
1788641323.2186022,1788641400,76.8,Up,0.57,160,0.56,112.66,43,56,False
1788641323.2186022,1788641400,76.8,Down,0.44,112.66,0.43,160,56,43,False
1788641326.5334997,1788641400,73.5,Up,0.57,160,0.56,112.66,43,56,False
1788641326.5334997,1788641400,73.5,Down,0.44,112.66,0.43,160,56,43,False
1788641329.8371062,1788641400,70.2,Up,0.57,160,0.56,112.66,43,56,False
1788641329.8371062,1788641400,70.2,Down,0.44,112.66,0.43,160,56,43,False
1788641333.1599016,1788641400,66.8,Up,0.57,160,0.56,112.66,43,56,False
1788641333.1599016,1788641400,66.8,Down,0.44,112.66,0.43,160,56,43,False
1788641336.4536116,1788641400,63.5,Up,0.57,185,0.56,112.66,43,56,False
1788641336.4536116,1788641400,63.5,Down,0.44,112.66,0.43,185,56,43,False
1788641339.7498815,1788641400,60.3,Up,0.57,185,0.56,112.66,43,56,False
1788641339.7498815,1788641400,60.3,Down,0.44,112.66,0.43,185,56,43,False
1788641343.058414,1788641400,56.9,Up,0.57,185,0.56,112.66,43,54,False
1788641343.058414,1788641400,56.9,Down,0.44,112.66,0.43,185,54,43,False
1788641346.3630095,1788641400,53.6,Up,0.57,185,0.56,112.66,43,53,False
1788641346.3630095,1788641400,53.6,Down,0.44,112.66,0.43,185,53,43,False
1788641349.6510308,1788641400,50.3,Up,0.54,5,0.53,145.87,44,52,False
1788641349.6510308,1788641400,50.3,Down,0.47,145.87,0.46,5,52,44,False
1788641352.893135,1788641400,47.1,Up,0.55,125,0.54,23,45,54,False
1788641352.893135,1788641400,47.1,Down,0.46,23,0.45,125,54,45,False
1788641356.1971705,1788641400,43.8,Up,0.55,125,0.54,10,45,54,False
1788641356.1971705,1788641400,43.8,Down,0.46,10,0.45,125,54,45,False
1788641359.4859889,1788641400,40.5,Up,0.54,125,0.53,145.87,46,53,False
1788641359.4859889,1788641400,40.5,Down,0.47,145.87,0.46,125,53,46,False
1788641362.8058634,1788641400,37.2,Up,0.54,125,0.53,145.87,46,53,False
1788641362.8058634,1788641400,37.2,Down,0.47,145.87,0.46,125,53,46,False
1788641366.0315363,1788641400,34.0,Up,0.54,275,0.53,5.82,46,53,False
1788641366.0315363,1788641400,34.0,Down,0.47,5.82,0.46,275,53,46,False
1788641369.3313985,1788641400,30.7,Up,0.53,129.71,0.52,80.98,47,52,False
1788641369.3313985,1788641400,30.7,Down,0.48,24.98,0.47,129.71,52,47,False
1788641372.619662,1788641400,27.4,Up,0.53,129.71,0.52,24.98,47,52,False
1788641372.619662,1788641400,27.4,Down,0.48,24.98,0.47,129.71,52,47,False
1788641375.911859,1788641400,24.1,Up,0.53,129.71,0.52,19.98,47,52,False
1788641375.911859,1788641400,24.1,Down,0.48,19.98,0.47,129.71,52,47,False
1788641379.144259,1788641400,20.9,Up,0.53,327.71,0.52,24.99,47,51,False
1788641379.144259,1788641400,20.9,Down,0.5,30,0.49,114,50,49,False
1788641382.4446778,1788641400,17.6,Up,0.51,10,0.5,218,49,50,False
1788641382.4446778,1788641400,17.6,Down,0.5,218,0.49,10,50,49,False
1788641385.7617784,1788641400,14.2,Up,0.54,5,0.53,120,46,53,False
1788641385.7617784,1788641400,14.2,Down,0.47,120,0.46,5,53,46,False
1788641389.0639637,1788641400,10.9,Up,0.55,10,0.53,135,44,53,False
1788641389.0639637,1788641400,10.9,Down,0.46,100,0.45,10,54,44,False
1788641392.013949,1788641400,8.0,Up,0.55,10,0.54,112.82,44,54,False
1788641392.013949,1788641400,8.0,Down,0.46,112.82,0.45,10,54,44,False
1788641394.3136494,1788641400,5.7,Up,0.55,16,0.54,110.64,44,54,False
1788641394.3136494,1788641400,5.7,Down,0.46,110.64,0.45,16,54,44,False
1788641396.0370247,1788641400,4.0,Up,0.55,12.45,0.54,107.57,44,54,False
1788641396.0370247,1788641400,4.0,Down,0.46,107.57,0.45,12.45,54,44,False
1788641397.3339753,1788641400,2.7,Up,0.55,7.45,0.54,82.22,45,54,False
1788641397.3339753,1788641400,2.7,Down,0.46,809.48,0.45,7.45,54,45,False
1788641398.556467,1788641400,1.4,Up,0.55,1.45,0.54,809.48,45,54,False
1788641398.556467,1788641400,1.4,Down,0.46,809.48,0.45,1.45,54,45,False
1788641401.069235,1788641700,298.9,Up,0.51,294.16,0.5,605,49,50,False
1788641401.069235,1788641700,298.9,Down,0.5,605,0.49,294.16,50,49,False
1788641404.3661249,1788641700,295.6,Up,0.51,294.16,0.5,605,49,50,False
1788641404.3661249,1788641700,295.6,Down,0.5,605,0.49,294.16,50,49,False
1788641407.6668308,1788641700,292.3,Up,0.51,325.16,0.5,615,49,50,False
1788641407.6668308,1788641700,292.3,Down,0.5,615,0.49,325.16,50,49,False
1788641410.902495,1788641700,289.1,Up,0.51,325.16,0.5,615,49,50,False
1788641410.902495,1788641700,289.1,Down,0.5,615,0.49,325.16,50,49,False
1788641414.2093382,1788641700,285.8,Up,0.51,325.16,0.5,615,49,50,False
1788641414.2093382,1788641700,285.8,Down,0.5,615,0.49,325.16,50,49,False
1788641417.5114324,1788641700,282.5,Up,0.51,330.16,0.5,634,49,50,False
1788641417.5114324,1788641700,282.5,Down,0.5,634,0.49,330.16,50,49,False
1788641420.8056746,1788641700,279.2,Up,0.51,325.16,0.5,634,49,50,False
1788641420.8056746,1788641700,279.2,Down,0.5,634,0.49,325.16,50,49,False
1788641424.0507853,1788641700,275.9,Up,0.51,325.16,0.5,639,49,50,False
1788641424.0507853,1788641700,275.9,Down,0.5,639,0.49,325.16,50,49,False
1788641427.2752123,1788641700,272.7,Up,0.51,325.16,0.5,639,49,50,False
1788641427.2752123,1788641700,272.7,Down,0.5,639,0.49,325.16,50,49,False
1788641430.5752673,1788641700,269.4,Up,0.51,325.16,0.5,639,49,50,False
1788641430.5752673,1788641700,269.4,Down,0.5,639,0.49,325.16,50,49,False
1788641433.878326,1788641700,266.1,Up,0.51,325.16,0.5,639,49,50,False
1788641433.878326,1788641700,266.1,Down,0.5,639,0.49,325.16,50,49,False
1788641437.1833258,1788641700,262.8,Up,0.51,320.15,0.5,639,49,50,False
1788641437.1833258,1788641700,262.8,Down,0.5,639,0.49,320.15,50,49,False
1788641440.484405,1788641700,259.5,Up,0.51,320.15,0.5,639,49,50,False
1788641440.484405,1788641700,259.5,Down,0.5,639,0.49,320.15,50,49,False
1788641443.7962098,1788641700,256.2,Up,0.51,320.15,0.5,639,49,50,False
1788641443.7962098,1788641700,256.2,Down,0.5,639,0.49,320.15,50,49,False
1788641447.0846822,1788641700,252.9,Up,0.51,209,0.5,636.96,49,50,False
1788641447.0846822,1788641700,252.9,Down,0.5,636.96,0.49,209,50,49,False
1788641450.3891056,1788641700,249.6,Up,0.51,209,0.5,636.96,49,50,False
1788641450.3891056,1788641700,249.6,Down,0.5,636.96,0.49,209,50,49,False
1788641453.6178002,1788641700,246.4,Up,0.51,209,0.5,636.96,49,50,False
1788641453.6178002,1788641700,246.4,Down,0.5,636.96,0.49,209,50,49,False
1788641456.7869122,1788641700,243.2,Up,0.51,209,0.5,636.96,49,50,False
1788641456.7869122,1788641700,243.2,Down,0.5,636.96,0.49,209,50,49,False
1788641460.0846813,1788641700,239.9,Up,0.51,209,0.5,636.96,49,50,False
1788641460.0846813,1788641700,239.9,Down,0.5,636.96,0.49,209,50,49,False
1788641463.402273,1788641700,236.6,Up,0.51,214,0.5,636.96,49,50,False
1788641463.402273,1788641700,236.6,Down,0.5,636.96,0.49,214,50,49,False
1788641466.6919527,1788641700,233.3,Up,0.51,214,0.5,636.96,49,50,False
1788641466.6919527,1788641700,233.3,Down,0.5,636.96,0.49,214,50,49,False
1788641469.9925234,1788641700,230.0,Up,0.51,214,0.5,636.96,49,50,False
1788641469.9925234,1788641700,230.0,Down,0.5,636.96,0.49,214,50,49,False
1788641473.3178825,1788641700,226.7,Up,0.51,214,0.5,636.96,49,50,False
1788641473.3178825,1788641700,226.7,Down,0.5,636.96,0.49,214,50,49,False
1788641476.7587416,1788641700,223.2,Up,0.51,214,0.5,636.96,49,50,False
1788641476.7587416,1788641700,223.2,Down,0.5,636.96,0.49,214,50,49,False
1788641480.0553532,1788641700,219.9,Up,0.51,209,0.5,636.96,49,50,False
1788641480.0553532,1788641700,219.9,Down,0.5,636.96,0.49,209,50,49,False
1788641483.356662,1788641700,216.6,Up,0.51,209,0.5,636.96,49,50,False
1788641483.356662,1788641700,216.6,Down,0.5,636.96,0.49,209,50,49,False
1788641486.6554673,1788641700,213.3,Up,0.51,204,0.5,641.96,49,50,False
1788641486.6554673,1788641700,213.3,Down,0.5,641.96,0.49,204,50,49,False
1788641489.9645658,1788641700,210.0,Up,0.51,204,0.5,641.96,49,50,False
1788641489.9645658,1788641700,210.0,Down,0.5,641.96,0.49,204,50,49,False
1788641493.2655218,1788641700,206.7,Up,0.51,204,0.5,641.96,49,50,False
1788641493.2655218,1788641700,206.7,Down,0.5,641.96,0.49,204,50,49,False
1788641496.558869,1788641700,203.4,Up,0.51,204,0.5,641.96,49,50,False
1788641496.558869,1788641700,203.4,Down,0.5,641.96,0.49,204,50,49,False
1788641499.8655066,1788641700,200.1,Up,0.51,204,0.5,636.96,49,50,False
1788641499.8655066,1788641700,200.1,Down,0.5,636.96,0.49,204,50,49,False
1788641503.1643934,1788641700,196.8,Up,0.51,204,0.5,636.96,49,50,False
1788641503.1643934,1788641700,196.8,Down,0.5,636.96,0.49,204,50,49,False
1788641506.3086586,1788641700,193.7,Up,0.51,204,0.5,606.96,49,50,False
1788641506.3086586,1788641700,193.7,Down,0.5,606.96,0.49,204,50,49,False
1788641509.61835,1788641700,190.4,Up,0.51,204,0.5,606.96,49,50,False
1788641509.61835,1788641700,190.4,Down,0.5,606.96,0.49,204,50,49,False
1788641512.9225082,1788641700,187.1,Up,0.51,204,0.5,606.96,49,50,False
1788641512.9225082,1788641700,187.1,Down,0.5,601.96,0.49,204,50,49,False
1788641516.2235694,1788641700,183.8,Up,0.51,209,0.5,601.96,49,50,False
1788641516.2235694,1788641700,183.8,Down,0.5,601.96,0.49,209,50,49,False
1788641519.5203862,1788641700,180.5,Up,0.51,209,0.5,601.96,49,50,False
1788641519.5203862,1788641700,180.5,Down,0.5,601.96,0.49,209,50,49,False
1788641522.8203893,1788641700,177.2,Up,0.51,209,0.5,601.96,49,50,False
1788641522.8203893,1788641700,177.2,Down,0.5,601.96,0.49,209,50,49,False
1788641526.1257925,1788641700,173.9,Up,0.51,201,0.5,601.96,49,50,False
1788641526.1257925,1788641700,173.9,Down,0.5,601.96,0.49,201,50,49,False
1788641529.3412993,1788641700,170.7,Up,0.51,196,0.5,596.96,49,50,False
1788641529.3412993,1788641700,170.7,Down,0.5,596.96,0.49,196,50,49,False
1788641532.668178,1788641700,167.3,Up,0.51,196,0.5,596.96,49,50,False
1788641532.668178,1788641700,167.3,Down,0.5,596.96,0.49,196,50,49,False
1788641535.9035254,1788641700,164.1,Up,0.51,191,0.5,591.96,49,50,False
1788641535.9035254,1788641700,164.1,Down,0.5,591.96,0.49,191,50,49,False
1788641539.132597,1788641700,160.9,Up,0.51,191,0.5,591.96,49,50,False
1788641539.132597,1788641700,160.9,Down,0.5,591.96,0.49,191,50,49,False
1788641542.4362445,1788641700,157.6,Up,0.51,191,0.5,591.96,49,50,False
1788641542.4362445,1788641700,157.6,Down,0.5,591.96,0.49,191,50,49,False
1788641545.7619739,1788641700,154.2,Up,0.51,191,0.5,591.96,49,50,False
1788641545.7619739,1788641700,154.2,Down,0.5,591.96,0.49,191,50,49,False
1788641548.9881709,1788641700,151.0,Up,0.51,191,0.5,591.96,49,50,False
1788641548.9881709,1788641700,151.0,Down,0.5,591.96,0.49,191,50,49,False
1788641552.2874799,1788641700,147.7,Up,0.51,191,0.5,591.96,49,50,False
1788641552.2874799,1788641700,147.7,Down,0.5,591.96,0.49,191,50,49,False
1788641555.5875258,1788641700,144.4,Up,0.51,191,0.5,591.96,49,50,False
1788641555.5875258,1788641700,144.4,Down,0.5,591.96,0.49,191,50,49,False
1788641558.8905482,1788641700,141.1,Up,0.51,191,0.5,591.96,49,50,False
1788641558.8905482,1788641700,141.1,Down,0.5,591.96,0.49,191,50,49,False
1788641562.1937673,1788641700,137.8,Up,0.51,191,0.5,591.96,49,50,False
1788641562.1937673,1788641700,137.8,Down,0.5,591.96,0.49,191,50,49,False
1788641565.4878628,1788641700,134.5,Up,0.51,191,0.5,591.96,49,50,False
1788641565.4878628,1788641700,134.5,Down,0.5,591.96,0.49,191,50,49,False
1788641568.7905257,1788641700,131.2,Up,0.51,191,0.5,591.96,49,50,False
1788641568.7905257,1788641700,131.2,Down,0.5,591.96,0.49,191,50,49,False
1788641572.0204673,1788641700,128.0,Up,0.51,191,0.5,591.96,49,50,False
1788641572.0204673,1788641700,128.0,Down,0.5,591.96,0.49,186,50,49,False
1788641575.3276637,1788641700,124.7,Up,0.51,186,0.5,596.96,49,50,False
1788641575.3276637,1788641700,124.7,Down,0.5,596.96,0.49,186,50,49,False
1788641578.625757,1788641700,121.4,Up,0.51,186,0.5,596.96,49,50,False
1788641578.625757,1788641700,121.4,Down,0.5,596.96,0.49,186,50,49,False
1788641581.9272163,1788641700,118.1,Up,0.51,186,0.5,596.96,49,50,False
1788641581.9272163,1788641700,118.1,Down,0.5,596.96,0.49,186,50,49,False
1788641585.2334397,1788641700,114.8,Up,0.51,186,0.5,596.96,49,50,False
1788641585.2334397,1788641700,114.8,Down,0.5,29,0.49,186,50,49,False
1788641588.4772685,1788641700,111.5,Up,0.51,186,0.5,29,49,50,False
1788641588.4772685,1788641700,111.5,Down,0.5,29,0.49,186,50,49,False
1788641591.7063186,1788641700,108.3,Up,0.52,51.11,0.5,15,48,50,False
1788641591.7063186,1788641700,108.3,Down,0.49,34,0.48,51.11,51,48,False
1788641594.938514,1788641700,105.1,Up,0.52,155.11,0.51,39,48,51,False
1788641594.938514,1788641700,105.1,Down,0.49,39,0.48,155.11,51,48,False
1788641598.239003,1788641700,101.8,Up,0.52,155.11,0.51,39,48,51,False
1788641598.239003,1788641700,101.8,Down,0.49,39,0.48,155.11,51,48,False
1788641601.5453036,1788641700,98.5,Up,0.52,155.11,0.51,39,48,51,False
1788641601.5453036,1788641700,98.5,Down,0.49,39,0.48,155.11,51,48,False
1788641604.8581057,1788641700,95.1,Up,0.52,155.11,0.51,39,48,51,False
1788641604.8581057,1788641700,95.1,Down,0.49,39,0.48,155.11,51,48,False
1788641608.1601512,1788641700,91.8,Up,0.52,155.11,0.51,39,48,51,False
1788641608.1601512,1788641700,91.8,Down,0.49,39,0.48,155.11,51,48,False
1788641611.4612782,1788641700,88.5,Up,0.52,165.11,0.51,39,48,51,False
1788641611.4612782,1788641700,88.5,Down,0.49,39,0.48,165.11,51,48,False
1788641614.677568,1788641700,85.3,Up,0.52,165.11,0.51,39,48,51,False
1788641614.677568,1788641700,85.3,Down,0.49,39,0.48,165.11,51,48,False
1788641617.996777,1788641700,82.0,Up,0.52,205.11,0.51,39,48,51,False
1788641617.996777,1788641700,82.0,Down,0.49,39,0.48,205.11,51,48,False
1788641621.2327616,1788641700,78.8,Up,0.52,201.26,0.51,39,48,51,False
1788641621.2327616,1788641700,78.8,Down,0.49,39,0.48,201.26,51,48,False
1788641624.5349345,1788641700,75.5,Up,0.52,201.26,0.51,28.79,48,51,False
1788641624.5349345,1788641700,75.5,Down,0.49,28.79,0.48,201.26,51,48,False
1788641627.8358703,1788641700,72.2,Up,0.52,201.26,0.51,28.79,48,51,False
1788641627.8358703,1788641700,72.2,Down,0.49,28.79,0.48,201.26,51,48,False
1788641631.1447437,1788641700,68.9,Up,0.52,201.26,0.51,28.79,48,51,False
1788641631.1447437,1788641700,68.9,Down,0.49,28.79,0.48,201.26,51,48,False
1788641634.3696792,1788641700,65.6,Up,0.52,201.26,0.51,28.79,48,51,False
1788641634.3696792,1788641700,65.6,Down,0.49,28.79,0.48,201.26,51,48,False
1788641637.663351,1788641700,62.3,Up,0.52,216.26,0.51,28.79,48,51,False
1788641637.663351,1788641700,62.3,Down,0.49,28.79,0.48,216.26,51,48,False
1788641640.9691136,1788641700,59.0,Up,0.52,216.26,0.51,28.79,48,51,False
1788641640.9691136,1788641700,59.0,Down,0.49,28.79,0.48,216.26,51,48,False
1788641644.2931716,1788641700,55.7,Up,0.52,214.33,0.51,28.79,48,51,False
1788641644.2931716,1788641700,55.7,Down,0.49,28.79,0.48,209.33,51,48,False
1788641647.6325722,1788641700,52.4,Up,0.52,189.71,0.51,33.79,48,51,False
1788641647.6325722,1788641700,52.4,Down,0.49,33.79,0.48,189.71,51,48,False
1788641650.9253051,1788641700,49.1,Up,0.52,189.71,0.51,33.79,48,51,False
1788641650.9253051,1788641700,49.1,Down,0.49,33.79,0.48,189.71,51,48,False
1788641654.2356794,1788641700,45.8,Up,0.52,189.71,0.51,20.67,48,51,False
1788641654.2356794,1788641700,45.8,Down,0.49,20.67,0.48,189.71,51,48,False
1788641657.5325384,1788641700,42.5,Up,0.52,189.71,0.51,10.46,48,51,False
1788641657.5325384,1788641700,42.5,Down,0.49,10.46,0.48,189.71,51,48,False
1788641660.8414462,1788641700,39.2,Up,0.52,315,0.51,10.46,48,51,False
1788641660.8414462,1788641700,39.2,Down,0.49,10.46,0.48,315,51,48,False
1788641664.166205,1788641700,35.8,Up,0.52,315,0.51,10.46,48,51,False
1788641664.166205,1788641700,35.8,Down,0.49,10.46,0.48,315,51,48,False
1788641667.3842742,1788641700,32.6,Up,0.52,315,0.51,10.46,48,51,False
1788641667.3842742,1788641700,32.6,Down,0.49,10.46,0.48,315,51,48,False
1788641670.6930377,1788641700,29.3,Up,0.52,315,0.51,10.46,48,51,False
1788641670.6930377,1788641700,29.3,Down,0.49,10.46,0.48,315,51,48,False
1788641673.9083195,1788641700,26.1,Up,0.5,130,0.49,118,50,49,False
1788641673.9083195,1788641700,26.1,Down,0.51,118,0.5,130,49,50,False
1788641677.2117383,1788641700,22.8,Up,0.57,25,0.53,105.87,43,53,False
1788641677.2117383,1788641700,22.8,Down,0.47,110.87,0.44,25,53,44,False
1788641680.5168586,1788641700,19.5,Up,0.58,47,0.55,15,41,55,False
1788641680.5168586,1788641700,19.5,Down,0.45,15,0.42,47,55,41,False
1788641683.8157122,1788641700,16.2,Up,0.58,47,0.55,15,42,55,False
1788641683.8157122,1788641700,16.2,Down,0.45,57,0.42,47,55,42,False
1788641687.2671225,1788641700,12.7,Up,0.58,10,0.56,148.09,42,56,False
1788641687.2671225,1788641700,12.7,Down,0.44,148.09,0.42,10,56,42,False
1788641690.5656583,1788641700,9.4,Up,0.58,30,0.57,98,42,57,False
1788641690.5656583,1788641700,9.4,Down,0.43,98,0.42,30,57,42,False
1788641693.2284663,1788641700,6.8,Up,0.58,36,0.56,74.12,41,56,False
1788641693.2284663,1788641700,6.8,Down,0.43,98,0.42,36,57,41,False
1788641695.1432176,1788641700,4.9,Up,0.63,15,0.62,57.67,37,62,False
1788641695.1432176,1788641700,4.9,Down,0.38,57.67,0.37,15,62,37,False
1788641696.6735086,1788641700,3.3,Up,0.63,15,0.62,198.59,37,62,False
1788641696.6735086,1788641700,3.3,Down,0.38,48.59,0.37,15,62,37,False
1788641697.9858227,1788641700,2.0,Up,0.63,15,0.62,48.59,37,62,False
1788641697.9858227,1788641700,2.0,Down,0.38,48.59,0.37,15,62,37,False
1788641699.3932145,1788641700,0.6,Up,0.64,72,0.63,100,36,63,False
1788641699.3932145,1788641700,0.6,Down,0.37,100,0.36,72,63,36,False
1788641701.8716407,1788642000,298.1,Up,0.51,275.23,0.5,610,49,50,False
1788641701.8716407,1788642000,298.1,Down,0.5,610,0.49,275.23,50,49,False
1788641705.1690068,1788642000,294.8,Up,0.51,280.23,0.5,615,49,50,False
1788641705.1690068,1788642000,294.8,Down,0.5,615,0.49,280.23,50,49,False
1788641708.4722683,1788642000,291.5,Up,0.51,290.23,0.5,620,49,50,False
1788641708.4722683,1788642000,291.5,Down,0.5,620,0.49,305.23,50,49,False
1788641711.7744367,1788642000,288.2,Up,0.51,305.23,0.5,720,49,50,False
1788641711.7744367,1788642000,288.2,Down,0.5,720,0.49,305.23,50,49,False
1788641715.0104356,1788642000,285.0,Up,0.51,310.23,0.5,725,49,50,False
1788641715.0104356,1788642000,285.0,Down,0.5,725,0.49,310.23,50,49,False
1788641718.1528804,1788642000,281.8,Up,0.51,310.23,0.5,747,49,50,False
1788641718.1528804,1788642000,281.8,Down,0.5,747,0.49,310.23,50,49,False
1788641721.4573503,1788642000,278.5,Up,0.51,310.23,0.5,752,49,50,False
1788641721.4573503,1788642000,278.5,Down,0.5,752,0.49,330.62,50,49,False
1788641724.7960045,1788642000,275.2,Up,0.51,330.62,0.5,752,49,50,False
1788641724.7960045,1788642000,275.2,Down,0.5,752,0.49,330.62,50,49,False
1788641728.0958784,1788642000,271.9,Up,0.51,330.62,0.5,752,49,50,False
1788641728.0958784,1788642000,271.9,Down,0.5,752,0.49,330.62,50,49,False
1788641731.3270473,1788642000,268.7,Up,0.51,330.62,0.5,752,49,50,False
1788641731.3270473,1788642000,268.7,Down,0.5,752,0.49,330.62,50,49,False
1788641734.6266341,1788642000,265.4,Up,0.51,325.61,0.5,752,49,50,False
1788641734.6266341,1788642000,265.4,Down,0.5,752,0.49,325.61,50,49,False
1788641737.9302938,1788642000,262.1,Up,0.51,325.61,0.5,752,49,50,False
1788641737.9302938,1788642000,262.1,Down,0.5,752,0.49,325.61,50,49,False
1788641741.228953,1788642000,258.8,Up,0.51,325.61,0.5,752,49,50,False
1788641741.228953,1788642000,258.8,Down,0.5,752,0.49,325.61,50,49,False
1788641744.5355535,1788642000,255.5,Up,0.51,218.39,0.5,752,49,50,False
1788641744.5355535,1788642000,255.5,Down,0.5,752,0.49,218.39,50,49,False
1788641747.8312185,1788642000,252.2,Up,0.51,218.39,0.5,752,49,50,False
1788641747.8312185,1788642000,252.2,Down,0.5,752,0.49,218.39,50,49,False
1788641751.1300292,1788642000,248.9,Up,0.51,238.39,0.5,752,49,50,False
1788641751.1300292,1788642000,248.9,Down,0.5,752,0.49,238.39,50,49,False
1788641754.4337223,1788642000,245.6,Up,0.51,238.39,0.5,752,49,50,False
1788641754.4337223,1788642000,245.6,Down,0.5,752,0.49,238.39,50,49,False
1788641757.732108,1788642000,242.3,Up,0.51,238.39,0.5,752,49,50,False
1788641757.732108,1788642000,242.3,Down,0.5,752,0.49,238.39,50,49,False
1788641761.0435176,1788642000,239.0,Up,0.51,238.39,0.5,752,49,50,False
1788641761.0435176,1788642000,239.0,Down,0.5,752,0.49,238.39,50,49,False
1788641764.358625,1788642000,235.6,Up,0.51,238.39,0.5,752,49,50,False
1788641764.358625,1788642000,235.6,Down,0.5,752,0.49,238.39,50,49,False
1788641767.6656592,1788642000,232.3,Up,0.51,218.39,0.5,752,49,50,False
1788641767.6656592,1788642000,232.3,Down,0.5,752,0.49,218.39,50,49,False
1788641770.967467,1788642000,229.0,Up,0.51,218.39,0.5,752,49,50,False
1788641770.967467,1788642000,229.0,Down,0.5,752,0.49,218.39,50,49,False
1788641774.2692022,1788642000,225.7,Up,0.51,218.39,0.5,752,49,50,False
1788641774.2692022,1788642000,225.7,Down,0.5,752,0.49,218.39,50,49,False
1788641777.7789657,1788642000,222.2,Up,0.51,218.39,0.5,752,49,50,False
1788641777.7789657,1788642000,222.2,Down,0.5,752,0.49,218.39,50,49,False
1788641781.0824764,1788642000,218.9,Up,0.51,218.39,0.5,752,49,50,False
1788641781.0824764,1788642000,218.9,Down,0.5,752,0.49,218.39,50,49,False
1788641784.307975,1788642000,215.7,Up,0.51,218.39,0.5,752,49,50,False
1788641784.307975,1788642000,215.7,Down,0.5,752,0.49,218.39,50,49,False
1788641787.4483955,1788642000,212.6,Up,0.51,218.39,0.5,752,49,50,False
1788641787.4483955,1788642000,212.6,Down,0.5,752,0.49,218.39,50,49,False
1788641790.7490408,1788642000,209.3,Up,0.51,218.39,0.5,752,49,50,False
1788641790.7490408,1788642000,209.3,Down,0.5,752,0.49,218.39,50,49,False
1788641794.049424,1788642000,206.0,Up,0.51,218.39,0.5,749.96,49,50,False
1788641794.049424,1788642000,206.0,Down,0.5,749.96,0.49,218.39,50,49,False
1788641797.3543286,1788642000,202.6,Up,0.51,238.39,0.5,749.96,49,50,False
1788641797.3543286,1788642000,202.6,Down,0.5,749.96,0.49,238.39,50,49,False
1788641800.6687799,1788642000,199.3,Up,0.51,238.39,0.5,749.96,49,50,False
1788641800.6687799,1788642000,199.3,Down,0.5,749.96,0.49,238.39,50,49,False
1788641803.888247,1788642000,196.1,Up,0.51,238.39,0.5,749.96,49,50,False
1788641803.888247,1788642000,196.1,Down,0.5,749.96,0.49,238.39,50,49,False
1788641807.1004133,1788642000,192.9,Up,0.51,238.39,0.5,749.96,49,50,False
1788641807.1004133,1788642000,192.9,Down,0.5,749.96,0.49,238.39,50,49,False
1788641810.3234599,1788642000,189.7,Up,0.51,218.39,0.5,749.96,49,50,False
1788641810.3234599,1788642000,189.7,Down,0.5,749.96,0.49,218.39,50,49,False
1788641813.6267529,1788642000,186.4,Up,0.51,218.39,0.5,749.96,49,50,False
1788641813.6267529,1788642000,186.4,Down,0.5,749.96,0.49,218.39,50,49,False
1788641816.9484572,1788642000,183.1,Up,0.51,218.39,0.5,719.96,49,50,False
1788641816.9484572,1788642000,183.1,Down,0.5,719.96,0.49,218.39,50,49,False
1788641820.2550454,1788642000,179.7,Up,0.51,238.39,0.5,719.96,49,50,False
1788641820.2550454,1788642000,179.7,Down,0.5,719.96,0.49,238.39,50,49,False
1788641823.557909,1788642000,176.4,Up,0.51,218.39,0.5,719.96,49,50,False
1788641823.557909,1788642000,176.4,Down,0.5,719.96,0.49,218.39,50,49,False
1788641826.8632681,1788642000,173.1,Up,0.51,210.39,0.5,719.96,49,50,False
1788641826.8632681,1788642000,173.1,Down,0.5,719.96,0.49,210.39,50,49,False
1788641830.0088215,1788642000,170.0,Up,0.51,210.39,0.5,719.96,49,50,False
1788641830.0088215,1788642000,170.0,Down,0.5,719.96,0.49,210.39,50,49,False
1788641833.3093958,1788642000,166.7,Up,0.51,210.39,0.5,719.96,49,50,False
1788641833.3093958,1788642000,166.7,Down,0.5,719.96,0.49,210.39,50,49,False
1788641836.525595,1788642000,163.5,Up,0.51,210.39,0.5,719.96,49,50,False
1788641836.525595,1788642000,163.5,Down,0.5,719.96,0.49,210.39,50,49,False
1788641839.8279986,1788642000,160.2,Up,0.51,210.39,0.5,719.96,49,50,False
1788641839.8279986,1788642000,160.2,Down,0.5,719.96,0.49,210.39,50,49,False
1788641843.131676,1788642000,156.9,Up,0.51,210.39,0.5,719.96,49,50,False
1788641843.131676,1788642000,156.9,Down,0.5,719.96,0.49,210.39,50,49,False
1788641846.44832,1788642000,153.6,Up,0.51,230.39,0.5,719.96,49,50,False
1788641846.44832,1788642000,153.6,Down,0.5,719.96,0.49,230.39,50,49,False
1788641849.670246,1788642000,150.3,Up,0.51,230.39,0.5,719.96,49,50,False
1788641849.670246,1788642000,150.3,Down,0.5,719.96,0.49,230.39,50,49,False
1788641853.127061,1788642000,146.9,Up,0.51,230.39,0.5,707.96,49,50,False
1788641853.127061,1788642000,146.9,Down,0.5,707.96,0.49,230.39,50,49,False
1788641856.4302332,1788642000,143.6,Up,0.51,210.39,0.5,707.96,49,50,False
1788641856.4302332,1788642000,143.6,Down,0.5,707.96,0.49,210.39,50,49,False
1788641859.655597,1788642000,140.3,Up,0.51,210.39,0.5,707.96,49,50,False
1788641859.655597,1788642000,140.3,Down,0.5,707.96,0.49,210.39,50,49,False
1788641862.8841636,1788642000,137.1,Up,0.51,220.39,0.5,707.96,49,50,False
1788641862.8841636,1788642000,137.1,Down,0.5,707.96,0.49,220.39,50,49,False
1788641866.1198351,1788642000,133.9,Up,0.51,220.39,0.5,707.96,49,50,False
1788641866.1198351,1788642000,133.9,Down,0.5,707.96,0.49,220.39,50,49,False
1788641869.4329283,1788642000,130.6,Up,0.51,220.39,0.5,707.96,49,50,False
1788641869.4329283,1788642000,130.6,Down,0.5,707.96,0.49,220.39,50,49,False
1788641872.6617234,1788642000,127.3,Up,0.51,220.39,0.5,707.96,49,50,False
1788641872.6617234,1788642000,127.3,Down,0.5,707.96,0.49,220.39,50,49,False
1788641875.9636798,1788642000,124.0,Up,0.51,220.39,0.5,707.96,49,50,False
1788641875.9636798,1788642000,124.0,Down,0.5,707.96,0.49,220.39,50,49,False
1788641879.1913912,1788642000,120.8,Up,0.51,220.39,0.5,707.96,49,50,False
1788641879.1913912,1788642000,120.8,Down,0.5,707.96,0.49,220.39,50,49,False
1788641882.4119225,1788642000,117.6,Up,0.51,220.39,0.5,707.96,49,50,False
1788641882.4119225,1788642000,117.6,Down,0.5,707.96,0.49,220.39,50,49,False
1788641885.7060373,1788642000,114.3,Up,0.51,220.39,0.5,142,49,50,False
1788641885.7060373,1788642000,114.3,Down,0.5,142,0.49,220.39,50,49,False
1788641889.0165267,1788642000,111.0,Up,0.51,220.39,0.5,142,49,50,False
1788641889.0165267,1788642000,111.0,Down,0.5,142,0.49,220.39,50,49,False
1788641892.2579548,1788642000,107.7,Up,0.51,220.39,0.5,162,49,50,False
1788641892.2579548,1788642000,107.7,Down,0.5,162,0.49,220.39,50,49,False
1788641895.5574558,1788642000,104.4,Up,0.51,210.39,0.5,162,49,50,False
1788641895.5574558,1788642000,104.4,Down,0.5,162,0.49,210.39,50,49,False
1788641898.8625317,1788642000,101.1,Up,0.51,210.39,0.5,162,49,50,False
1788641898.8625317,1788642000,101.1,Down,0.5,162,0.49,210.39,50,49,False
1788641902.092722,1788642000,97.9,Up,0.51,210.39,0.5,162,49,50,False
1788641902.092722,1788642000,97.9,Down,0.5,162,0.49,210.39,50,49,False
1788641905.429235,1788642000,94.6,Up,0.51,210.39,0.5,162,49,50,False
1788641905.429235,1788642000,94.6,Down,0.5,162,0.49,210.39,50,49,False
1788641908.649823,1788642000,91.4,Up,0.51,210.39,0.5,162,49,50,False
1788641908.649823,1788642000,91.4,Down,0.5,162,0.49,210.39,50,49,False
1788641911.9515402,1788642000,88.0,Up,0.51,210.39,0.5,162,49,50,False
1788641911.9515402,1788642000,88.0,Down,0.5,162,0.49,210.39,50,49,False
1788641915.169262,1788642000,84.8,Up,0.51,215.39,0.5,162,49,50,False
1788641915.169262,1788642000,84.8,Down,0.5,162,0.49,215.39,50,49,False
1788641918.4762254,1788642000,81.5,Up,0.51,215.39,0.5,167,49,50,False
1788641918.4762254,1788642000,81.5,Down,0.5,167,0.49,215.39,50,49,False
1788641921.768921,1788642000,78.2,Up,0.51,215.39,0.5,167,49,50,False
1788641921.768921,1788642000,78.2,Down,0.5,167,0.49,215.39,50,49,False
1788641925.0050604,1788642000,75.0,Up,0.51,215.39,0.5,167,49,50,False
1788641925.0050604,1788642000,75.0,Down,0.5,167,0.49,215.39,50,49,False
1788641928.3216052,1788642000,71.7,Up,0.51,215.39,0.5,167,49,50,False
1788641928.3216052,1788642000,71.7,Down,0.5,167,0.49,215.39,50,49,False
1788641931.627826,1788642000,68.4,Up,0.51,215.39,0.5,167,49,50,False
1788641931.627826,1788642000,68.4,Down,0.5,167,0.49,215.39,50,49,False
1788641934.847682,1788642000,65.2,Up,0.51,215.39,0.5,167,49,50,False
1788641934.847682,1788642000,65.2,Down,0.5,167,0.49,215.39,50,49,False
1788641938.0958028,1788642000,61.9,Up,0.51,215.39,0.5,167,49,50,False
1788641938.0958028,1788642000,61.9,Down,0.5,167,0.49,215.39,50,49,False
1788641941.3174696,1788642000,58.7,Up,0.51,230.39,0.5,161,49,50,False
1788641941.3174696,1788642000,58.7,Down,0.5,161,0.49,230.39,50,49,False
1788641944.5427742,1788642000,55.5,Up,0.51,180.39,0.5,154.4,49,50,False
1788641944.5427742,1788642000,55.5,Down,0.5,154.4,0.49,175.39,50,49,False
1788641947.6888292,1788642000,52.3,Up,0.51,165.39,0.5,154.4,49,50,False
1788641947.6888292,1788642000,52.3,Down,0.5,154.4,0.49,165.39,50,49,False
1788641951.0053422,1788642000,49.0,Up,0.51,65.39,0.5,144.4,49,50,False
1788641951.0053422,1788642000,49.0,Down,0.5,144.4,0.49,65.39,50,49,False
1788641954.2314234,1788642000,45.8,Up,0.51,207.39,0.5,79.12,49,50,False
1788641954.2314234,1788642000,45.8,Down,0.5,32.12,0.49,207.39,50,49,False
1788641957.5476167,1788642000,42.5,Up,0.45,62,0.43,100,55,43,False
1788641957.5476167,1788642000,42.5,Down,0.57,100,0.55,62,43,55,False
1788641960.772128,1788642000,39.2,Up,0.43,15,0.42,20,57,42,False
1788641960.772128,1788642000,39.2,Down,0.58,120,0.56,93,42,56,False
1788641964.0859375,1788642000,35.9,Up,0.41,30,0.4,9.23,59,40,False
1788641964.0859375,1788642000,35.9,Down,0.6,9.23,0.59,30,40,59,False
1788641967.3204498,1788642000,32.7,Up,0.41,100,0.38,127,59,38,False
1788641967.3204498,1788642000,32.7,Down,0.62,127,0.59,100,38,59,False
1788641970.5458417,1788642000,29.5,Up,0.42,100,0.41,40,58,40,False
1788641970.5458417,1788642000,29.5,Down,0.59,138,0.58,100,41,58,False
1788641973.8567853,1788642000,26.1,Up,0.46,15,0.43,62,54,43,False
1788641973.8567853,1788642000,26.1,Down,0.57,62,0.54,15,43,54,False
1788641977.159742,1788642000,22.8,Up,0.43,10,0.4,90,57,40,False
1788641977.159742,1788642000,22.8,Down,0.6,90,0.57,10,40,57,False
1788641980.3831604,1788642000,19.6,Up,0.39,15,0.37,15,61,37,False
1788641980.3831604,1788642000,19.6,Down,0.63,15,0.61,15,37,61,False
1788641983.6837044,1788642000,16.3,Up,0.38,100,0.37,1,62,37,False
1788641983.6837044,1788642000,16.3,Down,0.63,1,0.62,100,37,62,False
1788641986.834053,1788642000,13.2,Up,0.44,68,0.4,62,56,40,False
1788641986.834053,1788642000,13.2,Down,0.6,62,0.59,100,40,59,False
1788641990.1456652,1788642000,9.9,Up,0.43,86.04,0.42,113,57,42,False
1788641990.1456652,1788642000,9.9,Down,0.58,113,0.54,100,42,54,False
1788641992.9136782,1788642000,7.1,Up,0.44,100,0.43,69,56,43,False
1788641992.9136782,1788642000,7.1,Down,0.57,69,0.56,100,43,56,False
1788641994.9033513,1788642000,5.1,Up,0.44,20,0.43,54,53,43,False
1788641994.9033513,1788642000,5.1,Down,0.57,54,0.56,20,43,53,False
1788641996.470194,1788642000,3.5,Up,0.44,57.78,0.43,9.96,52,43,False
1788641996.470194,1788642000,3.5,Down,0.57,109.96,0.56,57.78,43,52,False
1788641997.7690647,1788642000,2.2,Up,0.45,12,0.42,4.68,46,42,False
1788641997.7690647,1788642000,2.2,Down,0.58,4.68,0.52,108,42,46,False
1788641999.0823271,1788642000,0.9,Up,0.48,108,0.42,4.68,46,42,False
1788641999.0823271,1788642000,0.9,Down,0.58,2.68,0.52,108,42,46,False
1788642001.6155696,1788642300,298.4,Up,0.51,284.16,0.5,15.5,49,50,False
1788642001.6155696,1788642300,298.4,Down,0.5,15.5,0.49,284.16,50,49,False
1788642004.9070632,1788642300,295.1,Up,0.51,284.16,0.5,15.5,49,50,False
1788642004.9070632,1788642300,295.1,Down,0.5,15.5,0.49,284.16,50,49,False
1788642008.2183406,1788642300,291.8,Up,0.51,294.16,0.5,120.5,49,50,False
1788642008.2183406,1788642300,291.8,Down,0.5,120.5,0.49,294.16,50,49,False
1788642011.5210822,1788642300,288.5,Up,0.51,310.16,0.5,120.5,49,50,False
1788642011.5210822,1788642300,288.5,Down,0.5,120.5,0.49,310.16,50,49,False
1788642014.822214,1788642300,285.2,Up,0.51,310.16,0.5,125.5,49,50,False
1788642014.822214,1788642300,285.2,Down,0.5,125.5,0.49,315.16,50,49,False
1788642018.1167219,1788642300,281.9,Up,0.51,310.16,0.5,131.5,49,50,False
1788642018.1167219,1788642300,281.9,Down,0.5,131.5,0.49,310.16,50,49,False
1788642021.3456926,1788642300,278.7,Up,0.51,310.16,0.5,126.5,49,50,False
1788642021.3456926,1788642300,278.7,Down,0.5,126.5,0.49,310.16,50,49,False
1788642024.6563725,1788642300,275.3,Up,0.51,310.16,0.5,126.5,49,50,False
1788642024.6563725,1788642300,275.3,Down,0.5,126.5,0.49,310.16,50,49,False
1788642027.8951204,1788642300,272.1,Up,0.51,310.16,0.5,126.5,49,50,False
1788642027.8951204,1788642300,272.1,Down,0.5,126.5,0.49,310.16,50,49,False
1788642031.1223428,1788642300,268.9,Up,0.51,310.16,0.5,124.66,49,50,False
1788642031.1223428,1788642300,268.9,Down,0.5,124.66,0.49,310.16,50,49,False
1788642034.4347746,1788642300,265.6,Up,0.51,310.16,0.5,124.66,49,50,False
1788642034.4347746,1788642300,265.6,Down,0.5,124.66,0.49,310.16,50,49,False
1788642037.7531538,1788642300,262.2,Up,0.51,310.16,0.5,124.66,49,50,False
1788642037.7531538,1788642300,262.2,Down,0.5,124.66,0.49,310.16,50,49,False
1788642041.059367,1788642300,258.9,Up,0.51,310.16,0.5,124.66,49,50,False
1788642041.059367,1788642300,258.9,Down,0.5,124.66,0.49,305.15,50,49,False
1788642044.3109975,1788642300,255.7,Up,0.51,305.15,0.5,124.66,49,50,False
1788642044.3109975,1788642300,255.7,Down,0.5,124.66,0.49,194,50,49,False
1788642047.4627817,1788642300,252.5,Up,0.51,305.15,0.5,124.66,49,50,False
1788642047.4627817,1788642300,252.5,Down,0.5,124.66,0.49,305.15,50,49,False
1788642050.713265,1788642300,249.3,Up,0.51,305.15,0.5,124.66,49,50,False
1788642050.713265,1788642300,249.3,Down,0.5,124.66,0.49,204,50,49,False
1788642054.1292825,1788642300,245.9,Up,0.51,204,0.5,124.66,49,50,False
1788642054.1292825,1788642300,245.9,Down,0.5,124.66,0.49,204,50,49,False
1788642057.431242,1788642300,242.6,Up,0.51,204,0.5,124.66,49,50,False
1788642057.431242,1788642300,242.6,Down,0.5,124.66,0.49,204,50,49,False
1788642060.6614034,1788642300,239.3,Up,0.51,204,0.5,90.66,49,50,False
1788642060.6614034,1788642300,239.3,Down,0.5,90.66,0.49,204,50,49,False
1788642064.0997498,1788642300,235.9,Up,0.51,204,0.5,90.66,49,50,False
1788642064.0997498,1788642300,235.9,Down,0.5,90.66,0.49,204,50,49,False
1788642067.3258634,1788642300,232.7,Up,0.51,194,0.5,100.66,49,50,False
1788642067.3258634,1788642300,232.7,Down,0.5,100.66,0.49,194,50,49,False
1788642070.628787,1788642300,229.4,Up,0.51,204,0.5,110.66,49,50,False
1788642070.628787,1788642300,229.4,Down,0.5,110.66,0.49,204,50,49,False
1788642073.9490895,1788642300,226.1,Up,0.51,204,0.5,110.66,49,50,False
1788642073.9490895,1788642300,226.1,Down,0.5,110.66,0.49,204,50,49,False
1788642077.18936,1788642300,222.8,Up,0.51,204,0.5,110.66,49,50,False
1788642077.18936,1788642300,222.8,Down,0.5,110.66,0.49,204,50,49,False
1788642080.4057202,1788642300,219.6,Up,0.51,204,0.5,110.66,49,50,False
1788642080.4057202,1788642300,219.6,Down,0.5,110.66,0.49,204,50,49,False
1788642083.658482,1788642300,216.3,Up,0.51,204,0.5,106.57,49,50,False
1788642083.658482,1788642300,216.3,Down,0.5,106.57,0.49,204,50,49,False
1788642086.968859,1788642300,213.0,Up,0.51,204,0.5,106.57,49,50,False
1788642086.968859,1788642300,213.0,Down,0.5,106.57,0.49,204,50,49,False
1788642090.1885839,1788642300,209.8,Up,0.51,204,0.5,106.57,49,50,False
1788642090.1885839,1788642300,209.8,Down,0.5,106.57,0.49,204,50,49,False
1788642093.3283644,1788642300,206.7,Up,0.51,204,0.5,106.57,49,50,False
1788642093.3283644,1788642300,206.7,Down,0.5,106.57,0.49,204,50,49,False
1788642096.552752,1788642300,203.4,Up,0.51,204,0.5,106.57,49,50,False
1788642096.552752,1788642300,203.4,Down,0.5,106.57,0.49,204,50,49,False
1788642099.85538,1788642300,200.1,Up,0.51,204,0.5,116.57,49,50,False
1788642099.85538,1788642300,200.1,Down,0.5,116.57,0.49,204,50,49,False
1788642103.0795782,1788642300,196.9,Up,0.51,204,0.5,116.57,49,50,False
1788642103.0795782,1788642300,196.9,Down,0.5,116.57,0.49,204,50,49,False
1788642106.3769166,1788642300,193.6,Up,0.51,204,0.5,116.57,49,50,False
1788642106.3769166,1788642300,193.6,Down,0.5,116.57,0.49,204,50,49,False
1788642109.6945667,1788642300,190.3,Up,0.51,204,0.5,116.57,49,50,False
1788642109.6945667,1788642300,190.3,Down,0.5,116.57,0.49,204,50,49,False
1788642112.9201386,1788642300,187.1,Up,0.51,204,0.5,116.57,49,50,False
1788642112.9201386,1788642300,187.1,Down,0.5,116.57,0.49,204,50,49,False
1788642116.2617865,1788642300,183.7,Up,0.51,204,0.5,116.57,49,50,False
1788642116.2617865,1788642300,183.7,Down,0.5,116.57,0.49,204,50,49,False
1788642119.6641672,1788642300,180.3,Up,0.51,204,0.5,116.57,49,50,False
1788642119.6641672,1788642300,180.3,Down,0.5,116.57,0.49,204,50,49,False
1788642122.9581583,1788642300,177.0,Up,0.51,204,0.5,116.57,49,50,False
1788642122.9581583,1788642300,177.0,Down,0.5,116.57,0.49,204,50,49,False
1788642126.2623296,1788642300,173.7,Up,0.51,196,0.5,116.57,49,50,False
1788642126.2623296,1788642300,173.7,Down,0.5,116.57,0.49,196,50,49,False
1788642129.522582,1788642300,170.5,Up,0.51,196,0.5,96.57,49,50,False
1788642129.522582,1788642300,170.5,Down,0.5,96.57,0.49,196,50,49,False
1788642132.7475913,1788642300,167.3,Up,0.51,196,0.5,96.57,49,50,False
1788642132.7475913,1788642300,167.3,Down,0.5,96.57,0.49,196,50,49,False
1788642135.969428,1788642300,164.0,Up,0.51,196,0.5,96.57,49,50,False
1788642135.969428,1788642300,164.0,Down,0.5,96.57,0.49,196,50,49,False
1788642139.1943023,1788642300,160.8,Up,0.51,196,0.5,96.57,49,50,False
1788642139.1943023,1788642300,160.8,Down,0.5,96.57,0.49,196,50,49,False
1788642142.5023706,1788642300,157.5,Up,0.51,196,0.5,96.57,49,50,False
1788642142.5023706,1788642300,157.5,Down,0.5,96.57,0.49,196,50,49,False
1788642145.7290902,1788642300,154.3,Up,0.51,196,0.5,96.57,49,50,False
1788642145.7290902,1788642300,154.3,Down,0.5,96.57,0.49,196,50,49,False
1788642148.9535785,1788642300,151.0,Up,0.51,196,0.5,96.57,49,50,False
1788642148.9535785,1788642300,151.0,Down,0.5,96.57,0.49,196,50,49,False
1788642152.1750793,1788642300,147.8,Up,0.51,196,0.5,96.57,49,50,False
1788642152.1750793,1788642300,147.8,Down,0.5,96.57,0.49,196,50,49,False
1788642155.4712243,1788642300,144.5,Up,0.51,196,0.5,96.57,49,50,False
1788642155.4712243,1788642300,144.5,Down,0.5,96.57,0.49,196,50,49,False
1788642158.7754035,1788642300,141.2,Up,0.51,196,0.5,96.57,49,50,False
1788642158.7754035,1788642300,141.2,Down,0.5,96.57,0.49,196,50,49,False
1788642161.9292047,1788642300,138.1,Up,0.51,196,0.5,96.57,49,50,False
1788642161.9292047,1788642300,138.1,Down,0.5,96.57,0.49,196,50,49,False
1788642165.1554995,1788642300,134.8,Up,0.51,196,0.5,96.57,49,50,False
1788642165.1554995,1788642300,134.8,Down,0.5,96.57,0.49,196,50,49,False
1788642168.4593961,1788642300,131.5,Up,0.51,196,0.5,96.57,49,50,False
1788642168.4593961,1788642300,131.5,Down,0.5,96.57,0.49,196,50,49,False
1788642171.6793854,1788642300,128.3,Up,0.51,196,0.5,96.57,49,50,False
1788642171.6793854,1788642300,128.3,Down,0.5,96.57,0.49,196,50,49,False
1788642174.8925836,1788642300,125.1,Up,0.51,196,0.5,96.57,49,50,False
1788642174.8925836,1788642300,125.1,Down,0.5,96.57,0.49,196,50,49,False
1788642178.1323621,1788642300,121.9,Up,0.51,196,0.5,96.57,49,50,False
1788642178.1323621,1788642300,121.9,Down,0.5,96.57,0.49,196,50,49,False
1788642181.4454556,1788642300,118.6,Up,0.51,196,0.5,96.57,49,50,False
1788642181.4454556,1788642300,118.6,Down,0.5,96.57,0.49,196,50,49,False
1788642184.7354007,1788642300,115.3,Up,0.51,196,0.5,96.57,49,50,False
1788642184.7354007,1788642300,115.3,Down,0.5,96.57,0.49,196,50,49,False
1788642188.0317945,1788642300,112.0,Up,0.51,196,0.5,96.57,49,50,False
1788642188.0317945,1788642300,112.0,Down,0.5,96.57,0.49,196,50,49,False
1788642191.2585754,1788642300,108.7,Up,0.51,196,0.5,96.57,49,50,False
1788642191.2585754,1788642300,108.7,Down,0.5,96.57,0.49,196,50,49,False
1788642194.563148,1788642300,105.4,Up,0.51,196,0.5,96.57,49,50,False
1788642194.563148,1788642300,105.4,Down,0.5,96.57,0.49,196,50,49,False
1788642197.88363,1788642300,102.1,Up,0.51,196,0.5,96.57,49,50,False
1788642197.88363,1788642300,102.1,Down,0.5,96.57,0.49,196,50,49,False
1788642201.1898634,1788642300,98.8,Up,0.51,196,0.5,116.57,49,50,False
1788642201.1898634,1788642300,98.8,Down,0.5,116.57,0.49,196,50,49,False
1788642204.3489938,1788642300,95.7,Up,0.51,196,0.5,116.57,49,50,False
1788642204.3489938,1788642300,95.7,Down,0.5,116.57,0.49,196,50,49,False
1788642207.5696812,1788642300,92.4,Up,0.51,196,0.5,116.57,49,50,False
1788642207.5696812,1788642300,92.4,Down,0.5,116.57,0.49,196,50,49,False
1788642210.7937617,1788642300,89.2,Up,0.51,196,0.5,116.57,49,50,False
1788642210.7937617,1788642300,89.2,Down,0.5,116.57,0.49,196,50,49,False
1788642214.0167854,1788642300,86.0,Up,0.51,196,0.5,116.57,49,50,False
1788642214.0167854,1788642300,86.0,Down,0.5,116.57,0.49,196,50,49,False
1788642217.30449,1788642300,82.7,Up,0.51,196,0.5,121.57,49,50,False
1788642217.30449,1788642300,82.7,Down,0.5,121.57,0.49,196,50,49,False
1788642220.5369735,1788642300,79.5,Up,0.51,196,0.5,121.57,49,50,False
1788642220.5369735,1788642300,79.5,Down,0.5,121.57,0.49,196,50,49,False
1788642223.763969,1788642300,76.2,Up,0.51,196,0.5,121.57,49,50,False
1788642223.763969,1788642300,76.2,Down,0.5,121.57,0.49,196,50,49,False
1788642227.0761595,1788642300,72.9,Up,0.51,196,0.5,121.57,49,50,False
1788642227.0761595,1788642300,72.9,Down,0.5,121.57,0.49,196,50,49,False
1788642230.3742158,1788642300,69.6,Up,0.51,191,0.5,121.57,49,50,False
1788642230.3742158,1788642300,69.6,Down,0.5,121.57,0.49,191,50,49,False
1788642233.6092064,1788642300,66.4,Up,0.52,126,0.51,41,48,51,False
1788642233.6092064,1788642300,66.4,Down,0.49,41,0.48,126,51,48,False
1788642236.906024,1788642300,63.1,Up,0.52,245,0.51,41,48,51,False
1788642236.906024,1788642300,63.1,Down,0.49,41,0.48,245,51,48,False
1788642240.2155952,1788642300,59.8,Up,0.52,245,0.51,41,48,51,False
1788642240.2155952,1788642300,59.8,Down,0.49,41,0.48,245,51,48,False
1788642243.519157,1788642300,56.5,Up,0.52,285,0.51,31,48,51,False
1788642243.519157,1788642300,56.5,Down,0.49,31,0.48,285,51,48,False
1788642246.8049939,1788642300,53.2,Up,0.52,259.7,0.51,31,48,51,False
1788642246.8049939,1788642300,53.2,Down,0.49,31,0.48,259.7,51,48,False
1788642250.0927327,1788642300,49.9,Up,0.52,259.7,0.51,31,48,51,False
1788642250.0927327,1788642300,49.9,Down,0.49,31,0.48,259.7,51,48,False
1788642253.3075511,1788642300,46.7,Up,0.52,109.7,0.51,229,48,51,False
1788642253.3075511,1788642300,46.7,Down,0.49,240,0.48,109.7,51,48,False
1788642256.5441842,1788642300,43.5,Up,0.52,94.7,0.51,255,48,51,False
1788642256.5441842,1788642300,43.5,Down,0.49,255,0.48,94.7,51,48,False
1788642259.8420742,1788642300,40.2,Up,0.52,94.7,0.51,255,48,51,False
1788642259.8420742,1788642300,40.2,Down,0.49,255,0.48,94.7,51,48,False
1788642263.1400845,1788642300,36.9,Up,0.52,28.54,0.51,234,47,51,False
1788642263.1400845,1788642300,36.9,Down,0.49,234,0.48,28.54,51,47,False
1788642266.3884726,1788642300,33.6,Up,0.52,16.12,0.51,244,47,51,False
1788642266.3884726,1788642300,33.6,Down,0.49,244,0.48,16.12,51,47,False
1788642269.6854866,1788642300,30.3,Up,0.56,258,0.54,100,43,54,False
1788642269.6854866,1788642300,30.3,Down,0.46,100,0.44,79.42,54,43,False
1788642273.00889,1788642300,27.0,Up,0.56,69.42,0.55,94.88,44,55,False
1788642273.00889,1788642300,27.0,Down,0.45,94.88,0.44,69.42,55,44,False
1788642276.2948947,1788642300,23.7,Up,0.56,69.42,0.55,92.32,44,55,False
1788642276.2948947,1788642300,23.7,Down,0.45,92.32,0.44,69.42,55,44,False
1788642279.5240548,1788642300,20.5,Up,0.56,58.42,0.55,88.03,43,55,False
1788642279.5240548,1788642300,20.5,Down,0.45,88.03,0.44,58.42,55,43,False
1788642282.859766,1788642300,17.1,Up,0.58,10,0.57,8,42,57,False
1788642282.859766,1788642300,17.1,Down,0.43,15,0.42,10,57,42,False
1788642286.1593795,1788642300,13.8,Up,0.58,8.1,0.57,50,42,57,False
1788642286.1593795,1788642300,13.8,Down,0.43,55.31,0.42,8.1,57,42,False
1788642289.4731007,1788642300,10.5,Up,0.53,241,0.52,83.38,47,50,False
1788642289.4731007,1788642300,10.5,Down,0.48,21.35,0.47,208,50,47,False
1788642292.408193,1788642300,7.6,Up,0.48,98,0.43,98,52,41,False
1788642292.408193,1788642300,7.6,Down,0.57,118,0.52,98,41,52,False
1788642294.5970576,1788642300,5.4,Up,0.42,100,0.39,85.21,58,39,False
1788642294.5970576,1788642300,5.4,Down,0.61,75.37,0.6,20,39,60,False
1788642296.2650592,1788642300,3.7,Up,0.4,124,0.39,20,60,39,False
1788642296.2650592,1788642300,3.7,Down,0.61,20,0.6,124,39,60,False
1788642297.5618615,1788642300,2.4,Up,0.4,124,0.39,15,60,39,False
1788642297.5618615,1788642300,2.4,Down,0.61,15,0.6,124,39,60,False
1788642298.871942,1788642300,1.1,Up,0.4,119,0.39,11.49,60,37,False
1788642298.871942,1788642300,1.1,Down,0.61,11.49,0.6,119,37,60,False
1788642301.2694306,1788642600,298.7,Up,0.51,284.16,0.5,578.4,49,50,False
1788642301.2694306,1788642600,298.7,Down,0.5,578.4,0.49,284.16,50,49,False
1788642304.5832076,1788642600,295.4,Up,0.51,284.16,0.5,578.4,49,50,False
1788642304.5832076,1788642600,295.4,Down,0.5,578.4,0.49,284.16,50,49,False
1788642307.8892748,1788642600,292.1,Up,0.51,256.16,0.5,688.4,49,50,False
1788642307.8892748,1788642600,292.1,Down,0.5,688.4,0.49,256.16,50,49,False
1788642311.1836655,1788642600,288.8,Up,0.51,256.16,0.5,688.4,49,50,False
1788642311.1836655,1788642600,288.8,Down,0.5,688.4,0.49,256.16,50,49,False
1788642314.485482,1788642600,285.5,Up,0.51,256.16,0.5,688.4,49,50,False
1788642314.485482,1788642600,285.5,Down,0.5,693.4,0.49,256.16,50,49,False
1788642317.7817175,1788642600,282.2,Up,0.51,261.16,0.5,704.4,49,50,False
1788642317.7817175,1788642600,282.2,Down,0.5,704.4,0.49,261.16,50,49,False
1788642321.0052679,1788642600,279.0,Up,0.51,261.16,0.5,704.4,49,50,False
1788642321.0052679,1788642600,279.0,Down,0.5,699.4,0.49,261.16,50,49,False
1788642324.310606,1788642600,275.7,Up,0.51,261.16,0.5,699.4,49,50,False
1788642324.310606,1788642600,275.7,Down,0.5,699.4,0.49,261.16,50,49,False
1788642327.6205244,1788642600,272.4,Up,0.51,261.16,0.5,699.4,49,50,False
1788642327.6205244,1788642600,272.4,Down,0.5,699.4,0.49,261.16,50,49,False
1788642330.9167182,1788642600,269.1,Up,0.51,261.16,0.5,699.4,49,50,False
1788642330.9167182,1788642600,269.1,Down,0.5,699.4,0.49,261.16,50,49,False
1788642334.2281926,1788642600,265.8,Up,0.51,256.15,0.5,699.4,49,50,False
1788642334.2281926,1788642600,265.8,Down,0.5,699.4,0.49,256.15,50,49,False
1788642337.5271947,1788642600,262.5,Up,0.51,256.15,0.5,699.4,49,50,False
1788642337.5271947,1788642600,262.5,Down,0.5,699.4,0.49,256.15,50,49,False
1788642340.8237877,1788642600,259.2,Up,0.51,256.15,0.5,699.4,49,50,False
1788642340.8237877,1788642600,259.2,Down,0.5,699.4,0.49,256.15,50,49,False
1788642344.2156463,1788642600,255.8,Up,0.51,256.15,0.5,699.4,49,50,False
1788642344.2156463,1788642600,255.8,Down,0.5,699.4,0.49,256.15,50,49,False
1788642347.442747,1788642600,252.6,Up,0.51,205,0.5,699.4,49,50,False
1788642347.442747,1788642600,252.6,Down,0.5,699.4,0.49,205,50,49,False
1788642350.7324142,1788642600,249.3,Up,0.51,205,0.5,699.4,49,50,False
1788642350.7324142,1788642600,249.3,Down,0.5,699.4,0.49,205,50,49,False
1788642353.9630048,1788642600,246.0,Up,0.51,205,0.5,699.4,49,50,False
1788642353.9630048,1788642600,246.0,Down,0.5,699.4,0.49,205,50,49,False
1788642357.1766183,1788642600,242.8,Up,0.51,205,0.5,699.4,49,50,False
1788642357.1766183,1788642600,242.8,Down,0.5,699.4,0.49,205,50,49,False
1788642360.4923694,1788642600,239.5,Up,0.51,205,0.5,699.4,49,50,False
1788642360.4923694,1788642600,239.5,Down,0.5,699.4,0.49,205,50,49,False
1788642363.7816172,1788642600,236.2,Up,0.51,205,0.5,699.4,49,50,False
1788642363.7816172,1788642600,236.2,Down,0.5,699.4,0.49,205,50,49,False
1788642367.0262766,1788642600,233.0,Up,0.51,205,0.5,704.4,49,50,False
1788642367.0262766,1788642600,233.0,Down,0.5,704.4,0.49,205,50,49,False
1788642370.3554041,1788642600,229.6,Up,0.51,175.58,0.5,704.4,49,50,False
1788642370.3554041,1788642600,229.6,Down,0.5,704.4,0.49,175.58,50,49,False
1788642373.5890946,1788642600,226.4,Up,0.51,175.58,0.5,704.4,49,50,False
1788642373.5890946,1788642600,226.4,Down,0.5,704.4,0.49,175.58,50,49,False
1788642376.90267,1788642600,223.1,Up,0.51,175.58,0.5,704.4,49,50,False
1788642376.90267,1788642600,223.1,Down,0.5,704.4,0.49,175.58,50,49,False
1788642380.1376524,1788642600,219.9,Up,0.51,175.58,0.5,704.4,49,50,False
1788642380.1376524,1788642600,219.9,Down,0.5,704.4,0.49,175.58,50,49,False
1788642383.4434345,1788642600,216.6,Up,0.51,175.58,0.5,704.4,49,50,False
1788642383.4434345,1788642600,216.6,Down,0.5,704.4,0.49,175.58,50,49,False
1788642386.7503932,1788642600,213.2,Up,0.51,175.58,0.5,704.4,49,50,False
1788642386.7503932,1788642600,213.2,Down,0.5,704.4,0.49,175.58,50,49,False
1788642390.0484133,1788642600,210.0,Up,0.51,175.58,0.5,702.4,49,50,False
1788642390.0484133,1788642600,210.0,Down,0.5,702.4,0.49,175.58,50,49,False
1788642393.2714083,1788642600,206.7,Up,0.51,175.58,0.5,722.4,49,48,False
1788642393.2714083,1788642600,206.7,Down,0.5,722.4,0.49,175.58,48,49,False
1788642396.5728905,1788642600,203.4,Up,0.51,175.58,0.5,722.4,49,48,False
1788642396.5728905,1788642600,203.4,Down,0.5,722.4,0.49,175.58,48,49,False
1788642399.8002124,1788642600,200.2,Up,0.51,170.59,0.5,722.4,49,50,False
1788642399.8002124,1788642600,200.2,Down,0.5,722.4,0.49,170.59,50,49,False
1788642403.1134493,1788642600,196.9,Up,0.51,170.59,0.5,722.4,49,50,False
1788642403.1134493,1788642600,196.9,Down,0.5,722.4,0.49,170.59,50,49,False
1788642406.4039786,1788642600,193.6,Up,0.51,170.59,0.5,722.4,49,50,False
1788642406.4039786,1788642600,193.6,Down,0.5,722.4,0.49,170.59,50,49,False
1788642409.6319308,1788642600,190.4,Up,0.51,170.59,0.5,722.4,49,50,False
1788642409.6319308,1788642600,190.4,Down,0.5,722.4,0.49,170.59,50,49,False
1788642412.9435055,1788642600,187.1,Up,0.51,170.59,0.5,722.4,49,50,False
1788642412.9435055,1788642600,187.1,Down,0.5,722.4,0.49,170.59,50,49,False
1788642416.1734374,1788642600,183.8,Up,0.51,170.59,0.5,722.4,49,50,False
1788642416.1734374,1788642600,183.8,Down,0.5,722.4,0.49,170.59,50,49,False
1788642419.475236,1788642600,180.5,Up,0.51,170.59,0.5,722.4,49,50,False
1788642419.475236,1788642600,180.5,Down,0.5,722.4,0.49,170.59,50,49,False
1788642422.6994164,1788642600,177.3,Up,0.51,170.59,0.5,722.4,49,50,False
1788642422.6994164,1788642600,177.3,Down,0.5,722.4,0.49,170.59,50,49,False
1788642426.0222063,1788642600,174.0,Up,0.51,170.59,0.5,722.4,49,50,False
1788642426.0222063,1788642600,174.0,Down,0.5,722.4,0.49,170.59,50,49,False
1788642429.3205242,1788642600,170.7,Up,0.51,170.59,0.5,712.4,49,50,False
1788642429.3205242,1788642600,170.7,Down,0.5,712.4,0.49,170.59,50,49,False
1788642432.4722157,1788642600,167.5,Up,0.51,170.59,0.5,722.4,49,50,False
1788642432.4722157,1788642600,167.5,Down,0.5,722.4,0.49,170.59,50,49,False
1788642435.800749,1788642600,164.2,Up,0.51,170.59,0.5,720.4,49,50,False
1788642435.800749,1788642600,164.2,Down,0.5,720.4,0.49,170.59,50,49,False
1788642439.027864,1788642600,161.0,Up,0.51,170.59,0.5,720.4,49,50,False
1788642439.027864,1788642600,161.0,Down,0.5,720.4,0.49,170.59,50,49,False
1788642442.3513417,1788642600,157.6,Up,0.51,170.59,0.5,720.4,49,50,False
1788642442.3513417,1788642600,157.6,Down,0.5,720.4,0.49,170.59,50,49,False
1788642445.649286,1788642600,154.4,Up,0.51,170.59,0.5,720.4,49,50,False
1788642445.649286,1788642600,154.4,Down,0.5,720.4,0.49,170.59,50,49,False
1788642448.8074346,1788642600,151.2,Up,0.51,170.59,0.5,720.4,49,50,False
1788642448.8074346,1788642600,151.2,Down,0.5,720.4,0.49,170.59,50,49,False
1788642452.0388777,1788642600,148.0,Up,0.51,170.59,0.5,708.4,49,50,False
1788642452.0388777,1788642600,148.0,Down,0.5,708.4,0.49,170.59,50,49,False
1788642455.3183753,1788642600,144.7,Up,0.51,170.59,0.5,708.4,49,50,False
1788642455.3183753,1788642600,144.7,Down,0.5,708.4,0.49,170.59,50,49,False
1788642458.560351,1788642600,141.4,Up,0.51,170.59,0.5,708.4,49,50,False
1788642458.560351,1788642600,141.4,Down,0.5,708.4,0.49,170.59,50,49,False
1788642461.7790723,1788642600,138.2,Up,0.51,175.59,0.5,708.4,49,50,False
1788642461.7790723,1788642600,138.2,Down,0.5,708.4,0.49,175.59,50,49,False
1788642465.0102868,1788642600,135.0,Up,0.51,175.59,0.5,708.4,49,50,False
1788642465.0102868,1788642600,135.0,Down,0.5,708.4,0.49,175.59,50,49,False
1788642468.2345774,1788642600,131.8,Up,0.51,175.59,0.5,708.4,49,50,False
1788642468.2345774,1788642600,131.8,Down,0.5,708.4,0.49,175.59,50,49,False
1788642471.3825262,1788642600,128.6,Up,0.51,175.59,0.5,708.4,49,50,False
1788642471.3825262,1788642600,128.6,Down,0.5,708.4,0.49,175.59,50,49,False
1788642474.6052713,1788642600,125.4,Up,0.51,175.59,0.5,768.4,49,50,False
1788642474.6052713,1788642600,125.4,Down,0.5,768.4,0.49,175.59,50,49,False
1788642477.9154632,1788642600,122.1,Up,0.51,175.59,0.5,768.4,49,50,False
1788642477.9154632,1788642600,122.1,Down,0.5,768.4,0.49,175.59,50,49,False
1788642481.2189074,1788642600,118.8,Up,0.51,175.59,0.5,708.4,49,50,False
1788642481.2189074,1788642600,118.8,Down,0.5,708.4,0.49,175.59,50,49,False
1788642484.5247374,1788642600,115.5,Up,0.51,175.59,0.5,708.4,49,50,False
1788642484.5247374,1788642600,115.5,Down,0.5,708.4,0.49,175.59,50,49,False
1788642487.8294423,1788642600,112.2,Up,0.51,115.59,0.5,146,49,50,False
1788642487.8294423,1788642600,112.2,Down,0.5,146,0.49,115.59,50,49,False
1788642491.1248562,1788642600,108.9,Up,0.51,115.59,0.5,146,49,50,False
1788642491.1248562,1788642600,108.9,Down,0.5,146,0.49,70.49,50,49,False
1788642494.4479754,1788642600,105.6,Up,0.51,5,0.5,156,49,50,False
1788642494.4479754,1788642600,105.6,Down,0.5,156,0.49,5,50,49,False
1788642497.746639,1788642600,102.3,Up,0.52,151,0.51,36,48,51,False
1788642497.746639,1788642600,102.3,Down,0.49,36,0.48,151,51,48,False
1788642501.0456657,1788642600,99.0,Up,0.52,245,0.51,46,48,51,False
1788642501.0456657,1788642600,99.0,Down,0.49,46,0.48,245,51,48,False
1788642504.2632465,1788642600,95.7,Up,0.52,250,0.51,36,48,51,False
1788642504.2632465,1788642600,95.7,Down,0.49,36,0.48,250,51,48,False
1788642507.5679364,1788642600,92.4,Up,0.52,250,0.51,36,48,51,False
1788642507.5679364,1788642600,92.4,Down,0.49,36,0.48,250,51,48,False
1788642510.8642275,1788642600,89.1,Up,0.52,250,0.51,36,48,51,False
1788642510.8642275,1788642600,89.1,Down,0.49,36,0.48,250,51,48,False
1788642514.1664703,1788642600,85.8,Up,0.52,250,0.51,36,48,51,False
1788642514.1664703,1788642600,85.8,Down,0.49,36,0.48,250,51,48,False
1788642517.4661925,1788642600,82.5,Up,0.52,57.69,0.51,36,48,51,False
1788642517.4661925,1788642600,82.5,Down,0.49,36,0.48,57.69,51,48,False
1788642520.6925375,1788642600,79.3,Up,0.52,57.69,0.51,36,48,51,False
1788642520.6925375,1788642600,79.3,Down,0.49,36,0.48,57.69,51,48,False
1788642523.9932938,1788642600,76.0,Up,0.52,57.69,0.51,36,48,51,False
1788642523.9932938,1788642600,76.0,Down,0.49,36,0.48,57.69,51,48,False
1788642527.2351532,1788642600,72.8,Up,0.52,57.69,0.51,36,48,51,False
1788642527.2351532,1788642600,72.8,Down,0.49,36,0.48,57.69,51,48,False
1788642530.5275087,1788642600,69.5,Up,0.52,57.69,0.51,36,48,51,False
1788642530.5275087,1788642600,69.5,Down,0.49,36,0.48,57.69,51,48,False
1788642533.8288546,1788642600,66.2,Up,0.52,57.69,0.51,36,48,51,False
1788642533.8288546,1788642600,66.2,Down,0.49,36,0.48,57.69,51,48,False
1788642537.1350796,1788642600,62.9,Up,0.52,57.69,0.51,36,48,51,False
1788642537.1350796,1788642600,62.9,Down,0.49,36,0.48,57.69,51,48,False
1788642540.284277,1788642600,59.7,Up,0.52,57.69,0.51,36,48,51,False
1788642540.284277,1788642600,59.7,Down,0.49,36,0.48,57.69,51,48,False
1788642543.4351413,1788642600,56.6,Up,0.52,72.69,0.51,24.4,48,51,False
1788642543.4351413,1788642600,56.6,Down,0.49,24.4,0.48,72.69,51,48,False
1788642546.647078,1788642600,53.4,Up,0.52,77.64,0.51,24.4,48,51,False
1788642546.647078,1788642600,53.4,Down,0.49,24.4,0.48,77.64,51,48,False
1788642549.955604,1788642600,50.0,Up,0.52,77.64,0.51,8.07,48,51,False
1788642549.955604,1788642600,50.0,Down,0.49,8.07,0.48,77.64,51,48,False
1788642553.1704361,1788642600,46.8,Up,0.52,77.64,0.5,484.07,48,50,False
1788642553.1704361,1788642600,46.8,Down,0.5,484.07,0.48,77.64,50,48,False
1788642556.4885402,1788642600,43.5,Up,0.52,62.64,0.5,499.07,48,50,False
1788642556.4885402,1788642600,43.5,Down,0.5,499.07,0.48,62.64,50,48,False
1788642559.803108,1788642600,40.2,Up,0.52,62.64,0.5,499.07,48,50,False
1788642559.803108,1788642600,40.2,Down,0.5,499.07,0.48,62.64,50,48,False
1788642563.1113467,1788642600,36.9,Up,0.52,62.64,0.51,35,48,51,False
1788642563.1113467,1788642600,36.9,Down,0.49,35,0.48,62.64,51,48,False
1788642566.4120445,1788642600,33.6,Up,0.52,62.64,0.51,20,48,51,False
1788642566.4120445,1788642600,33.6,Down,0.49,20,0.48,62.64,51,48,False
1788642569.5544415,1788642600,30.4,Up,0.56,65.82,0.55,32.9,44,53,False
1788642569.5544415,1788642600,30.4,Down,0.48,15,0.44,35.06,52,44,False
1788642572.8666148,1788642600,27.1,Up,0.55,110,0.54,20,45,54,False
1788642572.8666148,1788642600,27.1,Down,0.46,20,0.45,110,54,45,False
1788642576.162483,1788642600,23.8,Up,0.55,110,0.53,15.85,45,53,False
1788642576.162483,1788642600,23.8,Down,0.47,15.85,0.45,110,53,45,False
1788642579.4699984,1788642600,20.5,Up,0.55,110,0.53,15.85,45,53,False
1788642579.4699984,1788642600,20.5,Down,0.47,15.85,0.45,110,53,45,False
1788642582.782698,1788642600,17.2,Up,0.54,175,0.51,310.58,46,51,False
1788642582.782698,1788642600,17.2,Down,0.49,310.58,0.46,175,51,46,False
1788642586.0957456,1788642600,13.9,Up,0.54,272.96,0.51,271.82,46,51,False
1788642586.0957456,1788642600,13.9,Down,0.49,271.82,0.46,272.96,51,46,False
1788642589.2418976,1788642600,10.8,Up,0.54,272.96,0.51,251.08,46,51,False
1788642589.2418976,1788642600,10.8,Down,0.49,251.08,0.46,272.96,51,46,False
1788642592.1651883,1788642600,7.8,Up,0.53,15,0.51,202.89,47,51,False
1788642592.1651883,1788642600,7.8,Down,0.49,202.89,0.47,15,51,47,False
1788642594.4262097,1788642600,5.6,Up,0.53,12,0.51,362.84,47,51,False
1788642594.4262097,1788642600,5.6,Down,0.49,362.84,0.47,12,51,47,False
1788642596.1264906,1788642600,3.9,Up,0.53,10.11,0.51,357,47,51,False
1788642596.1264906,1788642600,3.9,Down,0.49,352,0.47,10.11,51,47,False
1788642597.4185846,1788642600,2.6,Up,0.53,10.11,0.51,337,47,51,False
1788642597.4185846,1788642600,2.6,Down,0.49,337,0.47,10.11,51,47,False
1788642598.7234614,1788642600,1.3,Up,0.53,4.11,0.51,305.69,47,51,False
1788642598.7234614,1788642600,1.3,Down,0.49,305.69,0.47,4.11,51,47,False
1788642601.082316,1788642900,298.9,Up,0.51,289.15,0.5,605,48,50,False
1788642601.082316,1788642900,298.9,Down,0.5,605,0.49,289.15,50,48,False
1788642604.3797657,1788642900,295.6,Up,0.51,289.15,0.5,605,48,50,False
1788642604.3797657,1788642900,295.6,Down,0.5,605,0.49,289.15,50,48,False
1788642607.6081035,1788642900,292.4,Up,0.51,304.15,0.5,615,48,50,False
1788642607.6081035,1788642900,292.4,Down,0.5,615,0.49,304.15,50,49,False
1788642610.9199038,1788642900,289.1,Up,0.51,322.15,0.5,615,49,50,False
1788642610.9199038,1788642900,289.1,Down,0.5,615,0.49,322.15,50,49,False
1788642614.2416034,1788642900,285.8,Up,0.51,322.15,0.5,615,49,50,False
1788642614.2416034,1788642900,285.8,Down,0.5,615,0.49,322.15,50,49,False
1788642617.4692352,1788642900,282.5,Up,0.51,340.15,0.5,620,49,50,False
1788642617.4692352,1788642900,282.5,Down,0.5,620,0.49,340.15,50,49,False
1788642620.7774878,1788642900,279.2,Up,0.51,340.15,0.5,620,49,50,False
1788642620.7774878,1788642900,279.2,Down,0.5,615,0.49,340.15,50,49,False
1788642624.0720341,1788642900,275.9,Up,0.51,340.15,0.5,615,49,50,False
1788642624.0720341,1788642900,275.9,Down,0.5,615,0.49,340.15,50,49,False
1788642627.3644783,1788642900,272.6,Up,0.51,340.15,0.5,615,49,50,False
1788642627.3644783,1788642900,272.6,Down,0.5,615,0.49,340.15,50,49,False
1788642630.6697056,1788642900,269.3,Up,0.51,340.15,0.5,615,49,50,False
1788642630.6697056,1788642900,269.3,Down,0.5,615,0.49,340.15,50,49,False
1788642633.9681802,1788642900,266.0,Up,0.51,340.15,0.5,615,49,50,False
1788642633.9681802,1788642900,266.0,Down,0.5,615,0.49,340.15,50,49,False
1788642637.2657542,1788642900,262.7,Up,0.51,340.15,0.5,615,49,50,False
1788642637.2657542,1788642900,262.7,Down,0.5,615,0.49,340.15,50,49,False
1788642640.4875097,1788642900,259.5,Up,0.51,340.15,0.5,615,49,50,False
1788642640.4875097,1788642900,259.5,Down,0.5,615,0.49,340.15,50,49,False
1788642643.8028402,1788642900,256.2,Up,0.51,340.15,0.5,615,49,50,False
1788642643.8028402,1788642900,256.2,Down,0.5,615,0.49,340.15,50,49,False
1788642647.1002107,1788642900,252.9,Up,0.51,229,0.5,615,49,50,False
1788642647.1002107,1788642900,252.9,Down,0.5,615,0.49,229,50,49,False
1788642650.3979197,1788642900,249.6,Up,0.51,229,0.5,625,49,50,False
1788642650.3979197,1788642900,249.6,Down,0.5,625,0.49,229,50,49,False
1788642653.6995604,1788642900,246.3,Up,0.51,229,0.5,625,49,50,False
1788642653.6995604,1788642900,246.3,Down,0.5,625,0.49,229,50,49,False
1788642656.9991856,1788642900,243.0,Up,0.51,229,0.5,615,49,50,False
1788642656.9991856,1788642900,243.0,Down,0.5,615,0.49,229,50,49,False
1788642660.3038883,1788642900,239.7,Up,0.51,229,0.5,615,49,50,False
1788642660.3038883,1788642900,239.7,Down,0.5,615,0.49,229,50,49,False
1788642663.5277407,1788642900,236.5,Up,0.51,218,0.5,615,49,50,False
1788642663.5277407,1788642900,236.5,Down,0.5,615,0.49,218,50,49,False
1788642666.6681116,1788642900,233.3,Up,0.51,218,0.5,620,49,50,False
1788642666.6681116,1788642900,233.3,Down,0.5,620,0.49,218,50,49,False
1788642669.967174,1788642900,230.0,Up,0.51,218,0.5,609,49,50,False
1788642669.967174,1788642900,230.0,Down,0.5,609,0.49,218,50,49,False
1788642673.2624688,1788642900,226.7,Up,0.51,218,0.5,619,49,50,False
1788642673.2624688,1788642900,226.7,Down,0.5,619,0.49,218,50,49,False
1788642676.5676322,1788642900,223.4,Up,0.51,218,0.5,619,49,50,False
1788642676.5676322,1788642900,223.4,Down,0.5,619,0.49,218,50,49,False
1788642679.8620634,1788642900,220.1,Up,0.51,218,0.5,619,49,50,False
1788642679.8620634,1788642900,220.1,Down,0.5,619,0.49,218,50,49,False
1788642683.163542,1788642900,216.8,Up,0.51,218,0.5,619,49,50,False
1788642683.163542,1788642900,216.8,Down,0.5,619,0.49,218,50,49,False
1788642686.3116193,1788642900,213.7,Up,0.51,218,0.5,619,49,50,False
1788642686.3116193,1788642900,213.7,Down,0.5,619,0.49,218,50,49,False
1788642689.6168454,1788642900,210.4,Up,0.51,218,0.5,610.83,49,50,False
1788642689.6168454,1788642900,210.4,Down,0.5,610.83,0.49,218,50,49,False
1788642692.903667,1788642900,207.1,Up,0.51,218,0.5,610.83,49,50,False
1788642692.903667,1788642900,207.1,Down,0.5,610.83,0.49,218,50,49,False
1788642696.049271,1788642900,204.0,Up,0.51,218,0.5,610.83,49,50,False
1788642696.049271,1788642900,204.0,Down,0.5,610.83,0.49,218,50,49,False
1788642699.3543932,1788642900,200.6,Up,0.51,218,0.5,610.83,49,50,False
1788642699.3543932,1788642900,200.6,Down,0.5,610.83,0.49,218,50,49,False
1788642702.658436,1788642900,197.3,Up,0.51,218,0.5,605.83,49,50,False
1788642702.658436,1788642900,197.3,Down,0.5,605.83,0.49,218,50,49,False
1788642705.88782,1788642900,194.1,Up,0.51,218,0.5,605.83,49,50,False
1788642705.88782,1788642900,194.1,Down,0.5,605.83,0.49,218,50,49,False
1788642709.123106,1788642900,190.9,Up,0.51,218,0.5,605.83,49,50,False
1788642709.123106,1788642900,190.9,Down,0.5,605.83,0.49,218,50,49,False
1788642712.358993,1788642900,187.6,Up,0.51,218,0.5,605.83,49,50,False
1788642712.358993,1788642900,187.6,Down,0.5,605.83,0.49,218,50,49,False
1788642715.5819542,1788642900,184.4,Up,0.51,218,0.5,605.83,49,50,False
1788642715.5819542,1788642900,184.4,Down,0.5,605.83,0.49,218,50,49,False
1788642718.7341564,1788642900,181.3,Up,0.51,218,0.5,605.83,49,50,False
1788642718.7341564,1788642900,181.3,Down,0.5,605.83,0.49,218,50,49,False
1788642721.959216,1788642900,178.0,Up,0.51,184.66,0.5,605.83,49,50,False
1788642721.959216,1788642900,178.0,Down,0.5,605.83,0.49,184.66,50,49,False
1788642725.1906712,1788642900,174.8,Up,0.51,184.66,0.5,605.83,49,50,False
1788642725.1906712,1788642900,174.8,Down,0.5,605.83,0.49,184.66,50,49,False
1788642728.4802923,1788642900,171.5,Up,0.51,184.66,0.5,605.83,49,50,False
1788642728.4802923,1788642900,171.5,Down,0.5,605.83,0.49,184.66,50,49,False
1788642731.8080714,1788642900,168.2,Up,0.51,184.66,0.5,605.83,49,50,False
1788642731.8080714,1788642900,168.2,Down,0.5,605.83,0.49,184.66,50,49,False
1788642735.1027992,1788642900,164.9,Up,0.51,184.66,0.5,605.83,49,50,False
1788642735.1027992,1788642900,164.9,Down,0.5,605.83,0.49,184.66,50,49,False
1788642738.3917103,1788642900,161.6,Up,0.51,184.66,0.5,605.83,49,50,False
1788642738.3917103,1788642900,161.6,Down,0.5,605.83,0.49,184.66,50,49,False
1788642741.6865098,1788642900,158.3,Up,0.51,184.66,0.5,605.83,49,50,False
1788642741.6865098,1788642900,158.3,Down,0.5,605.83,0.49,184.66,50,49,False
1788642744.991369,1788642900,155.0,Up,0.51,184.66,0.5,845.83,49,50,False
1788642744.991369,1788642900,155.0,Down,0.5,845.83,0.49,184.66,50,49,False
1788642748.2187083,1788642900,151.8,Up,0.51,184.66,0.5,845.83,49,50,False
1788642748.2187083,1788642900,151.8,Down,0.5,845.83,0.49,184.66,50,49,False
1788642751.4513862,1788642900,148.5,Up,0.51,184.66,0.5,845.83,49,50,False
1788642751.4513862,1788642900,148.5,Down,0.5,845.83,0.49,184.66,50,49,False
1788642754.6717734,1788642900,145.3,Up,0.51,184.66,0.5,835.83,49,50,False
1788642754.6717734,1788642900,145.3,Down,0.5,835.83,0.49,184.66,50,49,False
1788642757.9747887,1788642900,142.0,Up,0.51,184.66,0.5,835.83,49,50,False
1788642757.9747887,1788642900,142.0,Down,0.5,835.83,0.49,184.66,50,49,False
1788642761.280211,1788642900,138.7,Up,0.51,184.66,0.5,835.83,49,50,False
1788642761.280211,1788642900,138.7,Down,0.5,835.83,0.49,184.66,50,49,False
1788642764.5873263,1788642900,135.4,Up,0.51,184.66,0.5,835.83,49,50,False
1788642764.5873263,1788642900,135.4,Down,0.5,835.83,0.49,184.66,50,49,False
1788642767.8785455,1788642900,132.1,Up,0.51,184.66,0.5,835.83,49,50,False
1788642767.8785455,1788642900,132.1,Down,0.5,835.83,0.49,184.66,50,49,False
1788642771.0877705,1788642900,128.9,Up,0.51,184.66,0.5,835.83,49,50,False
1788642771.0877705,1788642900,128.9,Down,0.5,835.83,0.49,184.66,50,49,False
1788642774.4162903,1788642900,125.6,Up,0.51,184.66,0.5,835.83,49,50,False
1788642774.4162903,1788642900,125.6,Down,0.5,835.83,0.49,184.66,50,49,False
1788642777.7340488,1788642900,122.3,Up,0.51,184.66,0.5,835.83,49,50,False
1788642777.7340488,1788642900,122.3,Down,0.5,835.83,0.49,184.66,50,49,False
1788642781.042101,1788642900,119.0,Up,0.51,184.66,0.5,835.83,49,50,False
1788642781.042101,1788642900,119.0,Down,0.5,835.83,0.49,184.66,50,49,False
1788642784.2586734,1788642900,115.7,Up,0.51,184.66,0.5,835.83,49,50,False
1788642784.2586734,1788642900,115.7,Down,0.5,835.83,0.49,184.66,50,49,False
1788642787.4851274,1788642900,112.5,Up,0.51,184.66,0.5,260,49,50,False
1788642787.4851274,1788642900,112.5,Down,0.5,260,0.49,179.66,50,49,False
1788642790.7867115,1788642900,109.2,Up,0.51,179.66,0.5,15,49,50,False
1788642790.7867115,1788642900,109.2,Down,0.5,15,0.49,179.66,50,49,False
1788642794.0892422,1788642900,105.9,Up,0.51,179.66,0.5,15,49,50,False
1788642794.0892422,1788642900,105.9,Down,0.5,15,0.49,179.66,50,49,False
1788642797.4002132,1788642900,102.6,Up,0.51,179.66,0.5,15,49,50,False
1788642797.4002132,1788642900,102.6,Down,0.5,15,0.49,179.66,50,49,False
1788642800.6245072,1788642900,99.4,Up,0.51,199.66,0.5,15,49,50,False
1788642800.6245072,1788642900,99.4,Down,0.5,15,0.49,199.66,50,49,False
1788642803.92819,1788642900,96.1,Up,0.51,199.66,0.5,15,49,50,False
1788642803.92819,1788642900,96.1,Down,0.5,15,0.49,199.66,50,49,False
1788642807.243973,1788642900,92.8,Up,0.51,204.66,0.5,15,49,50,False
1788642807.243973,1788642900,92.8,Down,0.5,15,0.49,204.66,50,49,False
1788642810.9024122,1788642900,89.1,Up,0.51,184.66,0.5,15,49,50,False
1788642810.9024122,1788642900,89.1,Down,0.5,15,0.49,184.66,50,49,False
1788642814.1968105,1788642900,85.8,Up,0.51,184.66,0.5,15,49,50,False
1788642814.1968105,1788642900,85.8,Down,0.5,15,0.49,184.66,50,49,False
1788642817.407402,1788642900,82.6,Up,0.51,184.66,0.5,15,49,50,False
1788642817.407402,1788642900,82.6,Down,0.5,15,0.49,184.66,50,49,False
1788642820.6296225,1788642900,79.4,Up,0.51,184.66,0.5,15,49,50,False
1788642820.6296225,1788642900,79.4,Down,0.5,15,0.49,184.66,50,49,False
1788642823.8420231,1788642900,76.2,Up,0.51,184.66,0.5,15,49,50,False
1788642823.8420231,1788642900,76.2,Down,0.5,15,0.49,184.66,50,49,False
1788642827.0580359,1788642900,72.9,Up,0.51,184.66,0.5,15,49,50,False
1788642827.0580359,1788642900,72.9,Down,0.5,15,0.49,184.66,50,49,False
1788642830.350404,1788642900,69.6,Up,0.51,184.66,0.5,15,49,50,False
1788642830.350404,1788642900,69.6,Down,0.5,15,0.49,184.66,50,49,False
1788642833.5698826,1788642900,66.4,Up,0.51,184.66,0.5,255,49,50,False
1788642833.5698826,1788642900,66.4,Down,0.5,255,0.49,184.66,50,49,False
1788642836.8642995,1788642900,63.1,Up,0.51,184.66,0.5,255,49,50,False
1788642836.8642995,1788642900,63.1,Down,0.5,255,0.49,184.66,50,49,False
1788642840.0923007,1788642900,59.9,Up,0.51,199.66,0.5,255,49,50,False
1788642840.0923007,1788642900,59.9,Down,0.5,255,0.49,199.66,50,49,False
1788642843.402762,1788642900,56.6,Up,0.51,199.66,0.5,255,49,50,False
1788642843.402762,1788642900,56.6,Down,0.5,255,0.49,199.66,50,49,False
1788642846.631374,1788642900,53.4,Up,0.51,151,0.5,260,49,50,False
1788642846.631374,1788642900,53.4,Down,0.5,260,0.49,151,50,49,False
1788642849.8583481,1788642900,50.1,Up,0.51,151,0.5,260,49,50,False
1788642849.8583481,1788642900,50.1,Down,0.5,260,0.49,151,50,49,False
1788642853.167066,1788642900,46.8,Up,0.51,151,0.5,260,49,50,False
1788642853.167066,1788642900,46.8,Down,0.5,260,0.49,151,50,49,False
1788642856.488432,1788642900,43.5,Up,0.51,151,0.5,20,49,50,False
1788642856.488432,1788642900,43.5,Down,0.5,20,0.49,151,50,49,False
1788642859.7609322,1788642900,40.2,Up,0.51,151,0.5,20,49,50,False
1788642859.7609322,1788642900,40.2,Down,0.5,20,0.49,151,50,49,False
1788642863.0052793,1788642900,37.0,Up,0.51,151,0.5,20,49,50,False
1788642863.0052793,1788642900,37.0,Down,0.5,20,0.49,151,50,49,False
1788642866.2248743,1788642900,33.8,Up,0.51,151,0.5,18,49,50,False
1788642866.2248743,1788642900,33.8,Down,0.5,18,0.49,151,50,49,False
1788642869.4505892,1788642900,30.5,Up,0.51,151,0.5,18,49,50,False
1788642869.4505892,1788642900,30.5,Down,0.5,18,0.49,151,50,49,False
1788642872.7425199,1788642900,27.3,Up,0.52,96.39,0.51,348.2,48,51,False
1788642872.7425199,1788642900,27.3,Down,0.49,348.2,0.48,90.96,51,48,False
1788642876.043293,1788642900,24.0,Up,0.57,123,0.56,100,43,56,False
1788642876.043293,1788642900,24.0,Down,0.44,100,0.43,123,56,43,False
1788642879.3424067,1788642900,20.7,Up,0.57,123,0.56,100,43,56,False
1788642879.3424067,1788642900,20.7,Down,0.44,100,0.43,123,56,43,False
1788642882.5926359,1788642900,17.4,Up,0.56,25,0.54,66.47,44,54,False
1788642882.5926359,1788642900,17.4,Down,0.46,66.47,0.44,25,54,44,False
1788642885.8944225,1788642900,14.1,Up,0.56,25,0.55,100,44,55,False
1788642885.8944225,1788642900,14.1,Down,0.45,100,0.44,25,55,44,False
1788642889.1929836,1788642900,10.8,Up,0.56,25,0.54,60.86,44,54,False
1788642889.1929836,1788642900,10.8,Down,0.46,60.86,0.44,25,54,44,False
1788642892.1115701,1788642900,7.9,Up,0.55,25,0.53,40.71,45,53,False
1788642892.1115701,1788642900,7.9,Down,0.47,40.71,0.45,25,53,45,False
1788642894.3779225,1788642900,5.6,Up,0.55,37.45,0.53,5.71,45,53,False
1788642894.3779225,1788642900,5.6,Down,0.47,35,0.45,37.45,53,45,False
1788642896.0814698,1788642900,3.9,Up,0.55,37.45,0.53,32.87,45,53,False
1788642896.0814698,1788642900,3.9,Down,0.47,30.74,0.45,37.45,53,45,False
1788642897.374527,1788642900,2.6,Up,0.54,271.14,0.53,14,46,52,False
1788642897.374527,1788642900,2.6,Down,0.48,4.25,0.47,42,51,47,False
1788642898.6854422,1788642900,1.3,Up,0.5,110,0.49,16.19,50,49,False
1788642898.6854422,1788642900,1.3,Down,0.51,7.19,0.5,110,49,50,False
1788642901.1430354,1788643200,298.9,Up,0.51,294.15,0.5,5,48,50,False
1788642901.1430354,1788643200,298.9,Down,0.5,5,0.49,294.15,50,48,False
1788642904.2959535,1788643200,295.7,Up,0.51,294.15,0.5,5,48,50,False
1788642904.2959535,1788643200,295.7,Down,0.5,5,0.49,294.15,50,48,False
1788642907.605318,1788643200,292.4,Up,0.51,309.15,0.5,15,49,50,False
1788642907.605318,1788643200,292.4,Down,0.5,15,0.49,309.15,50,49,False
1788642910.9074109,1788643200,289.1,Up,0.51,328.15,0.5,15,49,50,False
1788642910.9074109,1788643200,289.1,Down,0.5,15,0.49,328.15,50,49,False
1788642914.1413145,1788643200,285.9,Up,0.51,328.15,0.5,15,49,50,False
1788642914.1413145,1788643200,285.9,Down,0.5,15,0.49,328.15,50,49,False
1788642917.446941,1788643200,282.6,Up,0.51,333.15,0.5,15,49,50,False
1788642917.446941,1788643200,282.6,Down,0.5,15,0.49,333.15,50,49,False
1788642920.7359207,1788643200,279.3,Up,0.51,333.15,0.5,15,49,50,False
1788642920.7359207,1788643200,279.3,Down,0.5,15,0.49,333.15,50,49,False
1788642924.0396585,1788643200,276.0,Up,0.51,333.15,0.5,20,49,50,False
1788642924.0396585,1788643200,276.0,Down,0.5,20,0.49,333.15,50,49,False
1788642927.2613194,1788643200,272.7,Up,0.51,333.15,0.5,20,49,50,False
1788642927.2613194,1788643200,272.7,Down,0.5,20,0.49,333.15,50,49,False
1788642930.414861,1788643200,269.6,Up,0.51,333.15,0.5,20,49,50,False
1788642930.414861,1788643200,269.6,Down,0.5,20,0.49,333.15,50,49,False
1788642933.6407893,1788643200,266.4,Up,0.51,333.15,0.5,20,49,50,False
1788642933.6407893,1788643200,266.4,Down,0.5,20,0.49,333.15,50,49,False
1788642936.9493346,1788643200,263.1,Up,0.51,333.15,0.5,20,49,50,False
1788642936.9493346,1788643200,263.1,Down,0.5,20,0.49,333.15,50,49,False
1788642940.170203,1788643200,259.8,Up,0.51,333.15,0.5,20,49,50,False
1788642940.170203,1788643200,259.8,Down,0.5,20,0.49,333.15,50,49,False
1788642943.4651563,1788643200,256.5,Up,0.51,333.15,0.5,20,49,50,False
1788642943.4651563,1788643200,256.5,Down,0.5,20,0.49,333.15,50,49,False
1788642946.687747,1788643200,253.3,Up,0.51,222,0.5,15.91,49,50,False
1788642946.687747,1788643200,253.3,Down,0.5,15.91,0.49,222,50,49,False
1788642949.9961772,1788643200,250.0,Up,0.51,222,0.5,15.91,49,50,False
1788642949.9961772,1788643200,250.0,Down,0.5,15.91,0.49,222,50,49,False
1788642953.310485,1788643200,246.7,Up,0.51,222,0.5,15.91,49,50,False
1788642953.310485,1788643200,246.7,Down,0.5,15.91,0.49,222,50,49,False
1788642956.5457249,1788643200,243.5,Up,0.51,222,0.5,15.91,49,50,False
1788642956.5457249,1788643200,243.5,Down,0.5,15.91,0.49,222,50,49,False
1788642959.8494492,1788643200,240.2,Up,0.51,222,0.5,15.91,49,50,False
1788642959.8494492,1788643200,240.2,Down,0.5,15.91,0.49,222,50,49,False
1788642963.197291,1788643200,236.8,Up,0.51,222,0.5,15.91,49,50,False
1788642963.197291,1788643200,236.8,Down,0.5,15.91,0.49,222,50,49,False
1788642966.4216273,1788643200,233.6,Up,0.51,222,0.5,15.91,49,50,False
1788642966.4216273,1788643200,233.6,Down,0.5,15.91,0.49,222,50,49,False
1788642969.7321227,1788643200,230.3,Up,0.51,222,0.5,15.91,49,50,False
1788642969.7321227,1788643200,230.3,Down,0.5,15.91,0.49,222,50,49,False
1788642973.0338106,1788643200,227.0,Up,0.51,222,0.5,15.91,49,50,False
1788642973.0338106,1788643200,227.0,Down,0.5,15.91,0.49,222,50,49,False
1788642976.335987,1788643200,223.7,Up,0.51,222,0.5,15.91,49,50,False
1788642976.335987,1788643200,223.7,Down,0.5,15.91,0.49,222,50,49,False
1788642979.6597579,1788643200,220.3,Up,0.51,222,0.5,15.91,49,50,False
1788642979.6597579,1788643200,220.3,Down,0.5,15.91,0.49,222,50,49,False
1788642982.8800664,1788643200,217.1,Up,0.51,222,0.5,15.91,49,50,False
1788642982.8800664,1788643200,217.1,Down,0.5,15.91,0.49,222,50,49,False
1788642986.1792498,1788643200,213.8,Up,0.51,222,0.5,15.91,49,50,False
1788642986.1792498,1788643200,213.8,Down,0.5,15.91,0.49,222,50,49,False
1788642989.3954403,1788643200,210.6,Up,0.51,222,0.5,15.91,49,50,False
1788642989.3954403,1788643200,210.6,Down,0.5,15.91,0.49,222,50,49,False
1788642992.6935527,1788643200,207.3,Up,0.51,222,0.5,15.91,49,50,False
1788642992.6935527,1788643200,207.3,Down,0.5,15.91,0.49,222,50,49,False
1788642995.9783213,1788643200,204.0,Up,0.51,222,0.5,15.91,49,50,False
1788642995.9783213,1788643200,204.0,Down,0.5,15.91,0.49,222,50,49,False
1788642999.216393,1788643200,200.8,Up,0.51,222,0.5,15.91,49,50,False
1788642999.216393,1788643200,200.8,Down,0.5,15.91,0.49,222,50,49,False
1788643002.5460944,1788643200,197.5,Up,0.51,222,0.5,15.91,49,50,False
1788643002.5460944,1788643200,197.5,Down,0.5,15.91,0.49,222,50,49,False
1788643005.8610702,1788643200,194.1,Up,0.51,222,0.5,15.91,49,50,False
1788643005.8610702,1788643200,194.1,Down,0.5,15.91,0.49,222,50,49,False
1788643009.1616564,1788643200,190.8,Up,0.51,222,0.5,15.91,49,50,False
1788643009.1616564,1788643200,190.8,Down,0.5,15.91,0.49,222,50,49,False
1788643012.4706345,1788643200,187.5,Up,0.51,222,0.5,15.91,49,50,False
1788643012.4706345,1788643200,187.5,Down,0.5,15.91,0.49,222,50,49,False
1788643015.768708,1788643200,184.2,Up,0.51,222,0.5,15.91,49,50,False
1788643015.768708,1788643200,184.2,Down,0.5,15.91,0.49,222,50,49,False
1788643019.0727537,1788643200,180.9,Up,0.51,222,0.5,15.91,49,50,False
1788643019.0727537,1788643200,180.9,Down,0.5,15.91,0.49,222,50,49,False
1788643022.3713374,1788643200,177.6,Up,0.51,222,0.5,15.91,49,50,False
1788643022.3713374,1788643200,177.6,Down,0.5,15.91,0.49,222,50,49,False
1788643025.6669147,1788643200,174.3,Up,0.51,214,0.5,15.91,49,50,False
1788643025.6669147,1788643200,174.3,Down,0.5,15.91,0.49,214,50,49,False
1788643028.9724772,1788643200,171.0,Up,0.51,214,0.5,15.91,49,50,False
1788643028.9724772,1788643200,171.0,Down,0.5,15.91,0.49,214,50,49,False
1788643032.2767894,1788643200,167.7,Up,0.51,214,0.5,15.91,49,50,False
1788643032.2767894,1788643200,167.7,Down,0.5,15.91,0.49,214,50,49,False
1788643035.5858161,1788643200,164.4,Up,0.51,214,0.5,15.91,49,50,False
1788643035.5858161,1788643200,164.4,Down,0.5,15.91,0.49,214,50,49,False
1788643038.893895,1788643200,161.1,Up,0.51,214,0.5,15.91,49,50,False
1788643038.893895,1788643200,161.1,Down,0.5,15.91,0.49,214,50,49,False
1788643042.1945155,1788643200,157.8,Up,0.51,214,0.5,15.91,49,50,False
1788643042.1945155,1788643200,157.8,Down,0.5,15.91,0.49,214,50,49,False
1788643045.5022557,1788643200,154.5,Up,0.51,214,0.5,15.91,49,50,False
1788643045.5022557,1788643200,154.5,Down,0.5,15.91,0.49,214,50,49,False
1788643048.7607846,1788643200,151.2,Up,0.51,214,0.5,15.91,49,50,False
1788643048.7607846,1788643200,151.2,Down,0.5,15.91,0.49,214,50,49,False
1788643052.064195,1788643200,147.9,Up,0.51,214,0.5,3.91,49,50,False
1788643052.064195,1788643200,147.9,Down,0.5,3.91,0.49,214,50,49,False
1788643055.3601506,1788643200,144.6,Up,0.51,214,0.5,3.91,49,50,False
1788643055.3601506,1788643200,144.6,Down,0.5,3.91,0.49,214,50,49,False
1788643058.529846,1788643200,141.5,Up,0.51,214,0.5,3.91,49,50,False
1788643058.529846,1788643200,141.5,Down,0.5,3.91,0.49,214,50,49,False
1788643061.7428946,1788643200,138.3,Up,0.51,214,0.5,3.91,49,50,False
1788643061.7428946,1788643200,138.3,Down,0.5,3.91,0.49,214,50,49,False
1788643065.0544138,1788643200,134.9,Up,0.51,214,0.5,3.91,49,50,False
1788643065.0544138,1788643200,134.9,Down,0.5,3.91,0.49,214,50,49,False
1788643068.3785741,1788643200,131.6,Up,0.51,214,0.5,3.91,49,50,False
1788643068.3785741,1788643200,131.6,Down,0.5,3.91,0.49,214,50,49,False
1788643071.5977995,1788643200,128.4,Up,0.51,174.78,0.5,3.91,49,50,False
1788643071.5977995,1788643200,128.4,Down,0.5,3.91,0.49,174.78,50,49,False
1788643074.8177695,1788643200,125.2,Up,0.51,174.78,0.5,3.91,49,50,False
1788643074.8177695,1788643200,125.2,Down,0.5,3.91,0.49,174.78,50,49,False
1788643078.1349807,1788643200,121.9,Up,0.51,174.78,0.5,3.91,49,50,False
1788643078.1349807,1788643200,121.9,Down,0.5,3.91,0.49,174.78,50,49,False
1788643081.3601723,1788643200,118.6,Up,0.51,174.78,0.5,3.91,49,50,False
1788643081.3601723,1788643200,118.6,Down,0.5,3.91,0.49,174.78,50,49,False
1788643084.5944505,1788643200,115.4,Up,0.51,174.78,0.5,3.91,49,50,False
1788643084.5944505,1788643200,115.4,Down,0.5,3.91,0.49,174.78,50,49,False
1788643087.9321856,1788643200,112.1,Up,0.51,141.44,0.5,3.91,49,50,False
1788643087.9321856,1788643200,112.1,Down,0.5,3.91,0.49,141.44,50,49,False
1788643091.1626153,1788643200,108.8,Up,0.51,141.44,0.5,3.91,49,50,False
1788643091.1626153,1788643200,108.8,Down,0.5,3.91,0.49,141.44,50,49,False
1788643094.3071735,1788643200,105.7,Up,0.51,141.44,0.5,13.91,49,50,False
1788643094.3071735,1788643200,105.7,Down,0.5,13.91,0.49,141.44,50,49,False
1788643097.6373887,1788643200,102.4,Up,0.51,141.44,0.5,13.91,49,50,False
1788643097.6373887,1788643200,102.4,Down,0.5,13.91,0.49,141.44,50,49,False
1788643100.859193,1788643200,99.1,Up,0.51,141.44,0.5,13.91,49,50,False
1788643100.859193,1788643200,99.1,Down,0.5,13.91,0.49,141.44,50,49,False
1788643104.1678193,1788643200,95.8,Up,0.51,141.44,0.5,13.91,49,50,False
1788643104.1678193,1788643200,95.8,Down,0.5,13.91,0.49,141.44,50,49,False
1788643107.4740908,1788643200,92.5,Up,0.51,141.44,0.5,13.91,49,50,False
1788643107.4740908,1788643200,92.5,Down,0.5,13.91,0.49,141.44,50,49,False
1788643110.6999555,1788643200,89.3,Up,0.51,141.44,0.5,13.91,49,50,False
1788643110.6999555,1788643200,89.3,Down,0.5,13.91,0.49,141.44,50,49,False
1788643114.2932186,1788643200,85.7,Up,0.51,141.44,0.5,13.91,49,50,False
1788643114.2932186,1788643200,85.7,Down,0.5,13.91,0.49,141.44,50,49,False
1788643117.5901158,1788643200,82.4,Up,0.51,141.44,0.49,46,49,49,False
1788643117.5901158,1788643200,82.4,Down,0.51,46,0.49,141.44,49,49,False
1788643120.738507,1788643200,79.3,Up,0.51,122.44,0.49,46,49,49,False
1788643120.738507,1788643200,79.3,Down,0.51,46,0.49,122.44,49,49,False
1788643124.0435176,1788643200,76.0,Up,0.51,122.44,0.49,46,49,49,False
1788643124.0435176,1788643200,76.0,Down,0.51,46,0.49,122.44,49,49,False
1788643127.3389099,1788643200,72.7,Up,0.51,93.14,0.49,30,49,49,False
1788643127.3389099,1788643200,72.7,Down,0.51,30,0.49,93.14,49,49,False
1788643130.6402895,1788643200,69.4,Up,0.51,93.14,0.49,20,49,49,False
1788643130.6402895,1788643200,69.4,Down,0.51,20,0.49,93.14,49,49,False
1788643133.8572905,1788643200,66.1,Up,0.51,93.14,0.49,20,49,49,False
1788643133.8572905,1788643200,66.1,Down,0.51,20,0.49,93.14,49,49,False
1788643137.150172,1788643200,62.8,Up,0.51,108.14,0.49,20,49,49,False
1788643137.150172,1788643200,62.8,Down,0.51,20,0.49,108.14,49,49,False
1788643140.3805618,1788643200,59.6,Up,0.5,56.2,0.49,20,50,49,False
1788643140.3805618,1788643200,59.6,Down,0.51,20,0.5,56.2,49,50,False
1788643143.6990259,1788643200,56.3,Up,0.5,54,0.49,35,50,49,False
1788643143.6990259,1788643200,56.3,Down,0.51,35,0.5,54,49,50,False
1788643147.0943506,1788643200,52.9,Up,0.5,54,0.49,13.7,50,49,False
1788643147.0943506,1788643200,52.9,Down,0.51,13.7,0.5,54,49,50,False
1788643150.4106982,1788643200,49.6,Up,0.5,69,0.49,13.7,50,49,False
1788643150.4106982,1788643200,49.6,Down,0.51,13.7,0.5,69,49,50,False
1788643153.7566755,1788643200,46.2,Up,0.51,15,0.49,118,49,49,False
1788643153.7566755,1788643200,46.2,Down,0.5,62,0.48,105,50,48,False
1788643157.1286914,1788643200,42.9,Up,0.52,95.61,0.51,30,48,51,False
1788643157.1286914,1788643200,42.9,Down,0.49,30,0.48,95.61,51,48,False
1788643160.4529192,1788643200,39.5,Up,0.52,89.39,0.51,120,48,51,False
1788643160.4529192,1788643200,39.5,Down,0.49,120,0.48,89.39,51,48,False
1788643163.6780086,1788643200,36.3,Up,0.52,89.39,0.51,120,48,51,False
1788643163.6780086,1788643200,36.3,Down,0.49,120,0.48,89.39,51,48,False
1788643166.9004412,1788643200,33.1,Up,0.52,89.39,0.51,120,48,51,False
1788643166.9004412,1788643200,33.1,Down,0.49,120,0.48,89.39,51,48,False
1788643170.136193,1788643200,29.9,Up,0.52,89.39,0.51,108.67,48,51,False
1788643170.136193,1788643200,29.9,Down,0.49,108.67,0.48,89.39,51,48,False
1788643173.3642347,1788643200,26.6,Up,0.52,89.39,0.51,82.67,48,51,False
1788643173.3642347,1788643200,26.6,Down,0.49,5,0.48,89.39,51,48,False
1788643176.6798527,1788643200,23.3,Up,0.52,89.39,0.51,15,48,51,False
1788643176.6798527,1788643200,23.3,Down,0.49,15,0.48,89.39,51,48,False
1788643179.97979,1788643200,20.0,Up,0.52,89.39,0.51,76.97,48,51,False
1788643179.97979,1788643200,20.0,Down,0.49,5.94,0.48,104.39,51,48,False
1788643183.221549,1788643200,16.8,Up,0.52,89.39,0.51,105.94,48,51,False
1788643183.221549,1788643200,16.8,Down,0.49,125.94,0.48,89.39,51,48,False
1788643186.4520118,1788643200,13.5,Up,0.52,144.27,0.51,120,48,51,False
1788643186.4520118,1788643200,13.5,Down,0.49,120,0.48,144.27,51,48,False
1788643189.8704488,1788643200,10.1,Up,0.52,142.34,0.48,98,48,48,False
1788643189.8704488,1788643200,10.1,Down,0.52,98,0.48,142.34,48,48,False
1788643192.6635907,1788643200,7.3,Up,0.51,25.19,0.5,120,49,50,False
1788643192.6635907,1788643200,7.3,Down,0.5,120,0.49,25.19,50,49,False
1788643194.8109457,1788643200,5.2,Up,0.51,4.9,0.5,40,49,50,False
1788643194.8109457,1788643200,5.2,Down,0.5,38,0.49,4.9,50,49,False
1788643196.2734213,1788643200,3.7,Up,0.52,146.98,0.5,27.8,48,50,False
1788643196.2734213,1788643200,3.7,Down,0.5,27.8,0.48,146.98,50,48,False
1788643197.6080937,1788643200,2.4,Up,0.52,140.98,0.5,27.8,48,50,False
1788643197.6080937,1788643200,2.4,Down,0.5,27.8,0.48,140.98,50,48,False
1788643198.9727297,1788643200,1.0,Up,0.52,22.71,0.51,35,47,51,False
1788643198.9727297,1788643200,1.0,Down,0.49,35,0.44,42,51,44,False
1788643201.4800823,1788643500,298.5,Up,0.5,605,0.49,279.14,49,49,False
1788643201.4800823,1788643500,298.5,Down,0.51,279.14,0.5,605,49,49,False
1788643204.8500407,1788643500,295.1,Up,0.5,605,0.49,279.14,49,49,False
1788643204.8500407,1788643500,295.1,Down,0.51,279.14,0.5,605,49,49,False
1788643208.110277,1788643500,291.9,Up,0.5,615,0.49,294.14,50,49,False
1788643208.110277,1788643500,291.9,Down,0.51,294.14,0.5,615,49,50,False
1788643211.422972,1788643500,288.6,Up,0.5,635,0.49,294.14,50,49,False
1788643211.422972,1788643500,288.6,Down,0.51,294.14,0.5,635,49,50,False
1788643214.6781669,1788643500,285.3,Up,0.5,635,0.49,294.14,50,49,False
1788643214.6781669,1788643500,285.3,Down,0.51,299.14,0.5,635,49,50,False
1788643218.0231168,1788643500,282.0,Up,0.5,640,0.49,299.14,50,49,False
1788643218.0231168,1788643500,282.0,Down,0.51,299.14,0.5,640,49,50,False
1788643221.289213,1788643500,278.7,Up,0.5,640,0.49,304.14,50,49,False
1788643221.289213,1788643500,278.7,Down,0.51,304.14,0.5,640,49,50,False
1788643224.5308123,1788643500,275.5,Up,0.5,635,0.49,304.14,50,49,False
1788643224.5308123,1788643500,275.5,Down,0.51,304.14,0.5,635,49,50,False
1788643227.839097,1788643500,272.2,Up,0.5,635,0.49,302.33,50,49,False
1788643227.839097,1788643500,272.2,Down,0.51,302.33,0.5,635,49,50,False
1788643231.16934,1788643500,268.8,Up,0.5,635,0.49,302.33,50,49,False
1788643231.16934,1788643500,268.8,Down,0.51,302.33,0.5,635,49,50,False
1788643234.4748423,1788643500,265.5,Up,0.5,635,0.49,302.33,50,49,False
1788643234.4748423,1788643500,265.5,Down,0.51,302.33,0.5,635,49,50,False
1788643237.704014,1788643500,262.3,Up,0.5,635,0.49,302.33,50,49,False
1788643237.704014,1788643500,262.3,Down,0.51,302.33,0.5,635,49,50,False
1788643241.0215645,1788643500,259.0,Up,0.5,635,0.49,302.33,50,49,False
1788643241.0215645,1788643500,259.0,Down,0.51,302.33,0.5,635,49,50,False
1788643244.3469238,1788643500,255.7,Up,0.5,635,0.49,302.33,50,49,False
1788643244.3469238,1788643500,255.7,Down,0.51,193,0.5,635,49,50,False
1788643247.5925717,1788643500,252.4,Up,0.5,635,0.49,193,50,49,False
1788643247.5925717,1788643500,252.4,Down,0.51,193,0.5,635,49,50,False
1788643250.9138198,1788643500,249.1,Up,0.5,715,0.49,193,50,49,False
1788643250.9138198,1788643500,249.1,Down,0.51,193,0.5,715,49,50,False
1788643254.2299914,1788643500,245.8,Up,0.5,715,0.49,193,50,49,False
1788643254.2299914,1788643500,245.8,Down,0.51,193,0.5,715,49,50,False
1788643257.5586026,1788643500,242.4,Up,0.5,715,0.49,193,50,49,False
1788643257.5586026,1788643500,242.4,Down,0.51,193,0.5,715,49,50,False
1788643260.8715925,1788643500,239.1,Up,0.5,645,0.49,193,50,49,False
1788643260.8715925,1788643500,239.1,Down,0.51,193,0.5,645,49,50,False
1788643264.1860766,1788643500,235.8,Up,0.5,645,0.49,193,50,49,False
1788643264.1860766,1788643500,235.8,Down,0.51,193,0.5,645,49,50,False
1788643267.5107625,1788643500,232.5,Up,0.5,720,0.49,193,50,49,False
1788643267.5107625,1788643500,232.5,Down,0.51,193,0.5,720,49,50,False
1788643270.843143,1788643500,229.2,Up,0.5,720,0.49,193,50,49,False
1788643270.843143,1788643500,229.2,Down,0.51,193,0.5,720,49,50,False
1788643274.0999868,1788643500,225.9,Up,0.5,720,0.49,193,50,49,False
1788643274.0999868,1788643500,225.9,Down,0.51,193,0.5,720,49,50,False
1788643277.4043086,1788643500,222.6,Up,0.5,650,0.49,193,50,49,False
1788643277.4043086,1788643500,222.6,Down,0.51,193,0.5,650,49,50,False
1788643280.7125883,1788643500,219.3,Up,0.5,650,0.49,193,50,49,False
1788643280.7125883,1788643500,219.3,Down,0.51,193,0.5,720,49,50,False
1788643284.0230534,1788643500,216.0,Up,0.5,720,0.49,193,50,49,False
1788643284.0230534,1788643500,216.0,Down,0.51,193,0.5,720,49,50,False
1788643287.2486422,1788643500,212.8,Up,0.5,650,0.49,193,50,49,False
1788643287.2486422,1788643500,212.8,Down,0.51,193,0.5,640,49,50,False
1788643290.5642064,1788643500,209.4,Up,0.5,650,0.49,193,50,49,False
1788643290.5642064,1788643500,209.4,Down,0.51,193,0.5,640,49,50,False
1788643293.880517,1788643500,206.1,Up,0.5,650,0.49,193,50,49,False
1788643293.880517,1788643500,206.1,Down,0.51,193,0.5,640,49,50,False
1788643297.1949067,1788643500,202.8,Up,0.5,650,0.49,193,50,49,False
1788643297.1949067,1788643500,202.8,Down,0.51,193,0.5,640,49,50,False
1788643300.5252905,1788643500,199.5,Up,0.5,650,0.49,193,50,49,False
1788643300.5252905,1788643500,199.5,Down,0.51,193,0.5,640,49,50,False
1788643303.8351235,1788643500,196.2,Up,0.5,650,0.49,193,50,49,False
1788643303.8351235,1788643500,196.2,Down,0.51,193,0.5,640,49,50,False
1788643307.1510825,1788643500,192.8,Up,0.5,650,0.49,193,50,49,False
1788643307.1510825,1788643500,192.8,Down,0.51,193,0.5,650,49,50,False
1788643310.3809698,1788643500,189.6,Up,0.5,650,0.49,193,50,49,False
1788643310.3809698,1788643500,189.6,Down,0.51,193,0.5,650,49,50,False
1788643313.6159658,1788643500,186.4,Up,0.5,650,0.49,193,50,49,False
1788643313.6159658,1788643500,186.4,Down,0.51,193,0.5,650,49,50,False
1788643316.9291494,1788643500,183.1,Up,0.5,650,0.49,193,50,49,False
1788643316.9291494,1788643500,183.1,Down,0.51,193,0.5,650,49,50,False
1788643320.241854,1788643500,179.8,Up,0.5,650,0.49,193,50,49,False
1788643320.241854,1788643500,179.8,Down,0.51,193,0.5,720,49,50,False
1788643323.4800494,1788643500,176.5,Up,0.5,650,0.49,193,50,49,False
1788643323.4800494,1788643500,176.5,Down,0.51,193,0.5,720,49,50,False
1788643326.7902453,1788643500,173.2,Up,0.5,720,0.49,185,50,49,False
1788643326.7902453,1788643500,173.2,Down,0.51,185,0.5,720,49,50,False
1788643330.119445,1788643500,169.9,Up,0.5,650,0.49,185,50,49,False
1788643330.119445,1788643500,169.9,Down,0.51,185,0.5,650,49,50,False
1788643333.4318817,1788643500,166.6,Up,0.5,720,0.49,185,50,49,False
1788643333.4318817,1788643500,166.6,Down,0.51,185,0.5,720,49,50,False
1788643336.748016,1788643500,163.3,Up,0.5,720,0.49,185,50,49,False
1788643336.748016,1788643500,163.3,Down,0.51,185,0.5,720,49,50,False
1788643340.070108,1788643500,159.9,Up,0.5,720,0.49,185,50,49,False
1788643340.070108,1788643500,159.9,Down,0.51,185,0.5,720,49,50,False
1788643343.302726,1788643500,156.7,Up,0.5,640,0.49,185,50,49,False
1788643343.302726,1788643500,156.7,Down,0.51,185,0.5,640,49,50,False
1788643346.5402632,1788643500,153.5,Up,0.5,640,0.49,185,50,49,False
1788643346.5402632,1788643500,153.5,Down,0.51,185,0.5,640,49,50,False
1788643349.8550553,1788643500,150.1,Up,0.5,640,0.49,185,50,49,False
1788643349.8550553,1788643500,150.1,Down,0.51,185,0.5,640,49,50,False
1788643353.080252,1788643500,146.9,Up,0.5,640,0.49,169,50,49,False
1788643353.080252,1788643500,146.9,Down,0.51,169,0.5,640,49,50,False
1788643356.4034963,1788643500,143.6,Up,0.5,640,0.49,169,50,49,False
1788643356.4034963,1788643500,143.6,Down,0.51,169,0.5,640,49,50,False
1788643359.6285586,1788643500,140.4,Up,0.5,640,0.49,169,50,49,False
1788643359.6285586,1788643500,140.4,Down,0.51,169,0.5,640,49,50,False
1788643362.9336488,1788643500,137.1,Up,0.5,650,0.49,169,50,49,False
1788643362.9336488,1788643500,137.1,Down,0.51,169,0.5,650,49,50,False
1788643366.2556772,1788643500,133.7,Up,0.5,650,0.49,179,50,49,False
1788643366.2556772,1788643500,133.7,Down,0.51,179,0.5,650,49,50,False
1788643369.5567207,1788643500,130.4,Up,0.5,650,0.49,179,50,49,False
1788643369.5567207,1788643500,130.4,Down,0.51,179,0.5,650,49,50,False
1788643372.796424,1788643500,127.2,Up,0.5,650,0.49,379,50,49,False
1788643372.796424,1788643500,127.2,Down,0.51,379,0.5,650,49,50,False
1788643376.0219035,1788643500,124.0,Up,0.5,650,0.49,369,50,49,False
1788643376.0219035,1788643500,124.0,Down,0.51,369,0.5,650,49,50,False
1788643379.3285773,1788643500,120.7,Up,0.5,650,0.49,369,50,49,False
1788643379.3285773,1788643500,120.7,Down,0.51,369,0.5,650,49,50,False
1788643382.6255043,1788643500,117.4,Up,0.5,650,0.49,369,50,49,False
1788643382.6255043,1788643500,117.4,Down,0.51,369,0.5,650,49,50,False
1788643385.9317439,1788643500,114.1,Up,0.5,55,0.49,369,50,49,False
1788643385.9317439,1788643500,114.1,Down,0.51,369,0.5,55,49,50,False
1788643389.25648,1788643500,110.7,Up,0.5,55,0.49,369,50,49,False
1788643389.25648,1788643500,110.7,Down,0.51,369,0.5,55,49,50,False
1788643392.5645387,1788643500,107.4,Up,0.5,55,0.49,361.55,50,49,False
1788643392.5645387,1788643500,107.4,Down,0.51,361.55,0.5,55,49,50,False
1788643395.879083,1788643500,104.1,Up,0.5,55,0.49,361.55,50,49,False
1788643395.879083,1788643500,104.1,Down,0.51,361.55,0.5,55,49,50,False
1788643399.1930058,1788643500,100.8,Up,0.5,55,0.49,361.55,50,49,False
1788643399.1930058,1788643500,100.8,Down,0.51,361.55,0.5,55,49,50,False
1788643402.5277386,1788643500,97.5,Up,0.5,55,0.49,361.55,50,49,False
1788643402.5277386,1788643500,97.5,Down,0.51,361.55,0.5,55,49,50,False
1788643405.8396056,1788643500,94.2,Up,0.5,47,0.49,361.55,50,49,False
1788643405.8396056,1788643500,94.2,Down,0.51,361.55,0.5,47,49,50,False
1788643409.077137,1788643500,90.9,Up,0.5,47,0.49,361.55,50,49,False
1788643409.077137,1788643500,90.9,Down,0.51,361.55,0.5,47,49,50,False
1788643412.3915508,1788643500,87.6,Up,0.5,47,0.49,361.55,50,49,False
1788643412.3915508,1788643500,87.6,Down,0.51,361.55,0.5,47,49,50,False
1788643415.7182362,1788643500,84.3,Up,0.5,37,0.49,361.55,50,49,False
1788643415.7182362,1788643500,84.3,Down,0.51,361.55,0.5,37,49,50,False
1788643418.95444,1788643500,81.0,Up,0.5,37,0.49,361.55,50,49,False
1788643418.95444,1788643500,81.0,Down,0.51,361.55,0.5,37,49,50,False
1788643422.2730038,1788643500,77.7,Up,0.5,37,0.49,353.7,50,49,False
1788643422.2730038,1788643500,77.7,Down,0.51,353.7,0.5,37,49,50,False
1788643425.502125,1788643500,74.5,Up,0.5,37,0.49,225,50,49,False
1788643425.502125,1788643500,74.5,Down,0.51,225,0.5,37,49,50,False
1788643428.81783,1788643500,71.2,Up,0.5,37,0.49,175.98,50,49,False
1788643428.81783,1788643500,71.2,Down,0.51,175.98,0.5,37,49,50,False
1788643432.13752,1788643500,67.9,Up,0.5,37,0.49,159.5,50,49,False
1788643432.13752,1788643500,67.9,Down,0.51,159.5,0.5,37,49,50,False
1788643435.2853246,1788643500,64.7,Up,0.5,136,0.49,174.5,50,49,False
1788643435.2853246,1788643500,64.7,Down,0.51,174.5,0.5,136,49,50,False
1788643438.5218859,1788643500,61.5,Up,0.5,136,0.49,174.5,50,49,False
1788643438.5218859,1788643500,61.5,Down,0.51,174.5,0.5,136,49,50,False
1788643441.814869,1788643500,58.2,Up,0.5,136,0.49,76.46,50,49,False
1788643441.814869,1788643500,58.2,Down,0.51,76.46,0.5,136,49,50,False
1788643445.0461192,1788643500,55.0,Up,0.5,136,0.49,76.46,50,49,False
1788643445.0461192,1788643500,55.0,Down,0.51,76.46,0.5,136,49,50,False
1788643448.3633301,1788643500,51.6,Up,0.51,62.45,0.5,35,49,50,False
1788643448.3633301,1788643500,51.6,Down,0.5,35,0.49,10,50,49,False
1788643451.602375,1788643500,48.4,Up,0.51,10,0.5,35,49,50,False
1788643451.602375,1788643500,48.4,Down,0.5,35,0.49,10,50,49,False
1788643454.9148335,1788643500,45.1,Up,0.51,20,0.5,35,49,50,False
1788643454.9148335,1788643500,45.1,Down,0.5,35,0.49,10,50,49,False
1788643458.1439903,1788643500,41.9,Up,0.54,58,0.53,213,46,53,False
1788643458.1439903,1788643500,41.9,Down,0.47,213,0.46,58,53,46,False
1788643461.3879201,1788643500,38.6,Up,0.54,27.54,0.53,214,46,53,False
1788643461.3879201,1788643500,38.6,Down,0.47,214,0.46,27.54,53,46,False
1788643464.7193718,1788643500,35.3,Up,0.54,22.54,0.53,224,46,53,False
1788643464.7193718,1788643500,35.3,Down,0.47,224,0.46,22.54,53,46,False
1788643468.0431433,1788643500,32.0,Up,0.54,22.54,0.53,200.59,46,53,False
1788643468.0431433,1788643500,32.0,Down,0.47,200.59,0.46,22.54,53,46,False
1788643471.2948892,1788643500,28.7,Up,0.54,12.54,0.53,200.59,46,53,False
1788643471.2948892,1788643500,28.7,Down,0.47,200.59,0.46,12.54,53,46,False
1788643474.6274834,1788643500,25.4,Up,0.54,12.54,0.53,135.96,46,53,False
1788643474.6274834,1788643500,25.4,Down,0.47,135.96,0.46,4.54,53,46,False
1788643477.9433167,1788643500,22.1,Up,0.54,154.54,0.53,83.21,46,53,False
1788643477.9433167,1788643500,22.1,Down,0.47,83.21,0.46,154.54,53,46,False
1788643481.1602902,1788643500,18.8,Up,0.5,208,0.49,36.97,50,48,False
1788643481.1602902,1788643500,18.8,Down,0.51,11.59,0.5,208,48,50,False
1788643484.4782715,1788643500,15.5,Up,0.49,311,0.48,34.81,51,47,False
1788643484.4782715,1788643500,15.5,Down,0.52,34.81,0.51,311,47,51,False
1788643487.789867,1788643500,12.2,Up,0.41,198,0.4,50,59,38,False
1788643487.789867,1788643500,12.2,Down,0.6,50,0.59,213,38,59,False
1788643491.0947766,1788643500,8.9,Up,0.42,82.45,0.4,41.66,58,39,False
1788643491.0947766,1788643500,8.9,Down,0.6,41.66,0.59,57,39,59,False
1788643493.642196,1788643500,6.4,Up,0.41,157,0.4,53.66,59,39,False
1788643493.642196,1788643500,6.4,Down,0.6,53.66,0.59,157,39,59,False
1788643495.5384989,1788643500,4.5,Up,0.4,40.86,0.39,10,60,39,False
1788643495.5384989,1788643500,4.5,Down,0.61,10,0.6,40.86,39,60,False
1788643496.8989148,1788643500,3.1,Up,0.39,100,0.38,95.83,61,38,False
1788643496.8989148,1788643500,3.1,Down,0.62,95.83,0.61,100,38,61,False
1788643498.2177389,1788643500,1.8,Up,0.39,155.19,0.38,95.83,61,38,False
1788643498.2177389,1788643500,1.8,Down,0.62,70.39,0.61,155.19,38,61,False
1788643500.7598808,1788643800,299.2,Up,0.49,117.93,0.48,155,51,48,False
1788643500.7598808,1788643800,299.2,Down,0.52,155,0.51,117.93,48,51,False
1788643504.157177,1788643800,295.8,Up,0.49,117.93,0.48,155,51,48,False
1788643504.157177,1788643800,295.8,Down,0.52,155,0.51,117.93,48,51,False
1788643507.4955807,1788643800,292.5,Up,0.49,127.93,0.48,170,51,48,False
1788643507.4955807,1788643800,292.5,Down,0.52,170,0.51,127.93,48,51,False
1788643510.8332236,1788643800,289.2,Up,0.49,127.93,0.48,170,51,48,False
1788643510.8332236,1788643800,289.2,Down,0.52,170,0.51,127.93,48,51,False
1788643514.1559296,1788643800,285.8,Up,0.49,117.72,0.48,170,51,48,False
1788643514.1559296,1788643800,285.8,Down,0.52,170,0.51,117.72,48,51,False
1788643517.473462,1788643800,282.5,Up,0.49,162.72,0.48,175,51,48,False
1788643517.473462,1788643800,282.5,Down,0.52,175,0.51,162.72,48,51,False
1788643520.7799158,1788643800,279.2,Up,0.49,162.72,0.48,275,51,48,False
1788643520.7799158,1788643800,279.2,Down,0.52,275,0.51,162.72,48,51,False
1788643524.1073682,1788643800,275.9,Up,0.49,157.72,0.48,275,51,48,False
1788643524.1073682,1788643800,275.9,Down,0.52,275,0.51,157.72,48,51,False
1788643527.4077637,1788643800,272.6,Up,0.49,157.72,0.48,275,51,48,False
1788643527.4077637,1788643800,272.6,Down,0.52,275,0.51,157.72,48,51,False
1788643530.7264144,1788643800,269.3,Up,0.49,157.72,0.48,275,51,48,False
1788643530.7264144,1788643800,269.3,Down,0.52,275,0.51,157.72,48,51,False
1788643534.034477,1788643800,266.0,Up,0.49,157.72,0.48,273.22,51,48,False
1788643534.034477,1788643800,266.0,Down,0.52,273.22,0.51,157.72,48,51,False
1788643537.3540363,1788643800,262.6,Up,0.49,157.72,0.48,273.22,51,48,False
1788643537.3540363,1788643800,262.6,Down,0.52,273.22,0.51,157.72,48,51,False
1788643540.678738,1788643800,259.3,Up,0.49,157.72,0.48,273.22,51,48,False
1788643540.678738,1788643800,259.3,Down,0.52,273.22,0.51,157.72,48,51,False
1788643544.0044272,1788643800,256.0,Up,0.49,157.72,0.48,273.22,51,48,False
1788643544.0044272,1788643800,256.0,Down,0.52,273.22,0.51,157.72,48,51,False
1788643547.1524806,1788643800,252.8,Up,0.49,157.72,0.48,273.22,51,48,False
1788643547.1524806,1788643800,252.8,Down,0.52,273.22,0.51,157.72,48,51,False
1788643550.3757198,1788643800,249.6,Up,0.49,157.72,0.48,283.22,51,48,False
1788643550.3757198,1788643800,249.6,Down,0.52,283.22,0.51,157.72,48,51,False
1788643553.6969612,1788643800,246.3,Up,0.49,157.72,0.48,283.22,51,48,False
1788643553.6969612,1788643800,246.3,Down,0.52,283.22,0.51,157.72,48,51,False
1788643557.000752,1788643800,243.0,Up,0.49,157.72,0.48,283.22,51,48,False
1788643557.000752,1788643800,243.0,Down,0.52,283.22,0.51,157.72,48,51,False
1788643560.3234196,1788643800,239.7,Up,0.49,157.72,0.48,283.22,51,48,False
1788643560.3234196,1788643800,239.7,Down,0.52,283.22,0.51,157.72,48,51,False
1788643563.5590413,1788643800,236.4,Up,0.49,157.72,0.48,283.22,51,48,False
1788643563.5590413,1788643800,236.4,Down,0.52,283.22,0.51,157.72,48,51,False
1788643566.8844662,1788643800,233.1,Up,0.49,157.72,0.48,283.22,51,48,False
1788643566.8844662,1788643800,233.1,Down,0.52,283.22,0.51,157.72,48,51,False
1788643570.2024715,1788643800,229.8,Up,0.49,46.2,0.48,283.22,51,48,False
1788643570.2024715,1788643800,229.8,Down,0.52,283.22,0.51,46.2,48,51,False
1788643573.5480883,1788643800,226.5,Up,0.49,46.2,0.48,283.22,51,48,False
1788643573.5480883,1788643800,226.5,Down,0.52,283.22,0.51,46.2,48,51,False
1788643576.8650398,1788643800,223.1,Up,0.49,46.2,0.48,283.22,51,48,False
1788643576.8650398,1788643800,223.1,Down,0.52,283.22,0.51,46.2,48,51,False
1788643580.1889286,1788643800,219.8,Up,0.49,46.2,0.48,283.22,51,48,False
1788643580.1889286,1788643800,219.8,Down,0.52,283.22,0.51,46.2,48,51,False
1788643583.5070987,1788643800,216.5,Up,0.49,46.2,0.48,283.22,51,48,False
1788643583.5070987,1788643800,216.5,Down,0.52,283.22,0.51,46.2,48,51,False
1788643586.8067024,1788643800,213.2,Up,0.49,46.2,0.48,283.22,51,48,False
1788643586.8067024,1788643800,213.2,Down,0.52,283.22,0.51,46.2,48,51,False
1788643590.113294,1788643800,209.9,Up,0.49,46.2,0.48,283.22,51,48,False
1788643590.113294,1788643800,209.9,Down,0.52,283.22,0.51,46.2,48,51,False
1788643593.416464,1788643800,206.6,Up,0.49,46.2,0.48,283.22,51,48,False
1788643593.416464,1788643800,206.6,Down,0.52,283.22,0.51,46.2,48,51,False
1788643596.7325823,1788643800,203.3,Up,0.49,46.2,0.48,283.22,51,48,False
1788643596.7325823,1788643800,203.3,Down,0.52,283.22,0.51,46.2,48,51,False
1788643600.0620096,1788643800,199.9,Up,0.49,46.2,0.48,283.22,51,48,False
1788643600.0620096,1788643800,199.9,Down,0.52,283.22,0.51,46.2,48,51,False
1788643603.375366,1788643800,196.6,Up,0.49,46.2,0.48,283.22,51,48,False
1788643603.375366,1788643800,196.6,Down,0.52,283.22,0.51,46.2,48,51,False
1788643606.6847227,1788643800,193.3,Up,0.49,46.2,0.48,283.22,51,48,False
1788643606.6847227,1788643800,193.3,Down,0.52,283.22,0.51,46.2,48,51,False
1788643609.9310768,1788643800,190.1,Up,0.49,46.2,0.48,283.22,51,48,False
1788643609.9310768,1788643800,190.1,Down,0.52,283.22,0.51,46.2,48,51,False
1788643613.1629355,1788643800,186.8,Up,0.49,46.2,0.48,283.22,51,48,False
1788643613.1629355,1788643800,186.8,Down,0.52,283.22,0.51,46.2,48,51,False
1788643616.4706223,1788643800,183.5,Up,0.49,46.2,0.48,283.22,51,48,False
1788643616.4706223,1788643800,183.5,Down,0.52,283.22,0.51,46.2,48,51,False
1788643619.7946773,1788643800,180.2,Up,0.49,46.2,0.48,283.22,51,48,False
1788643619.7946773,1788643800,180.2,Down,0.52,283.22,0.51,46.2,48,51,False
1788643623.0171163,1788643800,177.0,Up,0.49,76.2,0.48,283.22,51,48,False
1788643623.0171163,1788643800,177.0,Down,0.52,283.22,0.51,76.2,48,51,False
1788643626.3363585,1788643800,173.7,Up,0.49,76.2,0.48,283.22,51,48,False
1788643626.3363585,1788643800,173.7,Down,0.52,283.22,0.51,76.2,48,51,False
1788643629.5812085,1788643800,170.4,Up,0.49,76.2,0.48,283.22,51,48,False
1788643629.5812085,1788643800,170.4,Down,0.52,283.22,0.51,76.2,48,51,False
1788643632.8793309,1788643800,167.1,Up,0.49,76.2,0.48,283.22,51,48,False
1788643632.8793309,1788643800,167.1,Down,0.52,283.22,0.51,76.2,48,51,False
1788643636.1974773,1788643800,163.8,Up,0.49,55.79,0.48,283.22,51,48,False
1788643636.1974773,1788643800,163.8,Down,0.52,283.22,0.51,55.79,48,51,False
1788643639.528917,1788643800,160.5,Up,0.49,20.79,0.48,283.22,51,48,False
1788643639.528917,1788643800,160.5,Down,0.52,283.22,0.51,20.79,48,51,False
1788643642.8606408,1788643800,157.1,Up,0.49,20.79,0.48,275.37,51,48,False
1788643642.8606408,1788643800,157.1,Down,0.52,275.37,0.51,20.79,48,51,False
1788643646.115121,1788643800,153.9,Up,0.49,20.79,0.48,275.37,51,48,False
1788643646.115121,1788643800,153.9,Down,0.52,275.37,0.51,20.79,48,51,False
1788643649.4293318,1788643800,150.6,Up,0.49,20.79,0.48,275.37,51,48,False
1788643649.4293318,1788643800,150.6,Down,0.52,275.37,0.51,20.79,48,51,False
1788643652.6866217,1788643800,147.3,Up,0.49,20.79,0.48,275.37,51,48,False
1788643652.6866217,1788643800,147.3,Down,0.52,275.37,0.51,20.79,48,51,False
1788643655.9881084,1788643800,144.0,Up,0.49,20.79,0.48,275.37,51,48,False
1788643655.9881084,1788643800,144.0,Down,0.52,275.37,0.51,20.79,48,51,False
1788643659.1317134,1788643800,140.9,Up,0.49,20.79,0.48,275.37,51,48,False
1788643659.1317134,1788643800,140.9,Down,0.52,275.37,0.51,20.79,48,51,False
1788643662.4557245,1788643800,137.5,Up,0.49,20.79,0.48,265.37,51,48,False
1788643662.4557245,1788643800,137.5,Down,0.52,265.37,0.51,20.79,48,51,False
1788643665.7612152,1788643800,134.2,Up,0.49,20.79,0.48,265.37,51,48,False
1788643665.7612152,1788643800,134.2,Down,0.52,265.37,0.51,20.79,48,51,False
1788643668.9945092,1788643800,131.0,Up,0.49,20.79,0.48,265.37,51,48,False
1788643668.9945092,1788643800,131.0,Down,0.52,265.37,0.51,20.79,48,51,False
1788643672.3126194,1788643800,127.7,Up,0.49,20.79,0.48,265.37,51,48,False
1788643672.3126194,1788643800,127.7,Down,0.52,265.37,0.51,20.79,48,51,False
1788643675.659711,1788643800,124.3,Up,0.49,20.79,0.48,265.37,51,48,False
1788643675.659711,1788643800,124.3,Down,0.52,265.37,0.51,20.79,48,51,False
1788643678.8954096,1788643800,121.1,Up,0.49,20.79,0.48,265.37,51,48,False
1788643678.8954096,1788643800,121.1,Down,0.52,265.37,0.51,20.79,48,51,False
1788643682.1409938,1788643800,117.9,Up,0.49,20.79,0.48,265.37,51,48,False
1788643682.1409938,1788643800,117.9,Down,0.52,265.37,0.51,20.79,48,51,False
1788643685.3873742,1788643800,114.6,Up,0.49,20.79,0.48,255.37,51,48,False
1788643685.3873742,1788643800,114.6,Down,0.52,255.37,0.51,20.79,48,51,False
1788643688.7212298,1788643800,111.3,Up,0.49,20.79,0.48,255.37,51,48,False
1788643688.7212298,1788643800,111.3,Down,0.52,255.37,0.51,20.79,48,51,False
1788643692.0474365,1788643800,108.0,Up,0.49,20.79,0.48,255.37,51,48,False
1788643692.0474365,1788643800,108.0,Down,0.52,255.37,0.51,20.79,48,51,False
1788643695.3562455,1788643800,104.6,Up,0.49,20.79,0.48,265.37,51,48,False
1788643695.3562455,1788643800,104.6,Down,0.52,265.37,0.51,20.79,48,51,False
1788643698.5940893,1788643800,101.4,Up,0.49,20.79,0.48,258.4,51,48,False
1788643698.5940893,1788643800,101.4,Down,0.52,258.4,0.51,20.79,48,51,False
1788643701.90259,1788643800,98.1,Up,0.49,20.79,0.48,258.4,51,48,False
1788643701.90259,1788643800,98.1,Down,0.52,258.4,0.51,20.79,48,51,False
1788643705.2501328,1788643800,94.7,Up,0.49,20.79,0.48,248.4,51,48,False
1788643705.2501328,1788643800,94.7,Down,0.52,248.4,0.51,20.79,48,51,False
1788643708.5404646,1788643800,91.5,Up,0.49,20.79,0.48,248.4,51,48,False
1788643708.5404646,1788643800,91.5,Down,0.52,248.4,0.51,20.79,48,51,False
1788643711.754854,1788643800,88.2,Up,0.49,20.79,0.48,120,51,48,False
1788643711.754854,1788643800,88.2,Down,0.52,120,0.51,20.79,48,51,False
1788643715.0663168,1788643800,84.9,Up,0.49,20.79,0.48,220,51,48,False
1788643715.0663168,1788643800,84.9,Down,0.52,220,0.51,20.79,48,51,False
1788643718.3585637,1788643800,81.6,Up,0.49,20.79,0.48,220,51,48,False
1788643718.3585637,1788643800,81.6,Down,0.52,220,0.51,20.79,48,51,False
1788643721.6754198,1788643800,78.3,Up,0.49,20.79,0.48,220,51,48,False
1788643721.6754198,1788643800,78.3,Down,0.52,220,0.51,20.79,48,51,False
1788643724.9903522,1788643800,75.0,Up,0.49,20.79,0.48,220,51,48,False
1788643724.9903522,1788643800,75.0,Down,0.52,220,0.51,20.79,48,51,False
1788643728.3043547,1788643800,71.7,Up,0.49,20.79,0.48,220,51,48,False
1788643728.3043547,1788643800,71.7,Down,0.52,220,0.51,20.79,48,51,False
1788643731.6142237,1788643800,68.4,Up,0.49,20.79,0.48,220,51,48,False
1788643731.6142237,1788643800,68.4,Down,0.52,220,0.51,20.79,48,51,False
1788643734.9184618,1788643800,65.1,Up,0.49,20.79,0.48,220,51,48,False
1788643734.9184618,1788643800,65.1,Down,0.52,220,0.51,20.79,48,51,False
1788643738.058106,1788643800,61.9,Up,0.49,20.79,0.48,235,51,48,False
1788643738.058106,1788643800,61.9,Down,0.52,235,0.51,20.79,48,51,False
1788643741.2798076,1788643800,58.7,Up,0.49,20.79,0.48,235,51,48,False
1788643741.2798076,1788643800,58.7,Down,0.52,235,0.51,20.79,48,51,False
1788643744.599734,1788643800,55.4,Up,0.49,20.79,0.48,230,51,48,False
1788643744.599734,1788643800,55.4,Down,0.52,230,0.51,20.79,48,51,False
1788643747.9049325,1788643800,52.1,Up,0.49,20.79,0.48,220,51,48,False
1788643747.9049325,1788643800,52.1,Down,0.52,220,0.51,20.79,48,51,False
1788643751.2119076,1788643800,48.8,Up,0.49,20.79,0.48,220,51,48,False
1788643751.2119076,1788643800,48.8,Down,0.52,220,0.51,20.79,48,51,False
1788643754.4352648,1788643800,45.6,Up,0.49,30.79,0.48,120,51,48,False
1788643754.4352648,1788643800,45.6,Down,0.52,120,0.51,30.79,48,51,False
1788643757.7427034,1788643800,42.3,Up,0.49,40.79,0.48,120,51,48,False
1788643757.7427034,1788643800,42.3,Down,0.52,120,0.51,40.79,48,51,False
1788643761.0508142,1788643800,38.9,Up,0.5,328.5,0.48,125,50,48,False
1788643761.0508142,1788643800,38.9,Down,0.52,125,0.5,328.5,48,50,False
1788643764.3770149,1788643800,35.6,Up,0.5,234.5,0.49,40,50,49,False
1788643764.3770149,1788643800,35.6,Down,0.51,40,0.5,234.5,49,50,False
1788643767.700413,1788643800,32.3,Up,0.5,226.5,0.49,40,50,49,False
1788643767.700413,1788643800,32.3,Down,0.51,40,0.5,226.5,49,50,False
1788643771.0140445,1788643800,29.0,Up,0.5,184.5,0.49,35,50,49,False
1788643771.0140445,1788643800,29.0,Down,0.51,35,0.5,184.5,49,50,False
1788643774.3366258,1788643800,25.7,Up,0.5,183,0.49,4.31,50,49,False
1788643774.3366258,1788643800,25.7,Down,0.51,4.31,0.5,183,49,50,False
1788643777.6470358,1788643800,22.4,Up,0.5,195.98,0.49,6.12,50,49,False
1788643777.6470358,1788643800,22.4,Down,0.51,6.12,0.5,195.98,49,50,False
1788643780.9606674,1788643800,19.0,Up,0.5,195.98,0.48,163.52,50,48,False
1788643780.9606674,1788643800,19.0,Down,0.52,163.52,0.5,195.98,48,50,False
1788643784.182933,1788643800,15.8,Up,0.5,195.98,0.48,163.52,50,48,False
1788643784.182933,1788643800,15.8,Down,0.52,163.52,0.5,195.98,48,50,False
1788643787.3439214,1788643800,12.7,Up,0.5,5.5,0.48,146.4,50,48,False
1788643787.3439214,1788643800,12.7,Down,0.52,146.4,0.5,105.5,48,50,False
1788643790.6462507,1788643800,9.4,Up,0.5,105.5,0.48,215.47,50,48,False
1788643790.6462507,1788643800,9.4,Down,0.51,15,0.5,105.5,49,50,False
1788643793.298137,1788643800,6.7,Up,0.5,105.5,0.49,35,50,49,False
1788643793.298137,1788643800,6.7,Down,0.52,87.48,0.5,103.5,48,50,False
1788643795.289527,1788643800,4.7,Up,0.5,118.5,0.48,15,50,47,False
1788643795.289527,1788643800,4.7,Down,0.52,35,0.5,118.5,48,50,False
1788643796.694396,1788643800,3.3,Up,0.49,499.99,0.48,40.81,51,48,False
1788643796.694396,1788643800,3.3,Down,0.52,35.81,0.51,499.99,48,51,False
1788643798.0012321,1788643800,2.0,Up,0.49,241.81,0.48,75.49,51,48,False
1788643798.0012321,1788643800,2.0,Down,0.52,75.49,0.51,241.81,48,51,False
1788643800.5136635,1788644100,299.5,Up,0.5,605,0.49,279.31,49,49,False
1788643800.5136635,1788644100,299.5,Down,0.51,279.31,0.5,605,49,49,False
1788643803.7653782,1788644100,296.2,Up,0.5,605,0.49,279.31,49,49,False
1788643803.7653782,1788644100,296.2,Down,0.51,279.31,0.5,605,49,49,False
1788643807.082225,1788644100,292.9,Up,0.5,615,0.49,98.23,49,49,False
1788643807.082225,1788644100,292.9,Down,0.51,15,0.5,615,49,49,False
1788643810.3985705,1788644100,289.6,Up,0.5,715,0.49,15,50,49,False
1788643810.3985705,1788644100,289.6,Down,0.51,15,0.5,715,49,50,False
1788643813.7105322,1788644100,286.3,Up,0.5,735,0.49,15,50,49,False
1788643813.7105322,1788644100,286.3,Down,0.51,15,0.5,735,49,50,False
1788643817.0240862,1788644100,283.0,Up,0.5,764,0.49,20,50,49,False
1788643817.0240862,1788644100,283.0,Down,0.51,20,0.5,764,49,50,False
1788643820.3630533,1788644100,279.6,Up,0.5,764,0.49,20,50,49,False
1788643820.3630533,1788644100,279.6,Down,0.51,20,0.5,764,49,50,False
1788643823.688246,1788644100,276.3,Up,0.5,759,0.49,20,50,49,False
1788643823.688246,1788644100,276.3,Down,0.51,20,0.5,759,49,50,False
1788643827.017817,1788644100,273.0,Up,0.49,34,0.48,269,51,48,False
1788643827.017817,1788644100,273.0,Down,0.52,269,0.51,34,48,51,False
1788643830.2398243,1788644100,269.8,Up,0.49,39,0.48,247,51,48,False
1788643830.2398243,1788644100,269.8,Down,0.52,247,0.51,39,48,51,False
1788643833.5629892,1788644100,266.4,Up,0.49,39,0.48,223.22,51,48,False
1788643833.5629892,1788644100,266.4,Down,0.52,223.22,0.51,39,48,51,False
1788643836.810315,1788644100,263.2,Up,0.49,39,0.48,223.22,51,48,False
1788643836.810315,1788644100,263.2,Down,0.52,201.22,0.51,39,48,51,False
1788643840.1266093,1788644100,259.9,Up,0.49,39,0.48,201,51,48,False
1788643840.1266093,1788644100,259.9,Down,0.52,201,0.51,39,48,51,False
1788643843.349933,1788644100,256.7,Up,0.49,39,0.48,201,51,48,False
1788643843.349933,1788644100,256.7,Down,0.52,201,0.51,39,48,51,False
1788643846.6686985,1788644100,253.3,Up,0.49,39,0.48,201,51,48,False
1788643846.6686985,1788644100,253.3,Down,0.52,201,0.51,39,48,51,False
1788643849.9756122,1788644100,250.0,Up,0.49,39,0.48,201,51,48,False
1788643849.9756122,1788644100,250.0,Down,0.52,201,0.51,39,48,51,False
1788643853.269384,1788644100,246.7,Up,0.49,39,0.48,211,51,48,False
1788643853.269384,1788644100,246.7,Down,0.52,211,0.51,39,48,51,False
1788643856.5783782,1788644100,243.4,Up,0.49,39,0.48,211,51,48,False
1788643856.5783782,1788644100,243.4,Down,0.52,211,0.51,39,48,51,False
1788643859.8854043,1788644100,240.1,Up,0.49,39,0.48,211,51,48,False
1788643859.8854043,1788644100,240.1,Down,0.52,211,0.51,39,48,51,False
1788643863.1180825,1788644100,236.9,Up,0.49,39,0.48,211,51,48,False
1788643863.1180825,1788644100,236.9,Down,0.52,211,0.51,39,48,51,False
1788643866.4330509,1788644100,233.6,Up,0.49,39,0.48,211,51,48,False
1788643866.4330509,1788644100,233.6,Down,0.52,211,0.51,39,48,51,False
1788643869.7480268,1788644100,230.3,Up,0.49,39,0.48,211,51,48,False
1788643869.7480268,1788644100,230.3,Down,0.52,211,0.51,39,48,51,False
1788643872.8961372,1788644100,227.1,Up,0.49,39,0.48,211,51,48,False
1788643872.8961372,1788644100,227.1,Down,0.52,211,0.51,39,48,51,False
1788643876.207765,1788644100,223.8,Up,0.49,39,0.48,211,51,48,False
1788643876.207765,1788644100,223.8,Down,0.52,211,0.51,39,48,51,False
1788643879.5416727,1788644100,220.5,Up,0.49,39,0.48,301,51,48,False
1788643879.5416727,1788644100,220.5,Down,0.52,301,0.51,39,48,51,False
1788643882.848271,1788644100,217.2,Up,0.49,39,0.48,301,51,48,False
1788643882.848271,1788644100,217.2,Down,0.52,301,0.51,39,48,51,False
1788643886.1519148,1788644100,213.8,Up,0.49,39,0.48,301,51,48,False
1788643886.1519148,1788644100,213.8,Down,0.52,301,0.51,39,48,51,False
1788643889.4874997,1788644100,210.5,Up,0.49,39,0.48,301,51,48,False
1788643889.4874997,1788644100,210.5,Down,0.52,301,0.51,39,48,51,False
1788643892.7917418,1788644100,207.2,Up,0.49,39,0.48,301,51,48,False
1788643892.7917418,1788644100,207.2,Down,0.52,301,0.51,39,48,51,False
1788643896.0330412,1788644100,204.0,Up,0.49,39,0.48,301,51,48,False
1788643896.0330412,1788644100,204.0,Down,0.52,341,0.51,39,48,51,False
1788643899.3521283,1788644100,200.6,Up,0.49,39,0.48,341,51,48,False
1788643899.3521283,1788644100,200.6,Down,0.52,341,0.51,39,48,51,False
1788643902.6840684,1788644100,197.3,Up,0.49,39,0.48,311,51,48,False
1788643902.6840684,1788644100,197.3,Down,0.52,311,0.51,39,48,51,False
1788643905.9215102,1788644100,194.1,Up,0.49,39,0.48,311,51,48,False
1788643905.9215102,1788644100,194.1,Down,0.52,311,0.51,39,48,51,False
1788643909.2253313,1788644100,190.8,Up,0.49,39,0.48,311,51,48,False
1788643909.2253313,1788644100,190.8,Down,0.52,311,0.51,39,48,51,False
1788643912.4646637,1788644100,187.5,Up,0.49,39,0.48,311,51,48,False
1788643912.4646637,1788644100,187.5,Down,0.52,311,0.51,39,48,51,False
1788643915.8042166,1788644100,184.2,Up,0.49,39,0.48,311,51,48,False
1788643915.8042166,1788644100,184.2,Down,0.52,311,0.51,39,48,51,False
1788643919.1250532,1788644100,180.9,Up,0.49,39,0.48,311,51,48,False
1788643919.1250532,1788644100,180.9,Down,0.52,311,0.51,39,48,51,False
1788643922.4477062,1788644100,177.6,Up,0.49,39,0.48,301,51,48,False
1788643922.4477062,1788644100,177.6,Down,0.52,301,0.51,39,48,51,False
1788643925.686411,1788644100,174.3,Up,0.49,39,0.48,301,51,48,False
1788643925.686411,1788644100,174.3,Down,0.52,301,0.51,39,48,51,False
1788643928.9939065,1788644100,171.0,Up,0.49,39,0.48,291,51,48,False
1788643928.9939065,1788644100,171.0,Down,0.52,291,0.51,39,48,51,False
1788643932.3024487,1788644100,167.7,Up,0.49,39,0.48,291,51,48,False
1788643932.3024487,1788644100,167.7,Down,0.52,291,0.51,39,48,51,False
1788643935.6091542,1788644100,164.4,Up,0.49,39,0.48,291,51,48,False
1788643935.6091542,1788644100,164.4,Down,0.52,291,0.51,39,48,51,False
1788643938.9253235,1788644100,161.1,Up,0.49,39,0.48,291,51,48,False
1788643938.9253235,1788644100,161.1,Down,0.52,291,0.51,39,48,51,False
1788643942.2264528,1788644100,157.8,Up,0.49,39,0.48,291,51,48,False
1788643942.2264528,1788644100,157.8,Down,0.52,291,0.51,39,48,51,False
1788643945.5562155,1788644100,154.4,Up,0.49,39,0.48,291,51,48,False
1788643945.5562155,1788644100,154.4,Down,0.52,291,0.51,39,48,51,False
1788643948.7782109,1788644100,151.2,Up,0.49,39,0.48,201,51,48,False
1788643948.7782109,1788644100,151.2,Down,0.52,201,0.51,39,48,51,False
1788643952.0933774,1788644100,147.9,Up,0.49,39,0.48,201,51,48,False
1788643952.0933774,1788644100,147.9,Down,0.52,201,0.51,39,48,51,False
1788643955.4100726,1788644100,144.6,Up,0.49,39,0.48,199,51,48,False
1788643955.4100726,1788644100,144.6,Down,0.52,199,0.51,39,48,51,False
1788643958.7342796,1788644100,141.3,Up,0.49,39,0.48,199,51,48,False
1788643958.7342796,1788644100,141.3,Down,0.52,199,0.51,39,48,51,False
1788643962.0373688,1788644100,138.0,Up,0.49,39,0.48,199,51,48,False
1788643962.0373688,1788644100,138.0,Down,0.52,199,0.51,39,48,51,False
1788643965.3689601,1788644100,134.6,Up,0.49,39,0.48,199,51,48,False
1788643965.3689601,1788644100,134.6,Down,0.52,199,0.51,39,48,51,False
1788643968.6798928,1788644100,131.3,Up,0.49,39,0.48,199,51,48,False
1788643968.6798928,1788644100,131.3,Down,0.52,199,0.51,39,48,51,False
1788643971.9841309,1788644100,128.0,Up,0.49,39,0.48,199,51,48,False
1788643971.9841309,1788644100,128.0,Down,0.52,199,0.51,39,48,51,False
1788643975.2856038,1788644100,124.7,Up,0.49,39,0.48,166.3,51,48,False
1788643975.2856038,1788644100,124.7,Down,0.52,166.3,0.51,39,48,51,False
1788643978.502249,1788644100,121.5,Up,0.49,39,0.48,156.3,51,48,False
1788643978.502249,1788644100,121.5,Down,0.52,156.3,0.51,39,48,51,False
1788643981.8221173,1788644100,118.2,Up,0.49,39,0.48,156.3,51,48,False
1788643981.8221173,1788644100,118.2,Down,0.52,156.3,0.51,39,48,51,False
1788643985.1337674,1788644100,114.9,Up,0.49,39,0.48,156.3,51,48,False
1788643985.1337674,1788644100,114.9,Down,0.52,156.3,0.51,39,48,51,False
1788643988.4507563,1788644100,111.5,Up,0.49,39,0.48,156.3,51,48,False
1788643988.4507563,1788644100,111.5,Down,0.52,156.3,0.51,39,48,51,False
1788643991.7531571,1788644100,108.2,Up,0.49,39,0.48,156.3,51,48,False
1788643991.7531571,1788644100,108.2,Down,0.52,156.3,0.51,39,48,51,False
1788643994.9848402,1788644100,105.0,Up,0.49,39,0.48,156.3,51,48,False
1788643994.9848402,1788644100,105.0,Down,0.52,156.3,0.51,39,48,51,False
1788643998.3011832,1788644100,101.7,Up,0.49,39,0.48,156.3,51,48,False
1788643998.3011832,1788644100,101.7,Down,0.52,156.3,0.51,39,48,51,False
1788644001.6248379,1788644100,98.4,Up,0.49,39,0.48,156.3,51,48,False
1788644001.6248379,1788644100,98.4,Down,0.52,156.3,0.51,39,48,51,False
1788644004.8629646,1788644100,95.1,Up,0.49,39,0.48,156.3,51,48,False
1788644004.8629646,1788644100,95.1,Down,0.52,156.3,0.51,39,48,51,False
1788644008.190091,1788644100,91.8,Up,0.49,39,0.48,156.3,51,48,False
1788644008.190091,1788644100,91.8,Down,0.52,156.3,0.51,39,48,51,False
1788644011.5011976,1788644100,88.5,Up,0.49,39,0.48,156.3,51,48,False
1788644011.5011976,1788644100,88.5,Down,0.52,156.3,0.51,39,48,51,False
1788644014.8210747,1788644100,85.2,Up,0.49,39,0.48,156.3,51,48,False
1788644014.8210747,1788644100,85.2,Down,0.52,156.3,0.51,39,48,51,False
1788644018.1395195,1788644100,81.9,Up,0.49,39,0.48,156.3,51,48,False
1788644018.1395195,1788644100,81.9,Down,0.52,156.3,0.51,39,48,51,False
1788644021.4513004,1788644100,78.5,Up,0.49,39,0.48,156.3,51,48,False
1788644021.4513004,1788644100,78.5,Down,0.52,156.3,0.51,39,48,51,False
1788644024.767533,1788644100,75.2,Up,0.49,59,0.48,156.3,51,48,False
1788644024.767533,1788644100,75.2,Down,0.52,156.3,0.51,59,48,51,False
1788644028.0756202,1788644100,71.9,Up,0.49,59,0.48,156.3,51,48,False
1788644028.0756202,1788644100,71.9,Down,0.52,156.3,0.51,59,48,51,False
1788644031.3992143,1788644100,68.6,Up,0.5,155,0.49,221,50,49,False
1788644031.3992143,1788644100,68.6,Down,0.51,221,0.5,155,49,50,False
1788644034.630363,1788644100,65.4,Up,0.5,155,0.49,221,50,49,False
1788644034.630363,1788644100,65.4,Down,0.51,221,0.5,155,49,50,False
1788644037.9424157,1788644100,62.1,Up,0.5,155,0.49,221,50,49,False
1788644037.9424157,1788644100,62.1,Down,0.51,221,0.5,155,49,50,False
1788644041.2523782,1788644100,58.7,Up,0.5,155,0.49,221,50,49,False
1788644041.2523782,1788644100,58.7,Down,0.51,221,0.5,155,49,50,False
1788644044.5609815,1788644100,55.4,Up,0.5,145,0.49,221,50,49,False
1788644044.5609815,1788644100,55.4,Down,0.51,221,0.5,145,49,50,False
1788644047.8728273,1788644100,52.1,Up,0.5,140,0.49,221,50,49,False
1788644047.8728273,1788644100,52.1,Down,0.51,221,0.5,140,49,50,False
1788644051.1112576,1788644100,48.9,Up,0.5,184,0.49,221,50,49,False
1788644051.1112576,1788644100,48.9,Down,0.51,221,0.5,184,49,50,False
1788644054.3393812,1788644100,45.7,Up,0.5,199,0.49,221,50,49,False
1788644054.3393812,1788644100,45.7,Down,0.51,221,0.5,199,49,50,False
1788644057.6741252,1788644100,42.3,Up,0.5,199,0.49,221,50,49,False
1788644057.6741252,1788644100,42.3,Down,0.51,221,0.5,199,49,50,False
1788644060.9878666,1788644100,39.0,Up,0.5,199,0.49,219.03,50,49,False
1788644060.9878666,1788644100,39.0,Down,0.51,219.03,0.5,199,49,50,False
1788644064.2975874,1788644100,35.7,Up,0.5,199,0.49,159.32,50,49,False
1788644064.2975874,1788644100,35.7,Down,0.51,159.32,0.5,199,49,50,False
1788644067.6042993,1788644100,32.4,Up,0.5,25,0.49,159.32,50,49,False
1788644067.6042993,1788644100,32.4,Down,0.51,159.32,0.5,25,49,50,False
1788644070.9215155,1788644100,29.1,Up,0.5,10,0.49,154.32,50,49,False
1788644070.9215155,1788644100,29.1,Down,0.51,154.32,0.5,10,49,50,False
1788644074.2370458,1788644100,25.8,Up,0.5,25,0.49,154.32,50,49,False
1788644074.2370458,1788644100,25.8,Down,0.51,154.32,0.5,25,49,50,False
1788644077.5449698,1788644100,22.5,Up,0.5,22.98,0.48,138.34,50,48,False
1788644077.5449698,1788644100,22.5,Down,0.52,138.34,0.5,22.98,48,50,False
1788644080.8461084,1788644100,19.2,Up,0.5,7.98,0.48,138.34,50,48,False
1788644080.8461084,1788644100,19.2,Down,0.52,138.34,0.5,22.98,48,50,False
1788644084.1460764,1788644100,15.9,Up,0.49,25,0.48,138.34,51,48,False
1788644084.1460764,1788644100,15.9,Down,0.52,138.34,0.51,25,48,51,False
1788644087.4660625,1788644100,12.5,Up,0.49,25,0.48,96.34,51,48,False
1788644087.4660625,1788644100,12.5,Down,0.52,96.34,0.51,25,48,51,False
1788644090.7763126,1788644100,9.2,Up,0.49,0.83,0.48,96.34,51,48,False
1788644090.7763126,1788644100,9.2,Down,0.52,96.34,0.51,0.83,48,51,False
1788644093.4093175,1788644100,6.6,Up,0.49,10,0.48,114.41,51,48,False
1788644093.4093175,1788644100,6.6,Down,0.52,114.41,0.51,10,48,51,False
1788644095.3796165,1788644100,4.6,Up,0.5,19.8,0.48,57.91,50,48,False
1788644095.3796165,1788644100,4.6,Down,0.52,57.91,0.5,19.8,48,50,False
1788644096.7605016,1788644100,3.2,Up,0.5,15,0.49,15,50,49,False
1788644096.7605016,1788644100,3.2,Down,0.51,15,0.5,15,49,50,False
1788644097.9972525,1788644100,2.0,Up,0.5,15,0.49,15,50,49,False
1788644097.9972525,1788644100,2.0,Down,0.51,15,0.5,20,49,50,False
1788644099.3029478,1788644100,0.7,Up,0.5,5,0.49,15,50,49,False
1788644099.3029478,1788644100,0.7,Down,0.51,4.44,0.5,5,49,50,False
1788644101.7870996,1788644400,298.2,Up,0.5,595,0.49,274.31,49,49,False
1788644101.7870996,1788644400,298.2,Down,0.51,274.31,0.5,595,49,49,False
1788644105.1124918,1788644400,294.9,Up,0.5,600,0.49,279.31,49,49,False
1788644105.1124918,1788644400,294.9,Down,0.51,284.31,0.5,600,49,49,False
1788644108.4263477,1788644400,291.6,Up,0.5,705,0.49,289.31,50,49,False
1788644108.4263477,1788644400,291.6,Down,0.51,289.31,0.5,705,49,50,False
1788644111.739138,1788644400,288.3,Up,0.5,724,0.49,289.31,50,49,False
1788644111.739138,1788644400,288.3,Down,0.51,289.31,0.5,724,49,50,False
1788644115.078277,1788644400,284.9,Up,0.5,729,0.49,294.31,50,49,False
1788644115.078277,1788644400,284.9,Down,0.51,294.31,0.5,729,49,50,False
1788644118.3887548,1788644400,281.6,Up,0.5,770,0.49,294.31,50,49,False
1788644118.3887548,1788644400,281.6,Down,0.51,294.31,0.5,770,49,50,False
1788644121.6933165,1788644400,278.3,Up,0.5,770,0.49,294.31,50,49,False
1788644121.6933165,1788644400,278.3,Down,0.51,294.31,0.5,770,49,50,False
1788644125.0106218,1788644400,275.0,Up,0.5,775,0.49,294.31,50,49,False
1788644125.0106218,1788644400,275.0,Down,0.51,294.31,0.5,775,49,50,False
1788644128.3166869,1788644400,271.7,Up,0.5,775,0.49,294.31,50,49,False
1788644128.3166869,1788644400,271.7,Down,0.51,294.31,0.5,775,49,50,False
1788644131.620362,1788644400,268.4,Up,0.5,775,0.49,297.49,50,49,False
1788644131.620362,1788644400,268.4,Down,0.51,297.49,0.5,775,49,50,False
1788644134.9415796,1788644400,265.1,Up,0.5,775,0.49,297.49,50,49,False
1788644134.9415796,1788644400,265.1,Down,0.51,297.49,0.5,775,49,50,False
1788644138.2496488,1788644400,261.8,Up,0.5,775,0.49,297.49,50,49,False
1788644138.2496488,1788644400,261.8,Down,0.51,297.49,0.5,775,49,50,False
1788644141.5686326,1788644400,258.4,Up,0.5,775,0.49,297.49,50,49,False
1788644141.5686326,1788644400,258.4,Down,0.51,297.49,0.5,775,49,50,False
1788644144.880955,1788644400,255.1,Up,0.5,775,0.49,193,50,49,False
1788644144.880955,1788644400,255.1,Down,0.51,193,0.5,775,49,50,False
1788644148.1935554,1788644400,251.8,Up,0.5,775,0.49,193,50,49,False
1788644148.1935554,1788644400,251.8,Down,0.51,193,0.5,775,49,50,False
1788644151.4904873,1788644400,248.5,Up,0.5,785,0.49,193,50,49,False
1788644151.4904873,1788644400,248.5,Down,0.51,193,0.5,785,49,50,False
1788644154.806638,1788644400,245.2,Up,0.5,785,0.49,193,50,49,False
1788644154.806638,1788644400,245.2,Down,0.51,193,0.5,785,49,50,False
1788644158.1285198,1788644400,241.9,Up,0.5,785,0.49,193,50,49,False
1788644158.1285198,1788644400,241.9,Down,0.51,193,0.5,785,49,50,False
1788644161.4415312,1788644400,238.6,Up,0.5,785,0.49,191.03,50,49,False
1788644161.4415312,1788644400,238.6,Down,0.51,191.03,0.5,785,49,50,False
1788644164.7555816,1788644400,235.2,Up,0.5,785,0.49,191.03,50,49,False
1788644164.7555816,1788644400,235.2,Down,0.51,191.03,0.5,785,49,50,False
1788644168.0608356,1788644400,231.9,Up,0.5,790,0.49,191.03,50,49,False
1788644168.0608356,1788644400,231.9,Down,0.51,191.03,0.5,790,49,50,False
1788644171.4015899,1788644400,228.6,Up,0.5,790,0.49,191.03,50,49,False
1788644171.4015899,1788644400,228.6,Down,0.51,191.03,0.5,790,49,50,False
1788644174.718762,1788644400,225.3,Up,0.5,790,0.49,191.03,50,49,False
1788644174.718762,1788644400,225.3,Down,0.51,191.03,0.5,790,49,50,False
1788644177.9391036,1788644400,222.1,Up,0.5,790,0.49,191.03,50,49,False
1788644177.9391036,1788644400,222.1,Down,0.51,191.03,0.5,790,49,50,False
1788644181.2520452,1788644400,218.7,Up,0.5,790,0.49,191.03,50,49,False
1788644181.2520452,1788644400,218.7,Down,0.51,191.03,0.5,790,49,50,False
1788644184.5599577,1788644400,215.4,Up,0.5,790,0.49,191.03,50,49,False
1788644184.5599577,1788644400,215.4,Down,0.51,191.03,0.5,790,49,50,False
1788644187.861503,1788644400,212.1,Up,0.5,790,0.49,191.03,50,49,False
1788644187.861503,1788644400,212.1,Down,0.51,191.03,0.5,790,49,50,False
1788644191.209957,1788644400,208.8,Up,0.5,790,0.49,191.03,50,49,False
1788644191.209957,1788644400,208.8,Down,0.51,191.03,0.5,790,49,50,False
1788644194.4427662,1788644400,205.6,Up,0.5,790,0.49,191.03,50,49,False
1788644194.4427662,1788644400,205.6,Down,0.51,191.03,0.5,790,49,50,False
1788644197.7561107,1788644400,202.2,Up,0.5,790,0.49,191.03,50,49,False
1788644197.7561107,1788644400,202.2,Down,0.51,191.03,0.5,790,49,50,False
1788644200.993426,1788644400,199.0,Up,0.5,790,0.49,191.03,50,49,False
1788644200.993426,1788644400,199.0,Down,0.51,191.03,0.5,790,49,50,False
1788644204.3107858,1788644400,195.7,Up,0.5,790,0.49,191.03,50,49,False
1788644204.3107858,1788644400,195.7,Down,0.51,191.03,0.5,790,49,50,False
1788644207.629379,1788644400,192.4,Up,0.49,51,0.48,165.04,51,48,False
1788644207.629379,1788644400,192.4,Down,0.52,165.04,0.51,51,48,51,False
1788644210.9351873,1788644400,189.1,Up,0.49,51,0.48,265.04,51,48,False
1788644210.9351873,1788644400,189.1,Down,0.52,265.04,0.51,51,48,51,False
1788644214.1712034,1788644400,185.8,Up,0.49,51,0.48,265.04,51,48,False
1788644214.1712034,1788644400,185.8,Down,0.52,265.04,0.51,51,48,51,False
1788644217.484669,1788644400,182.5,Up,0.49,51,0.48,265.04,51,48,False
1788644217.484669,1788644400,182.5,Down,0.52,265.04,0.51,51,48,51,False
1788644220.7927613,1788644400,179.2,Up,0.49,51,0.48,265.04,51,48,False
1788644220.7927613,1788644400,179.2,Down,0.52,265.04,0.51,51,48,51,False
1788644224.112428,1788644400,175.9,Up,0.49,51,0.48,265.04,51,48,False
1788644224.112428,1788644400,175.9,Down,0.52,265.04,0.51,51,48,51,False
1788644227.4225368,1788644400,172.6,Up,0.49,51,0.48,265.04,51,48,False
1788644227.4225368,1788644400,172.6,Down,0.52,265.04,0.51,51,48,51,False
1788644230.6518304,1788644400,169.3,Up,0.49,51,0.48,265.04,51,48,False
1788644230.6518304,1788644400,169.3,Down,0.52,265.04,0.51,51,48,51,False
1788644233.9776843,1788644400,166.0,Up,0.49,51,0.48,265.04,51,48,False
1788644233.9776843,1788644400,166.0,Down,0.52,265.04,0.51,51,48,51,False
1788644237.2895265,1788644400,162.7,Up,0.49,51,0.48,265.04,51,48,False
1788644237.2895265,1788644400,162.7,Down,0.52,265.04,0.51,51,48,51,False
1788644240.518225,1788644400,159.5,Up,0.49,51,0.48,265.04,51,48,False
1788644240.518225,1788644400,159.5,Down,0.52,265.04,0.51,51,48,51,False
1788644243.8317473,1788644400,156.2,Up,0.49,51,0.48,265.04,51,48,False
1788644243.8317473,1788644400,156.2,Down,0.52,265.04,0.51,51,48,51,False
1788644247.153468,1788644400,152.8,Up,0.49,51,0.48,265.04,51,48,False
1788644247.153468,1788644400,152.8,Down,0.52,265.04,0.51,51,48,51,False
1788644250.4647224,1788644400,149.5,Up,0.49,51,0.48,265.04,51,48,False
1788644250.4647224,1788644400,149.5,Down,0.52,265.04,0.51,51,48,51,False
1788644253.7768774,1788644400,146.2,Up,0.49,51,0.48,265.04,51,48,False
1788644253.7768774,1788644400,146.2,Down,0.52,265.04,0.51,51,48,51,False
1788644257.0928862,1788644400,142.9,Up,0.49,51,0.48,265.04,51,48,False
1788644257.0928862,1788644400,142.9,Down,0.52,265.04,0.51,51,48,51,False
1788644260.3412356,1788644400,139.7,Up,0.49,51,0.48,265.04,51,48,False
1788644260.3412356,1788644400,139.7,Down,0.52,265.04,0.51,51,48,51,False
1788644263.6521397,1788644400,136.3,Up,0.49,51,0.48,265.04,51,48,False
1788644263.6521397,1788644400,136.3,Down,0.52,265.04,0.51,51,48,51,False
1788644266.794526,1788644400,133.2,Up,0.49,51,0.47,81.59,51,47,False
1788644266.794526,1788644400,133.2,Down,0.53,81.59,0.51,51,47,51,False
1788644270.102145,1788644400,129.9,Up,0.49,51,0.48,25,51,48,False
1788644270.102145,1788644400,129.9,Down,0.52,25,0.51,51,48,51,False
1788644273.3438802,1788644400,126.7,Up,0.49,51,0.48,25,51,48,False
1788644273.3438802,1788644400,126.7,Down,0.52,25,0.51,51,48,51,False
1788644276.6544774,1788644400,123.3,Up,0.49,51,0.48,25,51,48,False
1788644276.6544774,1788644400,123.3,Down,0.52,25,0.51,51,48,51,False
1788644280.01472,1788644400,120.0,Up,0.49,51,0.48,25,51,48,False
1788644280.01472,1788644400,120.0,Down,0.52,25,0.51,51,48,51,False
1788644283.3307087,1788644400,116.7,Up,0.49,61,0.48,23.07,51,48,False
1788644283.3307087,1788644400,116.7,Down,0.52,23.07,0.51,51,48,51,False
1788644286.6613953,1788644400,113.3,Up,0.49,51,0.48,23.07,51,48,False
1788644286.6613953,1788644400,113.3,Down,0.52,23.07,0.51,51,48,51,False
1788644289.977639,1788644400,110.0,Up,0.49,46,0.47,181.92,51,47,False
1788644289.977639,1788644400,110.0,Down,0.53,181.92,0.51,46,47,51,False
1788644293.3118129,1788644400,106.7,Up,0.49,41,0.48,30,51,48,False
1788644293.3118129,1788644400,106.7,Down,0.52,30,0.51,41,48,51,False
1788644296.6587753,1788644400,103.3,Up,0.49,41,0.48,30,51,48,False
1788644296.6587753,1788644400,103.3,Down,0.52,30,0.51,41,48,51,False
1788644299.9605103,1788644400,100.0,Up,0.49,41,0.48,30,51,48,False
1788644299.9605103,1788644400,100.0,Down,0.52,30,0.51,41,48,51,False
1788644303.2889254,1788644400,96.7,Up,0.49,41,0.48,30,51,48,False
1788644303.2889254,1788644400,96.7,Down,0.52,30,0.51,41,48,51,False
1788644306.5957673,1788644400,93.4,Up,0.49,41,0.48,30,51,48,False
1788644306.5957673,1788644400,93.4,Down,0.52,30,0.51,41,48,51,False
1788644309.8244822,1788644400,90.2,Up,0.49,41,0.48,30,51,48,False
1788644309.8244822,1788644400,90.2,Down,0.52,30,0.51,41,48,51,False
1788644313.0514443,1788644400,86.9,Up,0.49,24.67,0.48,30,51,48,False
1788644313.0514443,1788644400,86.9,Down,0.52,30,0.51,24.67,48,51,False
1788644316.2755527,1788644400,83.7,Up,0.49,24.67,0.48,30,51,48,False
1788644316.2755527,1788644400,83.7,Down,0.52,30,0.51,24.67,48,51,False
1788644319.6522136,1788644400,80.3,Up,0.49,24.67,0.48,30,51,48,False
1788644319.6522136,1788644400,80.3,Down,0.52,30,0.51,24.67,48,51,False
1788644322.9618766,1788644400,77.0,Up,0.49,24.67,0.48,30,51,48,False
1788644322.9618766,1788644400,77.0,Down,0.52,30,0.51,24.67,48,51,False
1788644326.1838024,1788644400,73.8,Up,0.49,24.67,0.48,30,51,48,False
1788644326.1838024,1788644400,73.8,Down,0.52,30,0.51,24.67,48,51,False
1788644329.5115387,1788644400,70.5,Up,0.49,64.67,0.48,40,51,48,False
1788644329.5115387,1788644400,70.5,Down,0.52,40,0.51,64.67,48,51,False
1788644332.8274183,1788644400,67.2,Up,0.49,64.67,0.48,40,51,48,False
1788644332.8274183,1788644400,67.2,Down,0.52,40,0.51,64.67,48,51,False
1788644336.1360478,1788644400,63.9,Up,0.49,64.67,0.48,55,51,48,False
1788644336.1360478,1788644400,63.9,Down,0.52,55,0.51,64.67,48,51,False
1788644339.4732275,1788644400,60.5,Up,0.49,64.67,0.48,55,51,48,False
1788644339.4732275,1788644400,60.5,Down,0.52,55,0.51,64.67,48,51,False
1788644342.7901638,1788644400,57.2,Up,0.49,64.67,0.48,55,51,48,False
1788644342.7901638,1788644400,57.2,Down,0.52,55,0.51,24.67,48,51,False
1788644346.116557,1788644400,53.9,Up,0.49,24.67,0.48,55,51,48,False
1788644346.116557,1788644400,53.9,Down,0.52,55,0.51,24.67,48,51,False
1788644349.4244232,1788644400,50.6,Up,0.49,24.67,0.48,55,51,48,False
1788644349.4244232,1788644400,50.6,Down,0.52,55,0.51,24.67,48,51,False
1788644352.7565694,1788644400,47.2,Up,0.49,24.67,0.48,155,51,48,False
1788644352.7565694,1788644400,47.2,Down,0.52,155,0.51,24.67,48,51,False
1788644356.0891635,1788644400,43.9,Up,0.49,24.67,0.48,155,51,48,False
1788644356.0891635,1788644400,43.9,Down,0.52,155,0.51,24.67,48,51,False
1788644359.3958313,1788644400,40.6,Up,0.49,24.67,0.48,155,51,48,False
1788644359.3958313,1788644400,40.6,Down,0.52,155,0.51,24.67,48,51,False
1788644362.70611,1788644400,37.3,Up,0.49,29.67,0.48,155,51,48,False
1788644362.70611,1788644400,37.3,Down,0.52,155,0.51,29.67,48,51,False
1788644366.0142717,1788644400,34.0,Up,0.49,29.67,0.48,155,51,48,False
1788644366.0142717,1788644400,34.0,Down,0.52,155,0.51,29.67,48,51,False
1788644369.3269494,1788644400,30.7,Up,0.49,29.67,0.48,155,51,48,False
1788644369.3269494,1788644400,30.7,Down,0.52,155,0.51,29.67,48,51,False
1788644372.6561852,1788644400,27.3,Up,0.5,186,0.49,35,50,49,False
1788644372.6561852,1788644400,27.3,Down,0.51,35,0.5,186,49,50,False
1788644375.9529362,1788644400,24.0,Up,0.5,183.98,0.49,141.12,50,49,False
1788644375.9529362,1788644400,24.0,Down,0.51,141.12,0.5,183.98,49,50,False
1788644379.2650187,1788644400,20.7,Up,0.5,183.98,0.49,120,50,49,False
1788644379.2650187,1788644400,20.7,Down,0.51,120,0.5,183.98,49,50,False
1788644382.5837295,1788644400,17.4,Up,0.5,190.98,0.49,135,50,49,False
1788644382.5837295,1788644400,17.4,Down,0.51,135,0.5,190.98,49,50,False
1788644385.9135818,1788644400,14.1,Up,0.5,197.58,0.49,115.68,50,49,False
1788644385.9135818,1788644400,14.1,Down,0.51,115.68,0.5,197.58,49,50,False
1788644389.2403102,1788644400,10.8,Up,0.5,197.58,0.49,115.68,50,49,False
1788644389.2403102,1788644400,10.8,Down,0.51,115.68,0.5,197.58,49,50,False
1788644392.2407577,1788644400,7.8,Up,0.52,158.55,0.49,130.68,48,49,False
1788644392.2407577,1788644400,7.8,Down,0.51,130.68,0.48,164.55,49,48,False
1788644394.5009212,1788644400,5.5,Up,0.51,25,0.5,20,49,49,False
1788644394.5009212,1788644400,5.5,Down,0.5,40,0.49,25,49,49,False
1788644396.2207136,1788644400,3.8,Up,0.69,27.89,0.68,93,31,61,False
1788644396.2207136,1788644400,3.8,Down,0.32,93,0.29,178.26,65,29,False
1788644397.536023,1788644400,2.5,Up,0.71,279.57,0.7,92,29,67,False
1788644397.536023,1788644400,2.5,Down,0.3,92,0.29,279.57,67,29,False
1788644398.8495355,1788644400,1.2,Up,0.71,233.57,0.7,107,29,70,False
1788644398.8495355,1788644400,1.2,Down,0.3,107,0.29,233.57,70,29,False
1788644401.368006,1788644700,298.6,Up,0.5,595,0.49,274.31,49,49,False
1788644401.368006,1788644700,298.6,Down,0.51,274.31,0.5,595,49,49,False
1788644404.6858134,1788644700,295.3,Up,0.5,595,0.49,274.31,49,49,False
1788644404.6858134,1788644700,295.3,Down,0.51,274.31,0.5,595,49,49,False
1788644408.0017686,1788644700,292.0,Up,0.5,705,0.49,15,50,49,False
1788644408.0017686,1788644700,292.0,Down,0.51,15,0.5,705,49,50,False
1788644411.3082855,1788644700,288.7,Up,0.5,725,0.49,12.8,50,49,False
1788644411.3082855,1788644700,288.7,Down,0.51,12.8,0.5,725,49,50,False
1788644414.6584308,1788644700,285.3,Up,0.5,725,0.49,17.8,50,49,False
1788644414.6584308,1788644700,285.3,Down,0.51,17.8,0.5,725,49,50,False
1788644417.8909156,1788644700,282.1,Up,0.5,730,0.49,7.8,50,49,False
1788644417.8909156,1788644700,282.1,Down,0.51,7.8,0.5,730,49,50,False
1788644421.215735,1788644700,278.8,Up,0.5,730,0.49,7.8,50,49,False
1788644421.215735,1788644700,278.8,Down,0.51,7.8,0.5,730,49,50,False
1788644424.5259676,1788644700,275.5,Up,0.5,735,0.49,7.8,50,49,False
1788644424.5259676,1788644700,275.5,Down,0.51,7.8,0.5,735,49,50,False
1788644427.832394,1788644700,272.2,Up,0.5,735,0.49,7.8,50,49,False
1788644427.832394,1788644700,272.2,Down,0.51,7.8,0.5,735,49,50,False
1788644431.1422684,1788644700,268.9,Up,0.5,735,0.49,12.8,50,49,False
1788644431.1422684,1788644700,268.9,Down,0.51,12.8,0.5,735,49,50,False
1788644434.455046,1788644700,265.5,Up,0.5,735,0.49,10.96,50,49,False
1788644434.455046,1788644700,265.5,Down,0.51,10.96,0.5,735,49,50,False
1788644437.766184,1788644700,262.2,Up,0.5,685,0.49,10.96,50,49,False
1788644437.766184,1788644700,262.2,Down,0.51,10.96,0.5,685,49,50,False
1788644441.0831885,1788644700,258.9,Up,0.5,685,0.49,10.96,50,49,False
1788644441.0831885,1788644700,258.9,Down,0.51,10.96,0.5,685,49,50,False
1788644444.4036627,1788644700,255.6,Up,0.5,685,0.49,10.96,50,49,False
1788644444.4036627,1788644700,255.6,Down,0.51,10.96,0.5,685,49,50,False
1788644447.6263077,1788644700,252.4,Up,0.5,685,0.49,10.96,50,49,False
1788644447.6263077,1788644700,252.4,Down,0.51,10.96,0.5,685,49,50,False
1788644450.8624623,1788644700,249.1,Up,0.5,695,0.49,10.96,50,49,False
1788644450.8624623,1788644700,249.1,Down,0.51,10.96,0.5,695,49,50,False
1788644454.1383317,1788644700,245.9,Up,0.5,695,0.49,10.96,50,49,False
1788644454.1383317,1788644700,245.9,Down,0.51,10.96,0.5,695,49,50,False
1788644457.4618442,1788644700,242.5,Up,0.5,695,0.49,10.96,50,49,False
1788644457.4618442,1788644700,242.5,Down,0.51,10.96,0.5,695,49,50,False
1788644460.781354,1788644700,239.2,Up,0.5,695,0.49,10.96,50,49,False
1788644460.781354,1788644700,239.2,Down,0.51,10.96,0.5,695,49,50,False
1788644464.0163062,1788644700,236.0,Up,0.5,695,0.49,10.96,50,49,False
1788644464.0163062,1788644700,236.0,Down,0.51,10.96,0.5,695,49,50,False
1788644467.3218186,1788644700,232.7,Up,0.5,700,0.49,10.96,50,49,False
1788644467.3218186,1788644700,232.7,Down,0.51,10.96,0.5,700,49,50,False
1788644470.5547912,1788644700,229.4,Up,0.5,700,0.49,10.96,50,49,False
1788644470.5547912,1788644700,229.4,Down,0.51,10.96,0.5,700,49,50,False
1788644473.9160898,1788644700,226.1,Up,0.5,700,0.49,10.96,50,49,False
1788644473.9160898,1788644700,226.1,Down,0.51,10.96,0.5,700,49,50,False
1788644477.1477256,1788644700,222.9,Up,0.5,700,0.49,10.96,50,49,False
1788644477.1477256,1788644700,222.9,Down,0.51,10.96,0.5,700,49,50,False
1788644480.3641229,1788644700,219.6,Up,0.5,700,0.49,10.96,50,49,False
1788644480.3641229,1788644700,219.6,Down,0.51,10.96,0.5,700,49,50,False
1788644483.6866927,1788644700,216.3,Up,0.5,700,0.49,10.96,50,49,False
1788644483.6866927,1788644700,216.3,Down,0.51,10.96,0.5,700,49,50,False
1788644487.0213373,1788644700,213.0,Up,0.5,700,0.49,10.96,50,49,False
1788644487.0213373,1788644700,213.0,Down,0.51,10.96,0.5,700,49,50,False
1788644490.2436545,1788644700,209.8,Up,0.5,700,0.49,10.96,50,49,False
1788644490.2436545,1788644700,209.8,Down,0.51,10.96,0.5,700,49,50,False
1788644493.3857286,1788644700,206.6,Up,0.5,700,0.49,10.96,50,49,False
1788644493.3857286,1788644700,206.6,Down,0.51,10.96,0.5,700,49,50,False
1788644496.7171297,1788644700,203.3,Up,0.5,690,0.49,5.97,50,49,False
1788644496.7171297,1788644700,203.3,Down,0.51,5.97,0.5,690,49,50,False
1788644500.074955,1788644700,199.9,Up,0.5,690,0.49,5.97,50,49,False
1788644500.074955,1788644700,199.9,Down,0.51,5.97,0.5,690,49,50,False
1788644503.2181573,1788644700,196.8,Up,0.5,690,0.49,5.97,50,49,False
1788644503.2181573,1788644700,196.8,Down,0.51,5.97,0.5,690,49,50,False
1788644506.5350144,1788644700,193.5,Up,0.5,690,0.49,5.97,50,49,False
1788644506.5350144,1788644700,193.5,Down,0.51,5.97,0.5,690,49,50,False
1788644509.8488977,1788644700,190.2,Up,0.5,690,0.49,5.97,50,49,False
1788644509.8488977,1788644700,190.2,Down,0.51,5.97,0.5,690,49,50,False
1788644513.1788962,1788644700,186.8,Up,0.5,690,0.49,5.97,50,49,False
1788644513.1788962,1788644700,186.8,Down,0.51,5.97,0.5,690,49,50,False
1788644516.495745,1788644700,183.5,Up,0.5,690,0.49,5.97,50,49,False
1788644516.495745,1788644700,183.5,Down,0.51,5.97,0.5,690,49,50,False
1788644519.8074555,1788644700,180.2,Up,0.5,690,0.49,5.97,50,49,False
1788644519.8074555,1788644700,180.2,Down,0.51,5.97,0.5,690,49,50,False
1788644523.1157353,1788644700,176.9,Up,0.5,690,0.49,5.97,50,49,False
1788644523.1157353,1788644700,176.9,Down,0.51,5.97,0.5,690,49,50,False
1788644526.338026,1788644700,173.7,Up,0.5,690,0.49,5.97,50,49,False
1788644526.338026,1788644700,173.7,Down,0.51,5.97,0.5,690,49,50,False
1788644529.6571891,1788644700,170.3,Up,0.5,690,0.49,5.97,50,49,False
1788644529.6571891,1788644700,170.3,Down,0.51,5.97,0.5,690,49,50,False
1788644532.9685047,1788644700,167.0,Up,0.5,690,0.49,5.97,50,49,False
1788644532.9685047,1788644700,167.0,Down,0.51,5.97,0.5,690,49,50,False
1788644536.277461,1788644700,163.7,Up,0.5,690,0.49,5.97,50,49,False
1788644536.277461,1788644700,163.7,Down,0.51,5.97,0.5,690,49,50,False
1788644539.912778,1788644700,160.1,Up,0.5,690,0.49,5.97,50,49,False
1788644539.912778,1788644700,160.1,Down,0.51,5.97,0.5,690,49,50,False
1788644543.2129877,1788644700,156.8,Up,0.5,690,0.49,5.97,50,49,False
1788644543.2129877,1788644700,156.8,Down,0.51,5.97,0.5,690,49,50,False
1788644546.5434544,1788644700,153.5,Up,0.5,690,0.49,5.97,50,49,False
1788644546.5434544,1788644700,153.5,Down,0.51,5.97,0.5,690,49,50,False
1788644549.8519492,1788644700,150.1,Up,0.5,690,0.49,5.97,50,49,False
1788644549.8519492,1788644700,150.1,Down,0.51,5.97,0.5,690,49,50,False
1788644553.179891,1788644700,146.8,Up,0.5,690,0.49,5.97,50,49,False
1788644553.179891,1788644700,146.8,Down,0.51,5.97,0.5,690,49,50,False
1788644556.5003753,1788644700,143.5,Up,0.5,690,0.49,5.97,50,49,False
1788644556.5003753,1788644700,143.5,Down,0.51,5.97,0.5,690,49,50,False
1788644559.8150418,1788644700,140.2,Up,0.5,690,0.48,224.31,50,48,False
1788644559.8150418,1788644700,140.2,Down,0.52,224.31,0.5,690,48,50,False
1788644563.0545907,1788644700,136.9,Up,0.5,688,0.48,224.31,50,48,False
1788644563.0545907,1788644700,136.9,Down,0.52,224.31,0.5,688,48,50,False
1788644566.3577235,1788644700,133.6,Up,0.5,688,0.48,224.31,50,48,False
1788644566.3577235,1788644700,133.6,Down,0.52,224.31,0.5,688,48,50,False
1788644569.6640718,1788644700,130.3,Up,0.5,688,0.48,224.31,50,48,False
1788644569.6640718,1788644700,130.3,Down,0.52,224.31,0.5,688,48,50,False
1788644572.9767122,1788644700,127.0,Up,0.5,707.8,0.48,224.31,50,48,False
1788644572.9767122,1788644700,127.0,Down,0.52,224.31,0.5,707.8,48,50,False
1788644576.2901247,1788644700,123.7,Up,0.5,712.8,0.48,224.31,50,48,False
1788644576.2901247,1788644700,123.7,Down,0.52,224.31,0.5,712.8,48,50,False
1788644579.6318164,1788644700,120.4,Up,0.5,712.8,0.48,224.31,50,48,False
1788644579.6318164,1788644700,120.4,Down,0.52,224.31,0.5,712.8,48,50,False
1788644582.9676487,1788644700,117.0,Up,0.5,712.8,0.48,214.31,50,48,False
1788644582.9676487,1788644700,117.0,Down,0.52,214.31,0.5,722.8,48,50,False
1788644586.2759407,1788644700,113.7,Up,0.51,190.5,0.5,297.2,49,50,False
1788644586.2759407,1788644700,113.7,Down,0.5,297.2,0.49,190.5,50,49,False
1788644589.5959544,1788644700,110.4,Up,0.51,190.5,0.5,142.72,49,50,False
1788644589.5959544,1788644700,110.4,Down,0.5,142.72,0.49,190.5,50,49,False
1788644592.9044342,1788644700,107.1,Up,0.51,190.5,0.5,140.72,49,50,False
1788644592.9044342,1788644700,107.1,Down,0.5,140.72,0.49,190.5,50,49,False
1788644596.2104535,1788644700,103.8,Up,0.52,260,0.51,906.22,48,51,False
1788644596.2104535,1788644700,103.8,Down,0.49,906.22,0.48,260,51,48,False
1788644599.515451,1788644700,100.5,Up,0.52,159.23,0.51,823.37,48,51,False
1788644599.515451,1788644700,100.5,Down,0.49,823.37,0.48,159.23,51,48,False
1788644602.8373806,1788644700,97.2,Up,0.53,148.13,0.52,927.27,47,52,False
1788644602.8373806,1788644700,97.2,Down,0.48,927.27,0.47,148.13,52,47,False
1788644606.1580164,1788644700,93.8,Up,0.53,148.13,0.52,884.27,47,52,False
1788644606.1580164,1788644700,93.8,Down,0.48,884.27,0.47,148.13,52,47,False
1788644609.492718,1788644700,90.5,Up,0.54,209.3,0.53,890.57,46,53,False
1788644609.492718,1788644700,90.5,Down,0.47,890.57,0.46,209.3,53,46,False
1788644612.8034651,1788644700,87.2,Up,0.54,191.08,0.53,869.57,46,53,False
1788644612.8034651,1788644700,87.2,Down,0.47,869.57,0.46,191.08,53,46,False
1788644616.1175466,1788644700,83.9,Up,0.55,95,0.54,866.21,45,54,False
1788644616.1175466,1788644700,83.9,Down,0.46,866.21,0.45,195,54,45,False
1788644619.415034,1788644700,80.6,Up,0.55,102.24,0.54,866.21,45,54,False
1788644619.415034,1788644700,80.6,Down,0.46,866.21,0.45,102.24,54,45,False
1788644622.724265,1788644700,77.3,Up,0.55,102.24,0.54,57.3,45,54,False
1788644622.724265,1788644700,77.3,Down,0.46,57.3,0.45,102.24,54,45,False
1788644626.031412,1788644700,74.0,Up,0.56,135,0.55,53.1,44,54,False
1788644626.031412,1788644700,74.0,Down,0.45,53.1,0.44,135,53,44,False
1788644629.3962953,1788644700,70.6,Up,0.58,46.37,0.56,53.1,42,53,False
1788644629.3962953,1788644700,70.6,Down,0.43,53.1,0.42,31.37,53,42,False
1788644632.7143564,1788644700,67.3,Up,0.58,191.37,0.57,53.1,42,54,False
1788644632.7143564,1788644700,67.3,Down,0.43,53.1,0.42,191.37,54,42,False
1788644635.9600646,1788644700,64.0,Up,0.58,186.37,0.57,53.1,42,55,False
1788644635.9600646,1788644700,64.0,Down,0.43,53.1,0.42,186.37,55,42,False
1788644639.2762477,1788644700,60.7,Up,0.58,186.37,0.57,53.1,42,55,False
1788644639.2762477,1788644700,60.7,Down,0.43,53.1,0.42,186.37,55,42,False
1788644642.5840394,1788644700,57.4,Up,0.58,186.37,0.57,53.1,42,55,False
1788644642.5840394,1788644700,57.4,Down,0.43,53.1,0.42,186.37,55,42,False
1788644645.8988051,1788644700,54.1,Up,0.58,186.37,0.57,53.1,42,54,False
1788644645.8988051,1788644700,54.1,Down,0.43,53.1,0.42,196.37,54,42,False
1788644649.4949217,1788644700,50.5,Up,0.56,101,0.55,131.85,44,53,False
1788644649.4949217,1788644700,50.5,Down,0.45,131.85,0.44,101,53,44,False
1788644652.8088548,1788644700,47.2,Up,0.53,10,0.52,132.83,45,52,False
1788644652.8088548,1788644700,47.2,Down,0.48,132.83,0.47,10,52,45,False
1788644656.1180847,1788644700,43.9,Up,0.56,110,0.55,92.66,44,55,False
1788644656.1180847,1788644700,43.9,Down,0.45,92.66,0.44,110,55,44,False
1788644659.4364607,1788644700,40.6,Up,0.56,10,0.55,87.66,44,55,False
1788644659.4364607,1788644700,40.6,Down,0.45,87.66,0.44,10,55,43,False
1788644662.659602,1788644700,37.3,Up,0.57,25,0.56,37,43,56,False
1788644662.659602,1788644700,37.3,Down,0.45,5,0.43,175,55,43,False
1788644665.9785488,1788644700,34.0,Up,0.59,42.31,0.55,92,41,55,False
1788644665.9785488,1788644700,34.0,Down,0.45,92,0.41,42.31,55,41,False
1788644669.2927775,1788644700,30.7,Up,0.58,25,0.55,92,42,55,False
1788644669.2927775,1788644700,30.7,Down,0.45,92,0.42,25,55,42,False
1788644672.5102212,1788644700,27.5,Up,0.58,10,0.57,15,42,57,False
1788644672.5102212,1788644700,27.5,Down,0.43,15,0.42,10,57,42,False
1788644675.8276765,1788644700,24.2,Up,0.61,110,0.58,5.29,39,58,False
1788644675.8276765,1788644700,24.2,Down,0.42,0.29,0.39,110,58,39,False
1788644679.144591,1788644700,20.9,Up,0.63,138,0.6,115,37,60,False
1788644679.144591,1788644700,20.9,Down,0.4,115,0.37,138,60,37,False
1788644682.3772562,1788644700,17.6,Up,0.66,59,0.62,142,34,62,False
1788644682.3772562,1788644700,17.6,Down,0.37,35.81,0.34,1.89,62,34,False
1788644685.6080158,1788644700,14.4,Up,0.68,42,0.65,9.42,32,65,False
1788644685.6080158,1788644700,14.4,Down,0.35,9.42,0.32,42,65,32,False
1788644688.919889,1788644700,11.1,Up,0.69,206.51,0.62,45.31,31,60,False
1788644688.919889,1788644700,11.1,Down,0.38,45.31,0.31,262.51,60,31,False
1788644691.836343,1788644700,8.2,Up,0.67,100,0.64,35.81,33,64,False
1788644691.836343,1788644700,8.2,Down,0.36,36.81,0.33,91.88,64,33,False
1788644694.1877365,1788644700,5.8,Up,0.66,15,0.64,17.47,34,64,False
1788644694.1877365,1788644700,5.8,Down,0.36,17.47,0.34,15,64,34,False
1788644695.8753693,1788644700,4.1,Up,0.67,12,0.66,15,33,66,False
1788644695.8753693,1788644700,4.1,Down,0.34,15,0.33,12,66,33,False
1788644697.2396808,1788644700,2.8,Up,0.66,100,0.65,45.04,34,65,False
1788644697.2396808,1788644700,2.8,Down,0.35,45.04,0.34,100,65,34,False
1788644698.5481548,1788644700,1.5,Up,0.61,56,0.59,20,39,59,False
1788644698.5481548,1788644700,1.5,Down,0.41,20,0.4,42,59,40,False
1788644701.1287932,1788645000,298.9,Up,0.5,645.5,0.49,279.33,49,49,False
1788644701.1287932,1788645000,298.9,Down,0.51,279.33,0.5,645.5,49,49,False
1788644704.4688184,1788645000,295.5,Up,0.5,645.5,0.49,279.33,49,49,False
1788644704.4688184,1788645000,295.5,Down,0.51,279.33,0.5,645.5,49,49,False
1788644707.7859297,1788645000,292.2,Up,0.5,673.5,0.49,5,50,49,False
1788644707.7859297,1788645000,292.2,Down,0.51,5,0.5,673.5,49,50,False
1788644711.10009,1788645000,288.9,Up,0.5,673.5,0.49,7.8,50,49,False
1788644711.10009,1788645000,288.9,Down,0.51,7.8,0.5,673.5,49,50,False
1788644714.401518,1788645000,285.6,Up,0.5,678.5,0.48,144.86,50,48,False
1788644714.401518,1788645000,285.6,Down,0.52,144.86,0.5,678.5,48,50,False
1788644717.732513,1788645000,282.3,Up,0.49,45,0.48,249.86,51,48,False
1788644717.732513,1788645000,282.3,Down,0.52,249.86,0.51,45,48,51,False
1788644720.9568136,1788645000,279.0,Up,0.49,73,0.48,249.86,51,48,False
1788644720.9568136,1788645000,279.0,Down,0.52,249.86,0.51,73,48,51,False
1788644724.2777143,1788645000,275.7,Up,0.49,73,0.48,249.86,51,48,False
1788644724.2777143,1788645000,275.7,Down,0.52,249.86,0.51,73,48,51,False
1788644727.6068997,1788645000,272.4,Up,0.49,73,0.48,249.86,51,48,False
1788644727.6068997,1788645000,272.4,Down,0.52,249.86,0.51,73,48,51,False
1788644730.9218068,1788645000,269.1,Up,0.49,73,0.48,249.86,51,48,False
1788644730.9218068,1788645000,269.1,Down,0.52,249.86,0.51,73,48,51,False
1788644734.1463227,1788645000,265.9,Up,0.49,78,0.48,248.06,51,48,False
1788644734.1463227,1788645000,265.9,Down,0.52,248.06,0.51,78,48,51,False
1788644737.4612308,1788645000,262.5,Up,0.49,84,0.48,248.06,51,48,False
1788644737.4612308,1788645000,262.5,Down,0.52,248.06,0.51,84,48,51,False
1788644740.8040724,1788645000,259.2,Up,0.49,84,0.48,248.06,51,48,False
1788644740.8040724,1788645000,259.2,Down,0.52,248.06,0.51,84,48,51,False
1788644744.122741,1788645000,255.9,Up,0.49,84,0.48,248.06,51,48,False
1788644744.122741,1788645000,255.9,Down,0.52,248.06,0.51,84,48,51,False
1788644747.401338,1788645000,252.6,Up,0.49,84,0.48,248.06,51,48,False
1788644747.401338,1788645000,252.6,Down,0.52,248.06,0.51,84,48,51,False
1788644750.7352464,1788645000,249.3,Up,0.49,84,0.48,248.06,51,48,False
1788644750.7352464,1788645000,249.3,Down,0.52,248.06,0.51,84,48,51,False
1788644754.0450969,1788645000,246.0,Up,0.49,84,0.48,248.06,51,48,False
1788644754.0450969,1788645000,246.0,Down,0.52,248.06,0.51,84,48,51,False
1788644757.3755026,1788645000,242.6,Up,0.49,84,0.48,248.06,51,48,False
1788644757.3755026,1788645000,242.6,Down,0.52,248.06,0.51,84,48,51,False
1788644760.6843836,1788645000,239.3,Up,0.49,84,0.48,248.06,51,48,False
1788644760.6843836,1788645000,239.3,Down,0.52,248.06,0.51,84,48,51,False
1788644763.9427974,1788645000,236.1,Up,0.49,84,0.48,248.06,51,48,False
1788644763.9427974,1788645000,236.1,Down,0.52,248.06,0.51,84,48,51,False
1788644767.264193,1788645000,232.7,Up,0.49,84,0.48,248.06,51,48,False
1788644767.264193,1788645000,232.7,Down,0.52,248.06,0.51,84,48,51,False
1788644770.5670073,1788645000,229.4,Up,0.49,84,0.48,248.06,51,48,False
1788644770.5670073,1788645000,229.4,Down,0.52,248.06,0.51,84,48,51,False
1788644773.8776758,1788645000,226.1,Up,0.49,84,0.48,248.06,51,48,False
1788644773.8776758,1788645000,226.1,Down,0.52,248.06,0.51,84,48,51,False
1788644777.1822152,1788645000,222.8,Up,0.49,84,0.48,248.06,51,48,False
1788644777.1822152,1788645000,222.8,Down,0.52,248.06,0.51,84,48,51,False
1788644780.4900827,1788645000,219.5,Up,0.49,84,0.48,248.06,51,48,False
1788644780.4900827,1788645000,219.5,Down,0.52,248.06,0.51,84,48,51,False
1788644783.7190504,1788645000,216.3,Up,0.49,84,0.48,248.06,51,48,False
1788644783.7190504,1788645000,216.3,Down,0.52,248.06,0.51,84,48,51,False
1788644787.0426247,1788645000,213.0,Up,0.49,84,0.48,248.06,51,48,False
1788644787.0426247,1788645000,213.0,Down,0.52,248.06,0.51,84,48,51,False
1788644790.3573925,1788645000,209.6,Up,0.49,84,0.48,248.06,51,48,False
1788644790.3573925,1788645000,209.6,Down,0.52,248.06,0.51,84,48,51,False
1788644793.6867213,1788645000,206.3,Up,0.49,84,0.48,258.06,51,48,False
1788644793.6867213,1788645000,206.3,Down,0.52,258.06,0.51,84,48,51,False
1788644797.0004406,1788645000,203.0,Up,0.49,84,0.48,258.06,51,48,False
1788644797.0004406,1788645000,203.0,Down,0.52,258.06,0.51,84,48,51,False
1788644800.3056827,1788645000,199.7,Up,0.49,84,0.48,253.06,51,48,False
1788644800.3056827,1788645000,199.7,Down,0.52,253.06,0.51,84,48,51,False
1788644803.6228383,1788645000,196.4,Up,0.49,84,0.48,333.06,51,48,False
1788644803.6228383,1788645000,196.4,Down,0.52,333.06,0.51,84,48,51,False
1788644806.9442277,1788645000,193.1,Up,0.49,84,0.48,323.06,51,48,False
1788644806.9442277,1788645000,193.1,Down,0.52,323.06,0.51,84,48,51,False
1788644810.1869104,1788645000,189.8,Up,0.49,84,0.48,323.06,51,48,False
1788644810.1869104,1788645000,189.8,Down,0.52,323.06,0.51,84,48,51,False
1788644813.4901907,1788645000,186.5,Up,0.49,84,0.48,333.06,51,48,False
1788644813.4901907,1788645000,186.5,Down,0.52,333.06,0.51,84,48,51,False
1788644816.8175864,1788645000,183.2,Up,0.49,84,0.48,333.06,51,48,False
1788644816.8175864,1788645000,183.2,Down,0.52,333.06,0.51,84,48,51,False
1788644820.1369863,1788645000,179.9,Up,0.49,84,0.48,333.06,51,48,False
1788644820.1369863,1788645000,179.9,Down,0.52,333.06,0.51,84,48,51,False
1788644823.4486952,1788645000,176.6,Up,0.49,84,0.48,333.06,51,48,False
1788644823.4486952,1788645000,176.6,Down,0.52,333.06,0.51,84,48,51,False
1788644826.7577128,1788645000,173.2,Up,0.49,84,0.48,333.06,51,48,False
1788644826.7577128,1788645000,173.2,Down,0.52,343.06,0.51,84,48,51,False
1788644830.073702,1788645000,169.9,Up,0.49,84,0.48,343.06,51,48,False
1788644830.073702,1788645000,169.9,Down,0.52,343.06,0.51,84,48,51,False
1788644833.2992818,1788645000,166.7,Up,0.49,84,0.48,333.06,51,48,False
1788644833.2992818,1788645000,166.7,Down,0.52,333.06,0.51,84,48,51,False
1788644836.4473379,1788645000,163.6,Up,0.49,84,0.48,328.06,51,48,False
1788644836.4473379,1788645000,163.6,Down,0.52,328.06,0.51,84,48,51,False
1788644839.7677317,1788645000,160.2,Up,0.49,79,0.48,328.06,51,48,False
1788644839.7677317,1788645000,160.2,Down,0.52,328.06,0.51,79,48,51,False
1788644843.0672193,1788645000,156.9,Up,0.49,79,0.48,328.06,51,48,False
1788644843.0672193,1788645000,156.9,Down,0.52,328.06,0.51,79,48,51,False
1788644846.3802223,1788645000,153.6,Up,0.49,79,0.48,328.06,51,48,False
1788644846.3802223,1788645000,153.6,Down,0.52,328.06,0.51,79,48,51,False
1788644849.6159832,1788645000,150.4,Up,0.49,79,0.48,338.06,51,48,False
1788644849.6159832,1788645000,150.4,Down,0.52,338.06,0.51,79,48,51,False
1788644852.928311,1788645000,147.1,Up,0.49,79,0.48,338.06,51,48,False
1788644852.928311,1788645000,147.1,Down,0.52,338.06,0.51,79,48,51,False
1788644856.2504396,1788645000,143.7,Up,0.49,79,0.48,258.06,51,48,False
1788644856.2504396,1788645000,143.7,Down,0.52,258.06,0.51,79,48,51,False
1788644859.574599,1788645000,140.4,Up,0.5,765.5,0.48,258.06,50,48,False
1788644859.574599,1788645000,140.4,Down,0.52,258.06,0.5,765.5,48,50,False
1788644862.879005,1788645000,137.1,Up,0.5,765.5,0.49,25,50,49,False
1788644862.879005,1788645000,137.1,Down,0.51,25,0.5,765.5,49,50,False
1788644866.1942346,1788645000,133.8,Up,0.5,785.5,0.49,35,50,49,False
1788644866.1942346,1788645000,133.8,Down,0.51,35,0.5,785.5,49,50,False
1788644869.5077045,1788645000,130.5,Up,0.5,725.5,0.49,35,50,49,False
1788644869.5077045,1788645000,130.5,Down,0.51,35,0.5,725.5,49,50,False
1788644872.8851843,1788645000,127.1,Up,0.5,725.5,0.49,35,50,49,False
1788644872.8851843,1788645000,127.1,Down,0.51,35,0.5,725.5,49,50,False
1788644876.2029264,1788645000,123.8,Up,0.5,725.5,0.49,35,50,49,False
1788644876.2029264,1788645000,123.8,Down,0.51,35,0.5,725.5,49,50,False
1788644879.5086417,1788645000,120.5,Up,0.5,725.5,0.49,35,50,49,False
1788644879.5086417,1788645000,120.5,Down,0.51,35,0.5,725.5,49,50,False
1788644882.815857,1788645000,117.2,Up,0.5,725.5,0.49,35,50,49,False
1788644882.815857,1788645000,117.2,Down,0.51,35,0.5,725.5,49,50,False
1788644886.1238902,1788645000,113.9,Up,0.5,190.5,0.49,25,50,49,False
1788644886.1238902,1788645000,113.9,Down,0.51,25,0.5,190.5,49,50,False
1788644889.353303,1788645000,110.6,Up,0.5,190.5,0.49,25,50,49,False
1788644889.353303,1788645000,110.6,Down,0.51,25,0.5,190.5,49,50,False
1788644892.6602013,1788645000,107.3,Up,0.5,190.5,0.49,25,50,49,False
1788644892.6602013,1788645000,107.3,Down,0.51,25,0.5,190.5,49,50,False
1788644895.983846,1788645000,104.0,Up,0.5,190.5,0.49,25,50,49,False
1788644895.983846,1788645000,104.0,Down,0.51,25,0.5,190.5,49,50,False
1788644899.3021226,1788645000,100.7,Up,0.5,190.5,0.49,25,50,49,False
1788644899.3021226,1788645000,100.7,Down,0.51,25,0.5,190.5,49,50,False
1788644902.6222682,1788645000,97.4,Up,0.5,190.5,0.49,25,50,49,False
1788644902.6222682,1788645000,97.4,Down,0.51,25,0.5,190.5,49,50,False
1788644905.9444678,1788645000,94.1,Up,0.5,170.5,0.49,25,50,49,False
1788644905.9444678,1788645000,94.1,Down,0.51,25,0.5,170.5,49,50,False
1788644909.170401,1788645000,90.8,Up,0.5,170.5,0.49,25,50,49,False
1788644909.170401,1788645000,90.8,Down,0.51,25,0.5,170.5,49,50,False
1788644912.488713,1788645000,87.5,Up,0.5,170.5,0.49,5,50,49,False
1788644912.488713,1788645000,87.5,Down,0.51,5,0.5,170.5,49,50,False
1788644915.795409,1788645000,84.2,Up,0.5,170.5,0.49,15,50,49,False
1788644915.795409,1788645000,84.2,Down,0.51,15,0.5,170.5,49,50,False
1788644919.2867339,1788645000,80.7,Up,0.5,170.5,0.49,15,50,49,False
1788644919.2867339,1788645000,80.7,Down,0.51,15,0.5,170.5,49,50,False
1788644922.5957386,1788645000,77.4,Up,0.5,170.5,0.49,15,50,49,False
1788644922.5957386,1788645000,77.4,Down,0.51,15,0.5,170.5,49,50,False
1788644925.9075935,1788645000,74.1,Up,0.5,170.5,0.49,15,50,49,False
1788644925.9075935,1788645000,74.1,Down,0.51,15,0.5,170.5,49,50,False
1788644929.2177327,1788645000,70.8,Up,0.5,170.5,0.49,15,50,49,False
1788644929.2177327,1788645000,70.8,Down,0.51,15,0.5,170.5,49,50,False
1788644932.5210452,1788645000,67.5,Up,0.5,170.5,0.49,15,50,49,False
1788644932.5210452,1788645000,67.5,Down,0.51,15,0.5,170.5,49,50,False
1788644935.8338518,1788645000,64.2,Up,0.5,170.5,0.49,15,50,49,False
1788644935.8338518,1788645000,64.2,Down,0.51,15,0.5,170.5,49,50,False
1788644939.1551402,1788645000,60.8,Up,0.5,168.5,0.49,30,50,49,False
1788644939.1551402,1788645000,60.8,Down,0.51,30,0.5,168.5,49,50,False
1788644942.456505,1788645000,57.5,Up,0.5,158.5,0.49,30,50,49,False
1788644942.456505,1788645000,57.5,Down,0.51,30,0.5,158.5,49,50,False
1788644945.7673974,1788645000,54.2,Up,0.5,148.5,0.49,30,50,49,False
1788644945.7673974,1788645000,54.2,Down,0.51,30,0.5,148.5,49,50,False
1788644949.0952973,1788645000,50.9,Up,0.5,153.5,0.49,35,50,49,False
1788644949.0952973,1788645000,50.9,Down,0.51,35,0.5,153.5,49,50,False
1788644952.4123886,1788645000,47.6,Up,0.5,153.5,0.48,81.84,50,48,False
1788644952.4123886,1788645000,47.6,Down,0.52,81.84,0.5,153.5,48,50,False
1788644955.7693114,1788645000,44.2,Up,0.5,153.5,0.48,137.84,50,48,False
1788644955.7693114,1788645000,44.2,Down,0.52,137.84,0.5,153.5,48,50,False
1788644959.0729396,1788645000,40.9,Up,0.5,37.5,0.48,137.84,50,48,False
1788644959.0729396,1788645000,40.9,Down,0.52,137.84,0.5,37.5,48,50,False
1788644962.3825467,1788645000,37.6,Up,0.52,102.68,0.51,120,48,51,False
1788644962.3825467,1788645000,37.6,Down,0.49,167,0.48,102.68,51,48,False
1788644965.6893563,1788645000,34.3,Up,0.53,13.45,0.52,123,47,52,False
1788644965.6893563,1788645000,34.3,Down,0.48,123,0.47,13.45,52,47,False
1788644969.0087078,1788645000,31.0,Up,0.53,13.45,0.52,223,47,52,False
1788644969.0087078,1788645000,31.0,Down,0.48,223,0.47,13.45,52,47,False
1788644972.2462661,1788645000,27.8,Up,0.53,13.45,0.52,223,47,52,False
1788644972.2462661,1788645000,27.8,Down,0.48,223,0.47,13.45,52,47,False
1788644975.5564442,1788645000,24.4,Up,0.53,3.45,0.52,247.91,47,52,False
1788644975.5564442,1788645000,24.4,Down,0.48,247.91,0.47,3.45,52,47,False
1788644978.9048657,1788645000,21.1,Up,0.53,1.56,0.52,257.33,47,52,False
1788644978.9048657,1788645000,21.1,Down,0.48,257.33,0.47,1.56,52,47,False
1788644982.2929862,1788645000,17.7,Up,0.56,123,0.55,105,44,55,False
1788644982.2929862,1788645000,17.7,Down,0.45,105,0.44,123,55,44,False
1788644985.5104141,1788645000,14.5,Up,0.59,130.31,0.58,69.92,41,58,False
1788644985.5104141,1788645000,14.5,Down,0.42,69.92,0.41,130.31,58,41,False
1788644988.8266714,1788645000,11.2,Up,0.72,185.01,0.7,324.21,28,70,False
1788644988.8266714,1788645000,11.2,Down,0.29,199.21,0.28,144.34,71,28,False
1788644991.940964,1788645000,8.1,Up,0.72,280.64,0.71,0.21,28,71,False
1788644991.940964,1788645000,8.1,Down,0.32,50.21,0.29,100,68,29,False
1788644994.1843355,1788645000,5.8,Up,0.68,57,0.67,113.37,32,67,False
1788644994.1843355,1788645000,5.8,Down,0.33,113.37,0.32,57,67,32,False
1788644995.9839694,1788645000,4.0,Up,0.68,64.79,0.67,17.24,32,67,False
1788644995.9839694,1788645000,4.0,Down,0.33,17.24,0.32,64.79,67,32,False
1788644997.3056974,1788645000,2.7,Up,0.68,64.79,0.67,5.93,32,67,False
1788644997.3056974,1788645000,2.7,Down,0.33,5.93,0.32,64.79,67,32,False
1788644998.6180573,1788645000,1.4,Up,0.68,48.26,0.67,0.93,32,67,False
1788644998.6180573,1788645000,1.4,Down,0.34,87.02,0.32,48.26,66,32,False
1788645001.1662402,1788645300,298.8,Up,0.51,293.8,0.49,278.8,48,49,False
1788645001.1662402,1788645300,298.8,Down,0.51,278.8,0.49,293.8,49,48,False
1788645004.4740791,1788645300,295.5,Up,0.51,293.8,0.49,278.8,48,49,False
1788645004.4740791,1788645300,295.5,Down,0.51,278.8,0.49,293.8,49,48,False
1788645007.7819684,1788645300,292.2,Up,0.5,135.5,0.49,293.8,50,49,False
1788645007.7819684,1788645300,292.2,Down,0.51,293.8,0.5,135.5,49,50,False
1788645011.011542,1788645300,289.0,Up,0.5,135.5,0.49,291.54,50,49,False
1788645011.011542,1788645300,289.0,Down,0.51,291.54,0.5,135.5,49,50,False
1788645014.3262155,1788645300,285.7,Up,0.5,135.5,0.49,291.54,50,49,False
1788645014.3262155,1788645300,285.7,Down,0.51,291.54,0.5,135.5,49,50,False
1788645017.649361,1788645300,282.4,Up,0.5,135.5,0.49,291.54,50,49,False
1788645017.649361,1788645300,282.4,Down,0.51,291.54,0.5,178.5,49,50,False
1788645020.961176,1788645300,279.0,Up,0.5,178.5,0.49,291.54,50,49,False
1788645020.961176,1788645300,279.0,Down,0.51,291.54,0.5,173.5,49,50,False
1788645024.1890402,1788645300,275.8,Up,0.5,173.5,0.49,291.54,50,49,False
1788645024.1890402,1788645300,275.8,Down,0.51,291.54,0.5,173.5,49,50,False
1788645027.5110679,1788645300,272.5,Up,0.5,173.5,0.49,291.54,50,49,False
1788645027.5110679,1788645300,272.5,Down,0.51,291.54,0.5,173.5,49,50,False
1788645030.86798,1788645300,269.1,Up,0.5,173.5,0.49,291.54,50,49,False
1788645030.86798,1788645300,269.1,Down,0.51,291.54,0.5,173.5,49,50,False
1788645034.1761792,1788645300,265.8,Up,0.5,173.5,0.49,291.54,50,49,False
1788645034.1761792,1788645300,265.8,Down,0.51,291.54,0.5,173.5,49,50,False
1788645037.489305,1788645300,262.5,Up,0.5,173.5,0.49,284.64,50,49,False
1788645037.489305,1788645300,262.5,Down,0.51,284.64,0.5,173.5,49,50,False
1788645040.8038611,1788645300,259.2,Up,0.5,173.5,0.49,284.64,50,49,False
1788645040.8038611,1788645300,259.2,Down,0.51,284.64,0.5,173.5,49,50,False
1788645044.1190965,1788645300,255.9,Up,0.5,173.5,0.49,284.64,50,49,False
1788645044.1190965,1788645300,255.9,Down,0.51,284.64,0.5,173.5,49,50,False
1788645047.2599726,1788645300,252.7,Up,0.5,173.5,0.49,183,50,49,False
1788645047.2599726,1788645300,252.7,Down,0.51,183,0.5,173.5,49,50,False
1788645050.5614796,1788645300,249.4,Up,0.5,183.5,0.49,183,50,49,False
1788645050.5614796,1788645300,249.4,Down,0.51,183,0.5,183.5,49,50,False
1788645053.869065,1788645300,246.1,Up,0.5,183.5,0.49,183,50,49,False
1788645053.869065,1788645300,246.1,Down,0.51,183,0.5,183.5,49,50,False
1788645057.1714637,1788645300,242.8,Up,0.5,183.5,0.49,183,50,49,False
1788645057.1714637,1788645300,242.8,Down,0.51,183,0.5,183.5,49,50,False
1788645060.3976142,1788645300,239.6,Up,0.5,183.5,0.49,183,50,49,False
1788645060.3976142,1788645300,239.6,Down,0.51,183,0.5,183.5,49,50,False
1788645063.6316152,1788645300,236.4,Up,0.5,183.5,0.49,183,50,49,False
1788645063.6316152,1788645300,236.4,Down,0.51,183,0.5,183.5,49,50,False
1788645066.8572779,1788645300,233.1,Up,0.5,188.5,0.49,183,50,49,False
1788645066.8572779,1788645300,233.1,Down,0.51,183,0.5,188.5,49,50,False
1788645070.1813953,1788645300,229.8,Up,0.5,188.5,0.49,183,50,49,False
1788645070.1813953,1788645300,229.8,Down,0.51,183,0.5,188.5,49,50,False
1788645073.495768,1788645300,226.5,Up,0.5,188.5,0.49,183,50,49,False
1788645073.495768,1788645300,226.5,Down,0.51,183,0.5,188.5,49,50,False
1788645076.810273,1788645300,223.2,Up,0.5,188.5,0.49,183,50,49,False
1788645076.810273,1788645300,223.2,Down,0.51,183,0.5,188.5,49,50,False
1788645080.1277087,1788645300,219.9,Up,0.5,188.5,0.49,183,50,49,False
1788645080.1277087,1788645300,219.9,Down,0.51,183,0.5,188.5,49,50,False
1788645083.3766282,1788645300,216.6,Up,0.5,188.5,0.49,183,50,49,False
1788645083.3766282,1788645300,216.6,Down,0.51,183,0.5,188.5,49,50,False
1788645086.677069,1788645300,213.3,Up,0.5,188.5,0.49,183,50,49,False
1788645086.677069,1788645300,213.3,Down,0.51,183,0.5,188.5,49,50,False
1788645089.9941328,1788645300,210.0,Up,0.5,188.5,0.49,183,50,49,False
1788645089.9941328,1788645300,210.0,Down,0.51,183,0.5,188.5,49,50,False
1788645093.3189237,1788645300,206.7,Up,0.5,188.5,0.49,183,50,49,False
1788645093.3189237,1788645300,206.7,Down,0.51,183,0.5,188.5,49,50,False
1788645096.6306965,1788645300,203.4,Up,0.5,188.5,0.49,183,50,49,False
1788645096.6306965,1788645300,203.4,Down,0.51,183,0.5,188.5,49,50,False
1788645099.8580709,1788645300,200.1,Up,0.5,148.5,0.49,183,50,49,False
1788645099.8580709,1788645300,200.1,Down,0.51,183,0.5,148.5,49,50,False
1788645103.1833558,1788645300,196.8,Up,0.5,148.5,0.49,183,50,49,False
1788645103.1833558,1788645300,196.8,Down,0.51,183,0.5,148.5,49,50,False
1788645106.4918034,1788645300,193.5,Up,0.5,148.5,0.49,183,50,49,False
1788645106.4918034,1788645300,193.5,Down,0.51,183,0.5,148.5,49,50,False
1788645109.8101325,1788645300,190.2,Up,0.5,148.5,0.49,183,50,49,False
1788645109.8101325,1788645300,190.2,Down,0.51,183,0.5,148.5,49,50,False
1788645113.031422,1788645300,187.0,Up,0.5,148.5,0.49,183,50,49,False
1788645113.031422,1788645300,187.0,Down,0.51,183,0.5,148.5,49,50,False
1788645116.3487818,1788645300,183.7,Up,0.5,148.5,0.49,183,50,49,False
1788645116.3487818,1788645300,183.7,Down,0.51,183,0.5,138.5,49,50,False
1788645119.6544454,1788645300,180.3,Up,0.5,138.5,0.49,193,50,49,False
1788645119.6544454,1788645300,180.3,Down,0.51,193,0.5,138.5,49,50,False
1788645122.9687705,1788645300,177.0,Up,0.5,138.5,0.49,193,50,49,False
1788645122.9687705,1788645300,177.0,Down,0.51,193,0.5,138.5,49,50,False
1788645126.2764513,1788645300,173.7,Up,0.5,138.5,0.49,185,50,49,False
1788645126.2764513,1788645300,173.7,Down,0.51,185,0.5,138.5,49,50,False
1788645129.598634,1788645300,170.4,Up,0.5,138.5,0.49,185,50,49,False
1788645129.598634,1788645300,170.4,Down,0.51,185,0.5,138.5,49,50,False
1788645132.9044347,1788645300,167.1,Up,0.5,138.5,0.49,185,50,49,False
1788645132.9044347,1788645300,167.1,Down,0.51,179.11,0.5,138.5,49,50,False
1788645136.2325015,1788645300,163.8,Up,0.5,138.5,0.49,179.11,50,49,False
1788645136.2325015,1788645300,163.8,Down,0.51,179.11,0.5,138.5,49,50,False
1788645139.5419507,1788645300,160.5,Up,0.5,138.5,0.49,179.11,50,49,False
1788645139.5419507,1788645300,160.5,Down,0.51,179.11,0.5,138.5,49,50,False
1788645142.851404,1788645300,157.1,Up,0.5,138.5,0.49,179.11,50,49,False
1788645142.851404,1788645300,157.1,Down,0.51,179.11,0.5,138.5,49,50,False
1788645146.0839484,1788645300,153.9,Up,0.5,138.5,0.49,179.11,50,49,False
1788645146.0839484,1788645300,153.9,Down,0.51,179.11,0.5,138.5,49,50,False
1788645149.3961859,1788645300,150.6,Up,0.5,138.5,0.49,179.11,50,49,False
1788645149.3961859,1788645300,150.6,Down,0.51,179.11,0.5,138.5,49,50,False
1788645152.6982086,1788645300,147.3,Up,0.5,138.5,0.49,25,50,49,False
1788645152.6982086,1788645300,147.3,Down,0.51,25,0.5,138.5,49,50,False
1788645156.018079,1788645300,144.0,Up,0.5,95.5,0.48,266.82,50,48,False
1788645156.018079,1788645300,144.0,Down,0.52,266.82,0.51,53,48,51,False
1788645159.3331628,1788645300,140.7,Up,0.49,53,0.48,266.82,51,48,False
1788645159.3331628,1788645300,140.7,Down,0.52,266.82,0.51,53,48,51,False
1788645162.477181,1788645300,137.5,Up,0.49,53,0.48,266.82,51,48,False
1788645162.477181,1788645300,137.5,Down,0.52,256.82,0.51,53,48,51,False
1788645165.7936373,1788645300,134.2,Up,0.49,53,0.48,254.82,51,48,False
1788645165.7936373,1788645300,134.2,Down,0.52,254.82,0.51,53,48,51,False
1788645169.1122842,1788645300,130.9,Up,0.49,53,0.48,254.82,51,48,False
1788645169.1122842,1788645300,130.9,Down,0.52,254.82,0.51,53,48,51,False
1788645172.25353,1788645300,127.7,Up,0.49,58,0.48,249.82,51,48,False
1788645172.25353,1788645300,127.7,Down,0.52,249.82,0.51,58,48,51,False
1788645175.5622249,1788645300,124.4,Up,0.49,63,0.48,254.82,51,48,False
1788645175.5622249,1788645300,124.4,Down,0.52,254.82,0.51,63,48,51,False
1788645178.8697278,1788645300,121.1,Up,0.49,68,0.48,249.82,51,48,False
1788645178.8697278,1788645300,121.1,Down,0.52,249.82,0.51,68,48,51,False
1788645182.1844285,1788645300,117.8,Up,0.49,68,0.48,249.82,51,48,False
1788645182.1844285,1788645300,117.8,Down,0.52,249.82,0.51,68,48,51,False
1788645185.4017358,1788645300,114.6,Up,0.49,68,0.48,249.82,51,48,False
1788645185.4017358,1788645300,114.6,Down,0.52,249.82,0.51,68,48,51,False
1788645188.5484955,1788645300,111.5,Up,0.49,68,0.48,249.82,51,48,False
1788645188.5484955,1788645300,111.5,Down,0.52,249.82,0.51,68,48,51,False
1788645191.8771205,1788645300,108.1,Up,0.49,78,0.48,249.82,51,48,False
1788645191.8771205,1788645300,108.1,Down,0.52,249.82,0.51,78,48,51,False
1788645195.1760004,1788645300,104.8,Up,0.49,78,0.48,243.18,51,48,False
1788645195.1760004,1788645300,104.8,Down,0.52,243.18,0.51,78,48,51,False
1788645198.489543,1788645300,101.5,Up,0.49,78,0.48,229.72,51,48,False
1788645198.489543,1788645300,101.5,Down,0.52,229.72,0.51,78,48,51,False
1788645201.801866,1788645300,98.2,Up,0.49,47.63,0.48,236.72,51,48,False
1788645201.801866,1788645300,98.2,Down,0.52,236.72,0.51,47.63,48,51,False
1788645205.1287408,1788645300,94.9,Up,0.49,47.63,0.48,236.72,51,48,False
1788645205.1287408,1788645300,94.9,Down,0.52,236.72,0.51,47.63,48,51,False
1788645208.457445,1788645300,91.5,Up,0.49,47.63,0.48,236.72,51,48,False
1788645208.457445,1788645300,91.5,Down,0.52,236.72,0.51,47.63,48,51,False
1788645211.7606564,1788645300,88.2,Up,0.49,47.63,0.48,236.72,51,48,False
1788645211.7606564,1788645300,88.2,Down,0.52,236.72,0.51,47.63,48,51,False
1788645215.072107,1788645300,84.9,Up,0.49,47.63,0.48,234.79,51,48,False
1788645215.072107,1788645300,84.9,Down,0.52,234.79,0.51,47.63,48,51,False
1788645218.3862114,1788645300,81.6,Up,0.49,47.63,0.48,234.79,51,48,False
1788645218.3862114,1788645300,81.6,Down,0.52,234.79,0.51,47.63,48,51,False
1788645221.6149817,1788645300,78.4,Up,0.49,47.63,0.48,234.79,51,48,False
1788645221.6149817,1788645300,78.4,Down,0.52,234.79,0.51,47.63,48,51,False
1788645224.9243412,1788645300,75.1,Up,0.49,47.63,0.48,234.79,51,48,False
1788645224.9243412,1788645300,75.1,Down,0.52,234.79,0.51,47.63,48,51,False
1788645228.233305,1788645300,71.8,Up,0.49,47.63,0.48,234.79,51,48,False
1788645228.233305,1788645300,71.8,Down,0.52,234.79,0.51,47.63,48,51,False
1788645231.5369134,1788645300,68.5,Up,0.49,47.63,0.48,234.79,51,48,False
1788645231.5369134,1788645300,68.5,Down,0.52,234.79,0.51,47.63,48,51,False
1788645234.7598257,1788645300,65.2,Up,0.49,47.63,0.48,234.39,51,48,False
1788645234.7598257,1788645300,65.2,Down,0.52,234.39,0.51,47.63,48,51,False
1788645237.9860916,1788645300,62.0,Up,0.49,47.63,0.48,249.39,51,48,False
1788645237.9860916,1788645300,62.0,Down,0.52,222.46,0.51,47.63,48,51,False
1788645241.3012393,1788645300,58.7,Up,0.49,47.63,0.48,222,51,48,False
1788645241.3012393,1788645300,58.7,Down,0.52,222,0.51,47.63,48,51,False
1788645244.6089625,1788645300,55.4,Up,0.49,42.63,0.48,217,51,48,False
1788645244.6089625,1788645300,55.4,Down,0.52,217,0.51,42.63,48,51,False
1788645247.9171011,1788645300,52.1,Up,0.49,52.63,0.48,212,51,48,False
1788645247.9171011,1788645300,52.1,Down,0.52,212,0.51,52.63,48,51,False
1788645251.2309196,1788645300,48.8,Up,0.49,67.63,0.48,217,51,48,False
1788645251.2309196,1788645300,48.8,Down,0.52,217,0.51,67.63,48,51,False
1788645254.4583406,1788645300,45.5,Up,0.49,67.63,0.48,217,51,48,False
1788645254.4583406,1788645300,45.5,Down,0.52,217,0.51,67.63,48,51,False
1788645257.5952764,1788645300,42.4,Up,0.49,26.81,0.48,215.07,51,48,False
1788645257.5952764,1788645300,42.4,Down,0.52,215.07,0.51,26.81,48,51,False
1788645260.9236913,1788645300,39.1,Up,0.49,26.81,0.48,215.07,51,48,False
1788645260.9236913,1788645300,39.1,Down,0.52,215.07,0.51,26.81,48,51,False
1788645264.1690981,1788645300,35.8,Up,0.49,26.81,0.48,215.07,51,48,False
1788645264.1690981,1788645300,35.8,Down,0.52,215.07,0.51,26.81,48,51,False
1788645267.4826655,1788645300,32.5,Up,0.49,36.81,0.48,215.07,51,48,False
1788645267.4826655,1788645300,32.5,Down,0.52,215.07,0.51,36.81,48,51,False
1788645270.7138772,1788645300,29.3,Up,0.49,36.81,0.48,215.07,51,48,False
1788645270.7138772,1788645300,29.3,Down,0.52,215.07,0.51,36.81,48,51,False
1788645274.0377314,1788645300,26.0,Up,0.49,43.31,0.48,215.07,51,48,False
1788645274.0377314,1788645300,26.0,Down,0.52,215.07,0.51,43.31,48,51,False
1788645277.3534348,1788645300,22.6,Up,0.49,25.14,0.48,220.07,51,48,False
1788645277.3534348,1788645300,22.6,Down,0.52,220.07,0.51,21.5,48,51,False
1788645280.6701446,1788645300,19.3,Up,0.49,21.5,0.48,220.07,51,48,False
1788645280.6701446,1788645300,19.3,Down,0.52,220.07,0.51,21.5,48,51,False
1788645283.9756627,1788645300,16.0,Up,0.49,27.44,0.48,220.07,51,48,False
1788645283.9756627,1788645300,16.0,Down,0.52,220.07,0.51,27.44,48,51,False
1788645287.27839,1788645300,12.7,Up,0.49,27.44,0.48,195.32,51,48,False
1788645287.27839,1788645300,12.7,Down,0.52,195.32,0.51,27.44,48,51,False
1788645290.511856,1788645300,9.5,Up,0.49,24.37,0.48,100,51,48,False
1788645290.511856,1788645300,9.5,Down,0.52,100,0.51,24.37,48,51,False
1788645293.2022057,1788645300,6.8,Up,0.49,162.07,0.47,16,51,47,False
1788645293.2022057,1788645300,6.8,Down,0.53,16,0.51,168.07,47,51,False
1788645295.2208557,1788645300,4.8,Up,0.48,30,0.47,16,52,47,False
1788645295.2208557,1788645300,4.8,Down,0.53,16,0.52,30,47,52,False
1788645296.6520214,1788645300,3.3,Up,0.48,130,0.47,17.07,52,47,False
1788645296.6520214,1788645300,3.3,Down,0.53,17.07,0.52,130,47,52,False
1788645297.9786422,1788645300,2.0,Up,0.48,115,0.47,6.07,52,47,False
1788645297.9786422,1788645300,2.0,Down,0.53,6.07,0.52,115,47,52,False
1788645300.3287718,1788645300,-0.3,Up,0.48,115,0.47,6.07,52,47,False
1788645300.3287718,1788645300,-0.3,Down,0.53,6.07,0.52,115,47,52,False
1788645302.714453,1788645600,297.3,Up,0.5,600,0.49,283.13,50,49,False
1788645302.714453,1788645600,297.3,Down,0.51,283.13,0.5,600,49,50,False
1788645306.0234506,1788645600,294.0,Up,0.5,605,0.49,283.13,50,49,False
1788645306.0234506,1788645600,294.0,Down,0.51,283.13,0.5,605,49,50,False
1788645309.2558248,1788645600,290.7,Up,0.5,731,0.49,288.13,50,49,False
1788645309.2558248,1788645600,290.7,Down,0.51,288.13,0.5,731,49,50,False
1788645312.5772517,1788645600,287.4,Up,0.5,731,0.49,288.13,50,49,False
1788645312.5772517,1788645600,287.4,Down,0.51,288.13,0.5,731,49,50,False
1788645315.8879,1788645600,284.1,Up,0.5,736,0.49,293.13,50,49,False
1788645315.8879,1788645600,284.1,Down,0.51,293.13,0.5,736,49,50,False
1788645319.2046874,1788645600,280.8,Up,0.5,763,0.49,288.12,50,49,False
1788645319.2046874,1788645600,280.8,Down,0.51,288.12,0.5,763,49,50,False
1788645322.523288,1788645600,277.5,Up,0.5,768,0.49,288.12,50,49,False
1788645322.523288,1788645600,277.5,Down,0.51,288.12,0.5,768,49,50,False
1788645325.8399258,1788645600,274.2,Up,0.5,764,0.49,286.08,50,49,False
1788645325.8399258,1788645600,274.2,Down,0.51,286.08,0.5,764,49,50,False
1788645329.0620272,1788645600,270.9,Up,0.5,764,0.49,284.04,50,49,False
1788645329.0620272,1788645600,270.9,Down,0.51,284.04,0.5,764,49,50,False
1788645332.3687186,1788645600,267.6,Up,0.5,764,0.49,280.11,50,49,False
1788645332.3687186,1788645600,267.6,Down,0.51,280.11,0.5,764,49,50,False
1788645335.6943076,1788645600,264.3,Up,0.5,764,0.49,278.07,50,49,False
1788645335.6943076,1788645600,264.3,Down,0.51,278.07,0.5,764,49,50,False
1788645339.0078342,1788645600,261.0,Up,0.5,764,0.49,276.03,50,49,False
1788645339.0078342,1788645600,261.0,Down,0.51,276.03,0.5,764,49,50,False
1788645342.3220515,1788645600,257.7,Up,0.5,764,0.49,276.03,50,49,False
1788645342.3220515,1788645600,257.7,Down,0.51,276.03,0.5,764,49,50,False
1788645345.6351767,1788645600,254.4,Up,0.5,764,0.49,188,50,49,False
1788645345.6351767,1788645600,254.4,Down,0.51,188,0.5,764,49,50,False
1788645348.9363878,1788645600,251.1,Up,0.5,764,0.49,188,50,49,False
1788645348.9363878,1788645600,251.1,Down,0.51,188,0.5,764,49,50,False
1788645352.1729472,1788645600,247.8,Up,0.5,764,0.49,188,50,49,False
1788645352.1729472,1788645600,247.8,Down,0.51,188,0.5,764,49,50,False
1788645355.4838898,1788645600,244.5,Up,0.5,764,0.49,188,50,49,False
1788645355.4838898,1788645600,244.5,Down,0.51,188,0.5,764,49,50,False
1788645358.638745,1788645600,241.4,Up,0.5,764,0.49,188,50,49,False
1788645358.638745,1788645600,241.4,Down,0.51,188,0.5,764,49,50,False
1788645361.9482775,1788645600,238.1,Up,0.5,844,0.49,188,50,49,False
1788645361.9482775,1788645600,238.1,Down,0.51,188,0.5,844,49,50,False
1788645365.2818966,1788645600,234.7,Up,0.5,844,0.49,188,50,49,False
1788645365.2818966,1788645600,234.7,Down,0.51,188,0.5,844,49,50,False
1788645368.6029074,1788645600,231.4,Up,0.5,849,0.49,188,50,49,False
1788645368.6029074,1788645600,231.4,Down,0.51,188,0.5,849,49,50,False
1788645371.9060805,1788645600,228.1,Up,0.5,849,0.49,188,50,49,False
1788645371.9060805,1788645600,228.1,Down,0.51,188,0.5,849,49,50,False
1788645375.2124119,1788645600,224.8,Up,0.5,849,0.49,188,50,49,False
1788645375.2124119,1788645600,224.8,Down,0.51,188,0.5,849,49,50,False
1788645378.536786,1788645600,221.5,Up,0.5,849,0.49,188,50,49,False
1788645378.536786,1788645600,221.5,Down,0.51,188,0.5,849,49,50,False
1788645381.841348,1788645600,218.2,Up,0.5,849,0.49,188,50,49,False
1788645381.841348,1788645600,218.2,Down,0.51,188,0.5,849,49,50,False
1788645385.1582592,1788645600,214.8,Up,0.5,849,0.49,188,50,49,False
1788645385.1582592,1788645600,214.8,Down,0.51,188,0.5,849,49,50,False
1788645388.3800309,1788645600,211.6,Up,0.5,849,0.49,188,50,49,False
1788645388.3800309,1788645600,211.6,Down,0.51,188,0.5,849,49,50,False
1788645391.5937,1788645600,208.4,Up,0.5,849,0.49,188,50,49,False
1788645391.5937,1788645600,208.4,Down,0.51,188,0.5,849,49,50,False
1788645394.896644,1788645600,205.1,Up,0.5,849,0.49,268,50,49,False
1788645394.896644,1788645600,205.1,Down,0.51,268,0.5,849,49,50,False
1788645398.2069156,1788645600,201.8,Up,0.5,849,0.49,268,50,49,False
1788645398.2069156,1788645600,201.8,Down,0.51,268,0.5,849,49,50,False
1788645401.5091684,1788645600,198.5,Up,0.5,844,0.49,268,50,49,False
1788645401.5091684,1788645600,198.5,Down,0.51,268,0.5,844,49,50,False
1788645404.7400937,1788645600,195.3,Up,0.5,844,0.49,268,50,49,False
1788645404.7400937,1788645600,195.3,Down,0.51,268,0.5,844,49,50,False
1788645408.0681796,1788645600,191.9,Up,0.5,844,0.49,268,50,49,False
1788645408.0681796,1788645600,191.9,Down,0.51,268,0.5,844,49,50,False
1788645411.3837724,1788645600,188.6,Up,0.5,844,0.49,268,50,49,False
1788645411.3837724,1788645600,188.6,Down,0.51,268,0.5,844,49,50,False
1788645414.606068,1788645600,185.4,Up,0.5,844,0.49,268,50,49,False
1788645414.606068,1788645600,185.4,Down,0.51,268,0.5,844,49,50,False
1788645417.9092135,1788645600,182.1,Up,0.5,844,0.49,268,50,49,False
1788645417.9092135,1788645600,182.1,Down,0.51,268,0.5,844,49,50,False
1788645421.2252114,1788645600,178.8,Up,0.5,844,0.49,268,50,49,False
1788645421.2252114,1788645600,178.8,Down,0.51,268,0.5,844,49,50,False
1788645424.5335538,1788645600,175.5,Up,0.5,844,0.49,260,50,49,False
1788645424.5335538,1788645600,175.5,Down,0.51,260,0.5,844,49,50,False
1788645427.8617365,1788645600,172.1,Up,0.5,844,0.49,260,50,49,False
1788645427.8617365,1788645600,172.1,Down,0.51,260,0.5,844,49,50,False
1788645431.178365,1788645600,168.8,Up,0.5,844,0.49,260,50,49,False
1788645431.178365,1788645600,168.8,Down,0.51,260,0.5,844,49,50,False
1788645434.4893372,1788645600,165.5,Up,0.5,779,0.49,260,50,49,False
1788645434.4893372,1788645600,165.5,Down,0.51,260,0.5,779,49,50,False
1788645437.8157814,1788645600,162.2,Up,0.5,779,0.49,180,50,49,False
1788645437.8157814,1788645600,162.2,Down,0.51,180,0.5,779,49,50,False
1788645441.1308484,1788645600,158.9,Up,0.5,779,0.49,180,50,49,False
1788645441.1308484,1788645600,158.9,Down,0.51,180,0.5,779,49,50,False
1788645444.4640114,1788645600,155.5,Up,0.5,769,0.49,200,50,49,False
1788645444.4640114,1788645600,155.5,Down,0.51,200,0.5,769,49,50,False
1788645447.7004416,1788645600,152.3,Up,0.5,769,0.49,192,50,49,False
1788645447.7004416,1788645600,152.3,Down,0.51,192,0.5,769,49,50,False
1788645450.9268162,1788645600,149.1,Up,0.5,769,0.49,192,50,49,False
1788645450.9268162,1788645600,149.1,Down,0.51,192,0.5,769,49,50,False
1788645454.247808,1788645600,145.8,Up,0.5,769,0.49,182,50,49,False
1788645454.247808,1788645600,145.8,Down,0.51,182,0.5,769,49,50,False
1788645457.55913,1788645600,142.4,Up,0.5,769,0.49,182,50,49,False
1788645457.55913,1788645600,142.4,Down,0.51,182,0.5,769,49,50,False
1788645460.7891862,1788645600,139.2,Up,0.5,769,0.49,187,50,49,False
1788645460.7891862,1788645600,139.2,Down,0.51,187,0.5,769,49,50,False
1788645464.1060727,1788645600,135.9,Up,0.5,759,0.49,187,50,49,False
1788645464.1060727,1788645600,135.9,Down,0.51,187,0.5,759,49,50,False
1788645467.4163828,1788645600,132.6,Up,0.5,759,0.49,187,50,49,False
1788645467.4163828,1788645600,132.6,Down,0.51,187,0.5,759,49,50,False
1788645470.7391462,1788645600,129.3,Up,0.5,759,0.49,187,50,49,False
1788645470.7391462,1788645600,129.3,Down,0.51,187,0.5,759,49,50,False
1788645474.051123,1788645600,125.9,Up,0.5,759,0.49,187,50,49,False
1788645474.051123,1788645600,125.9,Down,0.51,187,0.5,759,49,50,False
1788645477.367834,1788645600,122.6,Up,0.5,759,0.49,187,50,49,False
1788645477.367834,1788645600,122.6,Down,0.51,187,0.5,759,49,50,False
1788645480.5869782,1788645600,119.4,Up,0.5,759,0.49,187,50,49,False
1788645480.5869782,1788645600,119.4,Down,0.51,187,0.5,759,49,50,False
1788645483.9167209,1788645600,116.1,Up,0.5,759,0.49,187,50,49,False
1788645483.9167209,1788645600,116.1,Down,0.51,187,0.5,759,49,50,False
1788645487.240373,1788645600,112.8,Up,0.5,183,0.49,177,50,49,False
1788645487.240373,1788645600,112.8,Down,0.51,177,0.5,183,49,50,False
1788645490.3866258,1788645600,109.6,Up,0.5,183,0.49,187,50,49,False
1788645490.3866258,1788645600,109.6,Down,0.51,187,0.5,183,49,50,False
1788645493.699104,1788645600,106.3,Up,0.5,178,0.49,182,50,49,False
1788645493.699104,1788645600,106.3,Down,0.51,182,0.5,178,49,50,False
1788645496.9298487,1788645600,103.1,Up,0.5,173,0.49,177,50,49,False
1788645496.9298487,1788645600,103.1,Down,0.51,177,0.5,173,49,50,False
1788645500.076581,1788645600,99.9,Up,0.49,27,0.48,157.28,51,48,False
1788645500.076581,1788645600,99.9,Down,0.52,157.28,0.51,27,48,51,False
1788645503.3926628,1788645600,96.6,Up,0.49,27,0.48,244.85,51,48,False
1788645503.3926628,1788645600,96.6,Down,0.52,244.85,0.5,108.46,48,50,False
1788645506.699845,1788645600,93.3,Up,0.5,108.46,0.48,234.85,50,48,False
1788645506.699845,1788645600,93.3,Down,0.52,234.85,0.5,108.46,48,50,False
1788645509.929253,1788645600,90.1,Up,0.5,108.46,0.48,234.85,50,48,False
1788645509.929253,1788645600,90.1,Down,0.52,234.85,0.5,108.46,48,50,False
1788645513.2343657,1788645600,86.8,Up,0.5,108.46,0.48,234.85,50,48,False
1788645513.2343657,1788645600,86.8,Down,0.52,234.85,0.5,108.46,48,50,False
1788645516.5451093,1788645600,83.5,Up,0.5,108.46,0.48,234.85,50,48,False
1788645516.5451093,1788645600,83.5,Down,0.52,234.85,0.5,108.46,48,50,False
1788645519.8466759,1788645600,80.2,Up,0.5,108.46,0.48,234.85,50,48,False
1788645519.8466759,1788645600,80.2,Down,0.52,234.85,0.5,108.46,48,50,False
1788645523.1535084,1788645600,76.8,Up,0.5,108.46,0.48,234.85,50,48,False
1788645523.1535084,1788645600,76.8,Down,0.52,234.85,0.5,108.46,48,50,False
1788645526.4592533,1788645600,73.5,Up,0.5,108.46,0.48,234.85,50,48,False
1788645526.4592533,1788645600,73.5,Down,0.52,234.85,0.5,108.46,48,50,False
1788645529.7809289,1788645600,70.2,Up,0.5,108.46,0.48,234.85,50,48,False
1788645529.7809289,1788645600,70.2,Down,0.52,234.85,0.5,108.46,48,50,False
1788645533.097338,1788645600,66.9,Up,0.5,108.46,0.48,234.85,50,48,False
1788645533.097338,1788645600,66.9,Down,0.52,234.85,0.5,108.46,48,50,False
1788645536.333177,1788645600,63.7,Up,0.5,108.46,0.48,249.85,50,48,False
1788645536.333177,1788645600,63.7,Down,0.52,249.85,0.5,108.46,48,50,False
1788645539.556737,1788645600,60.4,Up,0.5,108.46,0.48,249.85,50,48,False
1788645539.556737,1788645600,60.4,Down,0.52,249.85,0.5,108.46,48,50,False
1788645542.7747264,1788645600,57.2,Up,0.5,108.46,0.48,249.85,50,48,False
1788645542.7747264,1788645600,57.2,Down,0.52,249.85,0.5,108.46,48,50,False
1788645546.0836275,1788645600,53.9,Up,0.49,20,0.48,244.85,51,48,False
1788645546.0836275,1788645600,53.9,Down,0.52,244.85,0.51,30,48,51,False
1788645549.4022615,1788645600,50.6,Up,0.49,45,0.48,29.85,51,48,False
1788645549.4022615,1788645600,50.6,Down,0.52,129.85,0.51,45,48,51,False
1788645552.7199833,1788645600,47.3,Up,0.49,45,0.48,129.85,51,48,False
1788645552.7199833,1788645600,47.3,Down,0.52,129.85,0.51,45,48,51,False
1788645556.037136,1788645600,44.0,Up,0.49,45,0.48,129.85,51,48,False
1788645556.037136,1788645600,44.0,Down,0.52,129.85,0.51,45,48,51,False
1788645559.291665,1788645600,40.7,Up,0.49,45,0.48,114.85,51,48,False
1788645559.291665,1788645600,40.7,Down,0.52,114.85,0.51,45,48,51,False
1788645562.5224023,1788645600,37.5,Up,0.49,45,0.48,114.85,51,48,False
1788645562.5224023,1788645600,37.5,Down,0.52,114.85,0.51,45,48,51,False
1788645565.8721988,1788645600,34.1,Up,0.49,45,0.48,114.85,51,48,False
1788645565.8721988,1788645600,34.1,Down,0.52,114.85,0.51,45,48,51,False
1788645569.1862028,1788645600,30.8,Up,0.49,45,0.48,114.85,51,48,False
1788645569.1862028,1788645600,30.8,Down,0.52,114.85,0.51,45,48,51,False
1788645572.5035875,1788645600,27.5,Up,0.49,35,0.48,134.85,51,48,False
1788645572.5035875,1788645600,27.5,Down,0.52,134.85,0.51,32.95,48,51,False
1788645575.817729,1788645600,24.2,Up,0.49,39.45,0.48,134.85,51,48,False
1788645575.817729,1788645600,24.2,Down,0.52,134.85,0.51,39.45,48,51,False
1788645579.126206,1788645600,20.9,Up,0.49,29.45,0.48,5,51,48,False
1788645579.126206,1788645600,20.9,Down,0.52,5,0.51,29.45,48,51,False
1788645582.3582861,1788645600,17.6,Up,0.49,29.45,0.48,120,51,48,False
1788645582.3582861,1788645600,17.6,Down,0.52,120,0.51,29.45,48,51,False
1788645585.6656053,1788645600,14.3,Up,0.49,29.45,0.48,105,51,48,False
1788645585.6656053,1788645600,14.3,Down,0.52,105,0.51,29.45,48,51,False
1788645588.8893983,1788645600,11.1,Up,0.49,27.4,0.48,120,51,48,False
1788645588.8893983,1788645600,11.1,Down,0.52,120,0.51,27.4,48,51,False
1788645591.979529,1788645600,8.0,Up,0.48,113,0.47,16.78,52,47,False
1788645591.979529,1788645600,8.0,Down,0.53,22.78,0.52,113,47,52,False
1788645594.2148592,1788645600,5.8,Up,0.48,113,0.47,122.78,52,47,False
1788645594.2148592,1788645600,5.8,Down,0.53,122.78,0.52,113,47,52,False
1788645595.892358,1788645600,4.1,Up,0.48,77,0.45,156.82,52,45,False
1788645595.892358,1788645600,4.1,Down,0.55,156.82,0.52,77,45,52,False
1788645597.2346547,1788645600,2.8,Up,0.48,267.23,0.47,131,52,47,False
1788645597.2346547,1788645600,2.8,Down,0.53,131,0.52,267.23,47,52,False
1788645598.5638838,1788645600,1.4,Up,0.48,282.23,0.44,78.09,52,44,False
1788645598.5638838,1788645600,1.4,Down,0.56,120,0.53,30,44,53,False
1788645601.0969408,1788645900,298.9,Up,0.5,605,0.49,287.23,50,49,False
1788645601.0969408,1788645900,298.9,Down,0.51,287.23,0.5,605,49,50,False
1788645604.4129763,1788645900,295.6,Up,0.5,605,0.49,287.23,50,49,False
1788645604.4129763,1788645900,295.6,Down,0.51,287.23,0.5,605,49,50,False
1788645607.7253382,1788645900,292.3,Up,0.5,715,0.49,302.23,50,49,False
1788645607.7253382,1788645900,292.3,Down,0.51,302.23,0.5,715,49,50,False
1788645611.069419,1788645900,288.9,Up,0.5,736.5,0.49,300.05,50,49,False
1788645611.069419,1788645900,288.9,Down,0.51,300.05,0.5,736.5,49,50,False
1788645614.3071485,1788645900,285.7,Up,0.5,776.5,0.49,300.05,50,49,False
1788645614.3071485,1788645900,285.7,Down,0.51,300.05,0.5,776.5,49,50,False
1788645617.6194038,1788645900,282.4,Up,0.5,807.5,0.49,305.05,50,49,False
1788645617.6194038,1788645900,282.4,Down,0.51,305.05,0.5,807.5,49,50,False
1788645620.9330537,1788645900,279.1,Up,0.5,807.5,0.49,305.05,50,49,False
1788645620.9330537,1788645900,279.1,Down,0.51,305.05,0.5,807.5,49,50,False
1788645624.2424066,1788645900,275.8,Up,0.5,807.5,0.49,305.05,50,49,False
1788645624.2424066,1788645900,275.8,Down,0.51,305.05,0.5,807.5,49,50,False
1788645627.4757571,1788645900,272.5,Up,0.5,807.5,0.49,303.25,50,49,False
1788645627.4757571,1788645900,272.5,Down,0.51,303.25,0.5,807.5,49,50,False
1788645630.7837865,1788645900,269.2,Up,0.5,807.5,0.49,303.25,50,49,False
1788645630.7837865,1788645900,269.2,Down,0.51,303.25,0.5,807.5,49,50,False
1788645634.0940754,1788645900,265.9,Up,0.5,802.5,0.49,298.24,50,49,False
1788645634.0940754,1788645900,265.9,Down,0.51,298.24,0.5,802.5,49,50,False
1788645637.409828,1788645900,262.6,Up,0.5,802.5,0.49,298.24,50,49,False
1788645637.409828,1788645900,262.6,Down,0.51,298.24,0.5,802.5,49,50,False
1788645640.727287,1788645900,259.3,Up,0.5,802.5,0.49,298.24,50,49,False
1788645640.727287,1788645900,259.3,Down,0.51,298.24,0.5,802.5,49,50,False
1788645644.0301676,1788645900,256.0,Up,0.5,802.5,0.49,298.24,50,49,False
1788645644.0301676,1788645900,256.0,Down,0.51,298.24,0.5,802.5,49,50,False
1788645647.3322988,1788645900,252.7,Up,0.5,802.5,0.49,188,50,49,False
1788645647.3322988,1788645900,252.7,Down,0.51,188,0.5,802.5,49,50,False
1788645650.6411502,1788645900,249.4,Up,0.5,802.5,0.49,188,50,49,False
1788645650.6411502,1788645900,249.4,Down,0.51,188,0.5,802.5,49,50,False
1788645653.9643219,1788645900,246.0,Up,0.5,802.5,0.49,188,50,49,False
1788645653.9643219,1788645900,246.0,Down,0.51,188,0.5,802.5,49,50,False
1788645657.2744539,1788645900,242.7,Up,0.5,802.5,0.49,188,50,49,False
1788645657.2744539,1788645900,242.7,Down,0.51,188,0.5,802.5,49,50,False
1788645660.50646,1788645900,239.5,Up,0.5,802.5,0.49,188,50,49,False
1788645660.50646,1788645900,239.5,Down,0.51,188,0.5,802.5,49,50,False
1788645663.739074,1788645900,236.3,Up,0.5,802.5,0.49,198,50,49,False
1788645663.739074,1788645900,236.3,Down,0.51,198,0.5,802.5,49,50,False
1788645667.0581594,1788645900,232.9,Up,0.5,807.5,0.49,188,50,49,False
1788645667.0581594,1788645900,232.9,Down,0.51,188,0.5,807.5,49,50,False
1788645670.377994,1788645900,229.6,Up,0.5,807.5,0.49,188,50,49,False
1788645670.377994,1788645900,229.6,Down,0.51,188,0.5,807.5,49,50,False
1788645673.6073534,1788645900,226.4,Up,0.5,807.5,0.49,188,50,49,False
1788645673.6073534,1788645900,226.4,Down,0.51,188,0.5,807.5,49,50,False
1788645676.8477075,1788645900,223.2,Up,0.5,807.5,0.49,198,50,49,False
1788645676.8477075,1788645900,223.2,Down,0.51,198,0.5,807.5,49,50,False
1788645680.1531386,1788645900,219.8,Up,0.5,807.5,0.49,198,50,49,False
1788645680.1531386,1788645900,219.8,Down,0.51,198,0.5,807.5,49,50,False
1788645683.4712663,1788645900,216.5,Up,0.5,807.5,0.49,188,50,49,False
1788645683.4712663,1788645900,216.5,Down,0.51,188,0.5,807.5,49,50,False
1788645686.6864977,1788645900,213.3,Up,0.5,807.5,0.49,188,50,49,False
1788645686.6864977,1788645900,213.3,Down,0.51,188,0.5,807.5,49,50,False
1788645689.9292397,1788645900,210.1,Up,0.5,807.5,0.49,188,50,49,False
1788645689.9292397,1788645900,210.1,Down,0.51,188,0.5,807.5,49,50,False
1788645693.152139,1788645900,206.8,Up,0.5,807.5,0.49,188,50,49,False
1788645693.152139,1788645900,206.8,Down,0.51,188,0.5,807.5,49,50,False
1788645696.4670413,1788645900,203.5,Up,0.5,807.5,0.49,188,50,49,False
1788645696.4670413,1788645900,203.5,Down,0.51,188,0.5,807.5,49,50,False
1788645699.6958325,1788645900,200.3,Up,0.5,807.5,0.49,183.01,50,49,False
1788645699.6958325,1788645900,200.3,Down,0.51,183.01,0.5,807.5,49,50,False
1788645703.286843,1788645900,196.7,Up,0.5,807.5,0.49,183.01,50,49,False
1788645703.286843,1788645900,196.7,Down,0.51,183.01,0.5,807.5,49,50,False
1788645706.6100168,1788645900,193.4,Up,0.5,807.5,0.49,183.01,50,49,False
1788645706.6100168,1788645900,193.4,Down,0.51,183.01,0.5,807.5,49,50,False
1788645709.918563,1788645900,190.1,Up,0.5,807.5,0.49,183.01,50,49,False
1788645709.918563,1788645900,190.1,Down,0.51,183.01,0.5,807.5,49,50,False
1788645713.2406669,1788645900,186.8,Up,0.5,807.5,0.49,183.01,50,49,False
1788645713.2406669,1788645900,186.8,Down,0.51,183.01,0.5,807.5,49,50,False
1788645716.5517964,1788645900,183.4,Up,0.5,807.5,0.49,183.01,50,49,False
1788645716.5517964,1788645900,183.4,Down,0.51,183.01,0.5,807.5,49,50,False
1788645719.8609257,1788645900,180.1,Up,0.5,807.5,0.49,183.01,50,49,False
1788645719.8609257,1788645900,180.1,Down,0.51,183.01,0.5,807.5,49,50,False
1788645723.1747766,1788645900,176.8,Up,0.5,807.5,0.49,183.01,50,49,False
1788645723.1747766,1788645900,176.8,Down,0.51,183.01,0.5,807.5,49,50,False
1788645726.4892168,1788645900,173.5,Up,0.5,807.5,0.49,180,50,49,False
1788645726.4892168,1788645900,173.5,Down,0.51,180,0.5,807.5,49,50,False
1788645729.7170684,1788645900,170.3,Up,0.5,807.5,0.49,180,50,49,False
1788645729.7170684,1788645900,170.3,Down,0.51,180,0.5,807.5,49,50,False
1788645732.9551375,1788645900,167.0,Up,0.5,807.5,0.49,180,50,49,False
1788645732.9551375,1788645900,167.0,Down,0.51,180,0.5,807.5,49,50,False
1788645736.1922107,1788645900,163.8,Up,0.5,807.5,0.49,180,50,49,False
1788645736.1922107,1788645900,163.8,Down,0.51,180,0.5,807.5,49,50,False
1788645739.5018742,1788645900,160.5,Up,0.5,807.5,0.49,180,50,49,False
1788645739.5018742,1788645900,160.5,Down,0.51,180,0.5,807.5,49,50,False
1788645742.8220463,1788645900,157.2,Up,0.5,807.5,0.49,130.98,50,49,False
1788645742.8220463,1788645900,157.2,Down,0.51,130.98,0.5,807.5,49,50,False
1788645746.120597,1788645900,153.9,Up,0.5,807.5,0.49,130.98,50,49,False
1788645746.120597,1788645900,153.9,Down,0.51,130.98,0.5,807.5,49,50,False
1788645749.4417381,1788645900,150.6,Up,0.49,51,0.47,15,51,47,False
1788645749.4417381,1788645900,150.6,Down,0.53,15,0.51,51,47,51,False
1788645752.7525356,1788645900,147.2,Up,0.49,51,0.47,15,51,47,False
1788645752.7525356,1788645900,147.2,Down,0.53,15,0.51,51,47,51,False
1788645756.0627403,1788645900,143.9,Up,0.49,45,0.47,15,51,47,False
1788645756.0627403,1788645900,143.9,Down,0.53,15,0.51,45,47,51,False
1788645759.3653514,1788645900,140.6,Up,0.49,45,0.47,15,51,47,False
1788645759.3653514,1788645900,140.6,Down,0.53,15,0.51,45,47,51,False
1788645762.6728573,1788645900,137.3,Up,0.49,45,0.47,15,51,47,False
1788645762.6728573,1788645900,137.3,Down,0.53,15,0.51,45,47,51,False
1788645765.9013464,1788645900,134.1,Up,0.49,50,0.46,212.54,51,46,False
1788645765.9013464,1788645900,134.1,Down,0.54,212.54,0.51,50,46,51,False
1788645769.2244997,1788645900,130.8,Up,0.49,55,0.46,202.54,51,46,False
1788645769.2244997,1788645900,130.8,Down,0.54,202.54,0.51,55,46,51,False
1788645772.5303535,1788645900,127.5,Up,0.49,55,0.46,202.54,51,46,False
1788645772.5303535,1788645900,127.5,Down,0.54,202.54,0.51,55,46,51,False
1788645775.8545153,1788645900,124.1,Up,0.49,55,0.46,202.54,51,46,False
1788645775.8545153,1788645900,124.1,Down,0.54,202.54,0.51,55,46,51,False
1788645779.0847733,1788645900,120.9,Up,0.49,55,0.46,202.54,51,46,False
1788645779.0847733,1788645900,120.9,Down,0.54,202.54,0.51,55,46,51,False
1788645782.3994243,1788645900,117.6,Up,0.49,55,0.46,202.54,51,46,False
1788645782.3994243,1788645900,117.6,Down,0.54,202.54,0.51,55,46,51,False
1788645785.701586,1788645900,114.3,Up,0.49,55,0.46,172.54,51,46,False
1788645785.701586,1788645900,114.3,Down,0.54,172.54,0.51,55,46,51,False
1788645789.012231,1788645900,111.0,Up,0.49,61,0.46,178.54,51,46,False
1788645789.012231,1788645900,111.0,Down,0.54,178.54,0.51,61,46,51,False
1788645792.2475548,1788645900,107.8,Up,0.49,61,0.46,178.54,51,46,False
1788645792.2475548,1788645900,107.8,Down,0.54,178.54,0.51,61,46,51,False
1788645795.479179,1788645900,104.5,Up,0.49,61,0.46,208.54,51,46,False
1788645795.479179,1788645900,104.5,Down,0.54,208.54,0.51,61,46,51,False
1788645798.7034245,1788645900,101.3,Up,0.49,61,0.46,208.54,51,46,False
1788645798.7034245,1788645900,101.3,Down,0.54,208.54,0.51,61,46,51,False
1788645802.000972,1788645900,98.0,Up,0.49,58.75,0.46,202.35,51,46,False
1788645802.000972,1788645900,98.0,Down,0.54,202.35,0.51,58.75,46,51,False
1788645805.3330994,1788645900,94.7,Up,0.49,58.75,0.46,202.35,51,46,False
1788645805.3330994,1788645900,94.7,Down,0.54,202.35,0.51,58.75,46,51,False
1788645808.56307,1788645900,91.4,Up,0.49,58.75,0.46,202.35,51,46,False
1788645808.56307,1788645900,91.4,Down,0.54,202.35,0.51,58.75,46,51,False
1788645811.8109293,1788645900,88.2,Up,0.49,58.75,0.46,202.35,51,46,False
1788645811.8109293,1788645900,88.2,Down,0.54,202.35,0.51,58.75,46,51,False
1788645814.960704,1788645900,85.0,Up,0.49,58.75,0.46,202.35,51,46,False
1788645814.960704,1788645900,85.0,Down,0.54,202.35,0.51,58.75,46,51,False
1788645818.2063892,1788645900,81.8,Up,0.48,20,0.46,164,52,46,False
1788645818.2063892,1788645900,81.8,Down,0.54,164,0.52,20,46,52,False
1788645821.5239496,1788645900,78.5,Up,0.48,20,0.46,164,52,46,False
1788645821.5239496,1788645900,78.5,Down,0.54,159,0.52,20,46,52,False
1788645824.8340924,1788645900,75.2,Up,0.48,20,0.46,159,52,46,False
1788645824.8340924,1788645900,75.2,Down,0.54,159,0.52,20,46,52,False
1788645828.1596317,1788645900,71.8,Up,0.48,20,0.46,159,52,46,False
1788645828.1596317,1788645900,71.8,Down,0.54,159,0.52,20,46,52,False
1788645831.4818313,1788645900,68.5,Up,0.48,20,0.46,159,52,46,False
1788645831.4818313,1788645900,68.5,Down,0.54,159,0.52,20,46,52,False
1788645834.7920492,1788645900,65.2,Up,0.48,20,0.46,159,52,46,False
1788645834.7920492,1788645900,65.2,Down,0.54,159,0.52,20,46,52,False
1788645838.0180347,1788645900,62.0,Up,0.48,20,0.47,35,52,47,False
1788645838.0180347,1788645900,62.0,Down,0.53,35,0.52,20,47,52,False
1788645841.350446,1788645900,58.6,Up,0.48,20,0.47,35,52,47,False
1788645841.350446,1788645900,58.6,Down,0.53,35,0.52,20,47,52,False
1788645844.678783,1788645900,55.3,Up,0.48,20,0.47,30,52,47,False
1788645844.678783,1788645900,55.3,Down,0.53,30,0.52,15,47,52,False
1788645848.017984,1788645900,52.0,Up,0.48,25,0.47,35,52,47,False
1788645848.017984,1788645900,52.0,Down,0.53,35,0.52,25,47,52,False
1788645851.3814766,1788645900,48.6,Up,0.48,25,0.47,35,52,47,False
1788645851.3814766,1788645900,48.6,Down,0.53,35,0.52,25,47,52,False
1788645854.614902,1788645900,45.4,Up,0.49,221.39,0.47,42,51,47,False
1788645854.614902,1788645900,45.4,Down,0.53,42,0.51,221.39,47,51,False
1788645857.8403556,1788645900,42.2,Up,0.48,67,0.46,48,52,46,False
1788645857.8403556,1788645900,42.2,Down,0.54,48,0.52,67,46,52,False
1788645861.1627371,1788645900,38.8,Up,0.48,105,0.46,63,52,46,False
1788645861.1627371,1788645900,38.8,Down,0.54,63,0.52,105,46,52,False
1788645864.472769,1788645900,35.5,Up,0.47,20,0.46,48,53,46,False
1788645864.472769,1788645900,35.5,Down,0.54,48,0.53,20,46,53,False
1788645867.7033985,1788645900,32.3,Up,0.47,177,0.46,47.44,53,46,False
1788645867.7033985,1788645900,32.3,Down,0.54,47.44,0.53,177,46,53,False
1788645871.012176,1788645900,29.0,Up,0.47,383,0.46,57.44,53,45,False
1788645871.012176,1788645900,29.0,Down,0.54,57.44,0.53,383,45,53,False
1788645874.320072,1788645900,25.7,Up,0.42,198,0.4,15,58,40,False
1788645874.320072,1788645900,25.7,Down,0.6,15,0.59,100,40,59,False
1788645877.633899,1788645900,22.4,Up,0.39,62,0.38,51,61,38,False
1788645877.633899,1788645900,22.4,Down,0.62,51,0.61,62,38,61,False
1788645880.9364133,1788645900,19.1,Up,0.39,98,0.38,100,61,38,False
1788645880.9364133,1788645900,19.1,Down,0.62,100,0.61,98,38,61,False
1788645884.1664155,1788645900,15.8,Up,0.37,98,0.35,6,63,35,False
1788645884.1664155,1788645900,15.8,Down,0.65,6,0.63,98,35,63,False
1788645887.5848737,1788645900,12.4,Up,0.35,56,0.33,110,65,33,False
1788645887.5848737,1788645900,12.4,Down,0.67,10,0.66,62,33,66,False
1788645890.8939047,1788645900,9.1,Up,0.4,37.62,0.39,35.16,60,39,False
1788645890.8939047,1788645900,9.1,Down,0.6,22.38,0.59,95,40,59,False
1788645893.4764419,1788645900,6.5,Up,0.4,200,0.39,6,60,37,False
1788645893.4764419,1788645900,6.5,Down,0.61,6,0.6,200,37,60,False
1788645895.4057834,1788645900,4.6,Up,0.36,113,0.33,20,64,32,False
1788645895.4057834,1788645900,4.6,Down,0.67,20,0.64,151,33,64,False
1788645896.85919,1788645900,3.1,Up,0.39,125,0.37,40.41,61,37,False
1788645896.85919,1788645900,3.1,Down,0.63,40.41,0.61,125,37,61,False
1788645898.1625078,1788645900,1.8,Up,0.42,42.13,0.4,39.93,58,40,False
1788645898.1625078,1788645900,1.8,Down,0.6,39.93,0.58,42.13,40,58,False
1788645900.6118572,1788646200,299.4,Up,0.5,605,0.49,354.37,49,49,False
1788645900.6118572,1788646200,299.4,Down,0.51,354.37,0.5,605,49,49,False
1788645903.8418868,1788646200,296.2,Up,0.5,605,0.49,354.37,49,49,False
1788645903.8418868,1788646200,296.2,Down,0.51,354.37,0.5,605,49,49,False
1788645907.1618094,1788646200,292.8,Up,0.5,715,0.49,369.37,49,49,False
1788645907.1618094,1788646200,292.8,Down,0.51,369.37,0.5,715,49,49,False
1788645910.3805506,1788646200,289.6,Up,0.5,736,0.49,369.37,50,49,False
1788645910.3805506,1788646200,289.6,Down,0.51,369.37,0.5,736,49,50,False
1788645913.606271,1788646200,286.4,Up,0.5,736,0.49,369.37,50,49,False
1788645913.606271,1788646200,286.4,Down,0.51,369.37,0.5,736,49,50,False
1788645916.9152718,1788646200,283.1,Up,0.5,741,0.49,374.37,50,49,False
1788645916.9152718,1788646200,283.1,Down,0.51,374.37,0.5,741,49,50,False
1788645920.1643724,1788646200,279.8,Up,0.5,741,0.49,374.37,50,49,False
1788645920.1643724,1788646200,279.8,Down,0.51,374.37,0.5,741,49,50,False
1788645923.4719837,1788646200,276.5,Up,0.5,736,0.49,374.37,50,49,False
1788645923.4719837,1788646200,276.5,Down,0.51,374.37,0.5,736,49,50,False
1788645926.7848942,1788646200,273.2,Up,0.5,736,0.49,374.37,50,49,False
1788645926.7848942,1788646200,273.2,Down,0.51,374.37,0.5,736,49,50,False
1788645930.0973215,1788646200,269.9,Up,0.5,736,0.49,374.37,50,49,False
1788645930.0973215,1788646200,269.9,Down,0.51,374.37,0.5,736,49,50,False
1788645933.4145627,1788646200,266.6,Up,0.5,736,0.49,374.37,50,49,False
1788645933.4145627,1788646200,266.6,Down,0.51,374.37,0.5,736,49,50,False
1788645936.6490679,1788646200,263.4,Up,0.5,736,0.49,374.37,50,49,False
1788645936.6490679,1788646200,263.4,Down,0.51,374.37,0.5,736,49,50,False
1788645939.9704645,1788646200,260.0,Up,0.5,736,0.49,374.37,50,49,False
1788645939.9704645,1788646200,260.0,Down,0.51,374.37,0.5,736,49,50,False
1788645943.2772229,1788646200,256.7,Up,0.5,736,0.49,374.37,50,49,False
1788645943.2772229,1788646200,256.7,Down,0.51,374.37,0.5,736,49,50,False
1788645946.5013397,1788646200,253.5,Up,0.5,741,0.49,263,50,49,False
1788645946.5013397,1788646200,253.5,Down,0.51,263,0.5,741,49,50,False
1788645949.7280273,1788646200,250.3,Up,0.5,751,0.49,263,50,49,False
1788645949.7280273,1788646200,250.3,Down,0.51,263,0.5,751,49,50,False
1788645953.0379837,1788646200,247.0,Up,0.5,751,0.49,263,50,49,False
1788645953.0379837,1788646200,247.0,Down,0.51,263,0.5,751,49,50,False
1788645956.378191,1788646200,243.6,Up,0.5,751,0.49,263,50,49,False
1788645956.378191,1788646200,243.6,Down,0.51,263,0.5,751,49,50,False
1788645959.6030464,1788646200,240.4,Up,0.5,751,0.49,263,50,49,False
1788645959.6030464,1788646200,240.4,Down,0.51,263,0.5,751,49,50,False
1788645962.9408424,1788646200,237.1,Up,0.5,751,0.49,263,50,49,False
1788645962.9408424,1788646200,237.1,Down,0.51,263,0.5,751,49,50,False
1788645966.2590075,1788646200,233.7,Up,0.5,751,0.49,183,50,49,False
1788645966.2590075,1788646200,233.7,Down,0.51,183,0.5,751,49,50,False
1788645969.5809023,1788646200,230.4,Up,0.5,751,0.49,183,50,49,False
1788645969.5809023,1788646200,230.4,Down,0.51,183,0.5,751,49,50,False
1788645972.8961704,1788646200,227.1,Up,0.5,741,0.49,183,50,49,False
1788645972.8961704,1788646200,227.1,Down,0.51,183,0.5,741,49,50,False
1788645976.149675,1788646200,223.9,Up,0.5,741,0.49,203,50,49,False
1788645976.149675,1788646200,223.9,Down,0.51,203,0.5,741,49,50,False
1788645979.3932323,1788646200,220.6,Up,0.5,741,0.49,203,50,49,False
1788645979.3932323,1788646200,220.6,Down,0.51,203,0.5,741,49,50,False
1788645982.7252753,1788646200,217.3,Up,0.5,741,0.49,169.66,50,49,False
1788645982.7252753,1788646200,217.3,Down,0.51,169.66,0.5,741,49,50,False
1788645986.0572813,1788646200,213.9,Up,0.5,741,0.49,169.66,50,49,False
1788645986.0572813,1788646200,213.9,Down,0.51,169.66,0.5,741,49,50,False
1788645989.2907972,1788646200,210.7,Up,0.5,741,0.49,169.66,50,49,False
1788645989.2907972,1788646200,210.7,Down,0.51,169.66,0.5,741,49,50,False
1788645992.527216,1788646200,207.5,Up,0.5,741,0.49,159.66,50,49,False
1788645992.527216,1788646200,207.5,Down,0.51,159.66,0.5,741,49,50,False
1788645995.8487017,1788646200,204.2,Up,0.5,741,0.49,159.66,50,49,False
1788645995.8487017,1788646200,204.2,Down,0.51,159.66,0.5,741,49,50,False
1788645999.170096,1788646200,200.8,Up,0.5,736,0.49,159.66,50,49,False
1788645999.170096,1788646200,200.8,Down,0.51,159.66,0.5,736,49,50,False
1788646002.481084,1788646200,197.5,Up,0.5,736,0.49,159.66,50,49,False
1788646002.481084,1788646200,197.5,Down,0.51,159.66,0.5,736,49,50,False
1788646005.7865322,1788646200,194.2,Up,0.5,736,0.49,159.66,50,49,False
1788646005.7865322,1788646200,194.2,Down,0.51,159.66,0.5,736,49,50,False
1788646009.0898893,1788646200,190.9,Up,0.5,736,0.49,159.66,50,49,False
1788646009.0898893,1788646200,190.9,Down,0.51,159.66,0.5,736,49,50,False
1788646012.3932316,1788646200,187.6,Up,0.5,736,0.49,159.66,50,49,False
1788646012.3932316,1788646200,187.6,Down,0.51,159.66,0.5,736,49,50,False
1788646015.7030492,1788646200,184.3,Up,0.5,736,0.49,159.66,50,49,False
1788646015.7030492,1788646200,184.3,Down,0.51,159.66,0.5,736,49,50,False
1788646019.0150084,1788646200,181.0,Up,0.5,736,0.49,159.66,50,49,False
1788646019.0150084,1788646200,181.0,Down,0.51,159.66,0.5,736,49,50,False
1788646022.3152058,1788646200,177.7,Up,0.5,736,0.49,159.66,50,49,False
1788646022.3152058,1788646200,177.7,Down,0.51,159.66,0.5,736,49,50,False
1788646025.617931,1788646200,174.4,Up,0.5,736,0.49,159.66,50,49,False
1788646025.617931,1788646200,174.4,Down,0.51,159.66,0.5,736,49,50,False
1788646028.929878,1788646200,171.1,Up,0.5,736,0.49,159.66,50,49,False
1788646028.929878,1788646200,171.1,Down,0.51,159.66,0.5,736,49,50,False
1788646032.2373548,1788646200,167.8,Up,0.5,736,0.49,169.66,50,49,False
1788646032.2373548,1788646200,167.8,Down,0.51,169.66,0.5,736,49,50,False
1788646035.5485694,1788646200,164.5,Up,0.5,736,0.49,169.66,50,49,False
1788646035.5485694,1788646200,164.5,Down,0.51,169.66,0.5,736,49,50,False
1788646038.7754445,1788646200,161.2,Up,0.5,736,0.49,159.66,50,49,False
1788646038.7754445,1788646200,161.2,Down,0.51,159.66,0.5,736,49,50,False
1788646042.102182,1788646200,157.9,Up,0.5,736,0.49,159.66,50,49,False
1788646042.102182,1788646200,157.9,Down,0.51,159.66,0.5,736,49,50,False
1788646045.4217384,1788646200,154.6,Up,0.5,736,0.49,159.66,50,49,False
1788646045.4217384,1788646200,154.6,Down,0.51,159.66,0.5,736,49,50,False
1788646048.7376518,1788646200,151.3,Up,0.5,736,0.49,159.66,50,49,False
1788646048.7376518,1788646200,151.3,Down,0.51,159.66,0.5,736,49,50,False
1788646052.0533562,1788646200,147.9,Up,0.5,736,0.49,159.66,50,49,False
1788646052.0533562,1788646200,147.9,Down,0.51,159.66,0.5,736,49,50,False
1788646055.523691,1788646200,144.5,Up,0.5,736,0.49,159.66,50,49,False
1788646055.523691,1788646200,144.5,Down,0.51,159.66,0.5,736,49,50,False
1788646058.825455,1788646200,141.2,Up,0.5,736,0.49,159.66,50,49,False
1788646058.825455,1788646200,141.2,Down,0.51,159.66,0.5,736,49,50,False
1788646062.0594614,1788646200,137.9,Up,0.5,736,0.49,159.66,50,49,False
1788646062.0594614,1788646200,137.9,Down,0.51,159.66,0.5,736,49,50,False
1788646065.3575954,1788646200,134.6,Up,0.5,736,0.49,159.66,50,49,False
1788646065.3575954,1788646200,134.6,Down,0.51,159.66,0.5,736,49,50,False
1788646068.6637998,1788646200,131.3,Up,0.5,736,0.49,159.66,50,49,False
1788646068.6637998,1788646200,131.3,Down,0.51,159.66,0.5,736,49,50,False
1788646071.8904786,1788646200,128.1,Up,0.5,736,0.49,159.66,50,49,False
1788646071.8904786,1788646200,128.1,Down,0.51,159.66,0.5,736,49,50,False
1788646075.2058742,1788646200,124.8,Up,0.5,736,0.49,159.66,50,49,False
1788646075.2058742,1788646200,124.8,Down,0.51,159.66,0.5,736,49,50,False
1788646078.4361603,1788646200,121.6,Up,0.5,736,0.49,159.66,50,49,False
1788646078.4361603,1788646200,121.6,Down,0.51,159.66,0.5,736,49,50,False
1788646081.7679737,1788646200,118.2,Up,0.5,736,0.49,159.66,50,49,False
1788646081.7679737,1788646200,118.2,Down,0.51,159.66,0.5,736,49,50,False
1788646085.0750093,1788646200,114.9,Up,0.5,736,0.49,147.89,50,49,False
1788646085.0750093,1788646200,114.9,Down,0.51,137.89,0.5,736,49,50,False
1788646088.3933175,1788646200,111.6,Up,0.5,146,0.49,137.89,50,49,False
1788646088.3933175,1788646200,111.6,Down,0.51,137.89,0.5,146,49,50,False
1788646091.6990306,1788646200,108.3,Up,0.5,146,0.49,137.89,50,49,False
1788646091.6990306,1788646200,108.3,Down,0.51,137.89,0.5,146,49,50,False
1788646095.0062542,1788646200,105.0,Up,0.5,146,0.49,147.89,50,49,False
1788646095.0062542,1788646200,105.0,Down,0.51,147.89,0.5,146,49,50,False
1788646098.228847,1788646200,101.8,Up,0.5,146,0.49,147.89,50,49,False
1788646098.228847,1788646200,101.8,Down,0.51,147.89,0.5,146,49,50,False
1788646101.5411327,1788646200,98.5,Up,0.5,146,0.49,147.89,50,49,False
1788646101.5411327,1788646200,98.5,Down,0.51,147.89,0.5,146,49,50,False
1788646104.849856,1788646200,95.2,Up,0.5,146,0.49,147.89,50,49,False
1788646104.849856,1788646200,95.2,Down,0.51,147.89,0.5,146,49,50,False
1788646108.1669536,1788646200,91.8,Up,0.5,146,0.49,147.89,50,49,False
1788646108.1669536,1788646200,91.8,Down,0.51,147.89,0.5,146,49,50,False
1788646111.4794867,1788646200,88.5,Up,0.5,146,0.49,147.89,50,49,False
1788646111.4794867,1788646200,88.5,Down,0.51,147.89,0.5,146,49,50,False
1788646114.6987903,1788646200,85.3,Up,0.5,146,0.49,147.89,50,49,False
1788646114.6987903,1788646200,85.3,Down,0.51,147.89,0.5,146,49,50,False
1788646118.0256507,1788646200,82.0,Up,0.5,136,0.49,147.89,50,49,False
1788646118.0256507,1788646200,82.0,Down,0.51,147.89,0.5,136,49,50,False
1788646121.2592542,1788646200,78.7,Up,0.5,136,0.49,137.89,50,49,False
1788646121.2592542,1788646200,78.7,Down,0.51,137.89,0.5,136,49,50,False
1788646124.585853,1788646200,75.4,Up,0.5,136,0.49,137.89,50,49,False
1788646124.585853,1788646200,75.4,Down,0.51,137.89,0.5,136,49,50,False
1788646127.8237112,1788646200,72.2,Up,0.5,136,0.49,137.89,50,49,False
1788646127.8237112,1788646200,72.2,Down,0.51,137.89,0.5,136,49,50,False
1788646131.137994,1788646200,68.9,Up,0.5,136,0.49,137.89,50,49,False
1788646131.137994,1788646200,68.9,Down,0.51,137.89,0.5,136,49,50,False
1788646134.4559894,1788646200,65.5,Up,0.5,135.8,0.49,137.89,50,49,False
1788646134.4559894,1788646200,65.5,Down,0.51,137.89,0.5,135.8,49,50,False
1788646137.6957114,1788646200,62.3,Up,0.5,135.8,0.49,147.89,50,49,False
1788646137.6957114,1788646200,62.3,Down,0.51,147.89,0.5,135.8,49,50,False
1788646141.0019808,1788646200,59.0,Up,0.5,135.8,0.49,147.89,50,49,False
1788646141.0019808,1788646200,59.0,Down,0.51,147.89,0.5,135.8,49,50,False
1788646144.3410122,1788646200,55.7,Up,0.5,135.8,0.49,130,50,49,False
1788646144.3410122,1788646200,55.7,Down,0.51,125,0.5,135.8,49,50,False
1788646147.576291,1788646200,52.4,Up,0.5,256,0.49,115,50,49,False
1788646147.576291,1788646200,52.4,Down,0.51,115,0.5,256,49,50,False
1788646150.8808694,1788646200,49.1,Up,0.5,256,0.49,15,50,49,False
1788646150.8808694,1788646200,49.1,Down,0.51,15,0.5,256,49,50,False
1788646154.182087,1788646200,45.8,Up,0.5,256,0.49,15,50,49,False
1788646154.182087,1788646200,45.8,Down,0.51,15,0.5,256,49,50,False
1788646157.4974275,1788646200,42.5,Up,0.49,208,0.48,162,51,48,False
1788646157.4974275,1788646200,42.5,Down,0.52,162,0.51,208,48,51,False
1788646160.7629702,1788646200,39.2,Up,0.49,223,0.48,81.03,51,48,False
1788646160.7629702,1788646200,39.2,Down,0.52,81.03,0.51,223,48,51,False
1788646163.9942122,1788646200,36.0,Up,0.49,282.18,0.48,79.1,51,48,False
1788646163.9942122,1788646200,36.0,Down,0.52,79.1,0.51,282.18,48,51,False
1788646167.2995703,1788646200,32.7,Up,0.49,282.18,0.48,68.66,51,48,False
1788646167.2995703,1788646200,32.7,Down,0.52,68.66,0.51,282.18,48,51,False
1788646170.5280402,1788646200,29.5,Up,0.49,282.18,0.48,58,51,48,False
1788646170.5280402,1788646200,29.5,Down,0.52,58,0.51,282.18,48,51,False
1788646173.7654047,1788646200,26.2,Up,0.49,287.68,0.48,58,51,48,False
1788646173.7654047,1788646200,26.2,Down,0.52,58,0.51,287.68,48,51,False
1788646177.0745738,1788646200,22.9,Up,0.49,206.76,0.48,73,51,48,False
1788646177.0745738,1788646200,22.9,Down,0.52,73,0.51,206.76,48,51,False
1788646180.3098652,1788646200,19.7,Up,0.46,42,0.45,45,54,44,False
1788646180.3098652,1788646200,19.7,Down,0.55,45,0.54,42,44,54,False
1788646183.6309466,1788646200,16.4,Up,0.46,70.78,0.45,43.18,54,44,False
1788646183.6309466,1788646200,16.4,Down,0.55,43.18,0.54,70.78,44,54,False
1788646187.0740528,1788646200,12.9,Up,0.45,198,0.43,35,55,43,False
1788646187.0740528,1788646200,12.9,Down,0.57,35,0.55,198,43,55,False
1788646190.38502,1788646200,9.6,Up,0.44,9,0.43,20,56,43,False
1788646190.38502,1788646200,9.6,Down,0.57,20,0.56,9,43,56,False
1788646193.104256,1788646200,6.9,Up,0.44,9,0.43,41,56,43,False
1788646193.104256,1788646200,6.9,Down,0.57,41,0.56,9,43,56,False
1788646195.0676517,1788646200,4.9,Up,0.44,63.78,0.42,67,56,42,False
1788646195.0676517,1788646200,4.9,Down,0.58,67,0.56,59.23,42,56,False
1788646196.6212118,1788646200,3.4,Up,0.44,153.23,0.43,20,56,43,False
1788646196.6212118,1788646200,3.4,Down,0.57,17.92,0.56,153.23,43,56,False
1788646197.940302,1788646200,2.1,Up,0.38,42,0.36,16.16,62,36,False
1788646197.940302,1788646200,2.1,Down,0.64,120,0.61,110.71,36,61,False
1788646199.2423067,1788646200,0.8,Up,0.39,110.71,0.37,170,61,36,False
1788646199.2423067,1788646200,0.8,Down,0.63,170,0.61,110.71,36,61,False
1788646201.7613742,1788646500,298.2,Up,0.5,590,0.49,364.37,49,49,False
1788646201.7613742,1788646500,298.2,Down,0.51,364.37,0.5,590,49,49,False
1788646204.9900084,1788646500,295.0,Up,0.5,595,0.49,364.37,49,49,False
1788646204.9900084,1788646500,295.0,Down,0.51,364.37,0.5,595,49,49,False
1788646208.2243407,1788646500,291.8,Up,0.5,600,0.49,369.37,50,49,False
1788646208.2243407,1788646500,291.8,Down,0.51,369.37,0.5,600,49,50,False
1788646211.5365076,1788646500,288.5,Up,0.5,600,0.49,369.37,50,49,False
1788646211.5365076,1788646500,288.5,Down,0.51,289.37,0.5,600,49,50,False
1788646214.84599,1788646500,285.2,Up,0.5,625.5,0.49,289.37,50,49,False
1788646214.84599,1788646500,285.2,Down,0.51,289.37,0.5,630.5,49,50,False
1788646218.1773155,1788646500,281.8,Up,0.5,630.5,0.49,289.37,50,49,False
1788646218.1773155,1788646500,281.8,Down,0.51,289.37,0.5,630.5,49,50,False
1788646221.4898498,1788646500,278.5,Up,0.5,630.5,0.49,289.37,50,49,False
1788646221.4898498,1788646500,278.5,Down,0.51,289.37,0.5,630.5,49,50,False
1788646224.8002572,1788646500,275.2,Up,0.5,635.5,0.49,289.37,50,49,False
1788646224.8002572,1788646500,275.2,Down,0.51,289.37,0.5,635.5,49,50,False
1788646228.1097176,1788646500,271.9,Up,0.5,635.5,0.49,289.37,50,49,False
1788646228.1097176,1788646500,271.9,Down,0.51,289.37,0.5,635.5,49,50,False
1788646231.3558738,1788646500,268.6,Up,0.5,635.5,0.49,289.37,50,49,False
1788646231.3558738,1788646500,268.6,Down,0.51,289.37,0.5,635.5,49,50,False
1788646234.587609,1788646500,265.4,Up,0.5,635.5,0.49,289.37,50,49,False
1788646234.587609,1788646500,265.4,Down,0.51,289.37,0.5,635.5,49,50,False
1788646237.8196833,1788646500,262.2,Up,0.5,635.5,0.49,289.37,50,49,False
1788646237.8196833,1788646500,262.2,Down,0.51,289.37,0.5,635.5,49,50,False
1788646241.0508218,1788646500,258.9,Up,0.5,635.5,0.49,289.37,50,49,False
1788646241.0508218,1788646500,258.9,Down,0.51,289.37,0.5,635.5,49,50,False
1788646244.3686116,1788646500,255.6,Up,0.5,635.5,0.49,188,50,49,False
1788646244.3686116,1788646500,255.6,Down,0.51,188,0.5,635.5,49,50,False
1788646247.5134094,1788646500,252.5,Up,0.5,635.5,0.49,188,50,49,False
1788646247.5134094,1788646500,252.5,Down,0.51,188,0.5,635.5,49,50,False
1788646250.7423785,1788646500,249.3,Up,0.5,635.5,0.49,198,50,49,False
1788646250.7423785,1788646500,249.3,Down,0.51,198,0.5,635.5,49,50,False
1788646254.0639,1788646500,245.9,Up,0.5,635.5,0.49,198,50,49,False
1788646254.0639,1788646500,245.9,Down,0.51,198,0.5,635.5,49,50,False
1788646257.2088943,1788646500,242.8,Up,0.5,635.5,0.49,198,50,49,False
1788646257.2088943,1788646500,242.8,Down,0.51,198,0.5,635.5,49,50,False
1788646260.5332954,1788646500,239.5,Up,0.5,635.5,0.49,198,50,49,False
1788646260.5332954,1788646500,239.5,Down,0.51,198,0.5,635.5,49,50,False
1788646263.7615192,1788646500,236.2,Up,0.5,635.5,0.49,198,50,49,False
1788646263.7615192,1788646500,236.2,Down,0.51,198,0.5,635.5,49,50,False
1788646266.9888523,1788646500,233.0,Up,0.5,635.5,0.49,198,50,49,False
1788646266.9888523,1788646500,233.0,Down,0.51,198,0.5,635.5,49,50,False
1788646270.3025093,1788646500,229.7,Up,0.5,635.5,0.49,208,50,49,False
1788646270.3025093,1788646500,229.7,Down,0.51,208,0.5,635.5,49,50,False
1788646273.6196322,1788646500,226.4,Up,0.5,635.5,0.49,208,50,49,False
1788646273.6196322,1788646500,226.4,Down,0.51,208,0.5,635.5,49,50,False
1788646276.882692,1788646500,223.1,Up,0.5,635.5,0.49,208,50,49,False
1788646276.882692,1788646500,223.1,Down,0.51,208,0.5,635.5,49,50,False
1788646280.2001297,1788646500,219.8,Up,0.5,635.5,0.49,208,50,49,False
1788646280.2001297,1788646500,219.8,Down,0.51,208,0.5,635.5,49,50,False
1788646283.515746,1788646500,216.5,Up,0.5,635.5,0.49,198,50,49,False
1788646283.515746,1788646500,216.5,Down,0.51,198,0.5,635.5,49,50,False
1788646286.819288,1788646500,213.2,Up,0.5,635.5,0.49,198,50,49,False
1788646286.819288,1788646500,213.2,Down,0.51,198,0.5,635.5,49,50,False
1788646290.161162,1788646500,209.8,Up,0.5,635.5,0.49,198,50,49,False
1788646290.161162,1788646500,209.8,Down,0.51,198,0.5,635.5,49,50,False
1788646293.4639344,1788646500,206.5,Up,0.5,635.5,0.49,1.92,50,49,False
1788646293.4639344,1788646500,206.5,Down,0.51,1.92,0.5,635.5,49,50,False
1788646296.696896,1788646500,203.3,Up,0.5,635.5,0.49,1.92,50,49,False
1788646296.696896,1788646500,203.3,Down,0.51,1.92,0.5,635.5,49,50,False
1788646299.923533,1788646500,200.1,Up,0.5,635.5,0.49,1.92,50,49,False
1788646299.923533,1788646500,200.1,Down,0.51,1.92,0.5,635.5,49,50,False
1788646303.2379072,1788646500,196.8,Up,0.5,635.5,0.49,1.92,50,49,False
1788646303.2379072,1788646500,196.8,Down,0.51,1.92,0.5,635.5,49,50,False
1788646306.5457754,1788646500,193.5,Up,0.51,188,0.5,511.6,49,50,False
1788646306.5457754,1788646500,193.5,Down,0.5,511.6,0.49,188,50,49,False
1788646309.8544302,1788646500,190.1,Up,0.51,183,0.5,516.6,49,50,False
1788646309.8544302,1788646500,190.1,Down,0.5,516.6,0.49,183,50,49,False
1788646313.158437,1788646500,186.8,Up,0.52,250,0.51,964.1,48,51,False
1788646313.158437,1788646500,186.8,Down,0.49,964.1,0.48,250,51,48,False
1788646316.3817534,1788646500,183.6,Up,0.52,250,0.51,1000.7,48,51,False
1788646316.3817534,1788646500,183.6,Down,0.49,1000.7,0.48,250,51,48,False
1788646319.605973,1788646500,180.4,Up,0.52,250,0.51,1000.7,48,51,False
1788646319.605973,1788646500,180.4,Down,0.49,1000.7,0.48,250,51,48,False
1788646322.9195664,1788646500,177.1,Up,0.53,175.55,0.52,933.7,47,52,False
1788646322.9195664,1788646500,177.1,Down,0.48,933.7,0.47,175.55,52,47,False
1788646326.2310147,1788646500,173.8,Up,0.53,175.55,0.52,933.7,47,52,False
1788646326.2310147,1788646500,173.8,Down,0.47,976.55,0.46,200.6,53,46,False
1788646329.5380573,1788646500,170.5,Up,0.54,156.89,0.53,976.55,46,53,False
1788646329.5380573,1788646500,170.5,Down,0.47,976.55,0.46,156.89,53,46,False
1788646332.7737563,1788646500,167.2,Up,0.54,138.89,0.53,152.1,46,53,False
1788646332.7737563,1788646500,167.2,Down,0.47,152.1,0.46,138.89,53,46,False
1788646336.0089912,1788646500,164.0,Up,0.54,138.89,0.53,152.1,46,53,False
1788646336.0089912,1788646500,164.0,Down,0.47,152.1,0.46,138.89,53,46,False
1788646339.320727,1788646500,160.7,Up,0.54,138.89,0.53,152.1,46,53,False
1788646339.320727,1788646500,160.7,Down,0.47,152.1,0.46,138.89,53,46,False
1788646342.6482017,1788646500,157.4,Up,0.54,138.89,0.53,157.1,46,52,False
1788646342.6482017,1788646500,157.4,Down,0.47,157.1,0.46,138.89,52,46,False
1788646345.8863957,1788646500,154.1,Up,0.53,100,0.52,127.1,47,52,False
1788646345.8863957,1788646500,154.1,Down,0.48,127.1,0.47,100,52,47,False
1788646349.1947937,1788646500,150.8,Up,0.53,100,0.52,127.1,47,52,False
1788646349.1947937,1788646500,150.8,Down,0.48,127.1,0.47,100,52,47,False
1788646352.348675,1788646500,147.7,Up,0.54,38.89,0.53,25,46,53,False
1788646352.348675,1788646500,147.7,Down,0.47,25,0.46,38.89,53,46,False
1788646355.5906386,1788646500,144.4,Up,0.54,138.89,0.53,25,46,52,False
1788646355.5906386,1788646500,144.4,Down,0.47,25,0.46,138.89,52,46,False
1788646358.904639,1788646500,141.1,Up,0.54,138.89,0.53,25,46,52,False
1788646358.904639,1788646500,141.1,Down,0.47,25,0.46,138.89,52,46,False
1788646362.1266658,1788646500,137.9,Up,0.54,138.89,0.53,25,46,52,False
1788646362.1266658,1788646500,137.9,Down,0.47,25,0.46,138.89,52,46,False
1788646365.4440527,1788646500,134.6,Up,0.54,138.89,0.53,25,46,52,False
1788646365.4440527,1788646500,134.6,Down,0.47,25,0.46,138.89,52,46,False
1788646368.7599144,1788646500,131.2,Up,0.54,138.89,0.53,25,46,52,False
1788646368.7599144,1788646500,131.2,Down,0.47,25,0.46,138.89,52,46,False
1788646372.079606,1788646500,127.9,Up,0.54,138.89,0.53,25,46,52,False
1788646372.079606,1788646500,127.9,Down,0.47,25,0.46,138.89,52,46,False
1788646375.3981383,1788646500,124.6,Up,0.54,138.89,0.53,25,46,52,False
1788646375.3981383,1788646500,124.6,Down,0.47,25,0.46,138.89,52,46,False
1788646378.6437073,1788646500,121.4,Up,0.54,128.89,0.53,25,46,52,False
1788646378.6437073,1788646500,121.4,Down,0.47,25,0.46,128.89,52,46,False
1788646381.8625534,1788646500,118.1,Up,0.54,128.89,0.53,25,46,52,False
1788646381.8625534,1788646500,118.1,Down,0.47,25,0.46,128.89,52,46,False
1788646385.1040146,1788646500,114.9,Up,0.52,100,0.49,125,48,49,False
1788646385.1040146,1788646500,114.9,Down,0.51,120,0.5,25,49,50,False
1788646388.4085538,1788646500,111.6,Up,0.5,25,0.49,120,50,49,False
1788646388.4085538,1788646500,111.6,Down,0.51,120,0.5,25,49,50,False
1788646391.7197707,1788646500,108.3,Up,0.5,25,0.49,139,50,49,False
1788646391.7197707,1788646500,108.3,Down,0.51,139,0.5,25,49,50,False
1788646395.0256402,1788646500,105.0,Up,0.5,25,0.49,139,50,49,False
1788646395.0256402,1788646500,105.0,Down,0.51,139,0.5,25,49,50,False
1788646398.338172,1788646500,101.7,Up,0.5,25,0.49,131.65,50,49,False
1788646398.338172,1788646500,101.7,Down,0.51,131.65,0.5,25,49,50,False
1788646401.6497686,1788646500,98.4,Up,0.54,138.89,0.53,690,46,51,False
1788646401.6497686,1788646500,98.4,Down,0.47,690,0.46,38.89,51,46,False
1788646404.9601035,1788646500,95.0,Up,0.54,138.89,0.53,752,46,53,False
1788646404.9601035,1788646500,95.0,Down,0.47,752,0.46,138.89,53,46,False
1788646408.1921546,1788646500,91.8,Up,0.54,138.89,0.53,614.11,46,53,False
1788646408.1921546,1788646500,91.8,Down,0.47,614.11,0.46,138.89,53,46,False
1788646411.4105675,1788646500,88.6,Up,0.54,138.89,0.53,614.11,46,53,False
1788646411.4105675,1788646500,88.6,Down,0.47,614.11,0.46,138.89,53,46,False
1788646414.6274004,1788646500,85.4,Up,0.54,138.89,0.53,615.16,46,53,False
1788646414.6274004,1788646500,85.4,Down,0.47,615.16,0.46,138.89,53,46,False
1788646417.940972,1788646500,82.1,Up,0.54,138.89,0.53,675.16,46,53,False
1788646417.940972,1788646500,82.1,Down,0.47,675.16,0.46,138.89,53,46,False
1788646421.265564,1788646500,78.7,Up,0.54,138.89,0.53,675.16,46,53,False
1788646421.265564,1788646500,78.7,Down,0.47,675.16,0.46,138.89,53,46,False
1788646424.597901,1788646500,75.4,Up,0.54,138.89,0.53,164.33,46,53,False
1788646424.597901,1788646500,75.4,Down,0.47,164.33,0.46,138.89,53,46,False
1788646427.9112694,1788646500,72.1,Up,0.54,148.89,0.53,153.69,46,53,False
1788646427.9112694,1788646500,72.1,Down,0.47,153.69,0.46,148.89,53,46,False
1788646431.223423,1788646500,68.8,Up,0.54,148.89,0.53,153.69,46,53,False
1788646431.223423,1788646500,68.8,Down,0.47,153.69,0.46,148.89,53,46,False
1788646434.4500115,1788646500,65.5,Up,0.54,148.89,0.53,153.69,46,53,False
1788646434.4500115,1788646500,65.5,Down,0.47,153.69,0.46,148.89,53,46,False
1788646437.7527947,1788646500,62.2,Up,0.54,163.89,0.53,153.69,46,53,False
1788646437.7527947,1788646500,62.2,Down,0.47,153.69,0.46,163.89,53,46,False
1788646441.1140575,1788646500,58.9,Up,0.54,163.89,0.53,153.69,46,52,False
1788646441.1140575,1788646500,58.9,Down,0.47,153.69,0.46,163.89,52,46,False
1788646444.4233887,1788646500,55.6,Up,0.54,158.89,0.53,153.69,46,52,False
1788646444.4233887,1788646500,55.6,Down,0.47,153.69,0.46,158.89,52,46,False
1788646447.7569594,1788646500,52.2,Up,0.54,178.89,0.53,153.69,46,52,False
1788646447.7569594,1788646500,52.2,Down,0.47,153.69,0.46,178.89,52,46,False
1788646450.9768095,1788646500,49.0,Up,0.54,178.89,0.53,56.97,46,53,False
1788646450.9768095,1788646500,49.0,Down,0.47,56.97,0.46,178.89,53,46,False
1788646454.194095,1788646500,45.8,Up,0.54,63.89,0.53,146.05,46,53,False
1788646454.194095,1788646500,45.8,Down,0.47,146.05,0.46,63.89,53,46,False
1788646457.5102086,1788646500,42.5,Up,0.54,43.89,0.53,261.05,46,53,False
1788646457.5102086,1788646500,42.5,Down,0.47,261.05,0.46,40.35,53,46,False
1788646460.8186405,1788646500,39.2,Up,0.54,10.35,0.53,266.05,46,53,False
1788646460.8186405,1788646500,39.2,Down,0.47,266.05,0.46,10.35,53,46,False
1788646464.046343,1788646500,36.0,Up,0.54,10.35,0.53,159.66,46,53,False
1788646464.046343,1788646500,36.0,Down,0.47,159.66,0.46,10.35,53,46,False
1788646467.351559,1788646500,32.6,Up,0.54,175.35,0.53,38.27,46,53,False
1788646467.351559,1788646500,32.6,Down,0.47,38.27,0.46,175.35,53,46,False
1788646470.534218,1788646500,29.5,Up,0.55,60,0.54,995.2,45,54,False
1788646470.534218,1788646500,29.5,Down,0.46,995.2,0.45,60,54,45,False
1788646473.84495,1788646500,26.2,Up,0.55,60,0.54,995.14,45,54,False
1788646473.84495,1788646500,26.2,Down,0.46,995.14,0.45,56.61,54,45,False
1788646477.1559596,1788646500,22.8,Up,0.56,153,0.55,1010.42,44,55,False
1788646477.1559596,1788646500,22.8,Down,0.45,1010.42,0.44,153,55,44,False
1788646480.4550653,1788646500,19.5,Up,0.56,153,0.55,67.04,44,55,False
1788646480.4550653,1788646500,19.5,Down,0.45,67.04,0.44,153,55,44,False
1788646483.6841648,1788646500,16.3,Up,0.56,153,0.55,162.04,44,55,False
1788646483.6841648,1788646500,16.3,Down,0.45,162.04,0.44,153,55,44,False
1788646486.8387666,1788646500,13.2,Up,0.56,153,0.55,2.77,44,55,False
1788646486.8387666,1788646500,13.2,Down,0.45,2.77,0.44,153,55,44,False
1788646490.172124,1788646500,9.8,Up,0.55,208,0.52,77.43,45,52,False
1788646490.172124,1788646500,9.8,Down,0.48,77.43,0.45,208,52,45,False
1788646492.9447966,1788646500,7.1,Up,0.52,16,0.51,57,48,50,False
1788646492.9447966,1788646500,7.1,Down,0.49,57,0.48,16,50,48,False
1788646495.0063941,1788646500,5.0,Up,0.51,100,0.49,113,49,49,False
1788646495.0063941,1788646500,5.0,Down,0.51,113,0.49,100,49,49,False
1788646496.4753008,1788646500,3.5,Up,0.51,727.26,0.49,113,49,49,False
1788646496.4753008,1788646500,3.5,Down,0.51,113,0.49,727.26,49,49,False
1788646497.6966414,1788646500,2.3,Up,0.5,363.63,0.49,113,50,49,False
1788646497.6966414,1788646500,2.3,Down,0.51,113,0.5,363.63,49,50,False
1788646498.922312,1788646500,1.1,Up,0.5,722.26,0.49,98,50,49,False
1788646498.922312,1788646500,1.1,Down,0.51,98,0.5,722.26,49,50,False
1788646501.446959,1788646800,298.6,Up,0.5,595,0.49,279.56,49,49,False
1788646501.446959,1788646800,298.6,Down,0.51,279.56,0.5,595,49,49,False
1788646504.6837542,1788646800,295.3,Up,0.5,595,0.49,279.56,49,49,False
1788646504.6837542,1788646800,295.3,Down,0.51,279.56,0.5,595,49,49,False
1788646508.013439,1788646800,292.0,Up,0.5,605,0.49,294.56,50,49,False
1788646508.013439,1788646800,292.0,Down,0.51,294.56,0.5,605,49,50,False
1788646511.3376737,1788646800,288.7,Up,0.5,626,0.49,292.36,50,49,False
1788646511.3376737,1788646800,288.7,Down,0.51,292.36,0.5,626,49,50,False
1788646514.6511533,1788646800,285.3,Up,0.5,626,0.49,377.36,50,49,False
1788646514.6511533,1788646800,285.3,Down,0.51,377.36,0.5,626,49,50,False
1788646517.9723637,1788646800,282.0,Up,0.5,685,0.49,377.36,50,49,False
1788646517.9723637,1788646800,282.0,Down,0.51,377.36,0.5,685,49,50,False
1788646521.2739944,1788646800,278.7,Up,0.5,685,0.49,377.36,50,49,False
1788646521.2739944,1788646800,278.7,Down,0.51,377.36,0.5,685,49,50,False
1788646524.5040233,1788646800,275.5,Up,0.5,680,0.49,377.36,50,49,False
1788646524.5040233,1788646800,275.5,Down,0.51,377.36,0.5,680,49,50,False
1788646527.8228843,1788646800,272.2,Up,0.5,680,0.49,377.36,50,49,False
1788646527.8228843,1788646800,272.2,Down,0.51,377.36,0.5,680,49,50,False
1788646531.132901,1788646800,268.9,Up,0.5,680,0.49,377.36,50,49,False
1788646531.132901,1788646800,268.9,Down,0.51,377.36,0.5,680,49,50,False
1788646534.3592174,1788646800,265.6,Up,0.5,680,0.49,377.36,50,49,False
1788646534.3592174,1788646800,265.6,Down,0.51,377.36,0.5,680,49,50,False
1788646537.6711955,1788646800,262.3,Up,0.5,680,0.49,377.36,50,49,False
1788646537.6711955,1788646800,262.3,Down,0.51,377.36,0.5,680,49,50,False
1788646540.9809687,1788646800,259.0,Up,0.5,680,0.49,377.36,50,49,False
1788646540.9809687,1788646800,259.0,Down,0.51,377.36,0.5,680,49,50,False
1788646544.2905233,1788646800,255.7,Up,0.5,680,0.49,377.36,50,49,False
1788646544.2905233,1788646800,255.7,Down,0.51,268,0.5,680,49,50,False
1788646547.605512,1788646800,252.4,Up,0.5,680,0.49,268,50,49,False
1788646547.605512,1788646800,252.4,Down,0.51,268,0.5,680,49,50,False
1788646550.9193,1788646800,249.1,Up,0.5,680,0.49,268,50,49,False
1788646550.9193,1788646800,249.1,Down,0.51,268,0.5,680,49,50,False
1788646554.1458383,1788646800,245.9,Up,0.5,680,0.49,268,50,49,False
1788646554.1458383,1788646800,245.9,Down,0.51,268,0.5,680,49,50,False
1788646557.361217,1788646800,242.6,Up,0.5,680,0.49,268,50,49,False
1788646557.361217,1788646800,242.6,Down,0.51,268,0.5,680,49,50,False
1788646560.6704624,1788646800,239.3,Up,0.5,680,0.49,268,50,49,False
1788646560.6704624,1788646800,239.3,Down,0.51,268,0.5,680,49,50,False
1788646563.9019613,1788646800,236.1,Up,0.5,680,0.49,268,50,49,False
1788646563.9019613,1788646800,236.1,Down,0.51,268,0.5,680,49,50,False
1788646567.2127771,1788646800,232.8,Up,0.5,685,0.49,268,50,49,False
1788646567.2127771,1788646800,232.8,Down,0.51,268,0.5,685,49,50,False
1788646570.4367912,1788646800,229.6,Up,0.5,685,0.49,268,50,49,False
1788646570.4367912,1788646800,229.6,Down,0.51,268,0.5,685,49,50,False
1788646573.759691,1788646800,226.2,Up,0.5,675,0.49,258,50,49,False
1788646573.759691,1788646800,226.2,Down,0.51,258,0.5,675,49,50,False
1788646576.9868867,1788646800,223.0,Up,0.5,675,0.49,258,50,49,False
1788646576.9868867,1788646800,223.0,Down,0.51,258,0.5,675,49,50,False
1788646580.3021386,1788646800,219.7,Up,0.5,675,0.49,258,50,49,False
1788646580.3021386,1788646800,219.7,Down,0.51,258,0.5,675,49,50,False
1788646583.5330899,1788646800,216.5,Up,0.5,675,0.49,258,50,49,False
1788646583.5330899,1788646800,216.5,Down,0.51,258,0.5,675,49,50,False
1788646586.7683818,1788646800,213.2,Up,0.5,675,0.49,258,50,49,False
1788646586.7683818,1788646800,213.2,Down,0.51,258,0.5,675,49,50,False
1788646590.0764592,1788646800,209.9,Up,0.5,675,0.49,258,50,49,False
1788646590.0764592,1788646800,209.9,Down,0.51,258,0.5,675,49,50,False
1788646593.3836513,1788646800,206.6,Up,0.5,675,0.49,258,50,49,False
1788646593.3836513,1788646800,206.6,Down,0.51,258,0.5,675,49,50,False
1788646596.615679,1788646800,203.4,Up,0.5,675,0.49,258,50,49,False
1788646596.615679,1788646800,203.4,Down,0.51,258,0.5,675,49,50,False
1788646599.9329784,1788646800,200.1,Up,0.5,675,0.49,258,50,49,False
1788646599.9329784,1788646800,200.1,Down,0.51,258,0.5,675,49,50,False
1788646603.237154,1788646800,196.8,Up,0.5,675,0.49,178,50,49,False
1788646603.237154,1788646800,196.8,Down,0.51,178,0.5,675,49,50,False
1788646606.545831,1788646800,193.5,Up,0.5,675,0.49,258,50,49,False
1788646606.545831,1788646800,193.5,Down,0.51,258,0.5,675,49,50,False
1788646609.8481174,1788646800,190.2,Up,0.5,675,0.49,258,50,49,False
1788646609.8481174,1788646800,190.2,Down,0.51,258,0.5,675,49,50,False
1788646613.1624715,1788646800,186.8,Up,0.5,675,0.49,178,50,49,False
1788646613.1624715,1788646800,186.8,Down,0.51,178,0.5,675,49,50,False
1788646616.4701214,1788646800,183.5,Up,0.5,675,0.49,178,50,49,False
1788646616.4701214,1788646800,183.5,Down,0.51,178,0.5,675,49,50,False
1788646619.7873006,1788646800,180.2,Up,0.5,675,0.49,178,50,49,False
1788646619.7873006,1788646800,180.2,Down,0.51,178,0.5,675,49,50,False
1788646623.0223439,1788646800,177.0,Up,0.5,675,0.49,198,50,49,False
1788646623.0223439,1788646800,177.0,Down,0.51,198,0.5,675,49,50,False
1788646626.3644247,1788646800,173.6,Up,0.5,675,0.49,190,50,49,False
1788646626.3644247,1788646800,173.6,Down,0.51,190,0.5,675,49,50,False
1788646629.5920737,1788646800,170.4,Up,0.5,680,0.49,195,50,49,False
1788646629.5920737,1788646800,170.4,Down,0.51,195,0.5,680,49,50,False
1788646632.8322651,1788646800,167.2,Up,0.5,685,0.49,200,50,49,False
1788646632.8322651,1788646800,167.2,Down,0.51,200,0.5,685,49,50,False
1788646636.0011148,1788646800,164.0,Up,0.5,685,0.49,200,50,49,False
1788646636.0011148,1788646800,164.0,Down,0.51,200,0.5,685,49,50,False
1788646639.3925579,1788646800,160.6,Up,0.5,685,0.49,200,50,49,False
1788646639.3925579,1788646800,160.6,Down,0.51,200,0.5,685,49,50,False
1788646642.7124796,1788646800,157.3,Up,0.5,685,0.49,210,50,49,False
1788646642.7124796,1788646800,157.3,Down,0.51,210,0.5,685,49,50,False
1788646646.0248868,1788646800,154.0,Up,0.5,685,0.49,210,50,49,False
1788646646.0248868,1788646800,154.0,Down,0.51,210,0.5,685,49,50,False
1788646649.3326595,1788646800,150.7,Up,0.5,685,0.49,210,50,49,False
1788646649.3326595,1788646800,150.7,Down,0.51,210,0.5,685,49,50,False
1788646652.634965,1788646800,147.4,Up,0.5,685,0.49,198.23,50,49,False
1788646652.634965,1788646800,147.4,Down,0.51,198.23,0.5,685,49,50,False
1788646655.9453647,1788646800,144.1,Up,0.5,685,0.49,198.23,50,49,False
1788646655.9453647,1788646800,144.1,Down,0.51,198.23,0.5,685,49,50,False
1788646659.2462084,1788646800,140.8,Up,0.5,685,0.49,198.23,50,49,False
1788646659.2462084,1788646800,140.8,Down,0.51,198.23,0.5,685,49,50,False
1788646662.3937361,1788646800,137.6,Up,0.5,685,0.49,188.23,50,49,False
1788646662.3937361,1788646800,137.6,Down,0.51,188.23,0.5,685,49,50,False
1788646665.7079647,1788646800,134.3,Up,0.5,285,0.49,188.23,50,49,False
1788646665.7079647,1788646800,134.3,Down,0.51,188.23,0.5,285,49,50,False
1788646669.0225894,1788646800,131.0,Up,0.5,285,0.49,188.23,50,49,False
1788646669.0225894,1788646800,131.0,Down,0.51,188.23,0.5,285,49,50,False
1788646672.2501123,1788646800,127.7,Up,0.5,285,0.49,188.23,50,49,False
1788646672.2501123,1788646800,127.7,Down,0.51,188.23,0.5,285,49,50,False
1788646675.5645385,1788646800,124.4,Up,0.5,285,0.49,188.23,50,49,False
1788646675.5645385,1788646800,124.4,Down,0.51,188.23,0.5,285,49,50,False
1788646678.869194,1788646800,121.1,Up,0.5,285,0.49,188.23,50,49,False
1788646678.869194,1788646800,121.1,Down,0.51,188.23,0.5,285,49,50,False
1788646682.1905122,1788646800,117.8,Up,0.5,285,0.49,188.23,50,49,False
1788646682.1905122,1788646800,117.8,Down,0.51,188.23,0.5,285,49,50,False
1788646685.5180237,1788646800,114.5,Up,0.5,100,0.49,188.23,50,49,False
1788646685.5180237,1788646800,114.5,Down,0.51,188.23,0.5,100,49,50,False
1788646688.8274927,1788646800,111.2,Up,0.5,90,0.49,228.23,50,49,False
1788646688.8274927,1788646800,111.2,Down,0.51,228.23,0.5,90,49,50,False
1788646692.0491388,1788646800,108.0,Up,0.5,90,0.49,228.23,50,49,False
1788646692.0491388,1788646800,108.0,Down,0.51,228.23,0.5,90,49,50,False
1788646695.354265,1788646800,104.6,Up,0.5,100,0.49,228.23,50,49,False
1788646695.354265,1788646800,104.6,Down,0.51,228.23,0.5,100,49,50,False
1788646698.656779,1788646800,101.3,Up,0.5,100,0.49,228.23,50,49,False
1788646698.656779,1788646800,101.3,Down,0.51,228.23,0.5,100,49,50,False
1788646701.973001,1788646800,98.0,Up,0.5,100,0.49,228.23,50,49,False
1788646701.973001,1788646800,98.0,Down,0.51,228.23,0.5,100,49,50,False
1788646705.2102027,1788646800,94.8,Up,0.5,100,0.49,228.23,50,49,False
1788646705.2102027,1788646800,94.8,Down,0.51,228.23,0.5,100,49,50,False
1788646708.5260754,1788646800,91.5,Up,0.5,100,0.49,228.23,50,49,False
1788646708.5260754,1788646800,91.5,Down,0.51,228.23,0.5,100,49,50,False
1788646711.8372447,1788646800,88.2,Up,0.5,100,0.49,228.23,50,49,False
1788646711.8372447,1788646800,88.2,Down,0.51,228.23,0.5,100,49,50,False
1788646715.0754092,1788646800,84.9,Up,0.5,100,0.49,228.23,50,49,False
1788646715.0754092,1788646800,84.9,Down,0.51,228.23,0.5,100,49,50,False
1788646718.3915668,1788646800,81.6,Up,0.5,100,0.49,228.23,50,49,False
1788646718.3915668,1788646800,81.6,Down,0.51,228.23,0.5,100,49,50,False
1788646721.879988,1788646800,78.1,Up,0.5,90,0.49,228.23,50,49,False
1788646721.879988,1788646800,78.1,Down,0.51,228.23,0.5,85,49,50,False
1788646725.1914275,1788646800,74.8,Up,0.5,85,0.49,233.23,50,49,False
1788646725.1914275,1788646800,74.8,Down,0.51,233.23,0.5,85,49,50,False
1788646728.427237,1788646800,71.6,Up,0.5,85,0.49,233.23,50,49,False
1788646728.427237,1788646800,71.6,Down,0.51,233.23,0.5,85,49,50,False
1788646731.655818,1788646800,68.3,Up,0.5,95,0.49,233.23,50,49,False
1788646731.655818,1788646800,68.3,Down,0.51,233.23,0.5,95,49,50,False
1788646734.8871338,1788646800,65.1,Up,0.5,85,0.49,233.23,50,49,False
1788646734.8871338,1788646800,65.1,Down,0.51,233.23,0.5,85,49,50,False
1788646738.1923707,1788646800,61.8,Up,0.5,100,0.49,231.26,50,49,False
1788646738.1923707,1788646800,61.8,Down,0.51,231.26,0.5,100,49,50,False
1788646741.500757,1788646800,58.5,Up,0.5,100,0.49,231.26,50,49,False
1788646741.500757,1788646800,58.5,Down,0.51,231.26,0.5,100,49,50,False
1788646744.8135982,1788646800,55.2,Up,0.5,100,0.49,180,50,49,False
1788646744.8135982,1788646800,55.2,Down,0.51,180,0.5,100,49,50,False
1788646748.1165037,1788646800,51.9,Up,0.5,49,0.49,142,50,49,False
1788646748.1165037,1788646800,51.9,Down,0.51,142,0.5,49,49,50,False
1788646751.3529856,1788646800,48.6,Up,0.5,47,0.49,243,50,49,False
1788646751.3529856,1788646800,48.6,Down,0.51,193,0.5,47,49,50,False
1788646754.6557,1788646800,45.3,Up,0.5,45,0.49,191.03,50,49,False
1788646754.6557,1788646800,45.3,Down,0.51,191.03,0.5,45,49,50,False
1788646757.9745595,1788646800,42.0,Up,0.52,769.94,0.5,35,48,50,False
1788646757.9745595,1788646800,42.0,Down,0.5,35,0.48,769.94,50,48,False
1788646761.2772808,1788646800,38.7,Up,0.52,754.94,0.5,35,48,50,False
1788646761.2772808,1788646800,38.7,Down,0.5,35,0.48,754.94,50,48,False
1788646764.5849495,1788646800,35.4,Up,0.51,110,0.5,35,49,50,False
1788646764.5849495,1788646800,35.4,Down,0.5,35,0.49,110,50,49,False
1788646767.906883,1788646800,32.1,Up,0.51,110,0.5,35,49,50,False
1788646767.906883,1788646800,32.1,Down,0.5,35,0.49,110,50,49,False
1788646771.216026,1788646800,28.8,Up,0.52,628,0.5,35,48,50,False
1788646771.216026,1788646800,28.8,Down,0.5,35,0.48,628,50,48,False
1788646774.5277412,1788646800,25.5,Up,0.52,667.07,0.49,69.53,48,49,False
1788646774.5277412,1788646800,25.5,Down,0.51,69.53,0.48,667.07,49,48,False
1788646777.8359976,1788646800,22.2,Up,0.51,125,0.49,54.53,49,49,False
1788646777.8359976,1788646800,22.2,Down,0.51,54.53,0.49,125,49,49,False
1788646781.1471336,1788646800,18.9,Up,0.5,122.98,0.49,20,50,49,False
1788646781.1471336,1788646800,18.9,Down,0.51,20,0.5,122.98,49,50,False
1788646784.4656162,1788646800,15.5,Up,0.49,10,0.48,200.76,51,48,False
1788646784.4656162,1788646800,15.5,Down,0.52,200.76,0.51,10,48,51,False
1788646787.7822428,1788646800,12.2,Up,0.49,13.89,0.48,132.9,51,48,False
1788646787.7822428,1788646800,12.2,Down,0.52,132.9,0.51,13.89,48,51,False
1788646791.099841,1788646800,8.9,Up,0.49,10.01,0.48,90.9,51,48,False
1788646791.099841,1788646800,8.9,Down,0.52,90.9,0.51,10.01,48,51,False
1788646793.6447895,1788646800,6.4,Up,0.49,7.96,0.48,52.51,51,48,False
1788646793.6447895,1788646800,6.4,Down,0.52,52.51,0.51,7.96,48,51,False
1788646795.5547833,1788646800,4.4,Up,0.49,7.96,0.48,72.51,51,48,False
1788646795.5547833,1788646800,4.4,Down,0.52,72.51,0.51,7.96,48,51,False
1788646796.820211,1788646800,3.2,Up,0.5,527.78,0.48,793.88,50,48,False
1788646796.820211,1788646800,3.2,Down,0.52,793.88,0.5,527.78,48,50,False
1788646798.1627462,1788646800,1.8,Up,0.5,527.78,0.49,383.63,50,49,False
1788646798.1627462,1788646800,1.8,Down,0.51,383.63,0.5,327.78,49,50,False
1788646800.6692622,1788647100,299.3,Up,0.51,289.76,0.5,605,48,50,False
1788646800.6692622,1788647100,299.3,Down,0.5,605,0.49,289.76,50,48,False
1788646803.972842,1788647100,296.0,Up,0.51,289.76,0.5,605,48,50,False
1788646803.972842,1788647100,296.0,Down,0.5,605,0.49,289.76,50,48,False
1788646807.2883062,1788647100,292.7,Up,0.51,304.76,0.5,615,49,50,False
1788646807.2883062,1788647100,292.7,Down,0.5,615,0.49,304.76,50,49,False
1788646810.6104891,1788647100,289.4,Up,0.51,325.26,0.5,615,49,50,False
1788646810.6104891,1788647100,289.4,Down,0.5,615,0.49,325.26,50,49,False
1788646813.9296603,1788647100,286.1,Up,0.51,325.26,0.5,615,49,50,False
1788646813.9296603,1788647100,286.1,Down,0.5,615,0.49,325.26,50,49,False
1788646817.2422752,1788647100,282.8,Up,0.51,330.26,0.5,632,49,50,False
1788646817.2422752,1788647100,282.8,Down,0.5,632,0.49,330.26,50,49,False
1788646820.4684079,1788647100,279.5,Up,0.51,330.26,0.5,632,49,50,False
1788646820.4684079,1788647100,279.5,Down,0.5,632,0.49,330.26,50,49,False
1788646823.7057686,1788647100,276.3,Up,0.51,323.29,0.5,637,49,50,False
1788646823.7057686,1788647100,276.3,Down,0.5,637,0.49,323.29,50,49,False
1788646827.0299578,1788647100,273.0,Up,0.51,323.29,0.5,637,49,50,False
1788646827.0299578,1788647100,273.0,Down,0.5,637,0.49,323.29,50,49,False
1788646830.2489974,1788647100,269.8,Up,0.51,323.29,0.5,637,49,50,False
1788646830.2489974,1788647100,269.8,Down,0.5,637,0.49,323.29,50,49,False
1788646833.5579205,1788647100,266.4,Up,0.51,323.29,0.5,637,49,50,False
1788646833.5579205,1788647100,266.4,Down,0.5,637,0.49,323.29,50,49,False
1788646836.8763363,1788647100,263.1,Up,0.51,323.29,0.5,637,49,50,False
1788646836.8763363,1788647100,263.1,Down,0.5,637,0.49,323.29,50,49,False
1788646840.1067302,1788647100,259.9,Up,0.51,323.29,0.5,637,49,50,False
1788646840.1067302,1788647100,259.9,Down,0.5,637,0.49,323.29,50,49,False
1788646843.5364456,1788647100,256.5,Up,0.51,323.29,0.5,637,49,50,False
1788646843.5364456,1788647100,256.5,Down,0.5,637,0.49,323.29,50,49,False
1788646846.8603811,1788647100,253.1,Up,0.51,213.5,0.5,637,49,50,False
1788646846.8603811,1788647100,253.1,Down,0.5,637,0.49,213.5,50,49,False
1788646850.1685886,1788647100,249.8,Up,0.51,323.5,0.5,637,49,50,False
1788646850.1685886,1788647100,249.8,Down,0.5,637,0.49,323.5,50,49,False
1788646853.4762392,1788647100,246.5,Up,0.51,323.5,0.5,637,49,50,False
1788646853.4762392,1788647100,246.5,Down,0.5,637,0.49,323.5,50,49,False
1788646856.7977858,1788647100,243.2,Up,0.51,323.5,0.5,637,49,50,False
1788646856.7977858,1788647100,243.2,Down,0.5,637,0.49,323.5,50,49,False
1788646860.1089044,1788647100,239.9,Up,0.51,323.5,0.5,637,49,50,False
1788646860.1089044,1788647100,239.9,Down,0.5,637,0.49,323.5,50,49,False
1788646863.4480152,1788647100,236.6,Up,0.51,323.5,0.5,637,49,50,False
1788646863.4480152,1788647100,236.6,Down,0.5,637,0.49,323.5,50,49,False
1788646866.699787,1788647100,233.3,Up,0.51,323.5,0.5,642,49,50,False
1788646866.699787,1788647100,233.3,Down,0.5,642,0.49,323.5,50,49,False
1788646869.937013,1788647100,230.1,Up,0.51,323.5,0.5,642,49,50,False
1788646869.937013,1788647100,230.1,Down,0.5,642,0.49,323.5,50,49,False
1788646873.1744432,1788647100,226.8,Up,0.51,323.5,0.5,642,49,50,False
1788646873.1744432,1788647100,226.8,Down,0.5,642,0.49,323.5,50,49,False
1788646876.3960252,1788647100,223.6,Up,0.51,323.5,0.5,642,49,50,False
1788646876.3960252,1788647100,223.6,Down,0.5,642,0.49,323.5,50,49,False
1788646879.7234983,1788647100,220.3,Up,0.51,323.5,0.5,642,49,50,False
1788646879.7234983,1788647100,220.3,Down,0.5,642,0.49,323.5,50,49,False
1788646883.0438693,1788647100,217.0,Up,0.51,323.5,0.5,642,49,50,False
1788646883.0438693,1788647100,217.0,Down,0.5,642,0.49,323.5,50,49,False
1788646886.3518033,1788647100,213.6,Up,0.51,323.5,0.5,642,49,50,False
1788646886.3518033,1788647100,213.6,Down,0.5,642,0.49,323.5,50,49,False
1788646889.5668983,1788647100,210.4,Up,0.51,318.5,0.5,647,49,50,False
1788646889.5668983,1788647100,210.4,Down,0.5,647,0.49,318.5,50,49,False
1788646892.8738327,1788647100,207.1,Up,0.51,318.5,0.5,647,49,50,False
1788646892.8738327,1788647100,207.1,Down,0.5,647,0.49,318.5,50,49,False
1788646896.1861038,1788647100,203.8,Up,0.51,228.5,0.5,647,49,50,False
1788646896.1861038,1788647100,203.8,Down,0.5,647,0.49,228.5,50,49,False
1788646899.508444,1788647100,200.5,Up,0.51,228.5,0.5,647,49,50,False
1788646899.508444,1788647100,200.5,Down,0.5,647,0.49,228.5,50,49,False
1788646902.8244078,1788647100,197.2,Up,0.51,228.5,0.5,647,49,50,False
1788646902.8244078,1788647100,197.2,Down,0.5,647,0.49,228.5,50,49,False
1788646906.132856,1788647100,193.9,Up,0.51,228.5,0.5,647,49,50,False
1788646906.132856,1788647100,193.9,Down,0.5,647,0.49,228.5,50,49,False
1788646909.446353,1788647100,190.6,Up,0.51,228.5,0.5,647,49,50,False
1788646909.446353,1788647100,190.6,Down,0.5,647,0.49,228.5,50,49,False
1788646912.7579656,1788647100,187.2,Up,0.51,318.5,0.5,647,49,50,False
1788646912.7579656,1788647100,187.2,Down,0.5,647,0.49,318.5,50,49,False
1788646916.0765975,1788647100,183.9,Up,0.51,318.5,0.5,647,49,50,False
1788646916.0765975,1788647100,183.9,Down,0.5,647,0.49,318.5,50,49,False
1788646919.3771586,1788647100,180.6,Up,0.51,228.5,0.5,647,49,50,False
1788646919.3771586,1788647100,180.6,Down,0.5,647,0.49,228.5,50,49,False
1788646922.6884513,1788647100,177.3,Up,0.51,228.5,0.5,647,49,50,False
1788646922.6884513,1788647100,177.3,Down,0.5,647,0.49,228.5,50,49,False
1788646925.998928,1788647100,174.0,Up,0.51,220.5,0.5,647,49,50,False
1788646925.998928,1788647100,174.0,Down,0.5,647,0.49,220.5,50,49,False
1788646929.3320727,1788647100,170.7,Up,0.51,305.51,0.5,647,49,50,False
1788646929.3320727,1788647100,170.7,Down,0.5,647,0.49,305.51,50,49,False
1788646932.653961,1788647100,167.3,Up,0.51,305.51,0.5,647,49,50,False
1788646932.653961,1788647100,167.3,Down,0.5,647,0.49,305.51,50,49,False
1788646935.9867191,1788647100,164.0,Up,0.51,305.51,0.5,647,49,50,False
1788646935.9867191,1788647100,164.0,Down,0.5,647,0.49,305.51,50,49,False
1788646939.3046958,1788647100,160.7,Up,0.51,305.51,0.5,647,49,50,False
1788646939.3046958,1788647100,160.7,Down,0.5,647,0.49,305.51,50,49,False
1788646942.6281905,1788647100,157.4,Up,0.51,215.51,0.5,647,49,50,False
1788646942.6281905,1788647100,157.4,Down,0.5,647,0.49,215.51,50,49,False
1788646945.9699788,1788647100,154.0,Up,0.51,215.51,0.5,647,49,50,False
1788646945.9699788,1788647100,154.0,Down,0.5,647,0.49,215.51,50,49,False
1788646949.2782888,1788647100,150.7,Up,0.51,215.51,0.5,644.96,49,50,False
1788646949.2782888,1788647100,150.7,Down,0.5,644.96,0.49,215.51,50,49,False
1788646952.5797048,1788647100,147.4,Up,0.51,305.51,0.5,644.96,49,50,False
1788646952.5797048,1788647100,147.4,Down,0.5,644.96,0.49,305.51,50,49,False
1788646955.9050934,1788647100,144.1,Up,0.51,305.51,0.5,724.96,49,50,False
1788646955.9050934,1788647100,144.1,Down,0.5,724.96,0.49,305.51,50,49,False
1788646959.2140586,1788647100,140.8,Up,0.51,305.51,0.5,724.96,49,50,False
1788646959.2140586,1788647100,140.8,Down,0.5,724.96,0.49,305.51,50,49,False
1788646962.564452,1788647100,137.4,Up,0.51,305.51,0.5,724.96,49,50,False
1788646962.564452,1788647100,137.4,Down,0.5,724.96,0.49,305.51,50,49,False
1788646965.8787403,1788647100,134.1,Up,0.51,305.51,0.5,724.96,49,50,False
1788646965.8787403,1788647100,134.1,Down,0.5,724.96,0.49,305.51,50,49,False
1788646969.1152065,1788647100,130.9,Up,0.51,305.51,0.5,748.96,49,50,False
1788646969.1152065,1788647100,130.9,Down,0.5,748.96,0.49,305.51,50,49,False
1788646972.3616877,1788647100,127.6,Up,0.51,305.51,0.5,748.96,49,50,False
1788646972.3616877,1788647100,127.6,Down,0.5,748.96,0.49,305.51,50,49,False
1788646975.671815,1788647100,124.3,Up,0.51,215.51,0.5,748.96,49,50,False
1788646975.671815,1788647100,124.3,Down,0.5,748.96,0.49,215.51,50,49,False
1788646978.988348,1788647100,121.0,Up,0.51,178.39,0.5,748.96,49,50,False
1788646978.988348,1788647100,121.0,Down,0.5,748.96,0.49,178.39,50,49,False
1788646982.2148542,1788647100,117.8,Up,0.51,178.39,0.5,748.96,49,50,False
1788646982.2148542,1788647100,117.8,Down,0.5,748.96,0.49,178.39,50,49,False
1788646985.5348196,1788647100,114.5,Up,0.51,158.39,0.5,148.96,49,50,False
1788646985.5348196,1788647100,114.5,Down,0.5,148.96,0.49,158.39,50,49,False
1788646988.749494,1788647100,111.3,Up,0.51,168.39,0.5,148.96,49,50,False
1788646988.749494,1788647100,111.3,Down,0.5,148.96,0.49,168.39,50,49,False
1788646991.975388,1788647100,108.0,Up,0.51,50.5,0.5,148.96,49,50,False
1788646991.975388,1788647100,108.0,Down,0.5,148.96,0.49,50.5,50,49,False
1788646995.20283,1788647100,104.8,Up,0.51,60.5,0.5,148.96,49,50,False
1788646995.20283,1788647100,104.8,Down,0.5,148.96,0.49,60.5,50,49,False
1788646998.5108266,1788647100,101.5,Up,0.51,60.5,0.5,148.96,49,50,False
1788646998.5108266,1788647100,101.5,Down,0.5,148.96,0.49,60.5,50,49,False
1788647001.8202512,1788647100,98.2,Up,0.51,60.5,0.5,148.96,49,50,False
1788647001.8202512,1788647100,98.2,Down,0.5,148.96,0.49,60.5,50,49,False
1788647005.0438898,1788647100,95.0,Up,0.51,60.5,0.5,148.96,49,50,False
1788647005.0438898,1788647100,95.0,Down,0.5,148.96,0.49,60.5,50,49,False
1788647008.2629218,1788647100,91.7,Up,0.51,60.5,0.5,148.96,49,50,False
1788647008.2629218,1788647100,91.7,Down,0.5,148.96,0.49,60.5,50,49,False
1788647011.5572224,1788647100,88.4,Up,0.51,60.5,0.5,148.96,49,50,False
1788647011.5572224,1788647100,88.4,Down,0.5,148.96,0.49,60.5,50,49,False
1788647014.8559985,1788647100,85.1,Up,0.51,60.5,0.5,148.96,49,50,False
1788647014.8559985,1788647100,85.1,Down,0.5,148.96,0.49,60.5,50,49,False
1788647018.1636646,1788647100,81.8,Up,0.51,60.5,0.5,148.96,49,50,False
1788647018.1636646,1788647100,81.8,Down,0.5,148.96,0.49,60.5,50,49,False
1788647021.4788508,1788647100,78.5,Up,0.51,60.5,0.5,148.96,49,50,False
1788647021.4788508,1788647100,78.5,Down,0.5,148.96,0.49,60.5,50,49,False
1788647025.0584795,1788647100,74.9,Up,0.52,156,0.51,32,48,51,False
1788647025.0584795,1788647100,74.9,Down,0.49,32,0.48,156,51,48,False
1788647028.3732746,1788647100,71.6,Up,0.53,91.79,0.51,32,47,51,False
1788647028.3732746,1788647100,71.6,Down,0.49,32,0.47,91.79,51,47,False
1788647031.6777902,1788647100,68.3,Up,0.52,40,0.51,32,48,51,False
1788647031.6777902,1788647100,68.3,Down,0.49,32,0.48,40,51,48,False
1788647034.976443,1788647100,65.0,Up,0.52,10,0.51,32,48,51,False
1788647034.976443,1788647100,65.0,Down,0.49,32,0.48,10,51,48,False
1788647038.2956142,1788647100,61.7,Up,0.53,175.12,0.51,32,47,51,False
1788647038.2956142,1788647100,61.7,Down,0.49,32,0.47,175.12,51,47,False
1788647041.6272128,1788647100,58.4,Up,0.52,25,0.51,32,48,51,False
1788647041.6272128,1788647100,58.4,Down,0.49,32,0.48,25,51,48,False
1788647044.862154,1788647100,55.1,Up,0.52,15,0.51,37,48,51,False
1788647044.862154,1788647100,55.1,Down,0.49,37,0.48,15,51,48,False
1788647048.183391,1788647100,51.8,Up,0.52,125,0.51,32,48,51,False
1788647048.183391,1788647100,51.8,Down,0.49,32,0.48,125,51,48,False
1788647051.4815092,1788647100,48.5,Up,0.52,210,0.51,21.79,48,51,False
1788647051.4815092,1788647100,48.5,Down,0.49,36.79,0.48,210,51,48,False
1788647054.799521,1788647100,45.2,Up,0.52,210,0.5,194.75,48,50,False
1788647054.799521,1788647100,45.2,Down,0.5,194.75,0.48,210,50,48,False
1788647058.1163125,1788647100,41.9,Up,0.51,88.82,0.5,188.75,49,50,False
1788647058.1163125,1788647100,41.9,Down,0.5,188.75,0.49,88.82,50,49,False
1788647061.3431883,1788647100,38.7,Up,0.51,88.82,0.5,173.75,49,50,False
1788647061.3431883,1788647100,38.7,Down,0.5,173.75,0.49,88.82,50,49,False
1788647064.6461558,1788647100,35.4,Up,0.51,88.82,0.5,173.75,49,50,False
1788647064.6461558,1788647100,35.4,Down,0.5,173.75,0.49,88.82,50,49,False
1788647067.965489,1788647100,32.0,Up,0.5,160,0.49,11,50,49,False
1788647067.965489,1788647100,32.0,Down,0.52,258.07,0.5,160,48,50,False
1788647071.281017,1788647100,28.7,Up,0.5,395.81,0.48,153.07,50,48,False
1788647071.281017,1788647100,28.7,Down,0.52,153.07,0.5,395.81,48,50,False
1788647074.5172307,1788647100,25.5,Up,0.49,130.5,0.48,143.07,51,48,False
1788647074.5172307,1788647100,25.5,Down,0.52,143.07,0.51,130.5,48,51,False
1788647077.8199565,1788647100,22.2,Up,0.49,113.43,0.48,143.07,51,48,False
1788647077.8199565,1788647100,22.2,Down,0.52,143.07,0.51,113.43,48,51,False
1788647081.1190643,1788647100,18.9,Up,0.49,113.43,0.48,143.07,51,48,False
1788647081.1190643,1788647100,18.9,Down,0.52,143.07,0.51,113.43,48,51,False
1788647084.432641,1788647100,15.6,Up,0.61,52,0.6,96.4,39,60,False
1788647084.432641,1788647100,15.6,Down,0.4,96.4,0.39,67,60,39,False
1788647087.737627,1788647100,12.3,Up,0.61,67,0.58,140.95,39,58,False
1788647087.737627,1788647100,12.3,Down,0.42,140.95,0.39,67,58,39,False
1788647091.039016,1788647100,9.0,Up,0.6,25,0.59,95,40,59,False
1788647091.039016,1788647100,9.0,Down,0.41,95,0.4,25,59,40,False
1788647093.5835762,1788647100,6.4,Up,0.58,42,0.57,100,42,57,False
1788647093.5835762,1788647100,6.4,Down,0.43,100,0.42,42,57,42,False
1788647095.4071627,1788647100,4.6,Up,0.58,57,0.57,17.67,42,56,False
1788647095.4071627,1788647100,4.6,Down,0.43,117.67,0.42,57,57,42,False
1788647096.7862766,1788647100,3.2,Up,0.58,52,0.55,100.88,42,55,False
1788647096.7862766,1788647100,3.2,Down,0.45,100.88,0.42,52,55,42,False
1788647098.010175,1788647100,2.0,Up,0.57,15,0.56,100,43,56,False
1788647098.010175,1788647100,2.0,Down,0.44,100,0.43,15,56,43,False
1788647100.4888196,1788647400,299.5,Up,0.51,269.76,0.5,610,48,50,False
1788647100.4888196,1788647400,299.5,Down,0.5,610,0.49,269.76,50,48,False
1788647103.7302394,1788647400,296.3,Up,0.51,269.76,0.5,610,48,50,False
1788647103.7302394,1788647400,296.3,Down,0.5,610,0.49,269.76,50,48,False
1788647107.0520773,1788647400,292.9,Up,0.51,284.76,0.5,620,48,50,False
1788647107.0520773,1788647400,292.9,Down,0.5,620,0.49,284.76,50,48,False
1788647110.3718596,1788647400,289.6,Up,0.51,304.76,0.5,620,49,50,False
1788647110.3718596,1788647400,289.6,Down,0.5,620,0.49,304.76,50,49,False
1788647113.6778355,1788647400,286.3,Up,0.51,304.76,0.5,620,49,50,False
1788647113.6778355,1788647400,286.3,Down,0.5,620,0.49,304.76,50,49,False
1788647116.9839416,1788647400,283.0,Up,0.51,309.76,0.5,625,49,50,False
1788647116.9839416,1788647400,283.0,Down,0.5,625,0.49,309.76,50,49,False
1788647120.2960758,1788647400,279.7,Up,0.51,309.76,0.5,625,49,50,False
1788647120.2960758,1788647400,279.7,Down,0.5,625,0.49,309.76,50,49,False
1788647123.5968535,1788647400,276.4,Up,0.51,309.76,0.5,620,49,50,False
1788647123.5968535,1788647400,276.4,Down,0.5,620,0.49,309.76,50,49,False
1788647126.8323553,1788647400,273.2,Up,0.51,309.76,0.5,620,49,50,False
1788647126.8323553,1788647400,273.2,Down,0.5,620,0.49,309.76,50,49,False
1788647130.1403723,1788647400,269.9,Up,0.51,309.76,0.5,620,49,50,False
1788647130.1403723,1788647400,269.9,Down,0.5,620,0.49,309.76,50,49,False
1788647133.4556746,1788647400,266.5,Up,0.51,307.79,0.5,620,49,50,False
1788647133.4556746,1788647400,266.5,Down,0.5,620,0.49,307.79,50,49,False
1788647136.603493,1788647400,263.4,Up,0.51,307.79,0.5,620,49,50,False
1788647136.603493,1788647400,263.4,Down,0.5,620,0.49,307.79,50,49,False
1788647139.8381772,1788647400,260.2,Up,0.51,307.79,0.5,620,49,50,False
1788647139.8381772,1788647400,260.2,Down,0.5,620,0.49,307.79,50,49,False
1788647142.9844532,1788647400,257.0,Up,0.51,307.79,0.5,620,49,50,False
1788647142.9844532,1788647400,257.0,Down,0.5,620,0.49,307.79,50,49,False
1788647146.1995468,1788647400,253.8,Up,0.51,208,0.5,620,49,50,False
1788647146.1995468,1788647400,253.8,Down,0.5,620,0.49,208,50,49,False
1788647149.5543308,1788647400,250.4,Up,0.51,208,0.5,620,49,50,False
1788647149.5543308,1788647400,250.4,Down,0.5,620,0.49,228,50,49,False
1788647152.8746195,1788647400,247.1,Up,0.51,228,0.5,620,49,50,False
1788647152.8746195,1788647400,247.1,Down,0.5,620,0.49,228,50,49,False
1788647156.2069826,1788647400,243.8,Up,0.51,228,0.5,620,49,50,False
1788647156.2069826,1788647400,243.8,Down,0.5,620,0.49,228,50,49,False
1788647159.5261395,1788647400,240.5,Up,0.51,228,0.5,620,49,50,False
1788647159.5261395,1788647400,240.5,Down,0.5,620,0.49,228,50,49,False
1788647162.8453765,1788647400,237.2,Up,0.51,228,0.5,620,49,50,False
1788647162.8453765,1788647400,237.2,Down,0.5,620,0.49,228,50,49,False
1788647166.1520681,1788647400,233.8,Up,0.51,228,0.5,625,49,50,False
1788647166.1520681,1788647400,233.8,Down,0.5,625,0.49,228,50,49,False
1788647169.4647586,1788647400,230.5,Up,0.51,228,0.5,625,49,50,False
1788647169.4647586,1788647400,230.5,Down,0.5,625,0.49,228,50,49,False
1788647172.7686012,1788647400,227.2,Up,0.51,228,0.5,625,49,50,False
1788647172.7686012,1788647400,227.2,Down,0.5,625,0.49,228,50,49,False
1788647176.0833151,1788647400,223.9,Up,0.51,228,0.5,625,49,50,False
1788647176.0833151,1788647400,223.9,Down,0.5,625,0.49,228,50,49,False
1788647179.4142394,1788647400,220.6,Up,0.51,228,0.5,625,49,50,False
1788647179.4142394,1788647400,220.6,Down,0.5,625,0.49,228,50,49,False
1788647182.74368,1788647400,217.3,Up,0.51,208,0.5,625,49,50,False
1788647182.74368,1788647400,217.3,Down,0.5,625,0.49,208,50,49,False
1788647186.0515869,1788647400,213.9,Up,0.51,208,0.5,635,49,50,False
1788647186.0515869,1788647400,213.9,Down,0.5,635,0.49,208,50,49,False
1788647189.3796275,1788647400,210.6,Up,0.51,208,0.5,635,49,50,False
1788647189.3796275,1788647400,210.6,Down,0.5,635,0.49,208,50,49,False
1788647192.6818976,1788647400,207.3,Up,0.51,208,0.5,635,49,50,False
1788647192.6818976,1788647400,207.3,Down,0.5,635,0.49,208,50,49,False
1788647196.0024266,1788647400,204.0,Up,0.51,208,0.5,635,49,50,False
1788647196.0024266,1788647400,204.0,Down,0.5,635,0.49,208,50,49,False
1788647199.320182,1788647400,200.7,Up,0.51,203.01,0.5,635,49,50,False
1788647199.320182,1788647400,200.7,Down,0.5,635,0.49,203.01,50,49,False
1788647202.6252286,1788647400,197.4,Up,0.51,203.01,0.5,625,49,50,False
1788647202.6252286,1788647400,197.4,Down,0.5,625,0.49,203.01,50,49,False
1788647205.8559556,1788647400,194.1,Up,0.51,203.01,0.5,625,49,50,False
1788647205.8559556,1788647400,194.1,Down,0.5,625,0.49,203.01,50,49,False
1788647209.1832116,1788647400,190.8,Up,0.51,203.01,0.5,625,49,50,False
1788647209.1832116,1788647400,190.8,Down,0.5,625,0.49,203.01,50,49,False
1788647212.4859529,1788647400,187.5,Up,0.51,203.01,0.5,625,49,50,False
1788647212.4859529,1788647400,187.5,Down,0.5,625,0.49,203.01,50,49,False
1788647215.8313537,1788647400,184.2,Up,0.51,203.01,0.5,625,49,50,False
1788647215.8313537,1788647400,184.2,Down,0.5,625,0.49,203.01,50,49,False
1788647219.1453214,1788647400,180.9,Up,0.51,203.01,0.5,625,49,50,False
1788647219.1453214,1788647400,180.9,Down,0.5,625,0.49,203.01,50,49,False
1788647222.472456,1788647400,177.5,Up,0.51,203.01,0.5,625,49,50,False
1788647222.472456,1788647400,177.5,Down,0.5,625,0.49,203.01,50,49,False
1788647225.8102791,1788647400,174.2,Up,0.51,40,0.5,625,49,50,False
1788647225.8102791,1788647400,174.2,Down,0.5,625,0.49,40,50,49,False
1788647229.1230993,1788647400,170.9,Up,0.51,28.23,0.5,625,49,50,False
1788647229.1230993,1788647400,170.9,Down,0.5,625,0.49,28.23,50,49,False
1788647232.440438,1788647400,167.6,Up,0.51,28.23,0.5,625,49,50,False
1788647232.440438,1788647400,167.6,Down,0.5,625,0.49,28.23,50,49,False
1788647235.7513628,1788647400,164.2,Up,0.51,14.51,0.5,625,49,50,False
1788647235.7513628,1788647400,164.2,Down,0.5,625,0.49,14.51,50,49,False
1788647238.8995862,1788647400,161.1,Up,0.51,14.51,0.5,625,49,50,False
1788647238.8995862,1788647400,161.1,Down,0.5,625,0.49,14.51,50,49,False
1788647242.2056668,1788647400,157.8,Up,0.51,14.51,0.5,625,49,50,False
1788647242.2056668,1788647400,157.8,Down,0.5,625,0.49,14.51,50,49,False
1788647245.5236425,1788647400,154.5,Up,0.51,14.51,0.5,625,49,50,False
1788647245.5236425,1788647400,154.5,Down,0.5,625,0.49,14.51,50,49,False
1788647248.7516055,1788647400,151.2,Up,0.51,14.51,0.5,625,49,50,False
1788647248.7516055,1788647400,151.2,Down,0.5,625,0.49,14.51,50,49,False
1788647252.0718937,1788647400,147.9,Up,0.51,14.51,0.5,625,49,50,False
1788647252.0718937,1788647400,147.9,Down,0.5,625,0.49,14.51,50,49,False
1788647255.3840518,1788647400,144.6,Up,0.51,14.51,0.5,693,49,50,False
1788647255.3840518,1788647400,144.6,Down,0.5,693,0.49,14.51,50,49,False
1788647258.6138253,1788647400,141.4,Up,0.51,14.51,0.5,693,49,50,False
1788647258.6138253,1788647400,141.4,Down,0.5,693,0.49,14.51,50,49,False
1788647261.8395946,1788647400,138.2,Up,0.51,14.51,0.5,693,49,50,False
1788647261.8395946,1788647400,138.2,Down,0.5,693,0.49,14.51,50,49,False
1788647265.137626,1788647400,134.9,Up,0.51,54.51,0.5,693,49,50,False
1788647265.137626,1788647400,134.9,Down,0.5,693,0.49,54.51,50,49,False
1788647268.4536602,1788647400,131.5,Up,0.51,54.51,0.5,693,49,50,False
1788647268.4536602,1788647400,131.5,Down,0.5,693,0.49,54.51,50,49,False
1788647271.7601202,1788647400,128.2,Up,0.51,54.51,0.5,693,49,50,False
1788647271.7601202,1788647400,128.2,Down,0.5,693,0.49,54.51,50,49,False
1788647274.9960902,1788647400,125.0,Up,0.51,15.29,0.5,693,49,50,False
1788647274.9960902,1788647400,125.0,Down,0.5,693,0.49,15.29,50,49,False
1788647278.301781,1788647400,121.7,Up,0.52,74.22,0.51,35,48,51,False
1788647278.301781,1788647400,121.7,Down,0.49,35,0.48,174.22,51,48,False
1788647281.614244,1788647400,118.4,Up,0.52,174.22,0.51,35,48,51,False
1788647281.614244,1788647400,118.4,Down,0.49,35,0.48,174.22,51,48,False
1788647284.921925,1788647400,115.1,Up,0.52,174.22,0.51,35,48,51,False
1788647284.921925,1788647400,115.1,Down,0.49,35,0.48,174.22,51,48,False
1788647288.237509,1788647400,111.8,Up,0.52,174.22,0.51,35,48,51,False
1788647288.237509,1788647400,111.8,Down,0.49,35,0.48,174.22,51,48,False
1788647291.5430627,1788647400,108.5,Up,0.52,174.22,0.51,35,48,51,False
1788647291.5430627,1788647400,108.5,Down,0.49,35,0.48,174.22,51,48,False
1788647294.8571897,1788647400,105.1,Up,0.52,174.22,0.51,35,48,51,False
1788647294.8571897,1788647400,105.1,Down,0.49,35,0.48,174.22,51,48,False
1788647298.1658924,1788647400,101.8,Up,0.52,174.22,0.51,35,48,51,False
1788647298.1658924,1788647400,101.8,Down,0.49,35,0.48,174.22,51,48,False
1788647301.4665089,1788647400,98.5,Up,0.52,174.22,0.51,35,48,51,False
1788647301.4665089,1788647400,98.5,Down,0.49,35,0.48,174.22,51,48,False
1788647304.7281,1788647400,95.3,Up,0.52,174.22,0.51,35,48,51,False
1788647304.7281,1788647400,95.3,Down,0.49,35,0.48,174.22,51,48,False
1788647308.0400703,1788647400,92.0,Up,0.52,174.22,0.51,35,48,51,False
1788647308.0400703,1788647400,92.0,Down,0.49,35,0.48,174.22,51,48,False
1788647311.2806647,1788647400,88.7,Up,0.52,174.22,0.51,35,48,51,False
1788647311.2806647,1788647400,88.7,Down,0.49,35,0.48,174.22,51,48,False
1788647314.599079,1788647400,85.4,Up,0.52,174.22,0.51,35,48,51,False
1788647314.599079,1788647400,85.4,Down,0.49,35,0.48,174.22,51,48,False
1788647317.9087915,1788647400,82.1,Up,0.52,174.22,0.51,35,48,51,False
1788647317.9087915,1788647400,82.1,Down,0.49,35,0.48,174.22,51,48,False
1788647321.262525,1788647400,78.7,Up,0.52,169.22,0.51,35,48,51,False
1788647321.262525,1788647400,78.7,Down,0.49,35,0.48,169.22,51,48,False
1788647324.4931085,1788647400,75.5,Up,0.52,169.22,0.51,32.95,48,51,False
1788647324.4931085,1788647400,75.5,Down,0.49,32.95,0.48,169.22,51,48,False
1788647327.8016427,1788647400,72.2,Up,0.52,169.22,0.51,32.95,48,51,False
1788647327.8016427,1788647400,72.2,Down,0.49,32.95,0.48,169.22,51,48,False
1788647331.0241885,1788647400,69.0,Up,0.54,166.64,0.51,32.95,46,51,False
1788647331.0241885,1788647400,69.0,Down,0.49,32.95,0.46,166.64,51,46,False
1788647334.3501918,1788647400,65.6,Up,0.53,110,0.51,27.79,47,51,False
1788647334.3501918,1788647400,65.6,Down,0.49,27.79,0.47,110,51,47,False
1788647337.5748215,1788647400,62.4,Up,0.52,25,0.51,21.79,48,51,False
1788647337.5748215,1788647400,62.4,Down,0.49,21.79,0.48,25,51,48,False
1788647340.8906474,1788647400,59.1,Up,0.52,25,0.51,24.74,48,51,False
1788647340.8906474,1788647400,59.1,Down,0.49,24.74,0.48,25,51,48,False
1788647344.2302701,1788647400,55.8,Up,0.52,25,0.51,24.74,48,51,False
1788647344.2302701,1788647400,55.8,Down,0.49,24.74,0.48,25,51,48,False
1788647347.5562227,1788647400,52.4,Up,0.52,25,0.51,44.74,48,51,False
1788647347.5562227,1788647400,52.4,Down,0.49,44.74,0.48,25,51,48,False
1788647350.8610168,1788647400,49.1,Up,0.52,223,0.5,96,48,50,False
1788647350.8610168,1788647400,49.1,Down,0.5,96,0.48,223,50,48,False
1788647354.0916603,1788647400,45.9,Up,0.51,25,0.5,75.04,49,50,False
1788647354.0916603,1788647400,45.9,Down,0.5,75.04,0.49,25,50,49,False
1788647357.3970075,1788647400,42.6,Up,0.51,90,0.5,75.04,49,50,False
1788647357.3970075,1788647400,42.6,Down,0.5,75.04,0.49,90,50,49,False
1788647360.7133803,1788647400,39.3,Up,0.52,98,0.5,75.04,48,50,False
1788647360.7133803,1788647400,39.3,Down,0.5,75.04,0.48,98,50,48,False
1788647364.02243,1788647400,36.0,Up,0.51,25,0.5,81.04,49,50,False
1788647364.02243,1788647400,36.0,Down,0.5,81.04,0.49,25,50,49,False
1788647367.2703445,1788647400,32.7,Up,0.51,110,0.49,26,49,49,False
1788647367.2703445,1788647400,32.7,Down,0.51,26,0.49,110,49,49,False
1788647370.5824392,1788647400,29.4,Up,0.5,25,0.49,10.31,50,49,False
1788647370.5824392,1788647400,29.4,Down,0.51,10.31,0.5,25,49,50,False
1788647373.8988118,1788647400,26.1,Up,0.5,11,0.49,4.31,50,49,False
1788647373.8988118,1788647400,26.1,Down,0.51,4.31,0.5,11,49,50,False
1788647377.200562,1788647400,22.8,Up,0.5,23.98,0.49,4.31,50,49,False
1788647377.200562,1788647400,22.8,Down,0.51,4.31,0.49,102.07,49,49,False
1788647380.5058563,1788647400,19.5,Up,0.5,25,0.48,269.77,50,48,False
1788647380.5058563,1788647400,19.5,Down,0.52,269.77,0.5,25,48,50,False
1788647383.7398703,1788647400,16.3,Up,0.5,25,0.48,199.15,50,48,False
1788647383.7398703,1788647400,16.3,Down,0.52,199.15,0.5,25,48,50,False
1788647386.9707105,1788647400,13.0,Up,0.47,213,0.46,21.63,53,42,False
1788647386.9707105,1788647400,13.0,Down,0.61,15,0.6,42,39,60,False
1788647390.284354,1788647400,9.7,Up,0.41,79.8,0.4,121.11,59,40,False
1788647390.284354,1788647400,9.7,Down,0.6,121.11,0.59,67.6,40,59,False
1788647393.0258148,1788647400,7.0,Up,0.41,26.12,0.4,93.77,59,40,False
1788647393.0258148,1788647400,7.0,Down,0.6,92.1,0.59,26.12,40,59,False
1788647395.0805013,1788647400,4.9,Up,0.41,157.03,0.38,15,59,38,False
1788647395.0805013,1788647400,4.9,Down,0.62,15,0.59,157.03,38,59,False
1788647396.6144173,1788647400,3.4,Up,0.41,168.22,0.4,6.23,59,40,False
1788647396.6144173,1788647400,3.4,Down,0.61,21.23,0.59,165.41,39,59,False
1788647397.8704836,1788647400,2.1,Up,0.41,159.79,0.4,212.32,59,40,False
1788647397.8704836,1788647400,2.1,Down,0.6,212.32,0.59,159.79,40,59,False
1788647399.1005015,1788647400,0.9,Up,0.48,94.27,0.47,98,52,47,False
1788647399.1005015,1788647400,0.9,Down,0.51,25.01,0.48,35,49,48,False
1788647401.5566888,1788647700,298.4,Up,0.51,277.79,0.5,610,48,50,False
1788647401.5566888,1788647700,298.4,Down,0.5,610,0.49,277.79,50,48,False
1788647404.879552,1788647700,295.1,Up,0.51,282.79,0.5,615,48,50,False
1788647404.879552,1788647700,295.1,Down,0.5,615,0.49,287.79,50,48,False
1788647408.1972165,1788647700,291.8,Up,0.51,232.79,0.5,620,48,50,False
1788647408.1972165,1788647700,291.8,Down,0.5,620,0.49,232.79,50,48,False
1788647411.5058053,1788647700,288.5,Up,0.51,251.79,0.5,620,49,50,False
1788647411.5058053,1788647700,288.5,Down,0.5,620,0.49,251.79,50,49,False
1788647414.8173113,1788647700,285.2,Up,0.51,251.79,0.5,625,49,50,False
1788647414.8173113,1788647700,285.2,Down,0.5,625,0.49,256.79,50,49,False
1788647418.1295307,1788647700,281.9,Up,0.51,256.79,0.5,632,49,50,False
1788647418.1295307,1788647700,281.9,Down,0.5,632,0.49,256.79,50,49,False
1788647421.4390483,1788647700,278.6,Up,0.51,256.79,0.5,627,49,50,False
1788647421.4390483,1788647700,278.6,Down,0.5,627,0.49,256.79,50,49,False
1788647424.7487946,1788647700,275.3,Up,0.51,256.79,0.5,627,49,50,False
1788647424.7487946,1788647700,275.3,Down,0.5,627,0.49,256.79,50,49,False
1788647428.0548449,1788647700,271.9,Up,0.51,256.79,0.5,627,49,50,False
1788647428.0548449,1788647700,271.9,Down,0.5,627,0.49,256.79,50,49,False
1788647431.370764,1788647700,268.6,Up,0.51,256.79,0.5,627,49,50,False
1788647431.370764,1788647700,268.6,Down,0.5,627,0.49,256.79,50,49,False
1788647434.679207,1788647700,265.3,Up,0.51,256.79,0.5,627,49,50,False
1788647434.679207,1788647700,265.3,Down,0.5,627,0.49,256.79,50,49,False
1788647438.0232916,1788647700,262.0,Up,0.51,261.79,0.5,622,49,50,False
1788647438.0232916,1788647700,262.0,Down,0.5,622,0.49,261.79,50,49,False
1788647441.3364494,1788647700,258.7,Up,0.51,261.79,0.5,622,49,50,False
1788647441.3364494,1788647700,258.7,Down,0.5,622,0.49,261.79,50,49,False
1788647444.641176,1788647700,255.4,Up,0.51,207,0.5,627,49,50,False
1788647444.641176,1788647700,255.4,Down,0.5,627,0.49,207,50,49,False
1788647447.874296,1788647700,252.1,Up,0.51,207,0.5,627,49,50,False
1788647447.874296,1788647700,252.1,Down,0.5,627,0.49,207,50,49,False
1788647451.1901443,1788647700,248.8,Up,0.51,207,0.5,627,49,50,False
1788647451.1901443,1788647700,248.8,Down,0.5,627,0.49,207,50,49,False
1788647454.5005383,1788647700,245.5,Up,0.51,207,0.5,624.96,49,50,False
1788647454.5005383,1788647700,245.5,Down,0.5,624.96,0.49,207,50,49,False
1788647457.808778,1788647700,242.2,Up,0.51,207,0.5,624.96,49,50,False
1788647457.808778,1788647700,242.2,Down,0.5,624.96,0.49,207,50,49,False
1788647461.1192787,1788647700,238.9,Up,0.51,207,0.5,624.96,49,50,False
1788647461.1192787,1788647700,238.9,Down,0.5,624.96,0.49,207,50,49,False
1788647464.3424604,1788647700,235.7,Up,0.51,207,0.5,624.96,49,50,False
1788647464.3424604,1788647700,235.7,Down,0.5,624.96,0.49,207,50,49,False
1788647467.6554296,1788647700,232.3,Up,0.51,207,0.5,629.96,49,50,False
1788647467.6554296,1788647700,232.3,Down,0.5,629.96,0.49,207,50,49,False
1788647470.8951428,1788647700,229.1,Up,0.51,207,0.5,629.96,49,50,False
1788647470.8951428,1788647700,229.1,Down,0.5,629.96,0.49,207,50,49,False
1788647474.2067711,1788647700,225.8,Up,0.51,207,0.5,629.96,49,50,False
1788647474.2067711,1788647700,225.8,Down,0.5,629.96,0.49,207,50,49,False
1788647477.4443176,1788647700,222.6,Up,0.51,207,0.5,629.96,49,50,False
1788647477.4443176,1788647700,222.6,Down,0.5,629.96,0.49,207,50,49,False
1788647480.748573,1788647700,219.3,Up,0.51,207,0.5,629.96,49,50,False
1788647480.748573,1788647700,219.3,Down,0.5,629.96,0.49,207,50,49,False
1788647484.0597022,1788647700,215.9,Up,0.51,207,0.5,629.96,49,50,False
1788647484.0597022,1788647700,215.9,Down,0.5,629.96,0.49,207,50,49,False
1788647487.3771574,1788647700,212.6,Up,0.51,207,0.5,629.96,49,50,False
1788647487.3771574,1788647700,212.6,Down,0.5,629.96,0.49,207,50,49,False
1788647490.5902996,1788647700,209.4,Up,0.51,207,0.5,629.96,49,50,False
1788647490.5902996,1788647700,209.4,Down,0.5,629.96,0.49,207,50,49,False
1788647493.898877,1788647700,206.1,Up,0.51,207,0.5,629.96,49,50,False
1788647493.898877,1788647700,206.1,Down,0.5,629.96,0.49,207,50,49,False
1788647497.035705,1788647700,203.0,Up,0.51,207,0.5,629.96,49,50,False
1788647497.035705,1788647700,203.0,Down,0.5,629.96,0.49,207,50,49,False
1788647500.3456,1788647700,199.7,Up,0.51,207,0.5,629.96,49,50,False
1788647500.3456,1788647700,199.7,Down,0.5,629.96,0.49,207,50,49,False
1788647503.659873,1788647700,196.3,Up,0.51,207,0.5,629.96,49,50,False
1788647503.659873,1788647700,196.3,Down,0.5,629.96,0.49,207,50,49,False
1788647507.0950954,1788647700,192.9,Up,0.51,207,0.5,629.96,49,50,False
1788647507.0950954,1788647700,192.9,Down,0.5,629.96,0.49,207,50,49,False
1788647510.406022,1788647700,189.6,Up,0.51,207,0.5,629.96,49,50,False
1788647510.406022,1788647700,189.6,Down,0.5,629.96,0.49,207,50,49,False
1788647513.752235,1788647700,186.2,Up,0.51,207,0.5,629.96,49,50,False
1788647513.752235,1788647700,186.2,Down,0.5,629.96,0.49,207,50,49,False
1788647516.984724,1788647700,183.0,Up,0.51,207,0.5,629.96,49,50,False
1788647516.984724,1788647700,183.0,Down,0.5,629.96,0.49,207,50,49,False
1788647520.3037267,1788647700,179.7,Up,0.51,207,0.5,629.96,49,50,False
1788647520.3037267,1788647700,179.7,Down,0.5,629.96,0.49,207,50,49,False
1788647523.6078684,1788647700,176.4,Up,0.51,207,0.5,629.96,49,50,False
1788647523.6078684,1788647700,176.4,Down,0.5,629.96,0.49,207,50,49,False
1788647526.8460472,1788647700,173.2,Up,0.51,199,0.5,629.96,49,50,False
1788647526.8460472,1788647700,173.2,Down,0.5,629.96,0.49,199,50,49,False
1788647530.1740484,1788647700,169.8,Up,0.56,144.73,0.53,77.73,44,52,False
1788647530.1740484,1788647700,169.8,Down,0.47,77.73,0.44,30,53,44,False
1788647533.4715414,1788647700,166.5,Up,0.6,5076.38,0.58,47.73,40,56,False
1788647533.4715414,1788647700,166.5,Down,0.41,78.44,0.4,5071.38,57,40,False
1788647536.7774663,1788647700,163.2,Up,0.6,5191.38,0.59,78.44,40,57,False
1788647536.7774663,1788647700,163.2,Down,0.41,78.44,0.4,5191.38,57,40,False
1788647540.1006126,1788647700,159.9,Up,0.6,5191.38,0.59,78.44,40,57,False
1788647540.1006126,1788647700,159.9,Down,0.41,78.44,0.4,5191.38,57,40,False
1788647543.4123523,1788647700,156.6,Up,0.6,5191.38,0.59,78.44,40,57,False
1788647543.4123523,1788647700,156.6,Down,0.41,78.44,0.4,5191.38,57,40,False
1788647546.6503296,1788647700,153.3,Up,0.6,5140.38,0.59,78.44,40,57,False
1788647546.6503296,1788647700,153.3,Down,0.41,78.44,0.4,5140.38,57,40,False
1788647549.866417,1788647700,150.1,Up,0.6,5140.38,0.59,78.44,40,57,False
1788647549.866417,1788647700,150.1,Down,0.41,78.44,0.4,5140.38,57,40,False
1788647553.1792047,1788647700,146.8,Up,0.6,5140.38,0.59,78.44,40,57,False
1788647553.1792047,1788647700,146.8,Down,0.41,78.44,0.4,5140.38,57,40,False
1788647556.5010052,1788647700,143.5,Up,0.6,5140.38,0.59,81,40,57,False
1788647556.5010052,1788647700,143.5,Down,0.41,81,0.4,5140.38,57,40,False
1788647559.8241704,1788647700,140.2,Up,0.6,5140.38,0.59,81,40,57,False
1788647559.8241704,1788647700,140.2,Down,0.41,81,0.4,5140.38,57,40,False
1788647563.162781,1788647700,136.8,Up,0.6,5140.38,0.59,81,40,57,False
1788647563.162781,1788647700,136.8,Down,0.41,81,0.4,5140.38,57,40,False
1788647566.4653382,1788647700,133.5,Up,0.6,5140.38,0.59,81,40,57,False
1788647566.4653382,1788647700,133.5,Down,0.41,81,0.4,5140.38,57,40,False
1788647569.785853,1788647700,130.2,Up,0.6,5140.38,0.59,81,40,57,False
1788647569.785853,1788647700,130.2,Down,0.41,81,0.4,5140.38,57,40,False
1788647573.0116737,1788647700,127.0,Up,0.55,125,0.54,47.73,45,53,False
1788647573.0116737,1788647700,127.0,Down,0.46,47.73,0.45,125,53,45,False
1788647576.3591657,1788647700,123.6,Up,0.55,125,0.54,47.73,45,53,False
1788647576.3591657,1788647700,123.6,Down,0.46,47.73,0.45,125,53,45,False
1788647579.6722417,1788647700,120.3,Up,0.55,125,0.54,47.73,45,54,False
1788647579.6722417,1788647700,120.3,Down,0.46,47.73,0.45,125,54,45,False
1788647582.976422,1788647700,117.0,Up,0.55,25,0.54,47.73,45,54,False
1788647582.976422,1788647700,117.0,Down,0.46,47.73,0.45,25,54,45,False
1788647586.2873998,1788647700,113.7,Up,0.55,125,0.54,47.73,45,54,False
1788647586.2873998,1788647700,113.7,Down,0.46,47.73,0.45,125,54,45,False
1788647589.597579,1788647700,110.4,Up,0.55,125,0.54,47.73,45,54,False
1788647589.597579,1788647700,110.4,Down,0.46,47.73,0.45,125,54,45,False
1788647592.919391,1788647700,107.1,Up,0.55,125,0.54,43.73,45,54,False
1788647592.919391,1788647700,107.1,Down,0.46,43.73,0.45,125,54,45,False
1788647596.2440722,1788647700,103.8,Up,0.55,125,0.54,43.73,45,54,False
1788647596.2440722,1788647700,103.8,Down,0.46,43.73,0.45,125,54,45,False
1788647599.560341,1788647700,100.4,Up,0.55,125,0.54,43.73,45,54,False
1788647599.560341,1788647700,100.4,Down,0.46,43.73,0.45,125,54,45,False
1788647602.8583753,1788647700,97.1,Up,0.55,125,0.54,43.73,45,54,False
1788647602.8583753,1788647700,97.1,Down,0.46,43.73,0.45,125,54,45,False
1788647606.1925845,1788647700,93.8,Up,0.55,125,0.54,0.25,45,54,False
1788647606.1925845,1788647700,93.8,Down,0.46,0.25,0.45,125,54,45,False
1788647609.514726,1788647700,90.5,Up,0.56,65.19,0.54,0.25,44,54,False
1788647609.514726,1788647700,90.5,Down,0.46,0.25,0.44,65.19,54,44,False
1788647612.8173993,1788647700,87.2,Up,0.59,90.44,0.56,26.01,41,56,False
1788647612.8173993,1788647700,87.2,Down,0.44,26.01,0.41,90.44,56,41,False
1788647616.0386946,1788647700,84.0,Up,0.57,110,0.56,106.73,43,56,False
1788647616.0386946,1788647700,84.0,Down,0.44,106.73,0.43,110,56,43,False
1788647619.2743225,1788647700,80.7,Up,0.57,110,0.56,106.73,43,56,False
1788647619.2743225,1788647700,80.7,Down,0.44,106.73,0.43,110,56,43,False
1788647622.579306,1788647700,77.4,Up,0.57,110,0.56,93.09,43,56,False
1788647622.579306,1788647700,77.4,Down,0.44,93.09,0.43,110,56,43,False
1788647625.801163,1788647700,74.2,Up,0.57,110,0.56,93.09,43,56,False
1788647625.801163,1788647700,74.2,Down,0.44,93.09,0.43,110,56,43,False
1788647629.1150475,1788647700,70.9,Up,0.57,110,0.56,93.09,43,56,False
1788647629.1150475,1788647700,70.9,Down,0.44,93.09,0.43,110,56,43,False
1788647632.426262,1788647700,67.6,Up,0.57,110,0.56,93.09,43,56,False
1788647632.426262,1788647700,67.6,Down,0.44,93.09,0.43,110,56,43,False
1788647635.7340264,1788647700,64.3,Up,0.57,135,0.56,93.09,43,56,False
1788647635.7340264,1788647700,64.3,Down,0.44,93.09,0.43,135,56,43,False
1788647639.0415325,1788647700,61.0,Up,0.57,135,0.56,93.09,43,56,False
1788647639.0415325,1788647700,61.0,Down,0.44,93.09,0.43,135,56,43,False
1788647642.3601034,1788647700,57.6,Up,0.57,135,0.56,93.09,43,55,False
1788647642.3601034,1788647700,57.6,Down,0.44,93.09,0.43,135,55,43,False
1788647645.6751618,1788647700,54.3,Up,0.57,136.22,0.56,88.54,43,54,False
1788647645.6751618,1788647700,54.3,Down,0.44,88.54,0.43,136.22,54,43,False
1788647648.9798796,1788647700,51.0,Up,0.55,110,0.54,98,45,54,False
1788647648.9798796,1788647700,51.0,Down,0.46,92.78,0.45,110,54,45,False
1788647652.2872186,1788647700,47.7,Up,0.55,137,0.54,92.78,45,54,False
1788647652.2872186,1788647700,47.7,Down,0.46,92.78,0.45,137,54,45,False
1788647655.5996978,1788647700,44.4,Up,0.55,287,0.54,88.78,45,54,False
1788647655.5996978,1788647700,44.4,Down,0.46,88.78,0.45,287,54,45,False
1788647658.9150944,1788647700,41.1,Up,0.55,287,0.53,56,45,53,False
1788647658.9150944,1788647700,41.1,Down,0.47,56,0.45,287,53,45,False
1788647662.1470103,1788647700,37.9,Up,0.53,107.16,0.52,65,47,52,False
1788647662.1470103,1788647700,37.9,Down,0.48,65,0.47,10,52,47,False
1788647665.48128,1788647700,34.5,Up,0.51,208,0.5,156.04,49,48,False
1788647665.48128,1788647700,34.5,Down,0.5,156.04,0.49,208,48,49,False
1788647668.6652558,1788647700,31.3,Up,0.51,223,0.5,28.84,49,48,False
1788647668.6652558,1788647700,31.3,Down,0.5,28.84,0.49,223,48,49,False
1788647671.8773913,1788647700,28.1,Up,0.49,115,0.48,150,51,48,False
1788647671.8773913,1788647700,28.1,Down,0.52,150,0.51,115,48,51,False
1788647675.1889904,1788647700,24.8,Up,0.49,122,0.48,150,51,45,False
1788647675.1889904,1788647700,24.8,Down,0.52,150,0.51,122,45,51,False
1788647678.5137885,1788647700,21.5,Up,0.45,20.5,0.44,16.28,55,43,False
1788647678.5137885,1788647700,21.5,Down,0.56,16.28,0.55,20.5,43,55,False
1788647681.8177016,1788647700,18.2,Up,0.45,120.5,0.44,31.28,55,43,False
1788647681.8177016,1788647700,18.2,Down,0.56,31.28,0.55,120.5,43,55,False
1788647685.044995,1788647700,15.0,Up,0.45,120.5,0.44,25,55,41,False
1788647685.044995,1788647700,15.0,Down,0.56,25,0.55,120.5,41,55,False
1788647688.360681,1788647700,11.6,Up,0.45,115,0.44,13.29,55,42,False
1788647688.360681,1788647700,11.6,Down,0.56,13.29,0.55,115,42,55,False
1788647691.5841405,1788647700,8.4,Up,0.45,15,0.44,17.93,55,43,False
1788647691.5841405,1788647700,8.4,Down,0.56,17.93,0.55,15,43,55,False
1788647693.9962413,1788647700,6.0,Up,0.45,100,0.44,16.14,55,43,False
1788647693.9962413,1788647700,6.0,Down,0.56,16.14,0.55,100,43,55,False
1788647695.807283,1788647700,4.2,Up,0.44,78.38,0.42,69.13,55,42,False
1788647695.807283,1788647700,4.2,Down,0.58,64.64,0.54,37.45,42,54,False
1788647697.1470232,1788647700,2.9,Up,0.46,26.45,0.42,62.58,54,42,False
1788647697.1470232,1788647700,2.9,Down,0.58,62.58,0.54,26.45,42,54,False
1788647698.3783274,1788647700,1.6,Up,0.43,100,0.42,67.58,57,42,False
1788647698.3783274,1788647700,1.6,Down,0.58,67.58,0.57,100,42,57,False
1788647700.8668158,1788648000,299.1,Up,0.48,36.15,0.47,180,52,47,False
1788647700.8668158,1788648000,299.1,Down,0.53,180,0.52,36.15,47,52,False
1788647704.188096,1788648000,295.8,Up,0.48,36.15,0.47,180,52,47,False
1788647704.188096,1788648000,295.8,Down,0.53,120,0.52,36.15,47,52,False
1788647707.4964013,1788648000,292.5,Up,0.49,21.15,0.47,115,51,47,False
1788647707.4964013,1788648000,292.5,Down,0.53,115,0.51,21.15,47,51,False
1788647710.7288868,1788648000,289.3,Up,0.49,21.15,0.47,120,51,47,False
1788647710.7288868,1788648000,289.3,Down,0.53,120,0.51,21.15,47,51,False
1788647714.0315735,1788648000,286.0,Up,0.49,41.15,0.47,120,51,47,False
1788647714.0315735,1788648000,286.0,Down,0.53,120,0.51,41.15,47,51,False
1788647717.2612019,1788648000,282.7,Up,0.49,46.15,0.48,120,51,48,False
1788647717.2612019,1788648000,282.7,Down,0.52,120,0.51,46.15,48,51,False
1788647720.584969,1788648000,279.4,Up,0.49,41.15,0.48,120,51,48,False
1788647720.584969,1788648000,279.4,Down,0.52,120,0.51,41.15,48,51,False
1788647723.8937235,1788648000,276.1,Up,0.49,41.15,0.48,120,51,48,False
1788647723.8937235,1788648000,276.1,Down,0.52,120,0.51,41.15,48,51,False
1788647727.2087624,1788648000,272.8,Up,0.49,41.15,0.48,120,51,48,False
1788647727.2087624,1788648000,272.8,Down,0.52,120,0.51,41.15,48,51,False
1788647730.511295,1788648000,269.5,Up,0.49,41.15,0.48,120,51,48,False
1788647730.511295,1788648000,269.5,Down,0.52,120,0.51,41.15,48,51,False
1788647733.7383823,1788648000,266.3,Up,0.49,41.15,0.48,120,51,48,False
1788647733.7383823,1788648000,266.3,Down,0.52,120,0.51,41.15,48,51,False
1788647737.0553353,1788648000,262.9,Up,0.49,41.15,0.48,120,51,48,False
1788647737.0553353,1788648000,262.9,Down,0.52,120,0.51,41.15,48,51,False
1788647740.3607762,1788648000,259.6,Up,0.49,41.15,0.48,120,51,48,False
1788647740.3607762,1788648000,259.6,Down,0.52,120,0.51,41.15,48,51,False
1788647743.586069,1788648000,256.4,Up,0.49,41.15,0.48,120,51,48,False
1788647743.586069,1788648000,256.4,Down,0.52,120,0.51,41.15,48,51,False
1788647746.885373,1788648000,253.1,Up,0.49,41.15,0.48,120,51,48,False
1788647746.885373,1788648000,253.1,Down,0.52,120,0.51,41.15,48,51,False
1788647750.111493,1788648000,249.9,Up,0.49,41.15,0.48,120,51,48,False
1788647750.111493,1788648000,249.9,Down,0.52,120,0.51,41.15,48,51,False
1788647753.422738,1788648000,246.6,Up,0.49,41.15,0.48,130,51,48,False
1788647753.422738,1788648000,246.6,Down,0.52,130,0.51,41.15,48,51,False
1788647756.758162,1788648000,243.2,Up,0.49,41.15,0.48,130,51,48,False
1788647756.758162,1788648000,243.2,Down,0.52,130,0.51,41.15,48,51,False
1788647760.06629,1788648000,239.9,Up,0.49,41.15,0.48,130,51,48,False
1788647760.06629,1788648000,239.9,Down,0.52,130,0.51,41.15,48,51,False
1788647763.298157,1788648000,236.7,Up,0.49,41.15,0.48,130,51,48,False
1788647763.298157,1788648000,236.7,Down,0.52,130,0.51,41.15,48,51,False
1788647766.613358,1788648000,233.4,Up,0.49,41.15,0.48,130,51,48,False
1788647766.613358,1788648000,233.4,Down,0.52,130,0.51,41.15,48,51,False
1788647769.8468592,1788648000,230.2,Up,0.49,41.15,0.48,130,51,48,False
1788647769.8468592,1788648000,230.2,Down,0.52,130,0.51,41.15,48,51,False
1788647773.167294,1788648000,226.8,Up,0.49,41.15,0.48,130,51,48,False
1788647773.167294,1788648000,226.8,Down,0.52,130,0.51,41.15,48,51,False
1788647776.4070497,1788648000,223.6,Up,0.49,41.15,0.48,130,51,48,False
1788647776.4070497,1788648000,223.6,Down,0.52,130,0.51,41.15,48,51,False
1788647779.727217,1788648000,220.3,Up,0.49,41.15,0.48,130,51,48,False
1788647779.727217,1788648000,220.3,Down,0.52,130,0.51,41.15,48,51,False
1788647782.8716605,1788648000,217.1,Up,0.49,41.15,0.48,130,51,48,False
1788647782.8716605,1788648000,217.1,Down,0.52,130,0.51,41.15,48,51,False
1788647786.1772587,1788648000,213.8,Up,0.49,41.15,0.48,130,51,48,False
1788647786.1772587,1788648000,213.8,Down,0.52,130,0.51,41.15,48,51,False
1788647789.3969007,1788648000,210.6,Up,0.49,41.15,0.48,130,51,48,False
1788647789.3969007,1788648000,210.6,Down,0.52,130,0.51,41.15,48,51,False
1788647792.61222,1788648000,207.4,Up,0.49,41.15,0.48,130,51,48,False
1788647792.61222,1788648000,207.4,Down,0.52,130,0.51,41.15,48,51,False
1788647795.8513324,1788648000,204.1,Up,0.49,41.15,0.48,130,51,48,False
1788647795.8513324,1788648000,204.1,Down,0.52,130,0.51,41.15,48,51,False
1788647799.1585505,1788648000,200.8,Up,0.49,41.15,0.48,130,51,48,False
1788647799.1585505,1788648000,200.8,Down,0.52,130,0.51,41.15,48,51,False
1788647802.555771,1788648000,197.4,Up,0.49,41.15,0.48,130,51,48,False
1788647802.555771,1788648000,197.4,Down,0.52,130,0.51,41.15,48,51,False
1788647805.875482,1788648000,194.1,Up,0.49,41.15,0.48,130,51,48,False
1788647805.875482,1788648000,194.1,Down,0.52,130,0.51,41.15,48,51,False
1788647809.1837628,1788648000,190.8,Up,0.49,41.15,0.48,130,51,48,False
1788647809.1837628,1788648000,190.8,Down,0.52,130,0.51,41.15,48,51,False
1788647812.4919496,1788648000,187.5,Up,0.49,41.15,0.48,130,51,48,False
1788647812.4919496,1788648000,187.5,Down,0.52,130,0.51,41.15,48,51,False
1788647815.8034687,1788648000,184.2,Up,0.49,41.15,0.48,130,51,48,False
1788647815.8034687,1788648000,184.2,Down,0.52,130,0.51,41.15,48,51,False
1788647819.0148988,1788648000,181.0,Up,0.49,41.15,0.48,130,51,48,False
1788647819.0148988,1788648000,181.0,Down,0.52,130,0.51,41.15,48,51,False
1788647822.2431452,1788648000,177.8,Up,0.49,41.15,0.48,128.07,51,48,False
1788647822.2431452,1788648000,177.8,Down,0.52,128.07,0.51,41.15,48,51,False
1788647825.5763674,1788648000,174.4,Up,0.49,41.15,0.48,128.07,51,48,False
1788647825.5763674,1788648000,174.4,Down,0.52,128.07,0.51,41.15,48,51,False
1788647828.7230437,1788648000,171.3,Up,0.49,36.15,0.48,128.07,51,48,False
1788647828.7230437,1788648000,171.3,Down,0.52,128.07,0.51,36.15,48,51,False
1788647831.956918,1788648000,168.0,Up,0.49,36.15,0.48,118.07,51,48,False
1788647831.956918,1788648000,168.0,Down,0.52,118.07,0.51,36.15,48,51,False
1788647835.2716875,1788648000,164.7,Up,0.49,36.15,0.48,118.07,51,48,False
1788647835.2716875,1788648000,164.7,Down,0.52,118.07,0.51,36.15,48,51,False
1788647838.5112271,1788648000,161.5,Up,0.49,36.15,0.48,128.07,51,48,False
1788647838.5112271,1788648000,161.5,Down,0.52,128.07,0.51,36.15,48,51,False
1788647841.8213503,1788648000,158.2,Up,0.49,36.15,0.48,128.07,51,48,False
1788647841.8213503,1788648000,158.2,Down,0.52,128.07,0.51,36.15,48,51,False
1788647845.1339364,1788648000,154.9,Up,0.49,36.15,0.48,128.07,51,48,False
1788647845.1339364,1788648000,154.9,Down,0.52,128.07,0.51,36.15,48,51,False
1788647848.4624376,1788648000,151.5,Up,0.49,36.15,0.48,128.07,51,48,False
1788647848.4624376,1788648000,151.5,Down,0.52,128.07,0.51,36.15,48,51,False
1788647851.6935127,1788648000,148.3,Up,0.49,36.15,0.48,128.07,51,48,False
1788647851.6935127,1788648000,148.3,Down,0.52,128.07,0.51,36.15,48,51,False
1788647855.0074954,1788648000,145.0,Up,0.49,36.15,0.48,128.07,51,48,False
1788647855.0074954,1788648000,145.0,Down,0.52,128.07,0.51,36.15,48,51,False
1788647858.3255737,1788648000,141.7,Up,0.49,36.15,0.48,128.07,51,48,False
1788647858.3255737,1788648000,141.7,Down,0.52,128.07,0.51,36.15,48,51,False
1788647861.6297762,1788648000,138.4,Up,0.5,725,0.49,63.85,50,49,False
1788647861.6297762,1788648000,138.4,Down,0.51,63.85,0.5,725,49,50,False
1788647864.9449813,1788648000,135.1,Up,0.5,720,0.49,59.92,50,49,False
1788647864.9449813,1788648000,135.1,Down,0.51,59.92,0.5,720,49,50,False
1788647868.2593129,1788648000,131.7,Up,0.5,720,0.49,59.92,50,49,False
1788647868.2593129,1788648000,131.7,Down,0.51,59.92,0.5,720,49,50,False
1788647871.5603957,1788648000,128.4,Up,0.5,712,0.49,59.92,50,49,False
1788647871.5603957,1788648000,128.4,Down,0.51,59.92,0.5,712,49,50,False
1788647874.8741865,1788648000,125.1,Up,0.5,708,0.49,59.92,50,49,False
1788647874.8741865,1788648000,125.1,Down,0.51,59.92,0.5,708,49,50,False
1788647878.169622,1788648000,121.8,Up,0.5,700,0.49,64.02,50,49,False
1788647878.169622,1788648000,121.8,Down,0.51,64.02,0.5,700,49,50,False
1788647881.4787827,1788648000,118.5,Up,0.5,698,0.49,64.02,50,49,False
1788647881.4787827,1788648000,118.5,Down,0.51,64.02,0.5,698,49,50,False
1788647884.7915463,1788648000,115.2,Up,0.5,598,0.49,64.02,50,49,False
1788647884.7915463,1788648000,115.2,Down,0.51,64.02,0.5,598,49,50,False
1788647888.0182645,1788648000,112.0,Up,0.5,5,0.49,64.02,50,49,False
1788647888.0182645,1788648000,112.0,Down,0.51,64.02,0.5,5,49,50,False
1788647891.2565186,1788648000,108.7,Up,0.5,5,0.49,64.02,50,49,False
1788647891.2565186,1788648000,108.7,Down,0.51,64.02,0.5,5,49,50,False
1788647894.4974725,1788648000,105.5,Up,0.5,5,0.49,64.02,50,49,False
1788647894.4974725,1788648000,105.5,Down,0.51,64.02,0.5,5,49,50,False
1788647897.7245102,1788648000,102.3,Up,0.5,5,0.49,17.15,50,49,False
1788647897.7245102,1788648000,102.3,Down,0.51,17.15,0.5,5,49,50,False
1788647900.9521708,1788648000,99.0,Up,0.5,5,0.49,17.15,50,49,False
1788647900.9521708,1788648000,99.0,Down,0.51,17.15,0.5,5,49,50,False
1788647904.2026799,1788648000,95.8,Up,0.5,5,0.49,17.15,50,49,False
1788647904.2026799,1788648000,95.8,Down,0.51,17.15,0.5,5,49,50,False
1788647907.5138829,1788648000,92.5,Up,0.5,5,0.49,17.15,50,49,False
1788647907.5138829,1788648000,92.5,Down,0.51,17.15,0.5,5,49,50,False
1788647910.7557156,1788648000,89.2,Up,0.51,110,0.5,74.2,49,50,False
1788647910.7557156,1788648000,89.2,Down,0.5,74.2,0.49,110,50,49,False
1788647914.0569198,1788648000,85.9,Up,0.51,110,0.5,74.2,49,50,False
1788647914.0569198,1788648000,85.9,Down,0.5,74.2,0.49,110,50,49,False
1788647917.3693538,1788648000,82.6,Up,0.54,185.12,0.52,25,46,52,False
1788647917.3693538,1788648000,82.6,Down,0.47,97.32,0.46,170.12,52,46,False
1788647920.6757133,1788648000,79.3,Up,0.59,37.31,0.55,56.94,41,52,False
1788647920.6757133,1788648000,79.3,Down,0.43,17.12,0.4,4980.59,54,40,False
1788647923.9940672,1788648000,76.0,Up,0.6,4681.38,0.59,78.27,40,56,False
1788647923.9940672,1788648000,76.0,Down,0.41,78.27,0.4,4711.38,56,40,False
1788647927.3045857,1788648000,72.7,Up,0.6,4711.38,0.59,72.27,40,57,False
1788647927.3045857,1788648000,72.7,Down,0.41,72.27,0.4,4711.38,57,40,False
1788647930.6518972,1788648000,69.3,Up,0.6,4711.38,0.59,72.27,40,58,False
1788647930.6518972,1788648000,69.3,Down,0.41,72.27,0.4,4711.38,58,40,False
1788647933.877528,1788648000,66.1,Up,0.6,4686.38,0.59,72.27,40,58,False
1788647933.877528,1788648000,66.1,Down,0.41,72.27,0.4,4686.38,58,40,False
1788647937.1914115,1788648000,62.8,Up,0.6,4711.38,0.59,72.27,40,58,False
1788647937.1914115,1788648000,62.8,Down,0.41,72.27,0.4,4711.38,58,40,False
1788647940.493949,1788648000,59.5,Up,0.6,4711.38,0.59,35.68,40,56,False
1788647940.493949,1788648000,59.5,Down,0.41,35.68,0.4,4711.38,56,40,False
1788647943.7150764,1788648000,56.3,Up,0.6,4711.38,0.59,35.68,40,56,False
1788647943.7150764,1788648000,56.3,Down,0.41,35.68,0.4,4711.38,56,40,False
1788647946.9361198,1788648000,53.1,Up,0.57,225,0.56,13.63,43,53,False
1788647946.9361198,1788648000,53.1,Down,0.44,13.63,0.43,375,53,43,False
1788647950.2579596,1788648000,49.7,Up,0.55,125,0.54,39.68,45,54,False
1788647950.2579596,1788648000,49.7,Down,0.46,39.68,0.45,125,54,45,False
1788647953.4912505,1788648000,46.5,Up,0.54,110,0.53,56,46,53,False
1788647953.4912505,1788648000,46.5,Down,0.47,56,0.46,110,53,46,False
1788647956.713416,1788648000,43.3,Up,0.54,225,0.52,117.98,46,52,False
1788647956.713416,1788648000,43.3,Down,0.48,117.98,0.46,225,52,46,False
1788647960.026145,1788648000,40.0,Up,0.54,110,0.53,87.36,46,53,False
1788647960.026145,1788648000,40.0,Down,0.47,87.36,0.46,110,53,46,False
1788647963.2489135,1788648000,36.8,Up,0.54,125,0.53,87.36,46,53,False
1788647963.2489135,1788648000,36.8,Down,0.47,87.36,0.46,125,53,46,False
1788647966.558795,1788648000,33.4,Up,0.57,71.54,0.54,36.6,43,54,False
1788647966.558795,1788648000,33.4,Down,0.46,36.6,0.43,71.54,54,43,False
1788647969.8713646,1788648000,30.1,Up,0.57,81.46,0.56,28.41,43,54,False
1788647969.8713646,1788648000,30.1,Down,0.44,28.41,0.43,81.46,54,43,False
1788647973.0975966,1788648000,26.9,Up,0.58,167.86,0.57,34.76,42,56,False
1788647973.0975966,1788648000,26.9,Down,0.43,34.76,0.42,167.86,56,42,False
1788647976.4081523,1788648000,23.6,Up,0.58,167.86,0.57,35.07,42,56,False
1788647976.4081523,1788648000,23.6,Down,0.43,35.07,0.42,167.86,56,42,False
1788647979.717283,1788648000,20.3,Up,0.58,167.86,0.57,35.07,42,56,False
1788647979.717283,1788648000,20.3,Down,0.43,35.07,0.42,167.86,56,42,False
1788647983.0200114,1788648000,17.0,Up,0.64,110,0.63,95.29,36,62,False
1788647983.0200114,1788648000,17.0,Down,0.37,90.29,0.36,110,62,36,False
1788647986.2637184,1788648000,13.7,Up,0.64,10,0.63,105.29,36,63,False
1788647986.2637184,1788648000,13.7,Down,0.37,105.29,0.36,10,63,36,False
1788647989.575328,1788648000,10.4,Up,0.64,10,0.63,205.29,36,63,False
1788647989.575328,1788648000,10.4,Down,0.37,205.29,0.36,10,63,36,False
1788647992.5212145,1788648000,7.5,Up,0.64,14.09,0.63,205.29,36,63,False
1788647992.5212145,1788648000,7.5,Down,0.37,205.29,0.36,14.09,63,36,False
1788647994.7050161,1788648000,5.3,Up,0.64,14.09,0.63,264.2,36,63,False
1788647994.7050161,1788648000,5.3,Down,0.37,264.2,0.36,14.09,63,36,False
1788647996.334469,1788648000,3.7,Up,0.64,64.09,0.63,236.78,36,63,False
1788647996.334469,1788648000,3.7,Down,0.37,236.78,0.36,64.09,63,36,False
1788647997.66134,1788648000,2.3,Up,0.64,51.84,0.63,227.53,36,63,False
1788647997.66134,1788648000,2.3,Down,0.37,227.53,0.36,51.84,63,36,False
1788647998.9665792,1788648000,1.0,Up,0.64,50.27,0.63,100,36,63,False
1788647998.9665792,1788648000,1.0,Down,0.37,100,0.36,50.27,63,36,False
1788648001.5444014,1788648300,298.5,Up,0.51,289.72,0.5,610,49,50,False
1788648001.5444014,1788648300,298.5,Down,0.5,610,0.49,289.72,50,49,False
1788648004.863228,1788648300,295.1,Up,0.51,287.75,0.5,600,49,50,False
1788648004.863228,1788648300,295.1,Down,0.5,600,0.49,292.75,50,49,False
1788648008.2230942,1788648300,291.8,Up,0.51,302.75,0.5,610,49,50,False
1788648008.2230942,1788648300,291.8,Down,0.5,610,0.49,302.75,50,49,False
1788648011.528738,1788648300,288.5,Up,0.51,321.75,0.5,610,49,50,False
1788648011.528738,1788648300,288.5,Down,0.5,610,0.49,321.75,50,49,False
1788648014.8454835,1788648300,285.2,Up,0.51,326.75,0.5,615,49,50,False
1788648014.8454835,1788648300,285.2,Down,0.5,615,0.49,326.75,50,49,False
1788648018.1580865,1788648300,281.8,Up,0.51,321.75,0.5,615,49,50,False
1788648018.1580865,1788648300,281.8,Down,0.5,615,0.49,321.75,50,49,False
1788648021.4678047,1788648300,278.5,Up,0.51,321.75,0.5,615,49,50,False
1788648021.4678047,1788648300,278.5,Down,0.5,615,0.49,321.75,50,49,False
1788648024.7903268,1788648300,275.2,Up,0.51,321.75,0.5,620,49,50,False
1788648024.7903268,1788648300,275.2,Down,0.5,620,0.49,321.75,50,49,False
1788648028.1043582,1788648300,271.9,Up,0.51,316.74,0.5,620,49,50,False
1788648028.1043582,1788648300,271.9,Down,0.5,620,0.49,316.74,50,49,False
1788648031.3480375,1788648300,268.7,Up,0.51,316.74,0.5,620,49,50,False
1788648031.3480375,1788648300,268.7,Down,0.5,620,0.49,316.74,50,49,False
1788648034.6675243,1788648300,265.3,Up,0.51,316.74,0.5,620,49,50,False
1788648034.6675243,1788648300,265.3,Down,0.5,620,0.49,316.74,50,49,False
1788648037.81221,1788648300,262.2,Up,0.51,316.74,0.5,620,49,50,False
1788648037.81221,1788648300,262.2,Down,0.5,620,0.49,316.74,50,49,False
1788648041.1229587,1788648300,258.9,Up,0.51,316.74,0.5,620,49,50,False
1788648041.1229587,1788648300,258.9,Down,0.5,620,0.49,316.74,50,49,False
1788648044.434137,1788648300,255.6,Up,0.51,207,0.5,620,49,50,False
1788648044.434137,1788648300,255.6,Down,0.5,620,0.49,207,50,49,False
1788648047.8326142,1788648300,252.2,Up,0.51,207,0.5,620,49,50,False
1788648047.8326142,1788648300,252.2,Down,0.5,620,0.49,207,50,49,False
1788648051.1426394,1788648300,248.9,Up,0.51,227,0.5,620,49,50,False
1788648051.1426394,1788648300,248.9,Down,0.5,620,0.49,227,50,49,False
1788648054.3554091,1788648300,245.6,Up,0.51,227,0.5,620,49,50,False
1788648054.3554091,1788648300,245.6,Down,0.5,620,0.49,227,50,49,False
1788648057.6700964,1788648300,242.3,Up,0.51,227,0.5,620,49,50,False
1788648057.6700964,1788648300,242.3,Down,0.5,620,0.49,227,50,49,False
1788648060.8960495,1788648300,239.1,Up,0.51,227,0.5,620,49,50,False
1788648060.8960495,1788648300,239.1,Down,0.5,620,0.49,227,50,49,False
1788648064.2038434,1788648300,235.8,Up,0.51,227,0.5,620,49,50,False
1788648064.2038434,1788648300,235.8,Down,0.5,620,0.49,227,50,49,False
1788648067.5137262,1788648300,232.5,Up,0.51,227,0.5,625,49,50,False
1788648067.5137262,1788648300,232.5,Down,0.5,625,0.49,227,50,49,False
1788648070.824961,1788648300,229.2,Up,0.51,227,0.5,625,49,50,False
1788648070.824961,1788648300,229.2,Down,0.5,625,0.49,227,50,49,False
1788648074.1318393,1788648300,225.9,Up,0.51,227,0.5,625,49,50,False
1788648074.1318393,1788648300,225.9,Down,0.5,625,0.49,227,50,49,False
1788648077.4502847,1788648300,222.5,Up,0.51,207,0.5,625,49,50,False
1788648077.4502847,1788648300,222.5,Down,0.5,625,0.49,207,50,49,False
1788648080.7579124,1788648300,219.2,Up,0.51,207,0.5,625,49,50,False
1788648080.7579124,1788648300,219.2,Down,0.5,625,0.49,207,50,49,False
1788648083.9942396,1788648300,216.0,Up,0.51,207,0.5,625,49,50,False
1788648083.9942396,1788648300,216.0,Down,0.5,625,0.49,207,50,49,False
1788648087.322559,1788648300,212.7,Up,0.51,207,0.5,625,49,50,False
1788648087.322559,1788648300,212.7,Down,0.5,625,0.49,207,50,49,False
1788648090.639673,1788648300,209.4,Up,0.51,207,0.5,625,49,50,False
1788648090.639673,1788648300,209.4,Down,0.5,625,0.49,207,50,49,False
1788648093.9612877,1788648300,206.0,Up,0.51,207,0.5,625,49,50,False
1788648093.9612877,1788648300,206.0,Down,0.5,625,0.49,207,50,49,False
1788648097.106207,1788648300,202.9,Up,0.51,201.91,0.5,625,49,50,False
1788648097.106207,1788648300,202.9,Down,0.5,625,0.49,201.91,50,49,False
1788648100.4273248,1788648300,199.6,Up,0.51,201.91,0.5,625,49,50,False
1788648100.4273248,1788648300,199.6,Down,0.5,625,0.49,201.91,50,49,False
1788648103.6612012,1788648300,196.3,Up,0.51,201.91,0.5,625,49,50,False
1788648103.6612012,1788648300,196.3,Down,0.5,625,0.49,201.91,50,49,False
1788648106.966204,1788648300,193.0,Up,0.51,201.91,0.5,625,49,50,False
1788648106.966204,1788648300,193.0,Down,0.5,625,0.49,201.91,50,49,False
1788648110.272689,1788648300,189.7,Up,0.51,201.91,0.5,625,49,50,False
1788648110.272689,1788648300,189.7,Down,0.5,625,0.49,201.91,50,49,False
1788648113.5052743,1788648300,186.5,Up,0.51,201.91,0.5,625,49,50,False
1788648113.5052743,1788648300,186.5,Down,0.5,625,0.49,201.91,50,49,False
1788648116.8001246,1788648300,183.2,Up,0.51,201.91,0.5,625,49,50,False
1788648116.8001246,1788648300,183.2,Down,0.5,625,0.49,201.91,50,49,False
1788648120.104189,1788648300,179.9,Up,0.51,201.91,0.5,625,49,50,False
1788648120.104189,1788648300,179.9,Down,0.5,625,0.49,201.91,50,49,False
1788648123.4221313,1788648300,176.6,Up,0.51,201.91,0.5,622.96,49,50,False
1788648123.4221313,1788648300,176.6,Down,0.5,622.96,0.49,201.91,50,49,False
1788648126.7410314,1788648300,173.3,Up,0.51,199,0.5,622.96,49,50,False
1788648126.7410314,1788648300,173.3,Down,0.5,622.96,0.49,194.01,50,49,False
1788648130.0566428,1788648300,169.9,Up,0.51,194.01,0.5,622.96,49,50,False
1788648130.0566428,1788648300,169.9,Down,0.5,622.96,0.49,194.01,50,49,False
1788648133.370684,1788648300,166.6,Up,0.51,194.01,0.5,622.96,49,50,False
1788648133.370684,1788648300,166.6,Down,0.5,622.96,0.49,194.01,50,49,False
1788648136.676668,1788648300,163.3,Up,0.51,194.01,0.5,622.96,49,50,False
1788648136.676668,1788648300,163.3,Down,0.5,622.96,0.49,194.01,50,49,False
1788648139.9920545,1788648300,160.0,Up,0.51,194.01,0.5,622.96,49,50,False
1788648139.9920545,1788648300,160.0,Down,0.5,622.96,0.49,194.01,50,49,False
1788648143.310228,1788648300,156.7,Up,0.51,194.01,0.5,622.96,49,50,False
1788648143.310228,1788648300,156.7,Down,0.5,622.96,0.49,194.01,50,49,False
1788648146.6239278,1788648300,153.4,Up,0.51,194.01,0.5,622.96,49,50,False
1788648146.6239278,1788648300,153.4,Down,0.5,622.96,0.49,194.01,50,49,False
1788648149.9465983,1788648300,150.1,Up,0.51,194.01,0.5,622.96,49,50,False
1788648149.9465983,1788648300,150.1,Down,0.5,622.96,0.49,194.01,50,49,False
1788648153.2538774,1788648300,146.7,Up,0.51,194.01,0.5,622.96,49,50,False
1788648153.2538774,1788648300,146.7,Down,0.5,622.96,0.49,194.01,50,49,False
1788648156.5629685,1788648300,143.4,Up,0.51,194.01,0.5,702.96,49,50,False
1788648156.5629685,1788648300,143.4,Down,0.5,702.96,0.49,194.01,50,49,False
1788648159.9086142,1788648300,140.1,Up,0.51,194.01,0.5,702.96,49,50,False
1788648159.9086142,1788648300,140.1,Down,0.5,702.96,0.49,194.01,50,49,False
1788648163.252891,1788648300,136.7,Up,0.51,194.01,0.5,702.96,49,50,False
1788648163.252891,1788648300,136.7,Down,0.5,702.96,0.49,194.01,50,49,False
1788648166.5624716,1788648300,133.4,Up,0.51,194.01,0.5,702.96,49,50,False
1788648166.5624716,1788648300,133.4,Down,0.5,702.96,0.49,194.01,50,49,False
1788648169.8769507,1788648300,130.1,Up,0.51,194.01,0.5,702.96,49,50,False
1788648169.8769507,1788648300,130.1,Down,0.5,702.96,0.49,194.01,50,49,False
1788648173.0999804,1788648300,126.9,Up,0.51,194.01,0.5,702.96,49,50,False
1788648173.0999804,1788648300,126.9,Down,0.5,702.96,0.49,194.01,50,49,False
1788648176.4117355,1788648300,123.6,Up,0.51,194.01,0.5,702.96,49,50,False
1788648176.4117355,1788648300,123.6,Down,0.5,702.96,0.49,194.01,50,49,False
1788648179.7281902,1788648300,120.3,Up,0.51,194.01,0.5,702.96,49,50,False
1788648179.7281902,1788648300,120.3,Down,0.5,702.96,0.49,194.01,50,49,False
1788648183.0334613,1788648300,117.0,Up,0.51,194.01,0.5,702.96,49,50,False
1788648183.0334613,1788648300,117.0,Down,0.5,702.96,0.49,194.01,50,49,False
1788648186.350415,1788648300,113.6,Up,0.51,194.01,0.5,105,49,50,False
1788648186.350415,1788648300,113.6,Down,0.5,100,0.49,189.01,50,49,False
1788648189.6599104,1788648300,110.3,Up,0.51,189.01,0.5,110,49,50,False
1788648189.6599104,1788648300,110.3,Down,0.5,110,0.49,189.01,50,49,False
1788648192.972952,1788648300,107.0,Up,0.51,184.01,0.5,105,49,50,False
1788648192.972952,1788648300,107.0,Down,0.5,105,0.49,184.01,50,49,False
1788648196.291703,1788648300,103.7,Up,0.51,184.01,0.5,105,49,50,False
1788648196.291703,1788648300,103.7,Down,0.5,105,0.49,184.01,50,49,False
1788648199.5270565,1788648300,100.5,Up,0.51,184.01,0.5,105,49,50,False
1788648199.5270565,1788648300,100.5,Down,0.5,105,0.49,184.01,50,49,False
1788648202.7483757,1788648300,97.3,Up,0.51,184.01,0.5,105,49,50,False
1788648202.7483757,1788648300,97.3,Down,0.5,105,0.49,184.01,50,49,False
1788648206.0643735,1788648300,93.9,Up,0.51,184.01,0.5,105,49,50,False
1788648206.0643735,1788648300,93.9,Down,0.5,105,0.49,184.01,50,49,False
1788648209.3797293,1788648300,90.6,Up,0.51,29,0.5,91,49,50,False
1788648209.3797293,1788648300,90.6,Down,0.5,91,0.49,29,50,49,False
1788648212.7005026,1788648300,87.3,Up,0.51,27.03,0.5,89,49,50,False
1788648212.7005026,1788648300,87.3,Down,0.5,89,0.49,27.03,50,49,False
1788648216.013695,1788648300,84.0,Up,0.51,27.03,0.5,89,49,50,False
1788648216.013695,1788648300,84.0,Down,0.5,89,0.49,27.03,50,49,False
1788648219.318474,1788648300,80.7,Up,0.51,27.03,0.5,89,49,50,False
1788648219.318474,1788648300,80.7,Down,0.5,89,0.49,27.03,50,49,False
1788648222.627661,1788648300,77.4,Up,0.51,27.03,0.5,89,49,50,False
1788648222.627661,1788648300,77.4,Down,0.5,89,0.49,27.03,50,49,False
1788648225.9445155,1788648300,74.1,Up,0.51,27.03,0.5,95,49,50,False
1788648225.9445155,1788648300,74.1,Down,0.5,95,0.49,27.03,50,49,False
1788648229.2485087,1788648300,70.8,Up,0.51,27.03,0.5,95,49,50,False
1788648229.2485087,1788648300,70.8,Down,0.5,95,0.49,27.03,50,49,False
1788648232.5660603,1788648300,67.4,Up,0.51,27.03,0.5,95,49,50,False
1788648232.5660603,1788648300,67.4,Down,0.5,95,0.49,27.03,50,49,False
1788648235.871068,1788648300,64.1,Up,0.51,42.03,0.5,95,49,50,False
1788648235.871068,1788648300,64.1,Down,0.5,95,0.49,42.03,50,49,False
1788648239.202012,1788648300,60.8,Up,0.51,42.03,0.5,95,49,50,False
1788648239.202012,1788648300,60.8,Down,0.5,95,0.49,42.03,50,49,False
1788648242.4290407,1788648300,57.6,Up,0.51,42.03,0.5,95,49,50,False
1788648242.4290407,1788648300,57.6,Down,0.5,95,0.49,39,50,49,False
1788648245.746428,1788648300,54.3,Up,0.52,126,0.5,108,48,50,False
1788648245.746428,1788648300,54.3,Down,0.5,108,0.48,126,50,48,False
1788648249.0743365,1788648300,50.9,Up,0.52,190,0.51,30,48,51,False
1788648249.0743365,1788648300,50.9,Down,0.49,30,0.48,190,51,48,False
1788648252.4234874,1788648300,47.6,Up,0.52,174.38,0.51,30,48,51,False
1788648252.4234874,1788648300,47.6,Down,0.49,30,0.48,174.38,51,48,False
1788648255.7195988,1788648300,44.3,Up,0.54,89,0.52,20,46,52,False
1788648255.7195988,1788648300,44.3,Down,0.48,20,0.46,89,52,46,False
1788648258.8802695,1788648300,41.1,Up,0.54,10,0.53,32.87,46,53,False
1788648258.8802695,1788648300,41.1,Down,0.47,32.87,0.46,10,53,46,False
1788648262.0186467,1788648300,38.0,Up,0.55,160,0.53,17,45,53,False
1788648262.0186467,1788648300,38.0,Down,0.47,17,0.46,160,53,44,False
1788648265.2505605,1788648300,34.7,Up,0.54,160,0.53,17,46,53,False
1788648265.2505605,1788648300,34.7,Down,0.47,17,0.46,160,53,46,False
1788648268.5042577,1788648300,31.5,Up,0.54,10,0.51,119.38,46,51,False
1788648268.5042577,1788648300,31.5,Down,0.48,120,0.46,10,52,46,False
1788648271.8166053,1788648300,28.2,Up,0.56,125,0.53,35,44,53,False
1788648271.8166053,1788648300,28.2,Down,0.47,35,0.44,125,53,44,False
1788648275.1877496,1788648300,24.8,Up,0.55,124.9,0.53,10.95,45,53,False
1788648275.1877496,1788648300,24.8,Down,0.47,10.95,0.45,124.9,53,45,False
1788648278.4168572,1788648300,21.6,Up,0.53,10,0.51,115,47,51,False
1788648278.4168572,1788648300,21.6,Down,0.49,115,0.47,10,51,47,False
1788648281.7273433,1788648300,18.3,Up,0.53,25,0.52,120,47,52,False
1788648281.7273433,1788648300,18.3,Down,0.48,120,0.47,25,52,47,False
1788648284.9625578,1788648300,15.0,Up,0.53,6.13,0.52,120,46,52,False
1788648284.9625578,1788648300,15.0,Down,0.48,120,0.47,6.13,52,46,False
1788648288.2765098,1788648300,11.7,Up,0.53,16.13,0.5,194,47,50,False
1788648288.2765098,1788648300,11.7,Down,0.5,194,0.47,16.13,50,47,False
1788648291.5569832,1788648300,8.4,Up,0.52,15,0.51,1.41,48,51,False
1788648291.5569832,1788648300,8.4,Down,0.49,1.41,0.48,15,51,48,False
1788648293.8877194,1788648300,6.1,Up,0.52,16.76,0.5,113,48,50,False
1788648293.8877194,1788648300,6.1,Down,0.5,111,0.48,16.76,50,48,False
1788648295.7307396,1788648300,4.3,Up,0.51,20,0.5,81,49,50,False
1788648295.7307396,1788648300,4.3,Down,0.5,81,0.49,20,50,49,False
1788648297.1255047,1788648300,2.9,Up,0.51,135,0.5,78.96,49,50,False
1788648297.1255047,1788648300,2.9,Down,0.5,78.96,0.49,135,50,49,False
1788648298.4577127,1788648300,1.5,Up,0.51,111.48,0.48,72.26,49,48,False
1788648298.4577127,1788648300,1.5,Down,0.52,72.26,0.49,111.48,48,49,False
1788648300.9410958,1788648600,299.1,Up,0.51,284.72,0.5,630,49,50,False
1788648300.9410958,1788648600,299.1,Down,0.5,630,0.49,284.72,50,49,False
1788648304.2494519,1788648600,295.8,Up,0.51,284.72,0.5,630,49,50,False
1788648304.2494519,1788648600,295.8,Down,0.5,630,0.49,284.72,50,49,False
1788648307.58129,1788648600,292.4,Up,0.51,239.72,0.5,668,49,50,False
1788648307.58129,1788648600,292.4,Down,0.5,668,0.49,239.72,50,49,False
1788648310.8918197,1788648600,289.1,Up,0.51,252.72,0.5,763,49,50,False
1788648310.8918197,1788648600,289.1,Down,0.5,763,0.49,252.72,50,49,False
1788648314.2032173,1788648600,285.8,Up,0.51,252.72,0.5,763,49,50,False
1788648314.2032173,1788648600,285.8,Down,0.5,763,0.49,252.72,50,49,False
1788648317.4433446,1788648600,282.6,Up,0.51,252.72,0.5,772,49,50,False
1788648317.4433446,1788648600,282.6,Down,0.5,772,0.49,252.72,50,49,False
1788648320.756144,1788648600,279.2,Up,0.51,252.72,0.5,767,49,50,False
1788648320.756144,1788648600,279.2,Down,0.5,767,0.49,252.72,50,49,False
1788648324.0744865,1788648600,275.9,Up,0.51,247.71,0.5,767,49,50,False
1788648324.0744865,1788648600,275.9,Down,0.5,767,0.49,247.71,50,49,False
1788648327.3808796,1788648600,272.6,Up,0.51,247.71,0.5,767,49,50,False
1788648327.3808796,1788648600,272.6,Down,0.5,767,0.49,247.71,50,49,False
1788648330.6929526,1788648600,269.3,Up,0.51,247.71,0.5,767,49,50,False
1788648330.6929526,1788648600,269.3,Down,0.5,767,0.49,247.71,50,49,False
1788648334.0002227,1788648600,266.0,Up,0.51,247.71,0.5,767,49,50,False
1788648334.0002227,1788648600,266.0,Down,0.5,767,0.49,247.71,50,49,False
1788648337.3200288,1788648600,262.7,Up,0.51,247.71,0.5,767,49,50,False
1788648337.3200288,1788648600,262.7,Down,0.5,767,0.49,247.71,50,49,False
1788648340.6292179,1788648600,259.4,Up,0.51,247.71,0.5,767,49,50,False
1788648340.6292179,1788648600,259.4,Down,0.5,767,0.49,247.71,50,49,False
1788648343.935574,1788648600,256.1,Up,0.51,247.71,0.5,767,49,50,False
1788648343.935574,1788648600,256.1,Down,0.5,767,0.49,247.71,50,49,False
1788648347.1519575,1788648600,252.8,Up,0.51,196,0.5,767,49,50,False
1788648347.1519575,1788648600,252.8,Down,0.5,767,0.49,196,50,49,False
1788648350.5163877,1788648600,249.5,Up,0.51,196,0.5,767,49,50,False
1788648350.5163877,1788648600,249.5,Down,0.5,767,0.49,196,50,49,False
1788648353.8352017,1788648600,246.2,Up,0.51,196,0.5,767,49,50,False
1788648353.8352017,1788648600,246.2,Down,0.5,767,0.49,196,50,49,False
1788648357.1347938,1788648600,242.9,Up,0.51,196,0.5,767,49,50,False
1788648357.1347938,1788648600,242.9,Down,0.5,767,0.49,196,50,49,False
1788648360.434367,1788648600,239.6,Up,0.51,196,0.5,767,49,50,False
1788648360.434367,1788648600,239.6,Down,0.5,767,0.49,196,50,49,False
1788648363.7632852,1788648600,236.2,Up,0.51,196,0.5,767,49,50,False
1788648363.7632852,1788648600,236.2,Down,0.5,767,0.49,196,50,49,False
1788648366.993152,1788648600,233.0,Up,0.51,196,0.5,772,49,50,False
1788648366.993152,1788648600,233.0,Down,0.5,772,0.49,196,50,49,False
1788648370.3016467,1788648600,229.7,Up,0.51,196,0.5,772,49,50,False
1788648370.3016467,1788648600,229.7,Down,0.5,772,0.49,196,50,49,False
1788648373.6197648,1788648600,226.4,Up,0.51,196,0.5,772,49,50,False
1788648373.6197648,1788648600,226.4,Down,0.5,772,0.49,196,50,49,False
1788648376.9347758,1788648600,223.1,Up,0.51,196,0.5,782,49,50,False
1788648376.9347758,1788648600,223.1,Down,0.5,782,0.49,196,50,49,False
1788648380.2509878,1788648600,219.7,Up,0.51,196,0.5,782,49,50,False
1788648380.2509878,1788648600,219.7,Down,0.5,782,0.49,196,50,49,False
1788648383.5608568,1788648600,216.4,Up,0.51,196,0.5,782,49,50,False
1788648383.5608568,1788648600,216.4,Down,0.5,782,0.49,196,50,49,False
1788648386.8744354,1788648600,213.1,Up,0.51,196,0.5,782,49,50,False
1788648386.8744354,1788648600,213.1,Down,0.5,782,0.49,196,50,49,False
1788648390.179777,1788648600,209.8,Up,0.51,196,0.5,782,49,50,False
1788648390.179777,1788648600,209.8,Down,0.5,782,0.49,196,50,49,False
1788648393.4960403,1788648600,206.5,Up,0.51,196,0.5,782,49,50,False
1788648393.4960403,1788648600,206.5,Down,0.5,782,0.49,196,50,49,False
1788648396.8060956,1788648600,203.2,Up,0.51,196,0.5,782,49,50,False
1788648396.8060956,1788648600,203.2,Down,0.5,782,0.49,196,50,49,False
1788648400.11313,1788648600,199.9,Up,0.51,196,0.5,782,49,50,False
1788648400.11313,1788648600,199.9,Down,0.5,782,0.49,196,50,49,False
1788648403.3476107,1788648600,196.7,Up,0.51,182.28,0.5,782,49,50,False
1788648403.3476107,1788648600,196.7,Down,0.5,782,0.49,182.28,50,49,False
1788648406.5631342,1788648600,193.4,Up,0.51,182.28,0.5,782,49,50,False
1788648406.5631342,1788648600,193.4,Down,0.5,782,0.49,182.28,50,49,False
1788648409.8821929,1788648600,190.1,Up,0.51,182.28,0.5,782,49,50,False
1788648409.8821929,1788648600,190.1,Down,0.5,782,0.49,182.28,50,49,False
1788648413.1940196,1788648600,186.8,Up,0.51,182.28,0.5,782,49,50,False
1788648413.1940196,1788648600,186.8,Down,0.5,782,0.49,182.28,50,49,False
1788648416.5162668,1788648600,183.5,Up,0.51,182.28,0.5,782,49,50,False
1788648416.5162668,1788648600,183.5,Down,0.5,782,0.49,182.28,50,49,False
1788648419.829026,1788648600,180.2,Up,0.51,182.28,0.5,782,49,50,False
1788648419.829026,1788648600,180.2,Down,0.5,782,0.49,182.28,50,49,False
1788648423.1383884,1788648600,176.9,Up,0.51,342.28,0.5,782,49,50,False
1788648423.1383884,1788648600,176.9,Down,0.5,782,0.49,342.28,50,49,False
1788648426.4570088,1788648600,173.5,Up,0.51,337.29,0.5,782,49,50,False
1788648426.4570088,1788648600,173.5,Down,0.5,782,0.49,337.29,50,49,False
1788648429.6920161,1788648600,170.3,Up,0.51,337.29,0.5,782,49,50,False
1788648429.6920161,1788648600,170.3,Down,0.5,782,0.49,337.29,50,49,False
1788648433.0155435,1788648600,167.0,Up,0.51,347.29,0.5,792,49,50,False
1788648433.0155435,1788648600,167.0,Down,0.5,792,0.49,347.29,50,49,False
1788648436.349994,1788648600,163.7,Up,0.51,347.29,0.5,792,49,50,False
1788648436.349994,1788648600,163.7,Down,0.5,792,0.49,347.29,50,49,False
1788648439.6666727,1788648600,160.3,Up,0.51,347.29,0.5,792,49,50,False
1788648439.6666727,1788648600,160.3,Down,0.5,792,0.49,347.29,50,49,False
1788648443.0103843,1788648600,157.0,Up,0.51,347.29,0.5,792,49,50,False
1788648443.0103843,1788648600,157.0,Down,0.5,792,0.49,347.29,50,49,False
1788648446.3407648,1788648600,153.7,Up,0.51,347.29,0.5,792,49,50,False
1788648446.3407648,1788648600,153.7,Down,0.5,792,0.49,347.29,50,49,False
1788648449.652817,1788648600,150.3,Up,0.51,347.29,0.5,792,49,50,False
1788648449.652817,1788648600,150.3,Down,0.5,792,0.49,347.29,50,49,False
1788648452.879426,1788648600,147.1,Up,0.51,347.29,0.5,792,49,50,False
1788648452.879426,1788648600,147.1,Down,0.5,792,0.49,347.29,50,49,False
1788648456.2051601,1788648600,143.8,Up,0.51,347.29,0.5,872,49,50,False
1788648456.2051601,1788648600,143.8,Down,0.5,872,0.49,347.29,50,49,False
1788648459.4180396,1788648600,140.6,Up,0.51,347.29,0.5,872,49,50,False
1788648459.4180396,1788648600,140.6,Down,0.5,872,0.49,347.29,50,49,False
1788648462.7273746,1788648600,137.3,Up,0.51,347.29,0.5,872,49,50,False
1788648462.7273746,1788648600,137.3,Down,0.5,872,0.49,347.29,50,49,False
1788648466.0440066,1788648600,134.0,Up,0.51,347.29,0.5,872,49,50,False
1788648466.0440066,1788648600,134.0,Down,0.5,872,0.49,347.29,50,49,False
1788648469.2813897,1788648600,130.7,Up,0.51,347.29,0.5,872,49,50,False
1788648469.2813897,1788648600,130.7,Down,0.5,872,0.49,347.29,50,49,False
1788648472.5952232,1788648600,127.4,Up,0.51,347.29,0.5,870,49,50,False
1788648472.5952232,1788648600,127.4,Down,0.5,870,0.49,347.29,50,49,False
1788648475.8397307,1788648600,124.2,Up,0.51,347.29,0.5,870,49,50,False
1788648475.8397307,1788648600,124.2,Down,0.5,870,0.49,347.29,50,49,False
1788648479.0651073,1788648600,120.9,Up,0.51,347.29,0.5,870,49,50,False
1788648479.0651073,1788648600,120.9,Down,0.5,870,0.49,347.29,50,49,False
1788648482.3730955,1788648600,117.6,Up,0.51,347.29,0.5,870,49,50,False
1788648482.3730955,1788648600,117.6,Down,0.5,870,0.49,347.29,50,49,False
1788648485.689978,1788648600,114.3,Up,0.51,347.29,0.5,260,49,50,False
1788648485.689978,1788648600,114.3,Down,0.5,260,0.49,347.29,50,49,False
1788648488.9135268,1788648600,111.1,Up,0.51,347.29,0.5,270,49,50,False
1788648488.9135268,1788648600,111.1,Down,0.5,270,0.49,347.29,50,49,False
1788648492.2172425,1788648600,107.8,Up,0.51,347.29,0.5,270,49,50,False
1788648492.2172425,1788648600,107.8,Down,0.5,270,0.49,347.29,50,49,False
1788648495.4370327,1788648600,104.6,Up,0.51,347.29,0.5,267.96,49,50,False
1788648495.4370327,1788648600,104.6,Down,0.5,267.96,0.49,347.29,50,49,False
1788648498.7526743,1788648600,101.2,Up,0.51,347.29,0.5,267.96,49,50,False
1788648498.7526743,1788648600,101.2,Down,0.5,267.96,0.49,347.29,50,49,False
1788648502.0780718,1788648600,97.9,Up,0.51,347.29,0.5,267.96,49,50,False
1788648502.0780718,1788648600,97.9,Down,0.5,267.96,0.49,347.29,50,49,False
1788648505.4072788,1788648600,94.6,Up,0.51,347.29,0.5,267.96,49,50,False
1788648505.4072788,1788648600,94.6,Down,0.5,267.96,0.49,347.29,50,49,False
1788648508.633045,1788648600,91.4,Up,0.51,347.29,0.5,267.96,49,50,False
1788648508.633045,1788648600,91.4,Down,0.5,267.96,0.49,347.29,50,49,False
1788648511.9397953,1788648600,88.1,Up,0.51,347.29,0.5,267.96,49,50,False
1788648511.9397953,1788648600,88.1,Down,0.5,267.96,0.49,347.29,50,49,False
1788648515.243207,1788648600,84.8,Up,0.51,347.29,0.5,267.96,49,50,False
1788648515.243207,1788648600,84.8,Down,0.5,267.96,0.49,347.29,50,49,False
1788648518.5564892,1788648600,81.4,Up,0.51,347.29,0.5,267.96,49,50,False
1788648518.5564892,1788648600,81.4,Down,0.5,267.96,0.49,347.29,50,49,False
1788648521.988608,1788648600,78.0,Up,0.51,347.29,0.5,267.96,49,50,False
1788648521.988608,1788648600,78.0,Down,0.5,267.96,0.49,347.29,50,49,False
1788648525.2993736,1788648600,74.7,Up,0.51,347.29,0.5,267.96,49,50,False
1788648525.2993736,1788648600,74.7,Down,0.5,267.96,0.49,347.29,50,49,False
1788648528.6012442,1788648600,71.4,Up,0.51,347.29,0.5,267.96,49,50,False
1788648528.6012442,1788648600,71.4,Down,0.5,267.96,0.49,347.29,50,49,False
1788648531.9152772,1788648600,68.1,Up,0.51,347.29,0.5,267.96,49,50,False
1788648531.9152772,1788648600,68.1,Down,0.5,267.96,0.49,347.29,50,49,False
1788648535.2165935,1788648600,64.8,Up,0.51,347.29,0.5,277.96,49,50,False
1788648535.2165935,1788648600,64.8,Down,0.5,277.96,0.49,347.29,50,49,False
1788648538.4408267,1788648600,61.6,Up,0.51,347.29,0.5,277.96,49,50,False
1788648538.4408267,1788648600,61.6,Down,0.5,277.96,0.49,347.29,50,49,False
1788648541.7427402,1788648600,58.3,Up,0.51,347.29,0.5,277.96,49,50,False
1788648541.7427402,1788648600,58.3,Down,0.5,277.96,0.49,347.29,50,49,False
1788648545.0514717,1788648600,54.9,Up,0.51,283,0.5,267,49,50,False
1788648545.0514717,1788648600,54.9,Down,0.5,267,0.49,283,50,49,False
1788648548.2650988,1788648600,51.7,Up,0.51,383,0.5,267,49,50,False
1788648548.2650988,1788648600,51.7,Down,0.5,267,0.49,383,50,49,False
1788648551.4993563,1788648600,48.5,Up,0.51,373,0.5,267,49,50,False
1788648551.4993563,1788648600,48.5,Down,0.5,267,0.49,373,50,49,False
1788648554.6400094,1788648600,45.4,Up,0.51,373,0.5,267,49,50,False
1788648554.6400094,1788648600,45.4,Down,0.5,267,0.49,373,50,49,False
1788648557.8745098,1788648600,42.1,Up,0.51,373,0.5,267,49,50,False
1788648557.8745098,1788648600,42.1,Down,0.5,267,0.49,373,50,49,False
1788648561.098904,1788648600,38.9,Up,0.51,289.96,0.5,267,49,50,False
1788648561.098904,1788648600,38.9,Down,0.5,267,0.49,289.96,50,49,False
1788648564.4103208,1788648600,35.6,Up,0.51,184.96,0.5,137,49,50,False
1788648564.4103208,1788648600,35.6,Down,0.5,137,0.49,184.96,50,49,False
1788648567.6451821,1788648600,32.4,Up,0.51,199.96,0.5,137,49,50,False
1788648567.6451821,1788648600,32.4,Down,0.5,137,0.49,199.96,50,49,False
1788648570.9556084,1788648600,29.0,Up,0.51,65.96,0.5,387,49,50,False
1788648570.9556084,1788648600,29.0,Down,0.5,387,0.49,65.96,50,49,False
1788648574.2679503,1788648600,25.7,Up,0.51,65.96,0.5,252,49,50,False
1788648574.2679503,1788648600,25.7,Down,0.5,261.23,0.49,65.96,50,49,False
1788648577.5919278,1788648600,22.4,Up,0.51,65.96,0.5,261.23,49,50,False
1788648577.5919278,1788648600,22.4,Down,0.5,261.23,0.49,65.96,50,49,False
1788648580.9042916,1788648600,19.1,Up,0.51,72.96,0.5,259.99,49,50,False
1788648580.9042916,1788648600,19.1,Down,0.5,259.99,0.49,72.96,50,49,False
1788648584.1266801,1788648600,15.9,Up,0.51,72.96,0.5,259.99,49,50,False
1788648584.1266801,1788648600,15.9,Down,0.5,259.99,0.49,72.96,50,49,False
1788648587.4390917,1788648600,12.6,Up,0.51,66.96,0.5,255.59,46,50,False
1788648587.4390917,1788648600,12.6,Down,0.5,255.59,0.49,66.96,50,46,False
1788648590.748812,1788648600,9.3,Up,0.53,20,0.52,117.89,45,52,False
1788648590.748812,1788648600,9.3,Down,0.48,117.89,0.47,20,52,45,False
1788648593.3827267,1788648600,6.6,Up,0.55,11,0.54,115,45,54,False
1788648593.3827267,1788648600,6.6,Down,0.45,100,0.44,9.6,55,44,False
1788648595.3501673,1788648600,4.6,Up,0.58,3.62,0.57,100,42,57,False
1788648595.3501673,1788648600,4.6,Down,0.43,100,0.42,3.62,57,42,False
1788648596.747878,1788648600,3.3,Up,0.58,3.62,0.57,53.01,42,57,False
1788648596.747878,1788648600,3.3,Down,0.43,53.01,0.42,3.62,57,42,False
1788648598.0584693,1788648600,1.9,Up,0.58,3.62,0.57,143.01,42,57,False
1788648598.0584693,1788648600,1.9,Down,0.43,143.01,0.42,3.62,57,42,False
1788648600.5230615,1788648900,299.5,Up,0.51,283.9,0.5,615.5,48,50,False
1788648600.5230615,1788648900,299.5,Down,0.5,615.5,0.49,283.9,50,48,False
1788648603.8327813,1788648900,296.2,Up,0.51,283.9,0.5,615.5,48,50,False
1788648603.8327813,1788648900,296.2,Down,0.5,615.5,0.49,283.9,50,48,False
1788648607.1396499,1788648900,292.9,Up,0.51,288.9,0.5,715.5,48,50,False
1788648607.1396499,1788648900,292.9,Down,0.5,715.5,0.49,288.9,50,48,False
1788648610.4517515,1788648900,289.5,Up,0.51,288.9,0.5,715.5,49,50,False
1788648610.4517515,1788648900,289.5,Down,0.5,715.5,0.49,288.9,50,49,False
1788648613.6847215,1788648900,286.3,Up,0.51,288.9,0.5,715.5,49,50,False
1788648613.6847215,1788648900,286.3,Down,0.5,715.5,0.49,288.9,50,49,False
1788648616.8983727,1788648900,283.1,Up,0.51,307.9,0.5,720.5,49,50,False
1788648616.8983727,1788648900,283.1,Down,0.5,720.5,0.49,307.9,50,49,False
1788648620.2113843,1788648900,279.8,Up,0.51,307.9,0.5,720.5,49,50,False
1788648620.2113843,1788648900,279.8,Down,0.5,720.5,0.49,307.9,50,49,False
1788648623.4608521,1788648900,276.5,Up,0.51,307.9,0.5,715.5,49,50,False
1788648623.4608521,1788648900,276.5,Down,0.5,715.5,0.49,307.9,50,49,False
1788648626.7632604,1788648900,273.2,Up,0.51,307.9,0.5,715.5,49,50,False
1788648626.7632604,1788648900,273.2,Down,0.5,715.5,0.49,307.9,50,49,False
1788648630.0788498,1788648900,269.9,Up,0.51,307.9,0.5,715.5,49,50,False
1788648630.0788498,1788648900,269.9,Down,0.5,715.5,0.49,307.9,50,49,False
1788648633.3279116,1788648900,266.7,Up,0.51,307.9,0.5,715.5,49,50,False
1788648633.3279116,1788648900,266.7,Down,0.5,715.5,0.49,307.9,50,49,False
1788648636.634097,1788648900,263.4,Up,0.51,307.9,0.5,715.5,49,50,False
1788648636.634097,1788648900,263.4,Down,0.5,715.5,0.49,307.9,50,49,False
1788648639.8522592,1788648900,260.1,Up,0.51,307.9,0.5,715.5,49,50,False
1788648639.8522592,1788648900,260.1,Down,0.5,715.5,0.49,307.9,50,49,False
1788648643.0831237,1788648900,256.9,Up,0.51,307.9,0.5,715.5,49,50,False
1788648643.0831237,1788648900,256.9,Down,0.5,715.5,0.49,307.9,50,49,False
1788648646.402085,1788648900,253.6,Up,0.51,206,0.5,720.5,49,50,False
1788648646.402085,1788648900,253.6,Down,0.5,720.5,0.49,206,50,49,False
1788648649.7232442,1788648900,250.3,Up,0.51,206,0.5,720.5,49,50,False
1788648649.7232442,1788648900,250.3,Down,0.5,720.5,0.49,206,50,49,False
1788648652.9612503,1788648900,247.0,Up,0.51,206,0.5,720.5,49,50,False
1788648652.9612503,1788648900,247.0,Down,0.5,720.5,0.49,206,50,49,False
1788648656.276633,1788648900,243.7,Up,0.51,206,0.5,720.5,49,50,False
1788648656.276633,1788648900,243.7,Down,0.5,720.5,0.49,206,50,49,False
1788648659.6199453,1788648900,240.4,Up,0.51,206,0.5,720.5,49,50,False
1788648659.6199453,1788648900,240.4,Down,0.5,720.5,0.49,206,50,49,False
1788648662.8384123,1788648900,237.2,Up,0.51,206,0.5,720.5,49,50,False
1788648662.8384123,1788648900,237.2,Down,0.5,720.5,0.49,206,50,49,False
1788648666.068585,1788648900,233.9,Up,0.51,206,0.5,720.5,49,50,False
1788648666.068585,1788648900,233.9,Down,0.5,720.5,0.49,206,50,49,False
1788648669.2857437,1788648900,230.7,Up,0.51,206,0.5,725.5,49,50,False
1788648669.2857437,1788648900,230.7,Down,0.5,725.5,0.49,206,50,49,False
1788648672.5849936,1788648900,227.4,Up,0.51,216,0.5,735.5,49,50,False
1788648672.5849936,1788648900,227.4,Down,0.5,735.5,0.49,216,50,49,False
1788648675.913809,1788648900,224.1,Up,0.51,216,0.5,735.5,49,50,False
1788648675.913809,1788648900,224.1,Down,0.5,735.5,0.49,216,50,49,False
1788648679.2241504,1788648900,220.8,Up,0.51,216,0.5,735.5,49,50,False
1788648679.2241504,1788648900,220.8,Down,0.5,735.5,0.49,216,50,49,False
1788648682.4565294,1788648900,217.5,Up,0.51,216,0.5,735.5,49,50,False
1788648682.4565294,1788648900,217.5,Down,0.5,735.5,0.49,216,50,49,False
1788648685.6908178,1788648900,214.3,Up,0.51,216,0.5,735.5,49,50,False
1788648685.6908178,1788648900,214.3,Down,0.5,735.5,0.49,216,50,49,False
1788648689.0180223,1788648900,211.0,Up,0.51,216,0.5,735.5,49,50,False
1788648689.0180223,1788648900,211.0,Down,0.5,735.5,0.49,216,50,49,False
1788648692.3280141,1788648900,207.7,Up,0.51,216,0.5,735.5,49,50,False
1788648692.3280141,1788648900,207.7,Down,0.5,735.5,0.49,216,50,49,False
1788648695.6525056,1788648900,204.3,Up,0.51,216,0.5,735.5,49,50,False
1788648695.6525056,1788648900,204.3,Down,0.5,735.5,0.49,216,50,49,False
1788648698.9619243,1788648900,201.0,Up,0.51,216,0.5,735.5,49,50,False
1788648698.9619243,1788648900,201.0,Down,0.5,735.5,0.49,216,50,49,False
1788648702.271818,1788648900,197.7,Up,0.51,216,0.5,735.5,49,50,False
1788648702.271818,1788648900,197.7,Down,0.5,735.5,0.49,216,50,49,False
1788648705.5764656,1788648900,194.4,Up,0.51,216,0.5,735.5,49,50,False
1788648705.5764656,1788648900,194.4,Down,0.5,735.5,0.49,216,50,49,False
1788648708.8930676,1788648900,191.1,Up,0.55,86,0.54,114.48,45,54,False
1788648708.8930676,1788648900,191.1,Down,0.45,42.12,0.43,7.65,55,43,False
1788648712.2165294,1788648900,187.8,Up,0.59,339,0.58,80.27,41,57,False
1788648712.2165294,1788648900,187.8,Down,0.42,80.27,0.41,339,57,41,False
1788648715.358484,1788648900,184.6,Up,0.59,339,0.58,80.27,41,52,False
1788648715.358484,1788648900,184.6,Down,0.42,80.27,0.41,339,52,41,False
1788648718.6429513,1788648900,181.4,Up,0.59,160,0.58,80.27,41,54,False
1788648718.6429513,1788648900,181.4,Down,0.42,80.27,0.41,160,54,41,False
1788648721.9534476,1788648900,178.0,Up,0.59,160,0.58,80.27,41,54,False
1788648721.9534476,1788648900,178.0,Down,0.42,80.27,0.41,160,54,41,False
1788648725.2731357,1788648900,174.7,Up,0.59,160,0.58,80.27,41,54,False
1788648725.2731357,1788648900,174.7,Down,0.42,80.27,0.41,160,54,41,False
1788648728.5004077,1788648900,171.5,Up,0.59,160,0.58,80.27,41,54,False
1788648728.5004077,1788648900,171.5,Down,0.42,80.27,0.41,160,54,41,False
1788648731.8077202,1788648900,168.2,Up,0.59,160,0.58,80.27,41,54,False
1788648731.8077202,1788648900,168.2,Down,0.42,80.27,0.41,160,54,41,False
1788648735.1206272,1788648900,164.9,Up,0.59,160,0.58,80.27,41,54,False
1788648735.1206272,1788648900,164.9,Down,0.42,80.27,0.41,160,54,41,False
1788648738.424432,1788648900,161.6,Up,0.59,160,0.58,80.27,41,54,False
1788648738.424432,1788648900,161.6,Down,0.42,80.27,0.41,160,54,41,False
1788648741.7495773,1788648900,158.3,Up,0.59,160,0.58,80.27,41,54,False
1788648741.7495773,1788648900,158.3,Down,0.42,80.27,0.41,160,54,41,False
1788648745.059413,1788648900,154.9,Up,0.59,160,0.58,80.27,41,54,False
1788648745.059413,1788648900,154.9,Down,0.42,80.27,0.41,160,54,41,False
1788648748.2858372,1788648900,151.7,Up,0.59,160,0.58,80.27,41,54,False
1788648748.2858372,1788648900,151.7,Down,0.42,80.27,0.41,160,54,41,False
1788648751.4981115,1788648900,148.5,Up,0.59,160,0.58,80.27,41,54,False
1788648751.4981115,1788648900,148.5,Down,0.42,80.27,0.41,160,54,41,False
1788648754.739933,1788648900,145.3,Up,0.59,160,0.58,80.27,41,55,False
1788648754.739933,1788648900,145.3,Down,0.42,80.27,0.41,160,55,41,False
1788648758.0749764,1788648900,141.9,Up,0.59,100,0.58,80.27,41,55,False
1788648758.0749764,1788648900,141.9,Down,0.42,80.27,0.41,100,55,41,False
1788648761.3837588,1788648900,138.6,Up,0.59,130,0.58,80.27,41,55,False
1788648761.3837588,1788648900,138.6,Down,0.42,80.27,0.41,130,55,41,False
1788648764.696575,1788648900,135.3,Up,0.59,130,0.58,80.27,41,55,False
1788648764.696575,1788648900,135.3,Down,0.42,80.27,0.41,130,55,41,False
1788648768.0317461,1788648900,132.0,Up,0.59,130,0.58,80.27,41,55,False
1788648768.0317461,1788648900,132.0,Down,0.42,80.27,0.41,130,55,41,False
1788648771.3442678,1788648900,128.7,Up,0.59,130,0.58,80.27,41,55,False
1788648771.3442678,1788648900,128.7,Down,0.42,80.27,0.41,130,55,41,False
1788648774.6698782,1788648900,125.3,Up,0.59,130,0.58,80.27,41,56,False
1788648774.6698782,1788648900,125.3,Down,0.42,80.27,0.41,130,56,41,False
1788648777.8955956,1788648900,122.1,Up,0.59,130,0.58,80.27,41,56,False
1788648777.8955956,1788648900,122.1,Down,0.42,80.27,0.41,130,56,41,False
1788648781.1202805,1788648900,118.9,Up,0.59,130,0.58,80.27,41,56,False
1788648781.1202805,1788648900,118.9,Down,0.42,80.27,0.41,130,56,41,False
1788648784.4259875,1788648900,115.6,Up,0.59,130,0.58,80.27,41,56,False
1788648784.4259875,1788648900,115.6,Down,0.42,80.27,0.41,130,56,41,False
1788648787.7401955,1788648900,112.3,Up,0.59,100,0.58,80.27,41,57,False
1788648787.7401955,1788648900,112.3,Down,0.42,80.27,0.41,100,57,41,False
1788648791.0460744,1788648900,109.0,Up,0.6,5048,0.59,80.27,40,57,False
1788648791.0460744,1788648900,109.0,Down,0.41,80.27,0.4,5048,57,40,False
1788648794.3461976,1788648900,105.7,Up,0.6,5142,0.59,80.27,40,56,False
1788648794.3461976,1788648900,105.7,Down,0.41,80.27,0.4,5142,56,40,False
1788648797.6516545,1788648900,102.3,Up,0.6,5172,0.59,80.27,40,56,False
1788648797.6516545,1788648900,102.3,Down,0.41,80.27,0.4,5172,56,40,False
1788648800.959672,1788648900,99.0,Up,0.6,5172,0.59,80.27,40,56,False
1788648800.959672,1788648900,99.0,Down,0.41,80.27,0.4,5172,56,40,False
1788648804.2766957,1788648900,95.7,Up,0.6,5172,0.59,80.27,40,56,False
1788648804.2766957,1788648900,95.7,Down,0.41,80.27,0.4,5172,56,40,False
1788648807.5849116,1788648900,92.4,Up,0.6,5172,0.59,80.27,40,56,False
1788648807.5849116,1788648900,92.4,Down,0.41,80.27,0.4,5172,56,40,False
1788648810.8261242,1788648900,89.2,Up,0.6,5172,0.59,80.27,40,56,False
1788648810.8261242,1788648900,89.2,Down,0.41,80.27,0.4,5172,56,40,False
1788648814.1304915,1788648900,85.9,Up,0.6,5172,0.59,80.27,40,56,False
1788648814.1304915,1788648900,85.9,Down,0.41,80.27,0.4,5172,56,40,False
1788648817.4715407,1788648900,82.5,Up,0.6,5172,0.59,80.27,40,56,False
1788648817.4715407,1788648900,82.5,Down,0.41,80.27,0.4,5172,56,40,False
1788648820.7912774,1788648900,79.2,Up,0.6,5172,0.59,80.27,40,56,False
1788648820.7912774,1788648900,79.2,Down,0.41,80.27,0.4,5172,56,40,False
1788648824.0962985,1788648900,75.9,Up,0.6,5172,0.59,80.27,40,56,False
1788648824.0962985,1788648900,75.9,Down,0.41,80.27,0.4,5172,56,40,False
1788648827.6582313,1788648900,72.3,Up,0.6,5172,0.59,80.27,40,55,False
1788648827.6582313,1788648900,72.3,Down,0.41,80.27,0.4,5172,55,40,False
1788648830.9695659,1788648900,69.0,Up,0.55,110,0.54,162.36,45,54,False
1788648830.9695659,1788648900,69.0,Down,0.46,162.36,0.45,110,54,45,False
1788648834.204956,1788648900,65.8,Up,0.6,4913.5,0.54,79.91,40,54,False
1788648834.204956,1788648900,65.8,Down,0.45,33.7,0.44,20,55,44,False
1788648837.533134,1788648900,62.5,Up,0.56,135,0.55,69.8,44,55,False
1788648837.533134,1788648900,62.5,Down,0.45,69.8,0.44,135,55,44,False
1788648840.8516445,1788648900,59.1,Up,0.56,125,0.51,120,44,51,False
1788648840.8516445,1788648900,59.1,Down,0.46,30,0.44,125,54,44,False
1788648844.1658523,1788648900,55.8,Up,0.58,125,0.57,35.52,42,56,False
1788648844.1658523,1788648900,55.8,Down,0.43,35.52,0.42,125,56,42,False
1788648847.4862761,1788648900,52.5,Up,0.58,135,0.57,30.86,42,53,False
1788648847.4862761,1788648900,52.5,Down,0.43,30.86,0.42,135,53,42,False
1788648850.7968013,1788648900,49.2,Up,0.58,10,0.57,8.64,42,53,False
1788648850.7968013,1788648900,49.2,Down,0.43,8.64,0.42,10,53,42,False
1788648854.1016123,1788648900,45.9,Up,0.58,125,0.57,8.64,42,53,False
1788648854.1016123,1788648900,45.9,Down,0.48,22.62,0.44,100,52,43,False
1788648857.330102,1788648900,42.7,Up,0.53,154.33,0.52,17.62,47,52,False
1788648857.330102,1788648900,42.7,Down,0.48,17.62,0.47,154.33,52,47,False
1788648860.644394,1788648900,39.4,Up,0.53,150.55,0.52,3.94,47,52,False
1788648860.644394,1788648900,39.4,Down,0.48,3.94,0.47,150.55,52,47,False
1788648863.8942397,1788648900,36.1,Up,0.53,150.55,0.52,3.94,47,52,False
1788648863.8942397,1788648900,36.1,Down,0.48,3.94,0.47,150.55,52,47,False
1788648867.1136937,1788648900,32.9,Up,0.53,150.55,0.52,103.94,47,52,False
1788648867.1136937,1788648900,32.9,Down,0.48,103.94,0.47,150.55,52,47,False
1788648870.4173946,1788648900,29.6,Up,0.59,7.31,0.58,71.44,41,58,False
1788648870.4173946,1788648900,29.6,Down,0.42,71.44,0.41,7.31,58,41,False
1788648873.726013,1788648900,26.3,Up,0.59,107.31,0.58,71.44,41,58,False
1788648873.726013,1788648900,26.3,Down,0.42,66.44,0.41,107.31,58,41,False
1788648877.0329301,1788648900,23.0,Up,0.57,15,0.52,118.94,43,52,False
1788648877.0329301,1788648900,23.0,Down,0.48,118.94,0.43,15,52,43,False
1788648880.280187,1788648900,19.7,Up,0.54,15,0.53,108.61,45,53,False
1788648880.280187,1788648900,19.7,Down,0.47,100,0.46,15,53,46,False
1788648883.5972848,1788648900,16.4,Up,0.54,15,0.53,100,46,53,False
1788648883.5972848,1788648900,16.4,Down,0.47,100,0.46,15,53,46,False
1788648886.7485356,1788648900,13.3,Up,0.54,15,0.53,100,46,53,False
1788648886.7485356,1788648900,13.3,Down,0.47,100,0.46,15,53,46,False
1788648889.9837592,1788648900,10.0,Up,0.54,15,0.53,79.63,45,53,False
1788648889.9837592,1788648900,10.0,Down,0.47,79.63,0.46,15,53,45,False
1788648892.7942162,1788648900,7.2,Up,0.54,21,0.53,100,45,53,False
1788648892.7942162,1788648900,7.2,Down,0.47,100,0.46,21,53,45,False
1788648894.902702,1788648900,5.1,Up,0.54,56,0.53,87.23,46,53,False
1788648894.902702,1788648900,5.1,Down,0.47,87.23,0.46,56,53,46,False
1788648896.4739215,1788648900,3.5,Up,0.54,56,0.53,69.84,46,53,False
1788648896.4739215,1788648900,3.5,Down,0.47,69.84,0.46,56,53,46,False
1788648897.7909207,1788648900,2.2,Up,0.54,47.77,0.53,65.05,46,53,False
1788648897.7909207,1788648900,2.2,Down,0.47,65.05,0.46,47.77,53,46,False
1788648899.1233523,1788648900,0.9,Up,0.54,32.77,0.53,28.33,46,53,False
1788648899.1233523,1788648900,0.9,Down,0.47,28.33,0.46,32.77,53,46,False
1788648901.639323,1788649200,298.4,Up,0.51,304.71,0.5,10,48,50,False
1788648901.639323,1788649200,298.4,Down,0.5,10,0.49,304.71,50,48,False
1788648904.9671535,1788649200,295.0,Up,0.51,304.71,0.49,364.71,48,49,False
1788648904.9671535,1788649200,295.0,Down,0.51,364.71,0.49,304.71,49,48,False
1788648908.1980956,1788649200,291.8,Up,0.51,299.71,0.49,379.71,49,49,False
1788648908.1980956,1788649200,291.8,Down,0.51,379.71,0.49,299.71,49,49,False
1788648911.4447632,1788649200,288.6,Up,0.51,299.71,0.49,379.71,49,49,False
1788648911.4447632,1788649200,288.6,Down,0.51,379.71,0.49,299.71,49,49,False
1788648914.7654965,1788649200,285.2,Up,0.51,299.71,0.49,384.71,49,49,False
1788648914.7654965,1788649200,285.2,Down,0.51,384.71,0.49,304.71,49,49,False
1788648918.0916018,1788649200,281.9,Up,0.51,304.71,0.49,384.71,49,49,False
1788648918.0916018,1788649200,281.9,Down,0.51,384.71,0.49,304.71,49,49,False
1788648921.4065073,1788649200,278.6,Up,0.51,304.71,0.5,25,49,50,False
1788648921.4065073,1788649200,278.6,Down,0.5,25,0.49,304.71,50,49,False
1788648924.7129571,1788649200,275.3,Up,0.51,299.71,0.5,25,49,50,False
1788648924.7129571,1788649200,275.3,Down,0.5,25,0.49,299.71,50,49,False
1788648928.0328667,1788649200,272.0,Up,0.51,299.71,0.5,25,49,50,False
1788648928.0328667,1788649200,272.0,Down,0.5,25,0.49,299.71,50,49,False
1788648931.3447845,1788649200,268.7,Up,0.51,299.71,0.5,25,49,50,False
1788648931.3447845,1788649200,268.7,Down,0.5,25,0.49,299.71,50,49,False
1788648934.65538,1788649200,265.3,Up,0.51,296.76,0.5,25,49,50,False
1788648934.65538,1788649200,265.3,Down,0.5,25,0.49,296.76,50,49,False
1788648937.8731222,1788649200,262.1,Up,0.51,296.76,0.5,25,49,50,False
1788648937.8731222,1788649200,262.1,Down,0.5,25,0.49,296.76,50,49,False
1788648941.187399,1788649200,258.8,Up,0.51,296.76,0.5,25,49,50,False
1788648941.187399,1788649200,258.8,Down,0.5,25,0.49,296.76,50,49,False
1788648944.412928,1788649200,255.6,Up,0.51,188,0.5,25,49,50,False
1788648944.412928,1788649200,255.6,Down,0.5,25,0.49,188,50,49,False
1788648947.7201006,1788649200,252.3,Up,0.51,188,0.5,25,49,50,False
1788648947.7201006,1788649200,252.3,Down,0.5,25,0.49,188,50,49,False
1788648951.0390027,1788649200,249.0,Up,0.51,188,0.5,25,49,50,False
1788648951.0390027,1788649200,249.0,Down,0.5,25,0.49,188,50,49,False
1788648954.2628896,1788649200,245.7,Up,0.51,188,0.5,25,49,50,False
1788648954.2628896,1788649200,245.7,Down,0.5,25,0.49,188,50,49,False
1788648957.5765219,1788649200,242.4,Up,0.51,188,0.5,25,49,50,False
1788648957.5765219,1788649200,242.4,Down,0.5,25,0.49,188,50,49,False
1788648960.8949342,1788649200,239.1,Up,0.51,188,0.5,25,49,50,False
1788648960.8949342,1788649200,239.1,Down,0.5,25,0.49,188,50,49,False
1788648964.2063546,1788649200,235.8,Up,0.51,188,0.5,25,49,50,False
1788648964.2063546,1788649200,235.8,Down,0.5,25,0.49,188,50,49,False
1788648967.5228345,1788649200,232.5,Up,0.51,188,0.5,30,49,50,False
1788648967.5228345,1788649200,232.5,Down,0.5,30,0.49,188,50,49,False
1788648970.818311,1788649200,229.2,Up,0.51,188,0.5,30,49,50,False
1788648970.818311,1788649200,229.2,Down,0.5,30,0.49,188,50,49,False
1788648974.1290624,1788649200,225.9,Up,0.51,188,0.5,30,49,50,False
1788648974.1290624,1788649200,225.9,Down,0.5,30,0.49,188,50,49,False
1788648977.4505563,1788649200,222.5,Up,0.51,188,0.5,30,49,50,False
1788648977.4505563,1788649200,222.5,Down,0.5,30,0.49,188,50,49,False
1788648980.779758,1788649200,219.2,Up,0.51,188,0.5,30,49,50,False
1788648980.779758,1788649200,219.2,Down,0.5,30,0.49,188,50,49,False
1788648984.0940542,1788649200,215.9,Up,0.51,188,0.5,30,49,50,False
1788648984.0940542,1788649200,215.9,Down,0.5,30,0.49,188,50,49,False
1788648987.4217198,1788649200,212.6,Up,0.51,208,0.5,30,49,50,False
1788648987.4217198,1788649200,212.6,Down,0.5,30,0.49,208,50,49,False
1788648990.7349253,1788649200,209.3,Up,0.51,188,0.5,30,49,50,False
1788648990.7349253,1788649200,209.3,Down,0.5,30,0.49,188,50,49,False
1788648994.043701,1788649200,206.0,Up,0.51,188,0.5,30,49,50,False
1788648994.043701,1788649200,206.0,Down,0.5,30,0.49,188,50,49,False
1788648997.3562233,1788649200,202.6,Up,0.51,188,0.5,30,49,50,False
1788648997.3562233,1788649200,202.6,Down,0.5,30,0.49,188,50,49,False
1788649000.6625419,1788649200,199.3,Up,0.51,188,0.5,30,49,50,False
1788649000.6625419,1788649200,199.3,Down,0.5,30,0.49,188,50,49,False
1788649003.9692914,1788649200,196.0,Up,0.51,188,0.5,30,49,50,False
1788649003.9692914,1788649200,196.0,Down,0.5,30,0.49,188,50,49,False
1788649007.2764406,1788649200,192.7,Up,0.51,188,0.5,30,49,50,False
1788649007.2764406,1788649200,192.7,Down,0.5,30,0.49,188,50,49,False
1788649010.589318,1788649200,189.4,Up,0.51,188,0.5,30,49,50,False
1788649010.589318,1788649200,189.4,Down,0.5,30,0.49,188,50,49,False
1788649013.9031546,1788649200,186.1,Up,0.51,188,0.5,30,49,50,False
1788649013.9031546,1788649200,186.1,Down,0.5,30,0.49,188,50,49,False
1788649017.2177153,1788649200,182.8,Up,0.51,188,0.5,30,49,50,False
1788649017.2177153,1788649200,182.8,Down,0.5,30,0.49,188,50,49,False
1788649020.5285451,1788649200,179.5,Up,0.51,188,0.5,30,49,50,False
1788649020.5285451,1788649200,179.5,Down,0.5,30,0.49,188,50,49,False
1788649023.83006,1788649200,176.2,Up,0.51,188,0.5,30,49,50,False
1788649023.83006,1788649200,176.2,Down,0.5,30,0.49,188,50,49,False
1788649027.134421,1788649200,172.9,Up,0.51,180,0.5,30,49,50,False
1788649027.134421,1788649200,172.9,Down,0.5,30,0.49,180,50,49,False
1788649030.4027994,1788649200,169.6,Up,0.51,165.01,0.5,30,49,50,False
1788649030.4027994,1788649200,169.6,Down,0.5,30,0.49,165.01,50,49,False
1788649033.553406,1788649200,166.4,Up,0.51,165.01,0.5,30,49,50,False
1788649033.553406,1788649200,166.4,Down,0.5,30,0.49,165.01,50,49,False
1788649036.7717917,1788649200,163.2,Up,0.51,165.01,0.5,30,49,50,False
1788649036.7717917,1788649200,163.2,Down,0.5,30,0.49,165.01,50,49,False
1788649040.090379,1788649200,159.9,Up,0.51,165.01,0.5,40,49,50,False
1788649040.090379,1788649200,159.9,Down,0.5,40,0.49,165.01,50,49,False
1788649043.414333,1788649200,156.6,Up,0.51,165.01,0.5,30,49,50,False
1788649043.414333,1788649200,156.6,Down,0.5,30,0.49,165.01,50,49,False
1788649046.7219257,1788649200,153.3,Up,0.51,165.01,0.5,30,49,50,False
1788649046.7219257,1788649200,153.3,Down,0.5,30,0.49,165.01,50,49,False
1788649049.9528525,1788649200,150.0,Up,0.51,170.01,0.5,30,49,50,False
1788649049.9528525,1788649200,150.0,Down,0.5,30,0.49,170.01,50,49,False
1788649053.2557638,1788649200,146.7,Up,0.51,170.01,0.5,30,49,50,False
1788649053.2557638,1788649200,146.7,Down,0.5,30,0.49,170.01,50,49,False
1788649056.5702324,1788649200,143.4,Up,0.51,158.24,0.49,340,49,49,False
1788649056.5702324,1788649200,143.4,Down,0.51,340,0.49,158.24,49,49,False
1788649059.872096,1788649200,140.1,Up,0.51,158.24,0.49,340,49,49,False
1788649059.872096,1788649200,140.1,Down,0.51,340,0.49,158.24,49,49,False
1788649063.0953884,1788649200,136.9,Up,0.51,158.24,0.49,340,49,49,False
1788649063.0953884,1788649200,136.9,Down,0.51,340,0.49,158.24,49,49,False
1788649066.4485276,1788649200,133.6,Up,0.51,153.24,0.49,345,49,49,False
1788649066.4485276,1788649200,133.6,Down,0.51,345,0.49,153.24,49,49,False
1788649069.7699673,1788649200,130.2,Up,0.51,153.24,0.49,345,49,49,False
1788649069.7699673,1788649200,130.2,Down,0.51,345,0.49,153.24,49,49,False
1788649073.0712192,1788649200,126.9,Up,0.51,153.24,0.49,345,49,49,False
1788649073.0712192,1788649200,126.9,Down,0.51,345,0.49,153.24,49,49,False
1788649076.3685327,1788649200,123.6,Up,0.51,153.24,0.49,345,49,49,False
1788649076.3685327,1788649200,123.6,Down,0.51,345,0.49,153.24,49,49,False
1788649079.6841679,1788649200,120.3,Up,0.51,151.27,0.49,345,49,49,False
1788649079.6841679,1788649200,120.3,Down,0.51,345,0.49,151.27,49,49,False
1788649082.995235,1788649200,117.0,Up,0.51,151.27,0.49,345,49,49,False
1788649082.995235,1788649200,117.0,Down,0.51,345,0.49,151.27,49,49,False
1788649086.215935,1788649200,113.8,Up,0.51,151.27,0.49,335,49,49,False
1788649086.215935,1788649200,113.8,Down,0.51,335,0.49,151.27,49,49,False
1788649089.5373359,1788649200,110.5,Up,0.51,157.27,0.49,351,49,49,False
1788649089.5373359,1788649200,110.5,Down,0.51,351,0.49,157.27,49,49,False
1788649092.7587152,1788649200,107.2,Up,0.51,157.27,0.49,351,49,49,False
1788649092.7587152,1788649200,107.2,Down,0.51,351,0.49,157.27,49,49,False
1788649096.0010421,1788649200,104.0,Up,0.51,157.27,0.49,351,49,49,False
1788649096.0010421,1788649200,104.0,Down,0.51,351,0.49,157.27,49,49,False
1788649099.307221,1788649200,100.7,Up,0.51,157.27,0.49,351,49,49,False
1788649099.307221,1788649200,100.7,Down,0.51,351,0.49,157.27,49,49,False
1788649102.6267195,1788649200,97.4,Up,0.51,147.46,0.49,351,49,49,False
1788649102.6267195,1788649200,97.4,Down,0.51,351,0.49,147.46,49,49,False
1788649105.8585749,1788649200,94.1,Up,0.51,147.46,0.49,351,49,49,False
1788649105.8585749,1788649200,94.1,Down,0.51,351,0.49,147.46,49,49,False
1788649109.1022224,1788649200,90.9,Up,0.51,147.46,0.49,351,49,49,False
1788649109.1022224,1788649200,90.9,Down,0.51,351,0.49,147.46,49,49,False
1788649112.4096751,1788649200,87.6,Up,0.51,147.46,0.49,351,49,49,False
1788649112.4096751,1788649200,87.6,Down,0.51,351,0.49,147.46,49,49,False
1788649115.7206056,1788649200,84.3,Up,0.51,147.46,0.49,351,49,49,False
1788649115.7206056,1788649200,84.3,Down,0.51,351,0.49,147.46,49,49,False
1788649119.0462584,1788649200,81.0,Up,0.51,147.46,0.49,351,49,49,False
1788649119.0462584,1788649200,81.0,Down,0.51,351,0.49,147.46,49,49,False
1788649122.3530228,1788649200,77.6,Up,0.51,147.46,0.49,351,49,49,False
1788649122.3530228,1788649200,77.6,Down,0.51,351,0.49,147.46,49,49,False
1788649125.7028782,1788649200,74.3,Up,0.51,147.46,0.49,351,49,49,False
1788649125.7028782,1788649200,74.3,Down,0.51,351,0.49,147.46,49,49,False
1788649129.0232298,1788649200,71.0,Up,0.51,147.46,0.49,351,49,49,False
1788649129.0232298,1788649200,71.0,Down,0.51,351,0.49,147.46,49,49,False
1788649132.5528154,1788649200,67.4,Up,0.52,89.23,0.49,351,48,48,False
1788649132.5528154,1788649200,67.4,Down,0.51,357,0.48,89.23,48,48,False
1788649135.793909,1788649200,64.2,Up,0.51,110,0.5,60,49,50,False
1788649135.793909,1788649200,64.2,Down,0.5,60,0.49,110,50,49,False
1788649139.1111114,1788649200,60.9,Up,0.51,110,0.5,58,49,50,False
1788649139.1111114,1788649200,60.9,Down,0.5,58,0.49,110,50,49,False
1788649142.4225647,1788649200,57.6,Up,0.51,110,0.5,58,49,50,False
1788649142.4225647,1788649200,57.6,Down,0.5,58,0.49,110,50,49,False
1788649145.650358,1788649200,54.3,Up,0.51,110,0.5,53,49,50,False
1788649145.650358,1788649200,54.3,Down,0.5,53,0.49,110,50,49,False
1788649148.8699276,1788649200,51.1,Up,0.51,110,0.5,79,49,50,False
1788649148.8699276,1788649200,51.1,Down,0.5,79,0.49,110,50,49,False
1788649152.0904322,1788649200,47.9,Up,0.51,110,0.5,79,49,50,False
1788649152.0904322,1788649200,47.9,Down,0.5,79,0.49,110,50,49,False
1788649155.4039614,1788649200,44.6,Up,0.53,160,0.52,30,47,52,False
1788649155.4039614,1788649200,44.6,Down,0.48,12,0.47,10,52,47,False
1788649158.7227683,1788649200,41.3,Up,0.52,80,0.5,42,48,50,False
1788649158.7227683,1788649200,41.3,Down,0.5,42,0.48,80,50,48,False
1788649162.0363805,1788649200,38.0,Up,0.54,45.39,0.53,79,46,53,False
1788649162.0363805,1788649200,38.0,Down,0.47,54,0.46,45.39,53,46,False
1788649165.3745468,1788649200,34.6,Up,0.54,45.39,0.53,135,46,53,False
1788649165.3745468,1788649200,34.6,Down,0.47,135,0.46,45.39,53,46,False
1788649168.6807551,1788649200,31.3,Up,0.54,45.39,0.53,135,45,53,False
1788649168.6807551,1788649200,31.3,Down,0.47,81.8,0.46,45.39,53,45,False
1788649171.9841137,1788649200,28.0,Up,0.58,24.28,0.56,15,42,56,False
1788649171.9841137,1788649200,28.0,Down,0.44,15,0.42,24.28,56,42,False
1788649175.2189035,1788649200,24.8,Up,0.57,23.24,0.53,51.42,43,53,False
1788649175.2189035,1788649200,24.8,Down,0.46,72,0.43,23.24,54,43,False
1788649178.5198743,1788649200,21.5,Up,0.57,23.24,0.55,100,43,55,False
1788649178.5198743,1788649200,21.5,Down,0.45,100,0.43,23.24,55,43,False
1788649181.8382323,1788649200,18.2,Up,0.57,28.52,0.54,72,43,54,False
1788649181.8382323,1788649200,18.2,Down,0.46,72,0.43,28.52,54,43,False
1788649185.1517413,1788649200,14.8,Up,0.57,23.52,0.56,9.01,43,56,False
1788649185.1517413,1788649200,14.8,Down,0.44,9.01,0.43,23.52,56,43,False
1788649188.4642763,1788649200,11.5,Up,0.56,15,0.55,109.48,44,55,False
1788649188.4642763,1788649200,11.5,Down,0.45,109.48,0.44,15,55,44,False
1788649191.648124,1788649200,8.4,Up,0.56,30.09,0.55,109.48,44,55,False
1788649191.648124,1788649200,8.4,Down,0.45,109.48,0.44,30.09,55,44,False
1788649194.0465705,1788649200,6.0,Up,0.56,36.09,0.54,183.72,44,54,False
1788649194.0465705,1788649200,6.0,Down,0.46,183.72,0.44,36.09,54,44,False
1788649195.8474255,1788649200,4.2,Up,0.56,43.92,0.55,45,44,55,False
1788649195.8474255,1788649200,4.2,Down,0.45,45,0.44,43.92,55,44,False
1788649197.1191165,1788649200,2.9,Up,0.56,40.34,0.54,111.72,44,54,False
1788649197.1191165,1788649200,2.9,Down,0.46,111.72,0.44,40.34,54,44,False
1788649198.349899,1788649200,1.7,Up,0.6,115,0.56,93,40,56,False
1788649198.349899,1788649200,1.7,Down,0.44,93,0.4,115,56,40,False
1788649200.8512254,1788649500,299.1,Up,0.51,303.8,0.5,610,48,49,False
1788649200.8512254,1788649500,299.1,Down,0.5,610,0.49,303.8,49,48,False
1788649204.1618545,1788649500,295.8,Up,0.51,303.8,0.5,610,48,49,False
1788649204.1618545,1788649500,295.8,Down,0.5,610,0.49,303.8,49,48,False
1788649207.391216,1788649500,292.6,Up,0.51,303.8,0.5,610,49,49,False
1788649207.391216,1788649500,292.6,Down,0.5,610,0.49,303.8,49,49,False
1788649210.6935208,1788649500,289.3,Up,0.51,248.8,0.5,710,49,50,False
1788649210.6935208,1788649500,289.3,Down,0.5,710,0.49,248.8,50,49,False
1788649214.0024886,1788649500,286.0,Up,0.51,248.8,0.5,715,49,50,False
1788649214.0024886,1788649500,286.0,Down,0.5,715,0.49,248.8,50,49,False
1788649217.3236213,1788649500,282.7,Up,0.51,258.8,0.5,731,49,50,False
1788649217.3236213,1788649500,282.7,Down,0.5,731,0.49,258.8,50,49,False
1788649220.6276522,1788649500,279.4,Up,0.51,258.8,0.5,731,49,50,False
1788649220.6276522,1788649500,279.4,Down,0.5,731,0.49,258.8,50,49,False
1788649223.9477618,1788649500,276.1,Up,0.51,258.8,0.5,736,49,50,False
1788649223.9477618,1788649500,276.1,Down,0.5,736,0.49,258.8,50,49,False
1788649227.2565553,1788649500,272.7,Up,0.51,258.8,0.5,736,49,50,False
1788649227.2565553,1788649500,272.7,Down,0.5,736,0.49,258.8,50,49,False
1788649230.5663912,1788649500,269.4,Up,0.51,258.8,0.5,736,49,50,False
1788649230.5663912,1788649500,269.4,Down,0.5,736,0.49,258.8,50,49,False
1788649233.8726594,1788649500,266.1,Up,0.51,258.8,0.5,736,49,50,False
1788649233.8726594,1788649500,266.1,Down,0.5,736,0.49,258.8,50,49,False
1788649237.2082694,1788649500,262.8,Up,0.51,258.8,0.5,736,49,50,False
1788649237.2082694,1788649500,262.8,Down,0.5,736,0.49,258.8,50,49,False
1788649240.5006518,1788649500,259.5,Up,0.51,256.83,0.5,736,49,50,False
1788649240.5006518,1788649500,259.5,Down,0.5,736,0.49,256.83,50,49,False
1788649243.8031876,1788649500,256.2,Up,0.51,256.83,0.5,736,49,50,False
1788649243.8031876,1788649500,256.2,Down,0.5,736,0.49,256.83,50,49,False
1788649247.0462918,1788649500,253.0,Up,0.51,207,0.5,736,49,50,False
1788649247.0462918,1788649500,253.0,Down,0.5,736,0.49,207,50,49,False
1788649250.3602319,1788649500,249.6,Up,0.51,317,0.5,736,49,50,False
1788649250.3602319,1788649500,249.6,Down,0.5,736,0.49,317,50,49,False
1788649253.6749773,1788649500,246.3,Up,0.51,317,0.5,736,49,50,False
1788649253.6749773,1788649500,246.3,Down,0.5,736,0.49,317,50,49,False
1788649256.9741092,1788649500,243.0,Up,0.51,317,0.5,776,49,50,False
1788649256.9741092,1788649500,243.0,Down,0.5,776,0.49,317,50,49,False
1788649260.2849073,1788649500,239.7,Up,0.51,317,0.5,776,49,50,False
1788649260.2849073,1788649500,239.7,Down,0.5,776,0.49,317,50,49,False
1788649263.610946,1788649500,236.4,Up,0.51,317,0.5,776,49,50,False
1788649263.610946,1788649500,236.4,Down,0.5,776,0.49,317,50,49,False
1788649266.8472626,1788649500,233.2,Up,0.51,227,0.5,781,49,50,False
1788649266.8472626,1788649500,233.2,Down,0.5,781,0.49,227,50,49,False
1788649270.157935,1788649500,229.8,Up,0.51,237,0.5,791,49,50,False
1788649270.157935,1788649500,229.8,Down,0.5,791,0.49,237,50,49,False
1788649273.4751186,1788649500,226.5,Up,0.51,237,0.5,791,49,50,False
1788649273.4751186,1788649500,226.5,Down,0.5,791,0.49,237,50,49,False
1788649276.699633,1788649500,223.3,Up,0.51,237,0.5,791,49,50,False
1788649276.699633,1788649500,223.3,Down,0.5,791,0.49,237,50,49,False
1788649280.0121262,1788649500,220.0,Up,0.51,237,0.5,791,49,50,False
1788649280.0121262,1788649500,220.0,Down,0.5,791,0.49,237,50,49,False
1788649283.339135,1788649500,216.7,Up,0.51,237,0.5,791,49,50,False
1788649283.339135,1788649500,216.7,Down,0.5,791,0.49,237,50,49,False
1788649286.6466172,1788649500,213.4,Up,0.51,237,0.5,791,49,50,False
1788649286.6466172,1788649500,213.4,Down,0.5,791,0.49,237,50,49,False
1788649289.9571376,1788649500,210.0,Up,0.51,237,0.5,791,49,50,False
1788649289.9571376,1788649500,210.0,Down,0.5,791,0.49,237,50,49,False
1788649293.2716787,1788649500,206.7,Up,0.51,237,0.5,791,49,50,False
1788649293.2716787,1788649500,206.7,Down,0.5,791,0.49,237,50,49,False
1788649296.5709836,1788649500,203.4,Up,0.51,237,0.5,791,49,50,False
1788649296.5709836,1788649500,203.4,Down,0.5,791,0.49,237,50,49,False
1788649299.8821747,1788649500,200.1,Up,0.51,237,0.5,791,49,50,False
1788649299.8821747,1788649500,200.1,Down,0.5,791,0.49,237,50,49,False
1788649303.1952906,1788649500,196.8,Up,0.51,237,0.5,791,49,50,False
1788649303.1952906,1788649500,196.8,Down,0.5,791,0.49,237,50,49,False
1788649306.510248,1788649500,193.5,Up,0.51,237,0.5,791,49,50,False
1788649306.510248,1788649500,193.5,Down,0.5,791,0.49,237,50,49,False
1788649309.827641,1788649500,190.2,Up,0.51,217,0.5,791,49,50,False
1788649309.827641,1788649500,190.2,Down,0.5,791,0.49,217,50,49,False
1788649313.1504266,1788649500,186.8,Up,0.51,217,0.5,791,49,50,False
1788649313.1504266,1788649500,186.8,Down,0.5,791,0.49,217,50,49,False
1788649316.5222132,1788649500,183.5,Up,0.51,217,0.5,791,49,50,False
1788649316.5222132,1788649500,183.5,Down,0.5,791,0.49,217,50,49,False
1788649319.83162,1788649500,180.2,Up,0.51,217,0.5,791,49,50,False
1788649319.83162,1788649500,180.2,Down,0.5,791,0.49,217,50,49,False
1788649323.1470764,1788649500,176.9,Up,0.51,217,0.5,791,49,50,False
1788649323.1470764,1788649500,176.9,Down,0.5,791,0.49,217,50,49,False
1788649326.4046679,1788649500,173.6,Up,0.51,204.01,0.5,791,49,50,False
1788649326.4046679,1788649500,173.6,Down,0.5,791,0.49,204.01,50,49,False
