slug,end_s,leading_side,leading_price,won,staleness_s,bucket
btc-updown-5m-1788552300,1788552600,Down,0.825,True,14,0.8
btc-updown-5m-1788549000,1788549300,Down,0.935,True,16,0.9
btc-updown-5m-1788555600,1788555900,Up,0.745,True,18,0.7000000000000001
btc-updown-5m-1788547500,1788547800,Down,0.835,True,17,0.8
btc-updown-5m-1788552000,1788552300,Up,0.905,True,14,0.9
btc-updown-5m-1788549600,1788549900,Up,0.615,True,9,0.6000000000000001
btc-updown-5m-1788548100,1788548400,Down,0.765,False,17,0.75
btc-updown-5m-1788553200,1788553500,Down,0.765,True,5,0.75
btc-updown-5m-1788546900,1788547200,Down,0.945,True,15,0.9
btc-updown-5m-1788546600,1788546900,Up,0.865,True,17,0.8500000000000001
btc-updown-5m-1788551400,1788551700,Down,0.7050000000000001,True,15,0.7000000000000001
btc-updown-5m-1788555000,1788555300,Down,0.915,True,14,0.9
btc-updown-5m-1788550500,1788550800,Down,0.835,True,15,0.8
btc-updown-5m-1788548700,1788549000,Up,0.725,True,21,0.7000000000000001
btc-updown-5m-1788552600,1788552900,Up,0.665,True,14,0.65
btc-updown-5m-1788549900,1788550200,Up,0.635,True,16,0.6000000000000001
btc-updown-5m-1788554700,1788555000,Up,0.645,True,14,0.6000000000000001
btc-updown-5m-1788546300,1788546600,Down,0.765,True,17,0.75
btc-updown-5m-1788549300,1788549600,Up,0.845,True,17,0.8
btc-updown-5m-1788551100,1788551400,Up,0.785,True,16,0.75
btc-updown-5m-1788550200,1788550500,Down,0.975,True,13,0.9500000000000001
btc-updown-5m-1788550800,1788551100,Up,0.715,True,15,0.7000000000000001
btc-updown-5m-1788546000,1788546300,Up,0.865,True,16,0.8500000000000001
btc-updown-5m-1788556200,1788556500,Up,0.835,True,16,0.8
btc-updown-5m-1788552900,1788553200,Up,0.755,True,15,0.75
btc-updown-5m-1788547800,1788548100,Down,0.505,False,16,0.5
btc-updown-5m-1788553800,1788554100,Down,0.735,True,2,0.7000000000000001
btc-updown-5m-1788548400,1788548700,Up,0.965,True,16,0.9500000000000001
btc-updown-5m-1788551700,1788552000,Up,0.985,True,17,0.9500000000000001
btc-updown-5m-1788547200,1788547500,Up,0.915,True,15,0.9
btc-updown-5m-1788557700,1788558000,Down,0.575,False,14,0.55
btc-updown-5m-1788554100,1788554400,Up,0.865,False,3,0.8500000000000001
btc-updown-5m-1788559200,1788559500,Up,0.705,True,15,0.7000000000000001
btc-updown-5m-1788553500,1788553800,Down,0.885,True,5,0.8500000000000001
btc-updown-5m-1788555900,1788556200,Up,0.565,True,16,0.55
btc-updown-5m-1788554400,1788554700,Down,0.855,True,16,0.8500000000000001
btc-updown-5m-1788555300,1788555600,Down,0.735,True,14,0.7000000000000001
btc-updown-5m-1788559500,1788559800,Down,0.7050000000000001,True,15,0.7000000000000001
btc-updown-5m-1788558600,1788558900,Up,0.725,False,16,0.7000000000000001
btc-updown-5m-1788556500,1788556800,Up,0.825,True,15,0.8
btc-updown-5m-1788559800,1788560100,Up,0.515,True,16,0.5
btc-updown-5m-1788557400,1788557700,Up,0.825,True,2,0.8
btc-updown-5m-1788556800,1788557100,Up,0.565,False,15,0.55
btc-updown-5m-1788560100,1788560400,Up,0.575,True,6,0.55
btc-updown-5m-1788557100,1788557400,Down,0.7050000000000001,True,14,0.7000000000000001
btc-updown-5m-1788558000,1788558300,Down,0.575,True,15,0.55
btc-updown-5m-1788560400,1788560700,Down,0.645,True,13,0.6000000000000001
btc-updown-5m-1788561300,1788561600,Up,0.725,True,16,0.7000000000000001
btc-updown-5m-1788561900,1788562200,Down,0.615,True,16,0.6000000000000001
btc-updown-5m-1788558900,1788559200,Up,0.785,True,15,0.75
btc-updown-5m-1788560700,1788561000,Down,0.795,True,17,0.75
btc-updown-5m-1788561600,1788561900,Down,0.615,True,1,0.6000000000000001
btc-updown-5m-1788558300,1788558600,Up,0.655,False,16,0.65
btc-updown-5m-1788562800,1788563100,Down,0.765,False,16,0.75
btc-updown-5m-1788563400,1788563700,Up,0.575,False,1,0.55
btc-updown-5m-1788561000,1788561300,Up,0.665,False,15,0.65
btc-updown-5m-1788564000,1788564300,Up,0.965,True,3,0.9500000000000001
btc-updown-5m-1788562500,1788562800,Up,0.555,False,15,0.55
btc-updown-5m-1788563700,1788564000,Up,0.535,True,16,0.5
btc-updown-5m-1788563100,1788563400,Up,0.615,True,15,0.6000000000000001
btc-updown-5m-1788567600,1788567900,Up,0.695,True,2,0.65
btc-updown-5m-1788562200,1788562500,Up,0.685,True,15,0.65
btc-updown-5m-1788564600,1788564900,Down,0.925,True,18,0.9
btc-updown-5m-1788565800,1788566100,Down,0.635,True,16,0.6000000000000001
btc-updown-5m-1788567000,1788567300,Up,0.975,True,4,0.9500000000000001
btc-updown-5m-1788564900,1788565200,Up,0.505,False,15,0.5
btc-updown-5m-1788567900,1788568200,Up,0.835,True,13,0.8
btc-updown-5m-1788566100,1788566400,Up,0.965,True,16,0.9500000000000001
btc-updown-5m-1788568200,1788568500,Up,0.945,True,16,0.9
btc-updown-5m-1788565500,1788565800,Down,0.755,True,16,0.75
btc-updown-5m-1788566700,1788567000,Down,0.905,True,16,0.9
btc-updown-5m-1788566400,1788566700,Down,0.8049999999999999,True,16,0.8
btc-updown-5m-1788564300,1788564600,Up,0.875,True,13,0.8500000000000001
btc-updown-5m-1788567300,1788567600,Down,0.975,True,17,0.9500000000000001
btc-updown-5m-1788565200,1788565500,Down,0.515,True,14,0.5
btc-updown-5m-1788570000,1788570300,Up,0.725,True,15,0.7000000000000001
btc-updown-5m-1788570600,1788570900,Up,0.615,True,4,0.6000000000000001
btc-updown-5m-1788568800,1788569100,Up,0.805,True,19,0.8
btc-updown-5m-1788569400,1788569700,Up,0.905,True,17,0.9
btc-updown-5m-1788569100,1788569400,Down,0.965,True,12,0.9500000000000001
btc-updown-5m-1788570300,1788570600,Down,0.595,False,6,0.55
btc-updown-5m-1788571500,1788571800,Down,0.885,True,16,0.8500000000000001
btc-updown-5m-1788571800,1788572100,Up,0.905,True,15,0.9
btc-updown-5m-1788573000,1788573300,Down,0.645,True,17,0.6000000000000001
btc-updown-5m-1788572400,1788572700,Up,0.945,True,15,0.9
btc-updown-5m-1788568500,1788568800,Up,0.625,False,17,0.6000000000000001
btc-updown-5m-1788573600,1788573900,Down,0.875,True,16,0.8500000000000001
btc-updown-5m-1788569700,1788570000,Down,0.845,True,16,0.8
btc-updown-5m-1788574800,1788575100,Up,0.515,True,17,0.5
btc-updown-5m-1788573900,1788574200,Up,0.835,True,15,0.8
btc-updown-5m-1788575100,1788575400,Up,0.685,False,14,0.65
btc-updown-5m-1788572100,1788572400,Down,0.935,True,15,0.9
btc-updown-5m-1788571200,1788571500,Down,0.595,True,21,0.55
btc-updown-5m-1788573300,1788573600,Down,0.845,True,19,0.8
btc-updown-5m-1788572700,1788573000,Up,0.855,False,16,0.8500000000000001
btc-updown-5m-1788570900,1788571200,Up,0.675,True,17,0.65
btc-updown-5m-1788574200,1788574500,Up,0.805,True,9,0.8
btc-updown-5m-1788576300,1788576600,Down,0.955,True,17,0.9500000000000001
btc-updown-5m-1788575700,1788576000,Up,0.885,True,16,0.8500000000000001
btc-updown-5m-1788576900,1788577200,Up,0.705,True,12,0.7000000000000001
btc-updown-5m-1788582000,1788582300,Up,0.515,True,18,0.5
btc-updown-5m-1788578100,1788578400,Up,0.905,True,18,0.9
btc-updown-5m-1788574500,1788574800,Up,0.565,True,16,0.55
btc-updown-5m-1788577200,1788577500,Up,0.605,False,17,0.6000000000000001
btc-updown-5m-1788579300,1788579600,Up,0.725,True,18,0.7000000000000001
btc-updown-5m-1788577500,1788577800,Down,0.525,True,18,0.5
btc-updown-5m-1788576600,1788576900,Down,0.685,True,21,0.65
btc-updown-5m-1788576000,1788576300,Up,0.915,True,15,0.9
btc-updown-5m-1788580200,1788580500,Down,0.845,True,16,0.8
btc-updown-5m-1788578700,1788579000,Down,0.725,True,17,0.7000000000000001
btc-updown-5m-1788581100,1788581400,Up,0.935,True,14,0.9
btc-updown-5m-1788579000,1788579300,Up,0.775,True,4,0.75
btc-updown-5m-1788575400,1788575700,Up,0.875,True,17,0.8500000000000001
btc-updown-5m-1788579600,1788579900,Up,0.525,True,20,0.5
btc-updown-5m-1788578400,1788578700,Down,0.775,False,20,0.75
btc-updown-5m-1788581400,1788581700,Down,0.965,True,14,0.9500000000000001
btc-updown-5m-1788581700,1788582000,Up,0.895,True,14,0.8500000000000001
btc-updown-5m-1788583800,1788584100,Down,0.855,True,15,0.8500000000000001
btc-updown-5m-1788577800,1788578100,Up,0.665,True,15,0.65
btc-updown-5m-1788583500,1788583800,Up,0.585,True,14,0.55
btc-updown-5m-1788580500,1788580800,Down,0.885,True,14,0.8500000000000001
btc-updown-5m-1788580800,1788581100,Down,0.935,True,5,0.9
btc-updown-5m-1788582300,1788582600,Down,0.5449999999999999,True,14,0.5
btc-updown-5m-1788585000,1788585300,Up,0.965,True,16,0.9500000000000001
btc-updown-5m-1788582600,1788582900,Down,0.835,True,16,0.8
btc-updown-5m-1788585900,1788586200,Up,0.735,True,15,0.7000000000000001
btc-updown-5m-1788584400,1788584700,Down,0.675,True,16,0.65
btc-updown-5m-1788579900,1788580200,Up,0.725,True,16,0.7000000000000001
btc-updown-5m-1788583200,1788583500,Down,0.635,False,18,0.6000000000000001
btc-updown-5m-1788588300,1788588600,Down,0.565,True,21,0.55
btc-updown-5m-1788584100,1788584400,Down,0.745,True,15,0.7000000000000001
btc-updown-5m-1788582900,1788583200,Down,0.835,True,74,0.8
btc-updown-5m-1788586500,1788586800,Down,0.885,True,15,0.8500000000000001
btc-updown-5m-1788585600,1788585900,Down,0.525,True,19,0.5
btc-updown-5m-1788586800,1788587100,Down,0.565,True,12,0.55
btc-updown-5m-1788587400,1788587700,Up,0.825,True,19,0.8
btc-updown-5m-1788588600,1788588900,Up,0.915,True,18,0.9
btc-updown-5m-1788587700,1788588000,Up,0.775,True,21,0.75
btc-updown-5m-1788584700,1788585000,Up,0.555,True,16,0.55
btc-updown-5m-1788586200,1788586500,Up,0.835,True,15,0.8
btc-updown-5m-1788590400,1788590700,Down,0.505,True,19,0.5
btc-updown-5m-1788591300,1788591600,Down,0.55,True,17,0.55
btc-updown-5m-1788589200,1788589500,Up,0.605,True,20,0.6000000000000001
btc-updown-5m-1788589800,1788590100,Down,0.5549999999999999,True,19,0.55
btc-updown-5m-1788587100,1788587400,Down,0.745,True,15,0.7000000000000001
btc-updown-5m-1788591900,1788592200,Up,0.785,True,21,0.75
btc-updown-5m-1788589500,1788589800,Down,0.655,False,2,0.65
btc-updown-5m-1788590100,1788590400,Down,0.505,False,18,0.5
btc-updown-5m-1788591600,1788591900,Up,0.925,True,17,0.9
btc-updown-5m-1788585300,1788585600,Up,0.775,False,22,0.75
btc-updown-5m-1788588000,1788588300,Up,0.755,True,21,0.75
btc-updown-5m-1788590700,1788591000,Down,0.565,True,19,0.55
btc-updown-5m-1788591000,1788591300,Up,0.595,False,16,0.55
btc-updown-5m-1788592200,1788592500,Up,0.685,True,15,0.65
btc-updown-5m-1788593400,1788593700,Down,0.885,False,17,0.8500000000000001
btc-updown-5m-1788588900,1788589200,Down,0.605,True,6,0.6000000000000001
btc-updown-5m-1788592500,1788592800,Down,0.625,True,15,0.6000000000000001
btc-updown-5m-1788593700,1788594000,Up,0.625,True,17,0.6000000000000001
btc-updown-5m-1788592800,1788593100,Up,0.665,True,20,0.65
btc-updown-5m-1788596100,1788596400,Up,0.795,True,16,0.75
btc-updown-5m-1788598200,1788598500,Up,0.735,True,12,0.7000000000000001
btc-updown-5m-1788594300,1788594600,Up,0.955,True,15,0.9500000000000001
btc-updown-5m-1788597900,1788598200,Down,0.5449999999999999,True,8,0.5
btc-updown-5m-1788595500,1788595800,Down,0.765,True,21,0.75
btc-updown-5m-1788594000,1788594300,Down,0.8049999999999999,True,15,0.8
btc-updown-5m-1788594600,1788594900,Up,0.645,False,14,0.6000000000000001
btc-updown-5m-1788597000,1788597300,Down,0.815,True,15,0.8
btc-updown-5m-1788593100,1788593400,Up,0.735,True,9,0.7000000000000001
btc-updown-5m-1788595200,1788595500,Down,0.895,True,16,0.8500000000000001
btc-updown-5m-1788599700,1788600000,Down,0.935,True,15,0.9
btc-updown-5m-1788597600,1788597900,Down,0.755,True,17,0.75
btc-updown-5m-1788596400,1788596700,Down,0.915,True,15,0.9
btc-updown-5m-1788599400,1788599700,Up,0.795,True,16,0.75
btc-updown-5m-1788596700,1788597000,Down,0.925,True,16,0.9
btc-updown-5m-1788598500,1788598800,Down,0.5549999999999999,False,19,0.55
btc-updown-5m-1788599100,1788599400,Up,0.5,False,17,0.45
btc-updown-5m-1788595800,1788596100,Up,0.915,True,17,0.9
btc-updown-5m-1788597300,1788597600,Up,0.785,True,17,0.75
btc-updown-5m-1788594900,1788595200,Down,0.685,True,16,0.65
btc-updown-5m-1788600000,1788600300,Up,0.765,False,18,0.75
btc-updown-5m-1788598800,1788599100,Up,0.945,True,12,0.9
btc-updown-5m-1788600300,1788600600,Down,0.515,False,21,0.5
btc-updown-5m-1788600600,1788600900,Down,0.565,False,9,0.55
btc-updown-5m-1788600900,1788601200,Down,0.7150000000000001,True,18,0.7000000000000001
btc-updown-5m-1788602700,1788603000,Down,0.775,True,22,0.75
btc-updown-5m-1788603600,1788603900,Down,0.775,False,20,0.75
btc-updown-5m-1788601200,1788601500,Down,0.885,True,14,0.8500000000000001
btc-updown-5m-1788602400,1788602700,Up,0.705,True,15,0.7000000000000001
btc-updown-5m-1788601800,1788602100,Up,0.675,True,21,0.65
btc-updown-5m-1788604200,1788604500,Up,0.885,True,14,0.8500000000000001
btc-updown-5m-1788606300,1788606600,Up,0.935,True,17,0.9
btc-updown-5m-1788603900,1788604200,Up,0.865,False,7,0.8500000000000001
btc-updown-5m-1788607500,1788607800,Down,0.5449999999999999,True,17,0.5
btc-updown-5m-1788605100,1788605400,Down,0.595,True,19,0.55
btc-updown-5m-1788604500,1788604800,Down,0.885,True,1,0.8500000000000001
btc-updown-5m-1788608100,1788608400,Down,0.505,True,3,0.5
btc-updown-5m-1788602100,1788602400,Down,0.915,True,20,0.9
btc-updown-5m-1788605400,1788605700,Up,0.865,True,19,0.8500000000000001
btc-updown-5m-1788604800,1788605100,Up,0.855,False,15,0.8500000000000001
btc-updown-5m-1788606000,1788606300,Down,0.735,True,20,0.7000000000000001
btc-updown-5m-1788607200,1788607500,Up,0.565,True,15,0.55
btc-updown-5m-1788601500,1788601800,Down,0.855,True,17,0.8500000000000001
btc-updown-5m-1788605700,1788606000,Up,0.905,True,22,0.9
btc-updown-5m-1788603000,1788603300,Down,0.655,True,15,0.65
btc-updown-5m-1788606600,1788606900,Up,0.755,False,15,0.75
btc-updown-5m-1788611100,1788611400,Down,0.835,True,19,0.8
btc-updown-5m-1788607800,1788608100,Up,0.865,True,18,0.8500000000000001
btc-updown-5m-1788610500,1788610800,Down,0.5349999999999999,True,21,0.5
btc-updown-5m-1788608400,1788608700,Down,0.755,True,16,0.75
btc-updown-5m-1788610200,1788610500,Down,0.865,True,17,0.8500000000000001
btc-updown-5m-1788609300,1788609600,Down,0.905,True,14,0.9
btc-updown-5m-1788606900,1788607200,Down,0.6950000000000001,True,17,0.65
btc-updown-5m-1788608700,1788609000,Down,0.7050000000000001,False,18,0.7000000000000001
btc-updown-5m-1788603300,1788603600,Up,0.705,True,20,0.7000000000000001
btc-updown-5m-1788613800,1788614100,Down,0.745,False,15,0.7000000000000001
btc-updown-5m-1788613500,1788613800,Down,0.565,True,21,0.55
btc-updown-5m-1788614400,1788614700,Up,0.915,True,17,0.9
btc-updown-5m-1788612300,1788612600,Up,0.855,False,17,0.8500000000000001
btc-updown-5m-1788609600,1788609900,Up,0.965,True,2,0.9500000000000001
btc-updown-5m-1788612900,1788613200,Up,0.865,False,4,0.8500000000000001
btc-updown-5m-1788609000,1788609300,Up,0.955,True,19,0.9500000000000001
btc-updown-5m-1788611700,1788612000,Down,0.665,False,16,0.65
btc-updown-5m-1788611400,1788611700,Down,0.795,False,17,0.75
btc-updown-5m-1788616800,1788617100,Up,0.935,True,15,0.9
btc-updown-5m-1788615300,1788615600,Down,0.895,True,14,0.8500000000000001
btc-updown-5m-1788612600,1788612900,Down,0.685,False,18,0.65
btc-updown-5m-1788615900,1788616200,Up,0.915,True,18,0.9
btc-updown-5m-1788612000,1788612300,Up,0.965,True,18,0.9500000000000001
btc-updown-5m-1788613200,1788613500,Down,0.5549999999999999,True,19,0.55
btc-updown-5m-1788609900,1788610200,Up,0.685,True,19,0.65
btc-updown-5m-1788614700,1788615000,Down,0.685,True,19,0.65
btc-updown-5m-1788610800,1788611100,Down,0.595,False,17,0.55
btc-updown-5m-1788616500,1788616800,Down,0.755,False,14,0.75
btc-updown-5m-1788615000,1788615300,Down,0.735,True,16,0.7000000000000001
btc-updown-5m-1788616200,1788616500,Down,0.945,True,18,0.9
btc-updown-5m-1788614100,1788614400,Down,0.5449999999999999,True,19,0.5
btc-updown-5m-1788617400,1788617700,Down,0.795,True,15,0.75
btc-updown-5m-1788617700,1788618000,Up,0.645,True,15,0.6000000000000001
btc-updown-5m-1788619500,1788619800,Up,0.845,True,16,0.8
btc-updown-5m-1788620100,1788620400,Up,0.575,True,16,0.55
btc-updown-5m-1788618600,1788618900,Up,0.515,True,18,0.5
btc-updown-5m-1788615600,1788615900,Up,0.735,False,15,0.7000000000000001
btc-updown-5m-1788618000,1788618300,Down,0.585,True,17,0.55
btc-updown-5m-1788621900,1788622200,Up,0.705,False,19,0.7000000000000001
btc-updown-5m-1788617100,1788617400,Up,0.745,True,21,0.7000000000000001
btc-updown-5m-1788622200,1788622500,Up,0.745,True,16,0.7000000000000001
btc-updown-5m-1788619200,1788619500,Up,0.515,False,14,0.5
btc-updown-5m-1788620400,1788620700,Down,0.665,True,16,0.65
btc-updown-5m-1788621000,1788621300,Down,0.815,True,14,0.8
btc-updown-5m-1788622500,1788622800,Down,0.725,False,1,0.7000000000000001
btc-updown-5m-1788618900,1788619200,Down,0.885,True,16,0.8500000000000001
btc-updown-5m-1788619800,1788620100,Up,0.585,True,5,0.55
btc-updown-5m-1788618300,1788618600,Up,0.965,True,15,0.9500000000000001
btc-updown-5m-1788623700,1788624000,Up,0.895,True,15,0.8500000000000001
btc-updown-5m-1788620700,1788621000,Up,0.785,False,15,0.75
btc-updown-5m-1788621300,1788621600,Down,0.915,True,0,0.9
btc-updown-5m-1788624900,1788625200,Up,0.945,True,17,0.9
btc-updown-5m-1788623400,1788623700,Down,0.815,False,14,0.8
btc-updown-5m-1788624000,1788624300,Up,0.725,True,16,0.7000000000000001
btc-updown-5m-1788624300,1788624600,Down,0.975,True,16,0.9500000000000001
btc-updown-5m-1788622800,1788623100,Up,0.555,True,15,0.55
btc-updown-5m-1788621600,1788621900,Up,0.955,True,16,0.9500000000000001
btc-updown-5m-1788625500,1788625800,Up,0.925,True,15,0.9
btc-updown-5m-1788625800,1788626100,Up,0.965,True,14,0.9500000000000001
btc-updown-5m-1788627600,1788627900,Down,0.775,True,17,0.75
btc-updown-5m-1788623100,1788623400,Up,0.555,False,17,0.55
btc-updown-5m-1788628500,1788628800,Down,0.855,True,15,0.8500000000000001
btc-updown-5m-1788627300,1788627600,Up,0.905,True,15,0.9
btc-updown-5m-1788628200,1788628500,Down,0.615,True,16,0.6000000000000001
btc-updown-5m-1788626400,1788626700,Up,0.685,True,16,0.65
btc-updown-5m-1788625200,1788625500,Up,0.965,True,14,0.9500000000000001
btc-updown-5m-1788627000,1788627300,Down,0.745,False,15,0.7000000000000001
btc-updown-5m-1788624600,1788624900,Up,0.865,False,5,0.8500000000000001
btc-updown-5m-1788630000,1788630300,Up,0.505,True,5,0.5
btc-updown-5m-1788627900,1788628200,Down,0.755,False,14,0.75
btc-updown-5m-1788626700,1788627000,Up,0.675,True,14,0.65
btc-updown-5m-1788626100,1788626400,Down,0.625,True,16,0.6000000000000001
btc-updown-5m-1788632100,1788632400,Down,0.685,False,17,0.65
btc-updown-5m-1788629400,1788629700,Up,0.935,True,1,0.9
btc-updown-5m-1788628800,1788629100,Up,0.745,True,14,0.7000000000000001
btc-updown-5m-1788630900,1788631200,Down,0.65,True,16,0.6000000000000001
btc-updown-5m-1788631800,1788632100,Down,0.735,True,16,0.7000000000000001
btc-updown-5m-1788629100,1788629400,Down,0.765,True,16,0.75
btc-updown-5m-1788631200,1788631500,Up,0.625,False,16,0.6000000000000001
btc-updown-5m-1788631500,1788631800,Up,0.515,False,15,0.5
btc-updown-5m-1788629700,1788630000,Down,0.6799999999999999,True,14,0.65
btc-updown-5m-1788630600,1788630900,Up,0.735,True,16,0.7000000000000001
btc-updown-5m-1788630300,1788630600,Up,0.725,False,15,0.7000000000000001
btc-updown-5m-1788462000,1788462300,Up,0.505,True,16,0.5
btc-updown-5m-1788460800,1788461100,Up,0.505,False,21,0.5
btc-updown-5m-1788460200,1788460500,Up,0.505,True,19,0.5
btc-updown-5m-1788459600,1788459900,Up,0.505,False,21,0.5
btc-updown-5m-1788459900,1788460200,Up,0.505,False,16,0.5
btc-updown-5m-1788460500,1788460800,Up,0.505,True,2,0.5
btc-updown-5m-1788466800,1788467100,Up,0.505,False,18,0.5
btc-updown-5m-1788467100,1788467400,Up,0.505,True,22,0.5
btc-updown-5m-1788467400,1788467700,Up,0.505,False,18,0.5
btc-updown-5m-1788468300,1788468600,Down,0.675,False,19,0.65
btc-updown-5m-1788468000,1788468300,Down,0.855,True,21,0.8500000000000001
btc-updown-5m-1788467700,1788468000,Down,0.925,False,6,0.9
btc-updown-5m-1788468600,1788468900,Down,0.595,True,21,0.55
btc-updown-5m-1788468900,1788469200,Up,0.705,True,4,0.7000000000000001
btc-updown-5m-1788469200,1788469500,Down,0.725,True,1,0.7000000000000001
btc-updown-5m-1788469500,1788469800,Down,0.745,False,20,0.7000000000000001
btc-updown-5m-1788470100,1788470400,Up,0.655,False,17,0.65
btc-updown-5m-1788469800,1788470100,Up,0.925,True,15,0.9
btc-updown-5m-1788471000,1788471300,Up,0.975,True,16,0.9500000000000001
btc-updown-5m-1788470400,1788470700,Up,0.695,False,15,0.65
btc-updown-5m-1788471600,1788471900,Down,0.765,True,5,0.75
btc-updown-5m-1788470700,1788471000,Up,0.785,True,15,0.75
btc-updown-5m-1788471900,1788472200,Down,0.845,False,22,0.8
btc-updown-5m-1788471300,1788471600,Down,0.935,True,17,0.9
btc-updown-5m-1788472500,1788472800,Down,0.925,True,17,0.9
btc-updown-5m-1788473100,1788473400,Down,0.735,True,22,0.7000000000000001
btc-updown-5m-1788472800,1788473100,Down,0.965,True,16,0.9500000000000001
btc-updown-5m-1788473700,1788474000,Up,0.575,False,18,0.55
btc-updown-5m-1788472200,1788472500,Up,0.745,True,19,0.7000000000000001
btc-updown-5m-1788473400,1788473700,Down,0.785,True,19,0.75
btc-updown-5m-1788462600,1788462900,Up,0.5,False,6,0.45
btc-updown-5m-1788461700,1788462000,Up,0.505,True,19,0.5
btc-updown-5m-1788462300,1788462600,Up,0.5,False,5,0.45
btc-updown-5m-1788461100,1788461400,Up,0.505,True,19,0.5
btc-updown-5m-1788464100,1788464400,Up,0.5,True,22,0.45
btc-updown-5m-1788474000,1788474300,Down,0.855,True,16,0.8500000000000001
btc-updown-5m-1788474300,1788474600,Down,0.8049999999999999,True,19,0.8
btc-updown-5m-1788474600,1788474900,Down,0.655,True,20,0.65
btc-updown-5m-1788475200,1788475500,Up,0.965,True,15,0.9500000000000001
btc-updown-5m-1788474900,1788475200,Up,0.985,True,17,0.9500000000000001
btc-updown-5m-1788475800,1788476100,Down,0.905,True,19,0.9
btc-updown-5m-1788476100,1788476400,Up,0.575,False,7,0.55
btc-updown-5m-1788475500,1788475800,Up,0.845,False,16,0.8
btc-updown-5m-1788476700,1788477000,Up,0.815,True,2,0.8
btc-updown-5m-1788476400,1788476700,Down,0.615,False,18,0.6000000000000001
btc-updown-5m-1788477000,1788477300,Down,0.935,True,16,0.9
btc-updown-5m-1788477300,1788477600,Up,0.645,True,14,0.6000000000000001
btc-updown-5m-1788477600,1788477900,Down,0.655,True,18,0.65
btc-updown-5m-1788478200,1788478500,Down,0.955,True,17,0.9500000000000001
btc-updown-5m-1788479700,1788480000,Down,0.605,True,16,0.6000000000000001
btc-updown-5m-1788477900,1788478200,Up,0.665,True,16,0.65
btc-updown-5m-1788480000,1788480300,Down,0.7050000000000001,True,20,0.7000000000000001
btc-updown-5m-1788479400,1788479700,Up,0.955,True,18,0.9500000000000001
btc-updown-5m-1788478500,1788478800,Up,0.915,True,3,0.9
btc-updown-5m-1788478800,1788479100,Down,0.525,True,19,0.5
btc-updown-5m-1788479100,1788479400,Down,0.845,True,6,0.8
btc-updown-5m-1788480600,1788480900,Up,0.835,True,17,0.8
btc-updown-5m-1788480300,1788480600,Up,0.595,True,20,0.55
btc-updown-5m-1788481200,1788481500,Up,0.825,True,15,0.8
btc-updown-5m-1788480900,1788481200,Up,0.845,False,17,0.8
btc-updown-5m-1788482700,1788483000,Up,0.755,False,15,0.75
btc-updown-5m-1788481500,1788481800,Down,0.955,True,19,0.9500000000000001
btc-updown-5m-1788481800,1788482100,Up,0.935,True,15,0.9
btc-updown-5m-1788482400,1788482700,Up,0.715,False,17,0.7000000000000001
btc-updown-5m-1788483900,1788484200,Up,0.925,True,21,0.9
btc-updown-5m-1788482100,1788482400,Up,0.625,True,20,0.6000000000000001
btc-updown-5m-1788483600,1788483900,Up,0.825,True,15,0.8
btc-updown-5m-1788485400,1788485700,Up,0.685,False,20,0.65
btc-updown-5m-1788484200,1788484500,Down,0.585,True,18,0.55
btc-updown-5m-1788485100,1788485400,Down,0.755,False,17,0.75
btc-updown-5m-1788484500,1788484800,Up,0.835,False,15,0.8
btc-updown-5m-1788484800,1788485100,Up,0.665,False,21,0.65
btc-updown-5m-1788486300,1788486600,Up,0.715,True,20,0.7000000000000001
btc-updown-5m-1788486600,1788486900,Up,0.685,True,19,0.65
btc-updown-5m-1788487200,1788487500,Down,0.915,True,16,0.9
btc-updown-5m-1788487800,1788488100,Down,0.5349999999999999,False,16,0.5
btc-updown-5m-1788487500,1788487800,Up,0.57,False,19,0.55
btc-updown-5m-1788486900,1788487200,Up,0.545,False,21,0.5
btc-updown-5m-1788488100,1788488400,Up,0.785,False,18,0.75
btc-updown-5m-1788488700,1788489000,Down,0.645,True,17,0.6000000000000001
btc-updown-5m-1788489000,1788489300,Up,0.905,True,15,0.9
btc-updown-5m-1788488400,1788488700,Down,0.795,True,19,0.75
btc-updown-5m-1788489300,1788489600,Down,0.855,False,19,0.8500000000000001
btc-updown-5m-1788489900,1788490200,Down,0.905,True,19,0.9
btc-updown-5m-1788490500,1788490800,Up,0.815,True,20,0.8
btc-updown-5m-1788489600,1788489900,Down,0.605,True,17,0.6000000000000001
btc-updown-5m-1788490200,1788490500,Up,0.755,True,18,0.75
btc-updown-5m-1788491100,1788491400,Up,0.855,True,16,0.8500000000000001
btc-updown-5m-1788490800,1788491100,Up,0.915,True,18,0.9
btc-updown-5m-1788491400,1788491700,Down,0.685,True,17,0.65
btc-updown-5m-1788491700,1788492000,Down,0.795,True,15,0.75
btc-updown-5m-1788492000,1788492300,Up,0.775,True,17,0.75
btc-updown-5m-1788492300,1788492600,Down,0.765,True,16,0.75
btc-updown-5m-1788483300,1788483600,Down,0.765,True,18,0.75
btc-updown-5m-1788483000,1788483300,Down,0.855,True,16,0.8500000000000001
btc-updown-5m-1788492600,1788492900,Down,0.585,True,20,0.55
btc-updown-5m-1788492900,1788493200,Up,0.62,True,14,0.6000000000000001
btc-updown-5m-1788493200,1788493500,Down,0.665,False,21,0.65
btc-updown-5m-1788464700,1788465000,Up,0.905,False,16,0.9
btc-updown-5m-1788466200,1788466500,Down,0.505,True,20,0.5
btc-updown-5m-1788463200,1788463500,Up,0.5,True,21,0.45
btc-updown-5m-1788466500,1788466800,Up,0.505,False,19,0.5
btc-updown-5m-1788494700,1788495000,Up,0.835,True,3,0.8
btc-updown-5m-1788463500,1788463800,Up,0.5,True,20,0.45
btc-updown-5m-1788494400,1788494700,Down,0.905,True,15,0.9
btc-updown-5m-1788485700,1788486000,Up,0.915,True,8,0.9
btc-updown-5m-1788494100,1788494400,Down,0.905,True,15,0.9
btc-updown-5m-1788495600,1788495900,Up,0.635,True,20,0.6000000000000001
btc-updown-5m-1788486000,1788486300,Down,0.825,True,15,0.8
btc-updown-5m-1788496200,1788496500,Down,0.925,True,20,0.9
btc-updown-5m-1788496800,1788497100,Up,0.885,False,16,0.8500000000000001
btc-updown-5m-1788495900,1788496200,Up,0.765,True,18,0.75
btc-updown-5m-1788497400,1788497700,Down,0.645,False,15,0.6000000000000001
btc-updown-5m-1788497100,1788497400,Up,0.935,True,16,0.9
btc-updown-5m-1788496500,1788496800,Down,0.825,True,16,0.8
btc-updown-5m-1788497700,1788498000,Up,0.705,False,15,0.7000000000000001
btc-updown-5m-1788498600,1788498900,Down,0.915,True,4,0.9
btc-updown-5m-1788499500,1788499800,Down,0.605,True,16,0.6000000000000001
btc-updown-5m-1788500100,1788500400,Up,0.555,False,18,0.55
btc-updown-5m-1788499800,1788500100,Down,0.945,True,21,0.9
btc-updown-5m-1788500400,1788500700,Up,0.705,True,16,0.7000000000000001
btc-updown-5m-1788501300,1788501600,Up,0.985,True,9,0.9500000000000001
btc-updown-5m-1788501600,1788501900,Down,0.815,True,21,0.8
btc-updown-5m-1788502500,1788502800,Down,0.7150000000000001,True,6,0.7000000000000001
btc-updown-5m-1788502800,1788503100,Down,0.745,True,18,0.7000000000000001
btc-updown-5m-1788503100,1788503400,Down,0.955,True,14,0.9500000000000001
btc-updown-5m-1788503700,1788504000,Down,0.795,False,17,0.75
btc-updown-5m-1788504000,1788504300,Up,0.905,True,15,0.9
btc-updown-5m-1788493800,1788494100,Down,0.565,False,18,0.55
btc-updown-5m-1788503400,1788503700,Up,0.675,False,18,0.65
btc-updown-5m-1788504300,1788504600,Down,0.735,True,15,0.7000000000000001
btc-updown-5m-1788495000,1788495300,Up,0.765,True,17,0.75
btc-updown-5m-1788495300,1788495600,Up,0.965,True,2,0.9500000000000001
btc-updown-5m-1788504600,1788504900,Down,0.855,True,20,0.8500000000000001
btc-updown-5m-1788505200,1788505500,Up,0.855,True,21,0.8500000000000001
btc-updown-5m-1788505800,1788506100,Up,0.775,True,16,0.75
btc-updown-5m-1788498900,1788499200,Down,0.845,False,15,0.8
btc-updown-5m-1788506400,1788506700,Down,0.835,True,19,0.8
btc-updown-5m-1788499200,1788499500,Down,0.875,True,17,0.8500000000000001
btc-updown-5m-1788507300,1788507600,Down,0.965,True,0,0.9500000000000001
btc-updown-5m-1788501000,1788501300,Down,0.7150000000000001,True,20,0.7000000000000001
btc-updown-5m-1788507000,1788507300,Down,0.5449999999999999,True,19,0.5
btc-updown-5m-1788501900,1788502200,Up,0.535,True,20,0.5
btc-updown-5m-1788508200,1788508500,Down,0.855,True,18,0.8500000000000001
btc-updown-5m-1788508500,1788508800,Down,0.895,True,16,0.8500000000000001
btc-updown-5m-1788509100,1788509400,Up,0.865,True,21,0.8500000000000001
btc-updown-5m-1788509400,1788509700,Up,0.545,True,16,0.5
btc-updown-5m-1788509700,1788510000,Up,0.875,True,17,0.8500000000000001
btc-updown-5m-1788510000,1788510300,Down,0.645,False,18,0.6000000000000001
btc-updown-5m-1788493500,1788493800,Up,0.695,True,19,0.65
btc-updown-5m-1788510300,1788510600,Up,0.835,True,22,0.8
btc-updown-5m-1788504900,1788505200,Down,0.5449999999999999,False,5,0.5
btc-updown-5m-1788510600,1788510900,Up,0.685,True,15,0.65
btc-updown-5m-1788510900,1788511200,Down,0.745,False,18,0.7000000000000001
btc-updown-5m-1788511200,1788511500,Up,0.695,False,19,0.65
btc-updown-5m-1788511500,1788511800,Up,0.725,True,21,0.7000000000000001
btc-updown-5m-1788506100,1788506400,Down,0.955,True,17,0.9500000000000001
btc-updown-5m-1788498000,1788498300,Down,0.935,True,16,0.9
btc-updown-5m-1788512400,1788512700,Down,0.575,False,18,0.55
btc-updown-5m-1788513000,1788513300,Up,0.765,False,17,0.75
btc-updown-5m-1788513300,1788513600,Up,0.975,True,18,0.9500000000000001
btc-updown-5m-1788507900,1788508200,Down,0.905,True,15,0.9
btc-updown-5m-1788513900,1788514200,Down,0.525,False,16,0.5
btc-updown-5m-1788502200,1788502500,Up,0.955,True,20,0.9500000000000001
btc-updown-5m-1788514200,1788514500,Down,0.575,False,15,0.55
btc-updown-5m-1788514800,1788515100,Up,0.545,False,17,0.5
btc-updown-5m-1788515400,1788515700,Down,0.815,True,16,0.8
btc-updown-5m-1788515700,1788516000,Up,0.735,False,15,0.7000000000000001
btc-updown-5m-1788516000,1788516300,Up,0.505,True,18,0.5
btc-updown-5m-1788516600,1788516900,Up,0.915,True,14,0.9
btc-updown-5m-1788516900,1788517200,Down,0.635,True,19,0.6000000000000001
btc-updown-5m-1788517200,1788517500,Down,0.505,True,16,0.5
btc-updown-5m-1788505500,1788505800,Down,0.5800000000000001,False,20,0.55
btc-updown-5m-1788517500,1788517800,Up,0.685,True,17,0.65
btc-updown-5m-1788498300,1788498600,Up,0.605,True,17,0.6000000000000001
btc-updown-5m-1788511800,1788512100,Down,0.5449999999999999,False,19,0.5
btc-updown-5m-1788517800,1788518100,Up,0.615,True,17,0.6000000000000001
btc-updown-5m-1788512100,1788512400,Down,0.905,True,21,0.9
btc-updown-5m-1788518100,1788518400,Up,0.795,True,17,0.75
btc-updown-5m-1788506700,1788507000,Down,0.585,False,17,0.55
btc-updown-5m-1788518400,1788518700,Down,0.645,True,15,0.6000000000000001
btc-updown-5m-1788513600,1788513900,Down,0.995,True,4,0.9500000000000001
btc-updown-5m-1788519600,1788519900,Down,0.935,True,21,0.9
btc-updown-5m-1788519900,1788520200,Up,0.865,True,18,0.8500000000000001
btc-updown-5m-1788520500,1788520800,Up,0.525,False,19,0.5
btc-updown-5m-1788515100,1788515400,Up,0.515,False,18,0.5
btc-updown-5m-1788520800,1788521100,Up,0.965,True,2,0.9500000000000001
btc-updown-5m-1788521400,1788521700,Down,0.915,True,21,0.9
btc-updown-5m-1788521700,1788522000,Up,0.565,True,15,0.55
btc-updown-5m-1788522000,1788522300,Down,0.845,True,16,0.8
btc-updown-5m-1788463800,1788464100,Up,0.5,False,15,0.45
btc-updown-5m-1788522900,1788523200,Up,0.505,False,15,0.5
btc-updown-5m-1788523200,1788523500,Down,0.925,True,1,0.9
btc-updown-5m-1788523500,1788523800,Down,0.875,False,15,0.8500000000000001
btc-updown-5m-1788523800,1788524100,Down,0.945,True,2,0.9
btc-updown-5m-1788524100,1788524400,Down,0.875,True,16,0.8500000000000001
btc-updown-5m-1788524400,1788524700,Up,0.775,True,17,0.75
btc-updown-5m-1788524700,1788525000,Up,0.815,True,21,0.8
btc-updown-5m-1788512700,1788513000,Down,0.765,True,21,0.75
btc-updown-5m-1788525600,1788525900,Up,0.795,False,15,0.75
btc-updown-5m-1788525000,1788525300,Down,0.995,True,18,0.9500000000000001
btc-updown-5m-1788518700,1788519000,Up,0.705,True,21,0.7000000000000001
btc-updown-5m-1788525300,1788525600,Down,0.895,True,16,0.8500000000000001
btc-updown-5m-1788507600,1788507900,Up,0.52,True,19,0.5
btc-updown-5m-1788520200,1788520500,Down,0.785,False,17,0.75
btc-updown-5m-1788514500,1788514800,Up,0.815,True,18,0.8
btc-updown-5m-1788508800,1788509100,Down,0.605,True,16,0.6000000000000001
btc-updown-5m-1788521100,1788521400,Up,0.725,True,17,0.7000000000000001
btc-updown-5m-1788527700,1788528000,Up,0.885,True,16,0.8500000000000001
btc-updown-5m-1788528000,1788528300,Up,0.855,True,2,0.8500000000000001
btc-updown-5m-1788465300,1788465600,Up,0.915,True,16,0.9
btc-updown-5m-1788528900,1788529200,Down,0.955,False,15,0.9500000000000001
btc-updown-5m-1788529200,1788529500,Up,0.695,True,17,0.65
btc-updown-5m-1788529500,1788529800,Up,0.925,True,19,0.9
btc-updown-5m-1788529800,1788530100,Down,0.7150000000000001,True,14,0.7000000000000001
btc-updown-5m-1788530400,1788530700,Up,0.875,True,20,0.8500000000000001
btc-updown-5m-1788530100,1788530400,Up,0.695,True,14,0.65
btc-updown-5m-1788530700,1788531000,Down,0.515,True,17,0.5
btc-updown-5m-1788531000,1788531300,Up,0.675,True,16,0.65
btc-updown-5m-1788531300,1788531600,Down,0.795,True,16,0.75
btc-updown-5m-1788500700,1788501000,Up,0.525,False,18,0.5
btc-updown-5m-1788519300,1788519600,Up,0.935,True,17,0.9
btc-updown-5m-1788531600,1788531900,Down,0.635,False,16,0.6000000000000001
btc-updown-5m-1788519000,1788519300,Down,0.885,True,19,0.8500000000000001
btc-updown-5m-1788532200,1788532500,Up,0.615,False,10,0.6000000000000001
btc-updown-5m-1788526200,1788526500,Up,0.585,True,18,0.55
btc-updown-5m-1788532500,1788532800,Down,0.745,True,16,0.7000000000000001
btc-updown-5m-1788532800,1788533100,Down,0.815,True,16,0.8
btc-updown-5m-1788527400,1788527700,Down,0.745,True,16,0.7000000000000001
btc-updown-5m-1788522600,1788522900,Up,0.905,True,18,0.9
btc-updown-5m-1788528300,1788528600,Up,0.515,False,12,0.5
btc-updown-5m-1788534600,1788534900,Down,0.735,False,7,0.7000000000000001
btc-updown-5m-1788461400,1788461700,Up,0.505,True,22,0.5
btc-updown-5m-1788535200,1788535500,Down,0.7050000000000001,True,16,0.7000000000000001
btc-updown-5m-1788535500,1788535800,Up,0.925,True,20,0.9
btc-updown-5m-1788536100,1788536400,Up,0.89,True,16,0.8500000000000001
btc-updown-5m-1788536400,1788536700,Up,0.765,True,17,0.75
btc-updown-5m-1788536700,1788537000,Down,0.685,True,19,0.65
btc-updown-5m-1788537000,1788537300,Up,0.695,False,17,0.65
btc-updown-5m-1788537600,1788537900,Down,0.635,False,5,0.6000000000000001
btc-updown-5m-1788537300,1788537600,Down,0.5449999999999999,True,19,0.5
btc-updown-5m-1788525900,1788526200,Down,0.975,True,21,0.9500000000000001
btc-updown-5m-1788531900,1788532200,Up,0.595,True,17,0.55
btc-updown-5m-1788537900,1788538200,Down,0.605,False,14,0.6000000000000001
btc-updown-5m-1788538200,1788538500,Up,0.625,False,16,0.6000000000000001
btc-updown-5m-1788538800,1788539100,Up,0.665,True,78,0.65
btc-updown-5m-1788539400,1788539700,Up,0.695,True,16,0.65
btc-updown-5m-1788533100,1788533400,Up,0.76,False,17,0.75
btc-updown-5m-1788526500,1788526800,Down,0.965,True,18,0.9500000000000001
btc-updown-5m-1788533700,1788534000,Up,0.945,True,14,0.9
btc-updown-5m-1788516300,1788516600,Down,0.915,True,20,0.9
btc-updown-5m-1788534000,1788534300,Down,0.615,False,3,0.6000000000000001
btc-updown-5m-1788534900,1788535200,Up,0.755,True,19,0.75
btc-updown-5m-1788541200,1788541500,Down,0.915,True,17,0.9
btc-updown-5m-1788541800,1788542100,Down,0.655,True,14,0.65
btc-updown-5m-1788542100,1788542400,Down,0.915,True,15,0.9
btc-updown-5m-1788542700,1788543000,Down,0.505,True,19,0.5
btc-updown-5m-1788542400,1788542700,Up,0.775,False,16,0.75
btc-updown-5m-1788543000,1788543300,Up,0.645,False,14,0.6000000000000001
btc-updown-5m-1788543300,1788543600,Down,0.765,False,14,0.75
btc-updown-5m-1788544200,1788544500,Down,0.835,True,15,0.8
btc-updown-5m-1788543600,1788543900,Down,0.785,True,16,0.75
btc-updown-5m-1788538500,1788538800,Down,0.5549999999999999,False,17,0.55
btc-updown-5m-1788543900,1788544200,Down,0.735,True,16,0.7000000000000001
btc-updown-5m-1788544500,1788544800,Up,0.875,True,16,0.8500000000000001
btc-updown-5m-1788544800,1788545100,Up,0.955,True,17,0.9500000000000001
btc-updown-5m-1788539100,1788539400,Down,0.655,False,18,0.65
btc-updown-5m-1788527100,1788527400,Down,0.755,True,19,0.75
btc-updown-5m-1788545400,1788545700,Up,0.535,False,17,0.5
btc-updown-5m-1788526800,1788527100,Up,0.785,False,16,0.75
btc-updown-5m-1788540300,1788540600,Down,0.885,True,14,0.8500000000000001
btc-updown-5m-1788522300,1788522600,Up,0.515,True,13,0.5
btc-updown-5m-1788462900,1788463200,Up,0.5,True,14,0.45
btc-updown-5m-1788374100,1788374400,Down,0.905,True,18,0.9
btc-updown-5m-1788535800,1788536100,Down,0.735,True,17,0.7000000000000001
btc-updown-5m-1788541500,1788541800,Up,0.565,True,15,0.55
btc-updown-5m-1788375600,1788375900,Down,0.845,True,16,0.8
btc-updown-5m-1788375900,1788376200,Up,0.545,True,20,0.5
btc-updown-5m-1788376200,1788376500,Down,0.915,True,16,0.9
btc-updown-5m-1788376800,1788377100,Down,0.835,True,17,0.8
btc-updown-5m-1788376500,1788376800,Down,0.595,True,16,0.55
btc-updown-5m-1788377100,1788377400,Down,0.785,True,16,0.75
btc-updown-5m-1788539700,1788540000,Up,0.885,True,15,0.8500000000000001
btc-updown-5m-1788545700,1788546000,Up,0.915,True,5,0.9
btc-updown-5m-1788377400,1788377700,Down,0.8049999999999999,True,18,0.8
btc-updown-5m-1788533400,1788533700,Up,0.895,True,15,0.8500000000000001
btc-updown-5m-1788545100,1788545400,Up,0.725,False,16,0.7000000000000001
btc-updown-5m-1788377700,1788378000,Up,0.655,True,15,0.65
btc-updown-5m-1788540000,1788540300,Up,0.975,True,17,0.9500000000000001
btc-updown-5m-1788378000,1788378300,Up,0.935,True,18,0.9
btc-updown-5m-1788373200,1788373500,Down,0.795,True,21,0.75
btc-updown-5m-1788534300,1788534600,Up,0.675,True,15,0.65
btc-updown-5m-1788373800,1788374100,Up,0.625,False,19,0.6000000000000001
btc-updown-5m-1788373500,1788373800,Up,0.735,True,21,0.7000000000000001
btc-updown-5m-1788380100,1788380400,Down,0.935,True,21,0.9
btc-updown-5m-1788379200,1788379500,Up,0.835,True,20,0.8
btc-updown-5m-1788380700,1788381000,Down,0.735,True,17,0.7000000000000001
btc-updown-5m-1788375300,1788375600,Up,0.735,True,16,0.7000000000000001
btc-updown-5m-1788381600,1788381900,Down,0.935,True,17,0.9
btc-updown-5m-1788381900,1788382200,Down,0.575,False,16,0.55
btc-updown-5m-1788382200,1788382500,Down,0.785,False,8,0.75
btc-updown-5m-1788382800,1788383100,Down,0.965,True,15,0.9500000000000001
btc-updown-5m-1788383100,1788383400,Down,0.745,True,16,0.7000000000000001
btc-updown-5m-1788383700,1788384000,Down,0.845,True,16,0.8
btc-updown-5m-1788383400,1788383700,Up,0.755,True,16,0.75
btc-updown-5m-1788384300,1788384600,Down,0.865,True,19,0.8500000000000001
btc-updown-5m-1788384000,1788384300,Up,0.715,True,14,0.7000000000000001
btc-updown-5m-1788384600,1788384900,Down,0.845,True,14,0.8
btc-updown-5m-1788384900,1788385200,Up,0.925,True,17,0.9
btc-updown-5m-1788378300,1788378600,Up,0.735,False,17,0.7000000000000001
btc-updown-5m-1788385200,1788385500,Up,0.735,True,18,0.7000000000000001
btc-updown-5m-1788385500,1788385800,Down,0.935,True,14,0.9
btc-updown-5m-1788385800,1788386100,Up,0.735,True,19,0.7000000000000001
btc-updown-5m-1788386100,1788386400,Up,0.665,False,7,0.65
btc-updown-5m-1788374400,1788374700,Up,0.675,False,16,0.65
btc-updown-5m-1788379800,1788380100,Down,0.685,True,17,0.65
btc-updown-5m-1788381000,1788381300,Up,0.595,True,13,0.55
btc-updown-5m-1788375000,1788375300,Down,0.825,True,21,0.8
btc-updown-5m-1788381300,1788381600,Up,0.725,True,16,0.7000000000000001
btc-updown-5m-1788382500,1788382800,Down,0.595,True,13,0.55
btc-updown-5m-1788388800,1788389100,Down,0.565,False,13,0.55
btc-updown-5m-1788389100,1788389400,Down,0.735,True,16,0.7000000000000001
btc-updown-5m-1788389400,1788389700,Up,0.675,False,21,0.65
btc-updown-5m-1788389700,1788390000,Up,0.585,True,17,0.55
btc-updown-5m-1788390000,1788390300,Up,0.545,True,16,0.5
btc-updown-5m-1788390600,1788390900,Up,0.625,True,13,0.6000000000000001
btc-updown-5m-1788390300,1788390600,Up,0.945,True,14,0.9
btc-updown-5m-1788390900,1788391200,Down,0.865,True,16,0.8500000000000001
btc-updown-5m-1788391200,1788391500,Down,0.5549999999999999,False,14,0.55
btc-updown-5m-1788464400,1788464700,Up,0.925,True,17,0.9
btc-updown-5m-1788391500,1788391800,Up,0.855,True,6,0.8500000000000001
btc-updown-5m-1788540900,1788541200,Up,0.715,True,15,0.7000000000000001
btc-updown-5m-1788391800,1788392100,Up,0.905,False,16,0.9
btc-updown-5m-1788374700,1788375000,Down,0.565,False,17,0.55
btc-updown-5m-1788540600,1788540900,Up,0.785,False,14,0.75
btc-updown-5m-1788380400,1788380700,Up,0.985,True,15,0.9500000000000001
btc-updown-5m-1788393000,1788393300,Up,0.985,True,13,0.9500000000000001
btc-updown-5m-1788378600,1788378900,Up,0.935,False,15,0.9
btc-updown-5m-1788393300,1788393600,Up,0.625,True,4,0.6000000000000001
btc-updown-5m-1788388500,1788388800,Up,0.745,True,17,0.7000000000000001
btc-updown-5m-1788394200,1788394500,Up,0.725,False,8,0.7000000000000001
btc-updown-5m-1788394800,1788395100,Down,0.755,True,19,0.75
btc-updown-5m-1788395100,1788395400,Down,0.785,True,15,0.75
btc-updown-5m-1788396000,1788396300,Up,0.645,True,15,0.6000000000000001
btc-updown-5m-1788395700,1788396000,Down,0.7050000000000001,False,15,0.7000000000000001
btc-updown-5m-1788396600,1788396900,Down,0.595,True,18,0.55
btc-updown-5m-1788396300,1788396600,Up,0.625,True,14,0.6000000000000001
btc-updown-5m-1788396900,1788397200,Down,0.865,False,18,0.8500000000000001
btc-updown-5m-1788465000,1788465300,Up,0.935,True,18,0.9
btc-updown-5m-1788465900,1788466200,Down,0.505,False,16,0.5
btc-updown-5m-1788397500,1788397800,Up,0.965,True,13,0.9500000000000001
btc-updown-5m-1788465600,1788465900,Down,0.525,True,20,0.5
btc-updown-5m-1788528600,1788528900,Up,0.845,False,17,0.8
btc-updown-5m-1788398100,1788398400,Down,0.785,True,15,0.75
btc-updown-5m-1788398400,1788398700,Down,0.635,False,16,0.6000000000000001
btc-updown-5m-1788379500,1788379800,Up,0.835,False,16,0.8
btc-updown-5m-1788398700,1788399000,Down,0.665,True,3,0.65
btc-updown-5m-1788399600,1788399900,Down,0.895,True,20,0.8500000000000001
btc-updown-5m-1788387300,1788387600,Down,0.635,True,17,0.6000000000000001
btc-updown-5m-1788388200,1788388500,Up,0.825,True,17,0.8
btc-updown-5m-1788400500,1788400800,Down,0.595,True,19,0.55
btc-updown-5m-1788394500,1788394800,Down,0.935,True,15,0.9
btc-updown-5m-1788395400,1788395700,Down,0.5449999999999999,True,13,0.5
btc-updown-5m-1788401400,1788401700,Up,0.965,True,18,0.9500000000000001
btc-updown-5m-1788402000,1788402300,Down,0.565,False,13,0.55
btc-updown-5m-1788402300,1788402600,Down,0.8049999999999999,False,15,0.8
btc-updown-5m-1788402900,1788403200,Down,0.625,True,13,0.6000000000000001
btc-updown-5m-1788403200,1788403500,Up,0.915,True,22,0.9
btc-updown-5m-1788402600,1788402900,Up,0.895,True,16,0.8500000000000001
btc-updown-5m-1788397200,1788397500,Down,0.945,False,18,0.9
btc-updown-5m-1788403500,1788403800,Down,0.6799999999999999,False,19,0.65
btc-updown-5m-1788397800,1788398100,Up,0.515,True,14,0.5
btc-updown-5m-1788403800,1788404100,Up,0.745,True,18,0.7000000000000001
btc-updown-5m-1788404100,1788404400,Down,0.815,True,17,0.8
btc-updown-5m-1788404700,1788405000,Down,0.665,True,1,0.65
btc-updown-5m-1788399300,1788399600,Down,0.995,True,16,0.9500000000000001
btc-updown-5m-1788387000,1788387300,Up,0.575,True,13,0.55
btc-updown-5m-1788386700,1788387000,Down,0.935,True,14,0.9
btc-updown-5m-1788387900,1788388200,Down,0.615,True,18,0.6000000000000001
btc-updown-5m-1788406200,1788406500,Up,0.575,False,21,0.55
btc-updown-5m-1788387600,1788387900,Down,0.905,True,2,0.9
btc-updown-5m-1788400800,1788401100,Down,0.8049999999999999,True,7,0.8
btc-updown-5m-1788401100,1788401400,Up,0.655,False,10,0.65
btc-updown-5m-1788401700,1788402000,Down,0.525,False,18,0.5
btc-updown-5m-1788407700,1788408000,Down,0.615,True,20,0.6000000000000001
btc-updown-5m-1788408300,1788408600,Down,0.505,False,21,0.5
btc-updown-5m-1788408900,1788409200,Down,0.625,True,17,0.6000000000000001
btc-updown-5m-1788408600,1788408900,Down,0.685,True,21,0.65
btc-updown-5m-1788409200,1788409500,Down,0.5700000000000001,False,17,0.55
btc-updown-5m-1788409500,1788409800,Down,0.7050000000000001,True,18,0.7000000000000001
btc-updown-5m-1788409800,1788410100,Up,0.685,True,22,0.65
btc-updown-5m-1788410700,1788411000,Up,0.955,True,18,0.9500000000000001
btc-updown-5m-1788404400,1788404700,Down,0.865,True,21,0.8500000000000001
btc-updown-5m-1788410400,1788410700,Down,0.645,True,18,0.6000000000000001
btc-updown-5m-1788410100,1788410400,Down,0.795,True,17,0.75
btc-updown-5m-1788399000,1788399300,Up,0.915,True,17,0.9
btc-updown-5m-1788405000,1788405300,Down,0.655,False,11,0.65
btc-updown-5m-1788378900,1788379200,Up,0.585,True,14,0.55
btc-updown-5m-1788392700,1788393000,Up,0.935,True,16,0.9
btc-updown-5m-1788412200,1788412500,Down,0.855,True,15,0.8500000000000001
btc-updown-5m-1788393600,1788393900,Down,0.585,False,15,0.55
btc-updown-5m-1788407100,1788407400,Down,0.605,False,16,0.6000000000000001
btc-updown-5m-1788413400,1788413700,Up,0.895,True,18,0.8500000000000001
btc-updown-5m-1788414000,1788414300,Up,0.675,True,18,0.65
btc-updown-5m-1788408000,1788408300,Down,0.505,False,16,0.5
btc-updown-5m-1788407400,1788407700,Up,0.745,True,17,0.7000000000000001
btc-updown-5m-1788414600,1788414900,Up,0.985,True,18,0.9500000000000001
btc-updown-5m-1788411900,1788412200,Down,0.835,True,17,0.8
btc-updown-5m-1788415500,1788415800,Down,0.615,True,8,0.6000000000000001
btc-updown-5m-1788415200,1788415500,Down,0.885,True,19,0.8500000000000001
btc-updown-5m-1788415800,1788416100,Down,0.635,True,4,0.6000000000000001
btc-updown-5m-1788416100,1788416400,Up,0.785,True,17,0.75
btc-updown-5m-1788416400,1788416700,Up,0.555,True,18,0.55
btc-updown-5m-1788416700,1788417000,Down,0.645,True,16,0.6000000000000001
btc-updown-5m-1788417000,1788417300,Down,0.625,False,16,0.6000000000000001
btc-updown-5m-1788405600,1788405900,Down,0.915,True,10,0.9
btc-updown-5m-1788411000,1788411300,Up,0.945,True,16,0.9
btc-updown-5m-1788386400,1788386700,Down,0.745,True,6,0.7000000000000001
btc-updown-5m-1788405300,1788405600,Down,0.735,False,18,0.7000000000000001
btc-updown-5m-1788412500,1788412800,Down,0.625,True,21,0.6000000000000001
btc-updown-5m-1788418200,1788418500,Up,0.665,False,15,0.65
btc-updown-5m-1788412800,1788413100,Down,0.975,True,20,0.9500000000000001
btc-updown-5m-1788406500,1788406800,Down,0.755,True,17,0.75
btc-updown-5m-1788419100,1788419400,Up,0.645,False,19,0.6000000000000001
btc-updown-5m-1788419700,1788420000,Down,0.975,True,17,0.9500000000000001
btc-updown-5m-1788414300,1788414600,Down,0.895,False,19,0.8500000000000001
btc-updown-5m-1788420300,1788420600,Down,0.945,True,17,0.9
btc-updown-5m-1788420600,1788420900,Down,0.935,True,21,0.9
btc-updown-5m-1788414900,1788415200,Up,0.965,True,18,0.9500000000000001
btc-updown-5m-1788421200,1788421500,Up,0.975,True,22,0.9500000000000001
btc-updown-5m-1788421500,1788421800,Down,0.945,True,20,0.9
btc-updown-5m-1788421800,1788422100,Down,0.875,True,21,0.8500000000000001
btc-updown-5m-1788422400,1788422700,Up,0.935,True,7,0.9
btc-updown-5m-1788422700,1788423000,Up,0.975,True,16,0.9500000000000001
btc-updown-5m-1788423000,1788423300,Up,0.735,False,16,0.7000000000000001
btc-updown-5m-1788423600,1788423900,Down,0.835,True,17,0.8
btc-updown-5m-1788423300,1788423600,Down,0.655,False,21,0.65
btc-updown-5m-1788405900,1788406200,Up,0.625,False,2,0.6000000000000001
btc-updown-5m-1788423900,1788424200,Down,0.655,False,16,0.65
btc-updown-5m-1788392400,1788392700,Down,0.755,True,16,0.75
btc-updown-5m-1788424200,1788424500,Down,0.5349999999999999,True,19,0.5
btc-updown-5m-1788417900,1788418200,Up,0.665,True,4,0.65
btc-updown-5m-1788424800,1788425100,Down,0.825,True,17,0.8
btc-updown-5m-1788419400,1788419700,Up,0.835,True,16,0.8
btc-updown-5m-1788425100,1788425400,Up,0.535,False,3,0.5
btc-updown-5m-1788425400,1788425700,Down,0.785,False,21,0.75
btc-updown-5m-1788426600,1788426900,Up,0.935,False,16,0.9
btc-updown-5m-1788420900,1788421200,Down,0.685,False,8,0.65
btc-updown-5m-1788426900,1788427200,Up,0.755,True,19,0.75
btc-updown-5m-1788427500,1788427800,Down,0.505,True,20,0.5
btc-updown-5m-1788427200,1788427500,Down,0.655,True,12,0.65
btc-updown-5m-1788428400,1788428700,Down,0.895,True,15,0.8500000000000001
btc-updown-5m-1788427800,1788428100,Down,0.7050000000000001,True,18,0.7000000000000001
btc-updown-5m-1788422100,1788422400,Down,0.885,True,5,0.8500000000000001
btc-updown-5m-1788429000,1788429300,Up,0.61,False,21,0.6000000000000001
btc-updown-5m-1788429600,1788429900,Up,0.665,True,6,0.65
btc-updown-5m-1788429300,1788429600,Down,0.795,True,16,0.75
btc-updown-5m-1788429900,1788430200,Down,0.515,True,22,0.5
btc-updown-5m-1788417600,1788417900,Down,0.525,False,21,0.5
btc-updown-5m-1788417300,1788417600,Down,0.635,False,18,0.6000000000000001
btc-updown-5m-1788430500,1788430800,Down,0.755,False,18,0.75
btc-updown-5m-1788400200,1788400500,Up,0.635,True,20,0.6000000000000001
btc-updown-5m-1788424500,1788424800,Up,0.515,True,17,0.5
btc-updown-5m-1788406800,1788407100,Down,0.755,True,17,0.75
btc-updown-5m-1788413700,1788414000,Up,0.905,True,15,0.9
btc-updown-5m-1788420000,1788420300,Up,0.585,True,21,0.55
btc-updown-5m-1788432000,1788432300,Down,0.765,True,17,0.75
btc-updown-5m-1788432600,1788432900,Up,0.815,True,20,0.8
btc-updown-5m-1788433500,1788433800,Up,0.835,True,14,0.8
btc-updown-5m-1788433800,1788434100,Down,0.725,False,18,0.7000000000000001
btc-updown-5m-1788433200,1788433500,Up,0.775,True,18,0.75
btc-updown-5m-1788434100,1788434400,Up,0.875,True,20,0.8500000000000001
btc-updown-5m-1788428100,1788428400,Up,0.725,False,3,0.7000000000000001
btc-updown-5m-1788434400,1788434700,Down,0.845,True,16,0.8
btc-updown-5m-1788428700,1788429000,Up,0.615,False,20,0.6000000000000001
btc-updown-5m-1788434700,1788435000,Up,0.935,True,16,0.9
btc-updown-5m-1788435600,1788435900,Up,0.835,True,15,0.8
btc-updown-5m-1788435900,1788436200,Up,0.845,False,22,0.8
btc-updown-5m-1788392100,1788392400,Down,0.625,True,16,0.6000000000000001
btc-updown-5m-1788430200,1788430500,Up,0.625,False,15,0.6000000000000001
btc-updown-5m-1788411300,1788411600,Down,0.835,True,16,0.8
btc-updown-5m-1788430800,1788431100,Up,0.865,True,4,0.8500000000000001
btc-updown-5m-1788431100,1788431400,Down,0.565,True,16,0.55
btc-updown-5m-1788437100,1788437400,Up,0.535,True,20,0.5
btc-updown-5m-1788437700,1788438000,Down,0.565,True,16,0.55
btc-updown-5m-1788438000,1788438300,Down,0.735,True,2,0.7000000000000001
btc-updown-5m-1788425700,1788426000,Up,0.835,True,19,0.8
btc-updown-5m-1788438600,1788438900,Up,0.995,True,20,0.9500000000000001
btc-updown-5m-1788439200,1788439500,Down,0.825,True,22,0.8
btc-updown-5m-1788439500,1788439800,Up,0.895,True,19,0.8500000000000001
btc-updown-5m-1788440100,1788440400,Up,0.925,True,17,0.9
btc-updown-5m-1788439800,1788440100,Up,0.645,True,19,0.6000000000000001
btc-updown-5m-1788440700,1788441000,Down,0.515,True,21,0.5
btc-updown-5m-1788435000,1788435300,Down,0.755,False,3,0.75
btc-updown-5m-1788440400,1788440700,Down,0.855,True,21,0.8500000000000001
btc-updown-5m-1788441000,1788441300,Up,0.5,True,15,0.45
btc-updown-5m-1788435300,1788435600,Down,0.685,True,14,0.65
btc-updown-5m-1788442200,1788442500,Up,0.915,True,16,0.9
btc-updown-5m-1788441900,1788442200,Up,0.505,False,21,0.5
btc-updown-5m-1788441600,1788441900,Up,0.5,True,17,0.45
btc-updown-5m-1788442800,1788443100,Up,0.815,True,20,0.8
btc-updown-5m-1788436200,1788436500,Up,0.835,True,21,0.8
btc-updown-5m-1788413100,1788413400,Down,0.875,True,18,0.8500000000000001
btc-updown-5m-1788431700,1788432000,Down,0.875,True,17,0.8500000000000001
btc-updown-5m-1788443100,1788443400,Up,0.555,False,19,0.55
btc-updown-5m-1788444000,1788444300,Down,0.665,False,15,0.65
btc-updown-5m-1788426000,1788426300,Down,0.785,True,18,0.75
btc-updown-5m-1788426300,1788426600,Up,0.565,True,8,0.55
btc-updown-5m-1788432900,1788433200,Up,0.675,True,15,0.65
btc-updown-5m-1788444900,1788445200,Up,0.895,True,14,0.8500000000000001
btc-updown-5m-1788445500,1788445800,Up,0.955,True,15,0.9500000000000001
btc-updown-5m-1788445800,1788446100,Up,0.875,True,16,0.8500000000000001
btc-updown-5m-1788446100,1788446400,Down,0.605,False,17,0.6000000000000001
btc-updown-5m-1788446400,1788446700,Down,0.605,False,15,0.6000000000000001
btc-updown-5m-1788446700,1788447000,Up,0.905,True,17,0.9
btc-updown-5m-1788447000,1788447300,Down,0.945,True,18,0.9
btc-updown-5m-1788447600,1788447900,Up,0.945,True,5,0.9
btc-updown-5m-1788447300,1788447600,Up,0.735,True,19,0.7000000000000001
btc-updown-5m-1788448200,1788448500,Down,0.895,True,14,0.8500000000000001
btc-updown-5m-1788447900,1788448200,Down,0.735,True,17,0.7000000000000001
btc-updown-5m-1788448500,1788448800,Down,0.685,False,16,0.65
btc-updown-5m-1788442500,1788442800,Down,0.835,False,18,0.8
btc-updown-5m-1788449400,1788449700,Up,0.585,True,17,0.55
btc-updown-5m-1788443700,1788444000,Down,0.765,False,12,0.75
btc-updown-5m-1788449700,1788450000,Up,0.605,True,18,0.6000000000000001
btc-updown-5m-1788450300,1788450600,Down,0.945,True,21,0.9
btc-updown-5m-1788450600,1788450900,Up,0.985,True,17,0.9500000000000001
btc-updown-5m-1788444600,1788444900,Up,0.715,True,15,0.7000000000000001
btc-updown-5m-1788438900,1788439200,Down,0.6950000000000001,False,15,0.65
btc-updown-5m-1788451800,1788452100,Up,0.555,False,19,0.55
btc-updown-5m-1788445200,1788445500,Up,0.855,True,17,0.8500000000000001
btc-updown-5m-1788452400,1788452700,Up,0.885,True,15,0.8500000000000001
btc-updown-5m-1788453000,1788453300,Up,0.905,True,17,0.9
btc-updown-5m-1788452700,1788453000,Down,0.7150000000000001,True,18,0.7000000000000001
btc-updown-5m-1788453300,1788453600,Down,0.735,True,15,0.7000000000000001
btc-updown-5m-1788441300,1788441600,Up,0.505,False,15,0.5
btc-updown-5m-1788453600,1788453900,Down,0.615,True,18,0.6000000000000001
btc-updown-5m-1788454200,1788454500,Down,0.61,True,19,0.6000000000000001
btc-updown-5m-1788453900,1788454200,Up,0.895,True,10,0.8500000000000001
btc-updown-5m-1788454500,1788454800,Down,0.565,False,22,0.55
btc-updown-5m-1788449100,1788449400,Down,0.755,True,20,0.75
btc-updown-5m-1788411600,1788411900,Up,0.695,True,16,0.65
btc-updown-5m-1788454800,1788455100,Down,0.795,True,17,0.75
btc-updown-5m-1788443400,1788443700,Up,0.805,False,18,0.8
btc-updown-5m-1788455400,1788455700,Down,0.505,False,20,0.5
btc-updown-5m-1788444300,1788444600,Up,0.615,True,19,0.6000000000000001
btc-updown-5m-1788456300,1788456600,Up,0.505,True,19,0.5
btc-updown-5m-1788450900,1788451200,Up,0.605,True,17,0.6000000000000001
btc-updown-5m-1788451200,1788451500,Down,0.885,True,14,0.8500000000000001
btc-updown-5m-1788452100,1788452400,Down,0.785,True,3,0.75
btc-updown-5m-1788457800,1788458100,Up,0.505,False,6,0.5
btc-updown-5m-1788458100,1788458400,Up,0.505,False,21,0.5
btc-updown-5m-1788459300,1788459600,Up,0.505,False,21,0.5
btc-updown-5m-1788458700,1788459000,Up,0.505,True,18,0.5
btc-updown-5m-1788459000,1788459300,Up,0.505,False,21,0.5
btc-updown-5m-1788286800,1788287100,Down,0.595,False,21,0.55
btc-updown-5m-1788287700,1788288000,Down,0.955,True,19,0.9500000000000001
btc-updown-5m-1788288000,1788288300,Up,0.695,False,19,0.65
btc-updown-5m-1788436500,1788436800,Up,0.58,True,16,0.55
btc-updown-5m-1788455100,1788455400,Up,0.565,True,15,0.55
btc-updown-5m-1788287100,1788287400,Down,0.845,True,19,0.8
btc-updown-5m-1788287400,1788287700,Up,0.865,True,0,0.8500000000000001
btc-updown-5m-1788393900,1788394200,Down,0.925,True,19,0.9
btc-updown-5m-1788455700,1788456000,Up,0.505,False,19,0.5
btc-updown-5m-1788437400,1788437700,Up,0.975,True,16,0.9500000000000001
btc-updown-5m-1788418500,1788418800,Down,0.5449999999999999,False,15,0.5
btc-updown-5m-1788289200,1788289500,Up,0.775,True,19,0.75
btc-updown-5m-1788456900,1788457200,Up,0.505,True,18,0.5
btc-updown-5m-1788451500,1788451800,Down,0.605,False,20,0.6000000000000001
btc-updown-5m-1788290100,1788290400,Up,0.875,True,15,0.8500000000000001
btc-updown-5m-1788291300,1788291600,Down,0.5449999999999999,False,19,0.5
btc-updown-5m-1788291600,1788291900,Down,0.515,True,19,0.5
btc-updown-5m-1788292200,1788292500,Up,0.555,False,18,0.55
btc-updown-5m-1788291900,1788292200,Down,0.735,True,20,0.7000000000000001
btc-updown-5m-1788292500,1788292800,Up,0.845,True,17,0.8
btc-updown-5m-1788292800,1788293100,Down,0.615,True,20,0.6000000000000001
btc-updown-5m-1788293400,1788293700,Up,0.595,True,20,0.55
btc-updown-5m-1788293100,1788293400,Up,0.635,True,21,0.6000000000000001
btc-updown-5m-1788293700,1788294000,Down,0.795,False,19,0.75
btc-updown-5m-1788294000,1788294300,Down,0.7050000000000001,True,17,0.7000000000000001
btc-updown-5m-1788294300,1788294600,Down,0.8049999999999999,True,19,0.8
btc-updown-5m-1788294600,1788294900,Down,0.725,True,16,0.7000000000000001
btc-updown-5m-1788399900,1788400200,Down,0.655,True,20,0.65
btc-updown-5m-1788456000,1788456300,Down,0.505,True,20,0.5
btc-updown-5m-1788294900,1788295200,Up,0.885,True,21,0.8500000000000001
btc-updown-5m-1788436800,1788437100,Down,0.8049999999999999,True,4,0.8
btc-updown-5m-1788295500,1788295800,Down,0.745,True,19,0.7000000000000001
btc-updown-5m-1788289800,1788290100,Up,0.565,True,18,0.55
btc-updown-5m-1788438300,1788438600,Down,0.755,True,19,0.75
btc-updown-5m-1788290400,1788290700,Up,0.655,True,19,0.65
btc-updown-5m-1788458400,1788458700,Up,0.505,True,21,0.5
btc-updown-5m-1788291000,1788291300,Down,0.785,True,20,0.75
btc-updown-5m-1788297600,1788297900,Up,0.935,True,15,0.9
btc-updown-5m-1788297900,1788298200,Up,0.845,True,17,0.8
btc-updown-5m-1788298200,1788298500,Down,0.915,True,17,0.9
btc-updown-5m-1788298500,1788298800,Up,0.725,True,16,0.7000000000000001
btc-updown-5m-1788298800,1788299100,Up,0.795,True,19,0.75
btc-updown-5m-1788299400,1788299700,Up,0.975,True,1,0.9500000000000001
btc-updown-5m-1788299700,1788300000,Up,0.735,False,18,0.7000000000000001
btc-updown-5m-1788300000,1788300300,Down,0.765,False,16,0.75
btc-updown-5m-1788300300,1788300600,Down,0.905,True,7,0.9
btc-updown-5m-1788300600,1788300900,Up,0.735,True,19,0.7000000000000001
btc-updown-5m-1788300900,1788301200,Down,0.935,True,17,0.9
btc-updown-5m-1788431400,1788431700,Down,0.725,True,17,0.7000000000000001
btc-updown-5m-1788288300,1788288600,Down,0.6699999999999999,False,21,0.65
btc-updown-5m-1788288600,1788288900,Up,0.945,True,21,0.9
btc-updown-5m-1788301200,1788301500,Down,0.915,True,17,0.9
btc-updown-5m-1788456600,1788456900,Up,0.505,True,22,0.5
btc-updown-5m-1788301500,1788301800,Up,0.555,False,20,0.55
btc-updown-5m-1788302100,1788302400,Up,0.915,True,15,0.9
btc-updown-5m-1788290700,1788291000,Up,0.855,True,16,0.8500000000000001
btc-updown-5m-1788299100,1788299400,Up,0.735,True,16,0.7000000000000001
btc-updown-5m-1788305700,1788306000,Up,0.505,True,6,0.5
btc-updown-5m-1788306000,1788306300,Up,0.825,True,10,0.8
btc-updown-5m-1788306300,1788306600,Down,0.685,False,18,0.65
btc-updown-5m-1788306600,1788306900,Down,0.955,True,16,0.9500000000000001
btc-updown-5m-1788306900,1788307200,Down,0.865,True,17,0.8500000000000001
btc-updown-5m-1788450000,1788450300,Up,0.615,True,18,0.6000000000000001
btc-updown-5m-1788307200,1788307500,Up,0.615,True,21,0.6000000000000001
btc-updown-5m-1788289500,1788289800,Down,0.575,True,21,0.55
btc-updown-5m-1788295200,1788295500,Down,0.945,True,4,0.9
btc-updown-5m-1788288900,1788289200,Up,0.945,True,5,0.9
btc-updown-5m-1788295800,1788296100,Up,0.555,True,19,0.55
btc-updown-5m-1788296100,1788296400,Up,0.885,True,5,0.8500000000000001
btc-updown-5m-1788308400,1788308700,Down,0.905,True,21,0.9
btc-updown-5m-1788310200,1788310500,Down,0.635,True,21,0.6000000000000001
btc-updown-5m-1788309000,1788309300,Up,0.805,True,17,0.8
btc-updown-5m-1788310500,1788310800,Up,0.935,True,18,0.9
btc-updown-5m-1788311700,1788312000,Down,0.895,True,21,0.8500000000000001
btc-updown-5m-1788310800,1788311100,Up,0.515,False,22,0.5
btc-updown-5m-1788311100,1788311400,Down,0.825,True,17,0.8
btc-updown-5m-1788311400,1788311700,Up,0.865,True,18,0.8500000000000001
btc-updown-5m-1788312000,1788312300,Down,0.745,False,19,0.7000000000000001
btc-updown-5m-1788418800,1788419100,Up,0.705,True,20,0.7000000000000001
btc-updown-5m-1788312600,1788312900,Down,0.585,True,21,0.55
btc-updown-5m-1788313200,1788313500,Up,0.505,False,10,0.5
btc-updown-5m-1788312300,1788312600,Down,0.945,True,20,0.9
btc-updown-5m-1788307500,1788307800,Down,0.755,True,20,0.75
btc-updown-5m-1788312900,1788313200,Up,0.505,False,18,0.5
btc-updown-5m-1788308100,1788308400,Down,0.525,False,20,0.5
btc-updown-5m-1788307800,1788308100,Down,0.845,True,18,0.8
btc-updown-5m-1788301800,1788302100,Down,0.6950000000000001,True,20,0.65
btc-updown-5m-1788313800,1788314100,Up,0.505,False,21,0.5
btc-updown-5m-1788313500,1788313800,Up,0.505,False,17,0.5
btc-updown-5m-1788309300,1788309600,Down,0.915,True,17,0.9
btc-updown-5m-1788309900,1788310200,Down,0.525,True,20,0.5
btc-updown-5m-1788316200,1788316500,Up,0.505,False,17,0.5
btc-updown-5m-1788316800,1788317100,Up,0.505,False,21,0.5
btc-updown-5m-1788317100,1788317400,Up,0.505,True,21,0.5
btc-updown-5m-1788317400,1788317700,Up,0.505,True,20,0.5
btc-updown-5m-1788317700,1788318000,Up,0.505,True,5,0.5
btc-updown-5m-1788318000,1788318300,Up,0.505,True,17,0.5
btc-updown-5m-1788318300,1788318600,Up,0.505,False,19,0.5
btc-updown-5m-1788318900,1788319200,Up,0.505,True,19,0.5
btc-updown-5m-1788318600,1788318900,Up,0.505,True,19,0.5
btc-updown-5m-1788319200,1788319500,Up,0.505,False,23,0.5
btc-updown-5m-1788319500,1788319800,Up,0.505,True,22,0.5
btc-updown-5m-1788319800,1788320100,Up,0.505,False,20,0.5
btc-updown-5m-1788320400,1788320700,Up,0.5,False,21,0.45
btc-updown-5m-1788320100,1788320400,Up,0.5,True,18,0.45
btc-updown-5m-1788302400,1788302700,Down,0.725,False,21,0.7000000000000001
btc-updown-5m-1788296400,1788296700,Down,0.755,True,16,0.75
btc-updown-5m-1788296700,1788297000,Down,0.965,True,17,0.9500000000000001
btc-updown-5m-1788320700,1788321000,Up,0.5,True,20,0.45
btc-updown-5m-1788314100,1788314400,Up,0.505,True,18,0.5
btc-updown-5m-1788321600,1788321900,Up,0.5,False,7,0.45
btc-updown-5m-1788321000,1788321300,Up,0.5,False,22,0.45
btc-updown-5m-1788321900,1788322200,Up,0.5,False,21,0.45
btc-updown-5m-1788323700,1788324000,Up,0.5,True,17,0.45
btc-updown-5m-1788323400,1788323700,Up,0.5,True,21,0.45
btc-updown-5m-1788323100,1788323400,Up,0.5,True,20,0.45
btc-updown-5m-1788324000,1788324300,Up,0.5,True,22,0.45
btc-updown-5m-1788324300,1788324600,Up,0.5,True,19,0.45
btc-updown-5m-1788324600,1788324900,Up,0.5,False,22,0.45
btc-updown-5m-1788325200,1788325500,Down,0.935,True,15,0.9
btc-updown-5m-1788324900,1788325200,Down,0.5549999999999999,True,16,0.55
btc-updown-5m-1788325500,1788325800,Down,0.915,True,17,0.9
btc-updown-5m-1788325800,1788326100,Up,0.925,True,3,0.9
btc-updown-5m-1788326400,1788326700,Up,0.545,True,21,0.5
btc-updown-5m-1788326100,1788326400,Up,0.965,True,21,0.9500000000000001
btc-updown-5m-1788457200,1788457500,Up,0.505,False,19,0.5
btc-updown-5m-1788326700,1788327000,Down,0.795,False,16,0.75
btc-updown-5m-1788432300,1788432600,Up,0.755,True,21,0.75
btc-updown-5m-1788457500,1788457800,Up,0.505,True,21,0.5
btc-updown-5m-1788308700,1788309000,Down,0.885,True,20,0.8500000000000001
btc-updown-5m-1788297300,1788297600,Down,0.985,True,3,0.9500000000000001
btc-updown-5m-1788315600,1788315900,Up,0.505,True,6,0.5
btc-updown-5m-1788328200,1788328500,Down,0.845,True,20,0.8
btc-updown-5m-1788328800,1788329100,Up,0.945,True,18,0.9
btc-updown-5m-1788329100,1788329400,Down,0.735,False,20,0.7000000000000001
btc-updown-5m-1788329700,1788330000,Up,0.895,True,17,0.8500000000000001
btc-updown-5m-1788330000,1788330300,Down,0.595,True,22,0.55
btc-updown-5m-1788330300,1788330600,Up,0.915,False,18,0.9
btc-updown-5m-1788330600,1788330900,Down,0.935,True,20,0.9
btc-updown-5m-1788330900,1788331200,Up,0.845,True,18,0.8
btc-updown-5m-1788331200,1788331500,Up,0.975,True,22,0.9500000000000001
btc-updown-5m-1788331800,1788332100,Down,0.875,True,22,0.8500000000000001
btc-updown-5m-1788331500,1788331800,Down,0.825,True,17,0.8
btc-updown-5m-1788332100,1788332400,Up,0.895,True,16,0.8500000000000001
btc-updown-5m-1788332400,1788332700,Up,0.815,True,16,0.8
btc-updown-5m-1788327000,1788327300,Down,0.865,True,19,0.8500000000000001
btc-updown-5m-1788332700,1788333000,Down,0.795,True,16,0.75
btc-updown-5m-1788333000,1788333300,Up,0.955,True,17,0.9500000000000001
btc-updown-5m-1788315300,1788315600,Up,0.505,True,21,0.5
btc-updown-5m-1788333300,1788333600,Down,0.925,True,20,0.9
btc-updown-5m-1788321300,1788321600,Up,0.5,False,23,0.45
btc-updown-5m-1788333600,1788333900,Up,0.78,True,20,0.75
btc-updown-5m-1788315000,1788315300,Up,0.505,True,18,0.5
btc-updown-5m-1788316500,1788316800,Up,0.505,False,6,0.5
btc-updown-5m-1788322500,1788322800,Up,0.5,True,19,0.45
btc-updown-5m-1788329400,1788329700,Up,0.535,False,20,0.5
btc-updown-5m-1788335400,1788335700,Up,0.735,False,20,0.7000000000000001
btc-updown-5m-1788336300,1788336600,Up,0.875,True,21,0.8500000000000001
btc-updown-5m-1788336600,1788336900,Down,0.965,True,15,0.9500000000000001
btc-updown-5m-1788336900,1788337200,Up,0.845,False,14,0.8
btc-updown-5m-1788337200,1788337500,Down,0.935,True,21,0.9
btc-updown-5m-1788337800,1788338100,Down,0.965,True,17,0.9500000000000001
btc-updown-5m-1788337500,1788337800,Down,0.585,True,20,0.55
btc-updown-5m-1788338400,1788338700,Down,0.725,True,19,0.7000000000000001
btc-updown-5m-1788338100,1788338400,Up,0.575,False,13,0.55
btc-updown-5m-1788338700,1788339000,Down,0.575,True,21,0.55
btc-updown-5m-1788339300,1788339600,Up,0.715,True,16,0.7000000000000001
btc-updown-5m-1788339000,1788339300,Down,0.755,True,20,0.75
btc-updown-5m-1788297000,1788297300,Down,0.985,True,20,0.9500000000000001
btc-updown-5m-1788327300,1788327600,Up,0.675,True,16,0.65
btc-updown-5m-1788339600,1788339900,Up,0.955,True,11,0.9500000000000001
btc-updown-5m-1788314700,1788315000,Up,0.505,True,21,0.5
btc-updown-5m-1788339900,1788340200,Up,0.535,True,22,0.5
btc-updown-5m-1788340200,1788340500,Up,0.605,False,15,0.6000000000000001
btc-updown-5m-1788340800,1788341100,Down,0.875,True,4,0.8500000000000001
btc-updown-5m-1788334200,1788334500,Up,0.835,False,21,0.8
btc-updown-5m-1788341400,1788341700,Down,0.975,True,18,0.9500000000000001
btc-updown-5m-1788342000,1788342300,Up,0.715,False,17,0.7000000000000001
btc-updown-5m-1788342600,1788342900,Up,0.535,True,16,0.5
btc-updown-5m-1788343500,1788343800,Down,0.725,False,18,0.7000000000000001
btc-updown-5m-1788342900,1788343200,Up,0.795,True,17,0.75
btc-updown-5m-1788343200,1788343500,Down,0.915,True,15,0.9
btc-updown-5m-1788343800,1788344100,Down,0.5449999999999999,True,18,0.5
btc-updown-5m-1788344100,1788344400,Down,0.5549999999999999,False,16,0.55
btc-updown-5m-1788344700,1788345000,Up,0.505,False,18,0.5
btc-updown-5m-1788344400,1788344700,Up,0.605,False,17,0.6000000000000001
btc-updown-5m-1788345000,1788345300,Down,0.895,True,16,0.8500000000000001
btc-updown-5m-1788345300,1788345600,Up,0.875,False,19,0.8500000000000001
btc-updown-5m-1788345900,1788346200,Down,0.915,True,1,0.9
btc-updown-5m-1788345600,1788345900,Down,0.575,False,17,0.55
btc-updown-5m-1788327900,1788328200,Up,0.815,True,19,0.8
btc-updown-5m-1788315900,1788316200,Up,0.505,True,19,0.5
btc-updown-5m-1788322200,1788322500,Up,0.5,False,19,0.45
btc-updown-5m-1788346800,1788347100,Down,0.835,True,15,0.8
btc-updown-5m-1788346500,1788346800,Up,0.785,True,18,0.75
btc-updown-5m-1788348000,1788348300,Down,0.845,True,18,0.8
btc-updown-5m-1788342300,1788342600,Up,0.845,True,15,0.8
btc-updown-5m-1788348900,1788349200,Up,0.855,True,18,0.8500000000000001
btc-updown-5m-1788348600,1788348900,Up,0.685,True,15,0.65
btc-updown-5m-1788349500,1788349800,Down,0.725,True,19,0.7000000000000001
btc-updown-5m-1788350100,1788350400,Up,0.925,True,16,0.9
btc-updown-5m-1788350400,1788350700,Up,0.715,False,18,0.7000000000000001
btc-updown-5m-1788350700,1788351000,Down,0.675,False,17,0.65
btc-updown-5m-1788351000,1788351300,Up,0.765,True,18,0.75
btc-updown-5m-1788351300,1788351600,Up,0.885,True,15,0.8500000000000001
btc-updown-5m-1788351600,1788351900,Up,0.955,True,22,0.9500000000000001
btc-updown-5m-1788309600,1788309900,Down,0.725,False,18,0.7000000000000001
btc-updown-5m-1788327600,1788327900,Up,0.855,True,17,0.8500000000000001
btc-updown-5m-1788351900,1788352200,Up,0.675,True,18,0.65
btc-updown-5m-1788340500,1788340800,Down,0.925,True,21,0.9
btc-updown-5m-1788333900,1788334200,Down,0.725,True,15,0.7000000000000001
btc-updown-5m-1788346200,1788346500,Down,0.915,False,5,0.9
btc-updown-5m-1788328500,1788328800,Down,0.915,True,22,0.9
btc-updown-5m-1788352500,1788352800,Down,0.785,True,21,0.75
btc-updown-5m-1788352200,1788352500,Down,0.795,True,18,0.75
btc-updown-5m-1788341700,1788342000,Down,0.895,True,18,0.8500000000000001
btc-updown-5m-1788335100,1788335400,Down,0.6950000000000001,True,15,0.65
btc-updown-5m-1788353700,1788354000,Down,0.915,True,16,0.9
btc-updown-5m-1788354300,1788354600,Up,0.925,False,21,0.9
btc-updown-5m-1788355800,1788356100,Down,0.965,True,16,0.9500000000000001
btc-updown-5m-1788349200,1788349500,Down,0.735,True,16,0.7000000000000001
btc-updown-5m-1788356100,1788356400,Down,0.835,True,21,0.8
btc-updown-5m-1788356400,1788356700,Up,0.995,True,16,0.9500000000000001
btc-updown-5m-1788357000,1788357300,Down,0.575,False,18,0.55
btc-updown-5m-1788356700,1788357000,Down,0.765,True,5,0.75
btc-updown-5m-1788357300,1788357600,Up,0.565,False,19,0.55
btc-updown-5m-1788357600,1788357900,Down,0.525,True,15,0.5
btc-updown-5m-1788357900,1788358200,Up,0.945,True,17,0.9
btc-updown-5m-1788358200,1788358500,Down,0.5449999999999999,False,18,0.5
btc-updown-5m-1788314400,1788314700,Up,0.505,False,16,0.5
btc-updown-5m-1788358800,1788359100,Up,0.935,False,18,0.9
btc-updown-5m-1788358500,1788358800,Down,0.605,False,16,0.6000000000000001
btc-updown-5m-1788352800,1788353100,Up,0.635,True,17,0.6000000000000001
btc-updown-5m-1788334500,1788334800,Down,0.5549999999999999,False,20,0.55
btc-updown-5m-1788359100,1788359400,Up,0.525,True,20,0.5
btc-updown-5m-1788359400,1788359700,Down,0.965,True,17,0.9500000000000001
btc-updown-5m-1788348300,1788348600,Down,0.885,False,21,0.8500000000000001
btc-updown-5m-1788353400,1788353700,Down,0.645,True,17,0.6000000000000001
btc-updown-5m-1788360600,1788360900,Down,0.5449999999999999,True,17,0.5
btc-updown-5m-1788354900,1788355200,Up,0.745,True,18,0.7000000000000001
btc-updown-5m-1788361500,1788361800,Down,0.615,True,20,0.6000000000000001
btc-updown-5m-1788361800,1788362100,Down,0.615,True,3,0.6000000000000001
btc-updown-5m-1788362100,1788362400,Up,0.91,True,20,0.9
btc-updown-5m-1788362700,1788363000,Up,0.565,True,20,0.55
btc-updown-5m-1788362400,1788362700,Down,0.905,True,16,0.9
btc-updown-5m-1788363000,1788363300,Up,0.795,True,16,0.75
btc-updown-5m-1788363600,1788363900,Up,0.845,True,17,0.8
btc-updown-5m-1788363900,1788364200,Down,0.8,True,16,0.8
btc-updown-5m-1788364200,1788364500,Up,0.595,True,15,0.55
btc-updown-5m-1788364500,1788364800,Up,0.605,True,21,0.6000000000000001
btc-updown-5m-1788364800,1788365100,Down,0.835,True,21,0.8
btc-updown-5m-1788322800,1788323100,Up,0.5,True,22,0.45
btc-updown-5m-1788365100,1788365400,Up,0.635,True,5,0.6000000000000001
btc-updown-5m-1788365400,1788365700,Up,0.775,True,15,0.75
btc-updown-5m-1788365700,1788366000,Down,0.655,False,5,0.65
btc-updown-5m-1788347100,1788347400,Down,0.885,False,21,0.8500000000000001
btc-updown-5m-1788347700,1788348000,Down,0.775,True,20,0.75
btc-updown-5m-1788366300,1788366600,Up,0.735,False,18,0.7000000000000001
btc-updown-5m-1788366600,1788366900,Up,0.76,True,16,0.75
btc-updown-5m-1788366900,1788367200,Down,0.945,True,20,0.9
btc-updown-5m-1788361200,1788361500,Down,0.905,False,16,0.9
btc-updown-5m-1788349800,1788350100,Down,0.5349999999999999,False,15,0.5
btc-updown-5m-1788368100,1788368400,Down,0.845,True,21,0.8
btc-updown-5m-1788368400,1788368700,Up,0.525,False,18,0.5
btc-updown-5m-1788369300,1788369600,Up,0.775,False,22,0.75
btc-updown-5m-1788369000,1788369300,Up,0.825,True,16,0.8
btc-updown-5m-1788369600,1788369900,Up,0.535,True,20,0.5
btc-updown-5m-1788369900,1788370200,Up,0.545,True,20,0.5
btc-updown-5m-1788370500,1788370800,Down,0.685,True,20,0.65
btc-updown-5m-1788370800,1788371100,Up,0.555,True,17,0.55
btc-updown-5m-1788370200,1788370500,Up,0.665,True,17,0.65
btc-updown-5m-1788371100,1788371400,Up,0.955,True,19,0.9500000000000001
btc-updown-5m-1788371400,1788371700,Down,0.735,True,18,0.7000000000000001
btc-updown-5m-1788341100,1788341400,Up,0.935,True,20,0.9
btc-updown-5m-1788347400,1788347700,Up,0.545,True,2,0.5
btc-updown-5m-1788371700,1788372000,Down,0.645,False,18,0.6000000000000001
btc-updown-5m-1788372000,1788372300,Down,0.915,True,21,0.9
btc-updown-5m-1788360000,1788360300,Up,0.865,True,17,0.8500000000000001
btc-updown-5m-1788372300,1788372600,Down,0.505,False,17,0.5
btc-updown-5m-1788354000,1788354300,Up,0.955,True,17,0.9500000000000001
btc-updown-5m-1788355200,1788355500,Down,0.945,True,22,0.9
btc-updown-5m-1788201000,1788201300,Down,0.5449999999999999,True,77,0.5
btc-updown-5m-1788201300,1788201600,Up,0.915,True,16,0.9
btc-updown-5m-1788201600,1788201900,Up,0.965,True,18,0.9500000000000001
btc-updown-5m-1788202200,1788202500,Down,0.6950000000000001,True,18,0.65
btc-updown-5m-1788363300,1788363600,Down,0.815,True,20,0.8
btc-updown-5m-1788202500,1788202800,Up,0.735,True,18,0.7000000000000001
btc-updown-5m-1788202800,1788203100,Up,0.765,True,19,0.75
btc-updown-5m-1788203100,1788203400,Up,0.845,True,13,0.8
btc-updown-5m-1788203400,1788203700,Down,0.795,False,18,0.75
btc-updown-5m-1788204000,1788204300,Down,0.735,False,16,0.7000000000000001
btc-updown-5m-1788203700,1788204000,Down,0.955,True,22,0.9500000000000001
btc-updown-5m-1788204300,1788204600,Down,0.825,False,17,0.8
btc-updown-5m-1788204600,1788204900,Down,0.765,True,20,0.75
btc-updown-5m-1788204900,1788205200,Up,0.845,False,17,0.8
btc-updown-5m-1788205200,1788205500,Down,0.975,True,20,0.9500000000000001
btc-updown-5m-1788205500,1788205800,Up,0.635,True,16,0.6000000000000001
btc-updown-5m-1788205800,1788206100,Down,0.875,True,19,0.8500000000000001
btc-updown-5m-1788353100,1788353400,Down,0.745,True,20,0.7000000000000001
btc-updown-5m-1788206100,1788206400,Down,0.735,False,20,0.7000000000000001
btc-updown-5m-1788354600,1788354900,Up,0.775,True,13,0.75
btc-updown-5m-1788206700,1788207000,Up,0.835,True,18,0.8
btc-updown-5m-1788207300,1788207600,Up,0.865,True,19,0.8500000000000001
btc-updown-5m-1788201900,1788202200,Down,0.975,True,16,0.9500000000000001
btc-updown-5m-1788368700,1788369000,Down,0.925,True,19,0.9
btc-updown-5m-1788208200,1788208500,Up,0.535,False,17,0.5
btc-updown-5m-1788208500,1788208800,Down,0.785,True,17,0.75
btc-updown-5m-1788208800,1788209100,Up,0.865,True,21,0.8500000000000001
btc-updown-5m-1788209100,1788209400,Up,0.655,False,18,0.65
btc-updown-5m-1788209400,1788209700,Up,0.845,True,18,0.8
btc-updown-5m-1788209700,1788210000,Down,0.835,True,20,0.8
btc-updown-5m-1788210000,1788210300,Down,0.6950000000000001,True,19,0.65
btc-updown-5m-1788210300,1788210600,Down,0.825,False,19,0.8
btc-updown-5m-1788211200,1788211500,Up,0.685,True,16,0.65
btc-updown-5m-1788210600,1788210900,Down,0.755,True,16,0.75
btc-updown-5m-1788359700,1788360000,Down,0.775,True,20,0.75
btc-updown-5m-1788211500,1788211800,Up,0.965,True,17,0.9500000000000001
btc-updown-5m-1788210900,1788211200,Down,0.635,True,15,0.6000000000000001
btc-updown-5m-1788211800,1788212100,Up,0.565,True,18,0.55
btc-updown-5m-1788212100,1788212400,Up,0.845,True,18,0.8
btc-updown-5m-1788360300,1788360600,Down,0.915,True,8,0.9
btc-updown-5m-1788367200,1788367500,Down,0.885,True,16,0.8500000000000001
btc-updown-5m-1788213000,1788213300,Down,0.775,True,21,0.75
btc-updown-5m-1788213600,1788213900,Up,0.72,False,19,0.7000000000000001
btc-updown-5m-1788207900,1788208200,Down,0.8049999999999999,True,16,0.8
btc-updown-5m-1788213900,1788214200,Up,0.895,True,6,0.8500000000000001
btc-updown-5m-1788214800,1788215100,Down,0.915,True,21,0.9
btc-updown-5m-1788215700,1788216000,Down,0.725,True,12,0.7000000000000001
btc-updown-5m-1788215100,1788215400,Down,0.645,True,21,0.6000000000000001
btc-updown-5m-1788215400,1788215700,Up,0.615,False,20,0.6000000000000001
btc-updown-5m-1788216000,1788216300,Down,0.565,True,10,0.55
btc-updown-5m-1788216300,1788216600,Down,0.935,True,22,0.9
btc-updown-5m-1788216900,1788217200,Down,0.795,True,18,0.75
btc-updown-5m-1788216600,1788216900,Down,0.595,False,20,0.55
btc-updown-5m-1788217200,1788217500,Down,0.945,True,16,0.9
btc-updown-5m-1788218100,1788218400,Up,0.52,True,22,0.5
btc-updown-5m-1788217500,1788217800,Up,0.925,True,5,0.9
btc-updown-5m-1788366000,1788366300,Up,0.585,True,16,0.55
btc-updown-5m-1788217800,1788218100,Down,0.825,True,18,0.8
btc-updown-5m-1788218400,1788218700,Up,0.505,True,19,0.5
btc-updown-5m-1788212400,1788212700,Up,0.775,True,22,0.75
btc-updown-5m-1788372900,1788373200,Up,0.645,True,20,0.6000000000000001
btc-updown-5m-1788212700,1788213000,Down,0.615,True,19,0.6000000000000001
btc-updown-5m-1788219600,1788219900,Up,0.505,True,22,0.5
btc-updown-5m-1788219000,1788219300,Up,0.505,False,17,0.5
btc-updown-5m-1788220500,1788220800,Up,0.505,True,21,0.5
btc-updown-5m-1788207600,1788207900,Up,0.535,False,17,0.5
btc-updown-5m-1788221400,1788221700,Up,0.505,True,17,0.5
btc-updown-5m-1788221700,1788222000,Up,0.505,True,17,0.5
btc-updown-5m-1788221100,1788221400,Up,0.505,True,22,0.5
btc-updown-5m-1788222000,1788222300,Up,0.505,True,22,0.5
btc-updown-5m-1788222300,1788222600,Up,0.505,True,21,0.5
btc-updown-5m-1788222600,1788222900,Up,0.505,False,23,0.5
btc-updown-5m-1788222900,1788223200,Up,0.505,True,16,0.5
btc-updown-5m-1788223200,1788223500,Up,0.505,False,14,0.5
btc-updown-5m-1788223500,1788223800,Up,0.505,True,21,0.5
btc-updown-5m-1788223800,1788224100,Up,0.505,False,19,0.5
btc-updown-5m-1788224100,1788224400,Up,0.5,False,17,0.45
btc-updown-5m-1788372600,1788372900,Up,0.535,True,17,0.5
btc-updown-5m-1788206400,1788206700,Down,0.7050000000000001,True,18,0.7000000000000001
btc-updown-5m-1788224700,1788225000,Up,0.985,True,19,0.9500000000000001
btc-updown-5m-1788355500,1788355800,Up,0.955,True,14,0.9500000000000001
btc-updown-5m-1788224400,1788224700,Up,0.5,True,20,0.45
btc-updown-5m-1788218700,1788219000,Up,0.505,True,21,0.5
btc-updown-5m-1788225000,1788225300,Down,0.825,True,5,0.8
btc-updown-5m-1788220200,1788220500,Up,0.505,True,20,0.5
btc-updown-5m-1788214200,1788214500,Down,0.725,True,17,0.7000000000000001
btc-updown-5m-1788214500,1788214800,Down,0.895,True,18,0.8500000000000001
btc-updown-5m-1788227400,1788227700,Down,0.815,True,17,0.8
btc-updown-5m-1788228000,1788228300,Down,0.895,True,18,0.8500000000000001
btc-updown-5m-1788227700,1788228000,Down,0.815,True,17,0.8
btc-updown-5m-1788228300,1788228600,Down,0.7150000000000001,True,17,0.7000000000000001
btc-updown-5m-1788228600,1788228900,Down,0.615,True,17,0.6000000000000001
btc-updown-5m-1788228900,1788229200,Up,0.575,False,17,0.55
btc-updown-5m-1788229500,1788229800,Down,0.575,True,17,0.55
btc-updown-5m-1788229200,1788229500,Up,0.825,True,16,0.8
btc-updown-5m-1788229800,1788230100,Up,0.985,True,18,0.9500000000000001
btc-updown-5m-1788336000,1788336300,Down,0.815,True,18,0.8
btc-updown-5m-1788335700,1788336000,Up,0.555,False,16,0.55
btc-updown-5m-1788230100,1788230400,Down,0.655,True,20,0.65
btc-updown-5m-1788230400,1788230700,Up,0.615,True,21,0.6000000000000001
btc-updown-5m-1788360900,1788361200,Up,0.775,False,21,0.75
btc-updown-5m-1788230700,1788231000,Up,0.595,True,19,0.55
btc-updown-5m-1788219300,1788219600,Up,0.505,False,16,0.5
btc-updown-5m-1788200700,1788201000,Down,0.825,True,4,0.8
btc-updown-5m-1788232200,1788232500,Up,0.825,False,16,0.8
btc-updown-5m-1788225300,1788225600,Down,0.735,False,17,0.7000000000000001
btc-updown-5m-1788227100,1788227400,Down,0.975,True,9,0.9500000000000001
btc-updown-5m-1788220800,1788221100,Up,0.505,True,22,0.5
btc-updown-5m-1788234000,1788234300,Down,0.505,True,2,0.5
btc-updown-5m-1788233700,1788234000,Up,0.985,True,16,0.9500000000000001
btc-updown-5m-1788234300,1788234600,Down,0.935,True,19,0.9
btc-updown-5m-1788234600,1788234900,Up,0.825,True,22,0.8
btc-updown-5m-1788235500,1788235800,Down,0.825,False,17,0.8
btc-updown-5m-1788234900,1788235200,Down,0.595,True,20,0.55
btc-updown-5m-1788235200,1788235500,Up,0.965,True,17,0.9500000000000001
btc-updown-5m-1788235800,1788236100,Down,0.745,True,21,0.7000000000000001
btc-updown-5m-1788236400,1788236700,Up,0.595,True,17,0.55
btc-updown-5m-1788236100,1788236400,Up,0.955,True,16,0.9500000000000001
btc-updown-5m-1788231000,1788231300,Up,0.865,True,17,0.8500000000000001
btc-updown-5m-1788367800,1788368100,Down,0.645,True,18,0.6000000000000001
btc-updown-5m-1788236700,1788237000,Up,0.935,True,18,0.9
btc-updown-5m-1788367500,1788367800,Down,0.675,False,21,0.65
btc-updown-5m-1788231300,1788231600,Up,0.645,True,21,0.6000000000000001
btc-updown-5m-1788213300,1788213600,Down,0.845,True,19,0.8
btc-updown-5m-1788219900,1788220200,Up,0.505,False,12,0.5
btc-updown-5m-1788231900,1788232200,Up,0.635,False,21,0.6000000000000001
btc-updown-5m-1788237600,1788237900,Down,0.915,True,18,0.9
btc-updown-5m-1788226500,1788226800,Up,0.965,True,22,0.9500000000000001
btc-updown-5m-1788240000,1788240300,Down,0.925,True,21,0.9
btc-updown-5m-1788233400,1788233700,Up,0.945,True,22,0.9
btc-updown-5m-1788240300,1788240600,Up,0.965,True,14,0.9500000000000001
btc-updown-5m-1788240600,1788240900,Up,0.715,True,19,0.7000000000000001
btc-updown-5m-1788240900,1788241200,Up,0.655,True,17,0.65
btc-updown-5m-1788241200,1788241500,Up,0.825,True,21,0.8
btc-updown-5m-1788241500,1788241800,Down,0.865,False,18,0.8500000000000001
btc-updown-5m-1788241800,1788242100,Down,0.905,True,21,0.9
btc-updown-5m-1788242100,1788242400,Up,0.705,True,15,0.7000000000000001
btc-updown-5m-1788242400,1788242700,Down,0.865,True,7,0.8500000000000001
btc-updown-5m-1788242700,1788243000,Down,0.885,True,21,0.8500000000000001
btc-updown-5m-1788243000,1788243300,Up,0.675,True,21,0.65
btc-updown-5m-1788237000,1788237300,Down,0.615,True,22,0.6000000000000001
btc-updown-5m-1788231600,1788231900,Down,0.645,False,15,0.6000000000000001
btc-updown-5m-1788243600,1788243900,Up,0.545,False,21,0.5
btc-updown-5m-1788237300,1788237600,Down,0.885,True,17,0.8500000000000001
btc-updown-5m-1788244200,1788244500,Up,0.695,True,16,0.65
btc-updown-5m-1788200400,1788200700,Down,0.935,True,17,0.9
btc-updown-5m-1788226800,1788227100,Up,0.775,True,19,0.75
btc-updown-5m-1788243300,1788243600,Down,0.945,True,16,0.9
btc-updown-5m-1788232800,1788233100,Down,0.825,True,20,0.8
btc-updown-5m-1788239700,1788240000,Up,0.675,False,15,0.65
btc-updown-5m-1788245400,1788245700,Down,0.855,True,20,0.8500000000000001
btc-updown-5m-1788246000,1788246300,Up,0.735,True,18,0.7000000000000001
btc-updown-5m-1788246300,1788246600,Down,0.745,False,21,0.7000000000000001
btc-updown-5m-1788247500,1788247800,Up,0.575,False,20,0.55
btc-updown-5m-1788247800,1788248100,Up,0.78,True,18,0.75
btc-updown-5m-1788247200,1788247500,Up,0.755,True,20,0.75
btc-updown-5m-1788248700,1788249000,Down,0.665,False,17,0.65
btc-updown-5m-1788248400,1788248700,Down,0.5549999999999999,False,19,0.55
btc-updown-5m-1788248100,1788248400,Down,0.975,True,22,0.9500000000000001
btc-updown-5m-1788249300,1788249600,Down,0.575,True,16,0.55
btc-updown-5m-1788249000,1788249300,Up,0.535,True,21,0.5
btc-updown-5m-1788207000,1788207300,Up,0.605,True,77,0.6000000000000001
btc-updown-5m-1788243900,1788244200,Up,0.735,True,18,0.7000000000000001
btc-updown-5m-1788249600,1788249900,Down,0.815,True,2,0.8
btc-updown-5m-1788249900,1788250200,Down,0.985,True,15,0.9500000000000001
btc-updown-5m-1788250200,1788250500,Up,0.545,False,17,0.5
btc-updown-5m-1788225600,1788225900,Up,0.505,False,21,0.5
btc-updown-5m-1788250500,1788250800,Up,0.695,False,17,0.65
btc-updown-5m-1788250800,1788251100,Up,0.755,False,18,0.75
btc-updown-5m-1788251700,1788252000,Up,0.755,True,16,0.75
btc-updown-5m-1788252300,1788252600,Up,0.785,False,16,0.75
btc-updown-5m-1788245700,1788246000,Down,0.835,True,18,0.8
btc-updown-5m-1788246900,1788247200,Up,0.915,True,20,0.9
btc-updown-5m-1788246600,1788246900,Down,0.935,True,14,0.9
btc-updown-5m-1788253500,1788253800,Up,0.525,True,18,0.5
btc-updown-5m-1788253800,1788254100,Down,0.815,True,12,0.8
btc-updown-5m-1788254100,1788254400,Up,0.665,True,18,0.65
btc-updown-5m-1788254400,1788254700,Up,0.875,True,16,0.8500000000000001
btc-updown-5m-1788254700,1788255000,Down,0.685,True,21,0.65
btc-updown-5m-1788255000,1788255300,Up,0.695,False,5,0.65
btc-updown-5m-1788255300,1788255600,Down,0.905,True,20,0.9
btc-updown-5m-1788255600,1788255900,Up,0.935,True,15,0.9
btc-updown-5m-1788255900,1788256200,Down,0.845,True,21,0.8
btc-updown-5m-1788237900,1788238200,Up,0.775,True,16,0.75
btc-updown-5m-1788232500,1788232800,Up,0.915,True,18,0.9
btc-updown-5m-1788256200,1788256500,Up,0.655,False,8,0.65
btc-updown-5m-1788256500,1788256800,Down,0.5800000000000001,True,22,0.55
btc-updown-5m-1788256800,1788257100,Up,0.955,True,21,0.9500000000000001
btc-updown-5m-1788226200,1788226500,Down,0.505,True,20,0.5
btc-updown-5m-1788244800,1788245100,Down,0.725,True,21,0.7000000000000001
btc-updown-5m-1788257100,1788257400,Down,0.6950000000000001,True,16,0.65
btc-updown-5m-1788258300,1788258600,Up,0.535,False,21,0.5
btc-updown-5m-1788257400,1788257700,Up,0.525,True,22,0.5
btc-updown-5m-1788252900,1788253200,Down,0.775,True,19,0.75
btc-updown-5m-1788259200,1788259500,Up,0.505,False,15,0.5
btc-updown-5m-1788259800,1788260100,Down,0.835,True,16,0.8
btc-updown-5m-1788259500,1788259800,Up,0.815,False,19,0.8
btc-updown-5m-1788260400,1788260700,Down,0.915,False,15,0.9
btc-updown-5m-1788260700,1788261000,Down,0.815,True,20,0.8
btc-updown-5m-1788261300,1788261600,Up,0.825,True,20,0.8
btc-updown-5m-1788261000,1788261300,Up,0.785,True,20,0.75
btc-updown-5m-1788261600,1788261900,Down,0.955,True,21,0.9500000000000001
btc-updown-5m-1788261900,1788262200,Down,0.525,False,5,0.5
btc-updown-5m-1788262200,1788262500,Up,0.855,True,21,0.8500000000000001
btc-updown-5m-1788262500,1788262800,Up,0.965,True,19,0.9500000000000001
btc-updown-5m-1788262800,1788263100,Up,0.515,False,20,0.5
btc-updown-5m-1788238500,1788238800,Down,0.605,True,15,0.6000000000000001
btc-updown-5m-1788244500,1788244800,Down,0.905,True,18,0.9
btc-updown-5m-1788238200,1788238500,Down,0.945,True,20,0.9
btc-updown-5m-1788263100,1788263400,Up,0.685,False,15,0.65
btc-updown-5m-1788239400,1788239700,Down,0.935,True,0,0.9
btc-updown-5m-1788257700,1788258000,Up,0.635,False,17,0.6000000000000001
btc-updown-5m-1788263400,1788263700,Up,0.935,True,21,0.9
btc-updown-5m-1788264600,1788264900,Down,0.515,True,18,0.5
btc-updown-5m-1788265200,1788265500,Down,0.655,True,21,0.65
btc-updown-5m-1788265800,1788266100,Down,0.965,True,19,0.9500000000000001
btc-updown-5m-1788266100,1788266400,Down,0.835,True,16,0.8
btc-updown-5m-1788260100,1788260400,Up,0.625,True,19,0.6000000000000001
btc-updown-5m-1788266700,1788267000,Up,0.725,True,22,0.7000000000000001
btc-updown-5m-1788267000,1788267300,Up,0.555,False,18,0.55
btc-updown-5m-1788267300,1788267600,Up,0.745,False,16,0.7000000000000001
btc-updown-5m-1788267600,1788267900,Down,0.925,True,5,0.9
btc-updown-5m-1788268200,1788268500,Up,0.685,False,18,0.65
btc-updown-5m-1788267900,1788268200,Down,0.845,True,19,0.8
btc-updown-5m-1788268500,1788268800,Up,0.605,False,21,0.6000000000000001
btc-updown-5m-1788225900,1788226200,Down,0.965,True,22,0.9500000000000001
btc-updown-5m-1788268800,1788269100,Up,0.67,False,21,0.65
btc-updown-5m-1788251400,1788251700,Down,0.5349999999999999,False,19,0.5
btc-updown-5m-1788269100,1788269400,Up,0.825,True,20,0.8
btc-updown-5m-1788239100,1788239400,Up,0.855,True,18,0.8500000000000001
btc-updown-5m-1788269400,1788269700,Up,0.655,False,19,0.65
btc-updown-5m-1788245100,1788245400,Down,0.685,True,21,0.65
btc-updown-5m-1788270300,1788270600,Up,0.705,True,19,0.7000000000000001
btc-updown-5m-1788264900,1788265200,Up,0.915,False,18,0.9
btc-updown-5m-1788253200,1788253500,Down,0.6950000000000001,True,17,0.65
btc-updown-5m-1788265500,1788265800,Up,0.875,True,19,0.8500000000000001
btc-updown-5m-1788271800,1788272100,Down,0.785,True,21,0.75
btc-updown-5m-1788272100,1788272400,Up,0.785,False,22,0.75
btc-updown-5m-1788266400,1788266700,Up,0.81,True,22,0.8
btc-updown-5m-1788272700,1788273000,Up,0.905,True,21,0.9
btc-updown-5m-1788273000,1788273300,Down,0.565,False,18,0.55
btc-updown-5m-1788273600,1788273900,Down,0.7050000000000001,True,17,0.7000000000000001
btc-updown-5m-1788274500,1788274800,Down,0.885,True,21,0.8500000000000001
btc-updown-5m-1788273900,1788274200,Up,0.735,True,21,0.7000000000000001
btc-updown-5m-1788274200,1788274500,Down,0.745,True,16,0.7000000000000001
btc-updown-5m-1788274800,1788275100,Down,0.985,True,20,0.9500000000000001
btc-updown-5m-1788275100,1788275400,Up,0.675,False,20,0.65
btc-updown-5m-1788275400,1788275700,Down,0.735,False,21,0.7000000000000001
btc-updown-5m-1788275700,1788276000,Down,0.605,False,20,0.6000000000000001
btc-updown-5m-1788251100,1788251400,Down,0.945,True,21,0.9
btc-updown-5m-1788269700,1788270000,Down,0.925,True,20,0.9
btc-updown-5m-1788233100,1788233400,Down,0.685,False,1,0.65
btc-updown-5m-1788276300,1788276600,Down,0.765,False,15,0.75
btc-updown-5m-1788258000,1788258300,Up,0.995,True,16,0.9500000000000001
btc-updown-5m-1788276600,1788276900,Down,0.8049999999999999,False,21,0.8
btc-updown-5m-1788258600,1788258900,Up,0.985,True,17,0.9500000000000001
btc-updown-5m-1788277800,1788278100,Up,0.675,False,18,0.65
btc-updown-5m-1788278100,1788278400,Down,0.6950000000000001,True,20,0.65
btc-updown-5m-1788278400,1788278700,Down,0.895,True,8,0.8500000000000001
btc-updown-5m-1788273300,1788273600,Up,0.725,True,22,0.7000000000000001
btc-updown-5m-1788279000,1788279300,Down,0.745,True,3,0.7000000000000001
btc-updown-5m-1788279300,1788279600,Up,0.55,False,15,0.55
btc-updown-5m-1788279900,1788280200,Up,0.895,True,18,0.8500000000000001
btc-updown-5m-1788280200,1788280500,Down,0.955,True,19,0.9500000000000001
btc-updown-5m-1788280500,1788280800,Down,0.965,True,15,0.9500000000000001
btc-updown-5m-1788280800,1788281100,Up,0.855,False,2,0.8500000000000001
btc-updown-5m-1788281100,1788281400,Up,0.895,True,16,0.8500000000000001
btc-updown-5m-1788281700,1788282000,Down,0.665,True,16,0.65
btc-updown-5m-1788238800,1788239100,Up,0.865,True,6,0.8500000000000001
btc-updown-5m-1788276000,1788276300,Up,0.625,False,16,0.6000000000000001
btc-updown-5m-1788281400,1788281700,Down,0.5349999999999999,False,17,0.5
btc-updown-5m-1788282300,1788282600,Down,0.865,True,16,0.8500000000000001
btc-updown-5m-1788252000,1788252300,Down,0.785,True,17,0.75
btc-updown-5m-1788264300,1788264600,Up,0.735,True,18,0.7000000000000001
btc-updown-5m-1788282900,1788283200,Down,0.845,False,16,0.8
btc-updown-5m-1788277200,1788277500,Up,0.695,True,21,0.65
btc-updown-5m-1788270900,1788271200,Up,0.595,False,21,0.55
btc-updown-5m-1788284100,1788284400,Up,0.585,False,17,0.55
btc-updown-5m-1788284400,1788284700,Up,0.505,False,22,0.5
btc-updown-5m-1788272400,1788272700,Up,0.735,True,17,0.7000000000000001
btc-updown-5m-1788285000,1788285300,Down,0.885,True,16,0.8500000000000001
btc-updown-5m-1788285300,1788285600,Down,0.515,True,16,0.5
btc-updown-5m-1788285600,1788285900,Down,0.815,True,22,0.8
btc-updown-5m-1788334800,1788335100,Up,0.885,False,22,0.8500000000000001
btc-updown-5m-1788285900,1788286200,Down,0.6950000000000001,True,20,0.65
btc-updown-5m-1788286200,1788286500,Up,0.585,True,20,0.55
btc-updown-5m-1788114300,1788114600,Up,0.505,True,18,0.5
btc-updown-5m-1788114000,1788114300,Up,0.505,False,18,0.5
btc-updown-5m-1788114600,1788114900,Up,0.985,True,19,0.9500000000000001
btc-updown-5m-1788115200,1788115500,Down,0.815,True,18,0.8
btc-updown-5m-1788282000,1788282300,Up,0.595,False,20,0.55
btc-updown-5m-1788115500,1788115800,Down,0.725,True,17,0.7000000000000001
btc-updown-5m-1788115800,1788116100,Down,0.595,True,18,0.55
btc-updown-5m-1788116100,1788116400,Up,0.545,True,17,0.5
btc-updown-5m-1788116400,1788116700,Down,0.8049999999999999,True,17,0.8
btc-updown-5m-1788276900,1788277200,Up,0.515,True,7,0.5
btc-updown-5m-1788284700,1788285000,Down,0.975,True,8,0.9500000000000001
btc-updown-5m-1788117300,1788117600,Down,0.885,True,19,0.8500000000000001
btc-updown-5m-1788278700,1788279000,Down,0.505,True,19,0.5
btc-updown-5m-1788117900,1788118200,Up,0.615,False,16,0.6000000000000001
btc-updown-5m-1788118200,1788118500,Up,0.805,False,17,0.8
btc-updown-5m-1788118500,1788118800,Down,0.905,True,16,0.9
btc-updown-5m-1788279600,1788279900,Down,0.905,True,17,0.9
btc-updown-5m-1788119100,1788119400,Up,0.525,False,17,0.5
btc-updown-5m-1788119400,1788119700,Up,0.895,True,16,0.8500000000000001
btc-updown-5m-1788119700,1788120000,Up,0.585,True,18,0.55
btc-updown-5m-1788286500,1788286800,Down,0.895,True,20,0.8500000000000001
btc-updown-5m-1788120300,1788120600,Down,0.875,True,16,0.8500000000000001
btc-updown-5m-1788114900,1788115200,Down,0.7,False,14,0.65
btc-updown-5m-1788120600,1788120900,Up,0.655,True,18,0.65
btc-updown-5m-1788120900,1788121200,Up,0.66,False,18,0.65
btc-updown-5m-1788121500,1788121800,Down,0.785,True,17,0.75
btc-updown-5m-1788264000,1788264300,Down,0.975,True,17,0.9500000000000001
btc-updown-5m-1788121800,1788122100,Down,0.995,True,16,0.9500000000000001
btc-updown-5m-1788252600,1788252900,Down,0.905,False,18,0.9
btc-updown-5m-1788122100,1788122400,Up,0.955,False,18,0.9500000000000001
btc-updown-5m-1788123000,1788123300,Up,0.875,True,19,0.8500000000000001
btc-updown-5m-1788283800,1788284100,Up,0.925,True,22,0.9
btc-updown-5m-1788123600,1788123900,Down,0.985,True,19,0.9500000000000001
btc-updown-5m-1788123900,1788124200,Down,0.675,False,17,0.65
btc-updown-5m-1788124200,1788124500,Down,0.645,False,16,0.6000000000000001
btc-updown-5m-1788124800,1788125100,Up,0.525,False,16,0.5
btc-updown-5m-1788118800,1788119100,Up,0.755,False,17,0.75
btc-updown-5m-1788125100,1788125400,Up,0.905,True,22,0.9
btc-updown-5m-1788125700,1788126000,Down,0.655,True,17,0.65
btc-updown-5m-1788120000,1788120300,Up,0.855,True,17,0.8500000000000001
btc-updown-5m-1788126000,1788126300,Down,0.815,True,16,0.8
btc-updown-5m-1788126300,1788126600,Down,0.775,True,17,0.75
btc-updown-5m-1788126900,1788127200,Up,0.835,True,4,0.8
btc-updown-5m-1788121200,1788121500,Up,0.815,True,17,0.8
btc-updown-5m-1788126600,1788126900,Up,0.775,True,19,0.75
btc-updown-5m-1788127500,1788127800,Down,0.845,True,19,0.8
btc-updown-5m-1788127800,1788128100,Down,0.895,True,15,0.8500000000000001
btc-updown-5m-1788127200,1788127500,Up,0.885,True,6,0.8500000000000001
btc-updown-5m-1788128400,1788128700,Down,0.905,True,17,0.9
btc-updown-5m-1788128700,1788129000,Down,0.845,True,22,0.8
btc-updown-5m-1788122700,1788123000,Down,0.615,False,16,0.6000000000000001
btc-updown-5m-1788116700,1788117000,Down,0.905,False,15,0.9
btc-updown-5m-1788123300,1788123600,Down,0.7150000000000001,True,16,0.7000000000000001
btc-updown-5m-1788130200,1788130500,Down,0.745,False,18,0.7000000000000001
btc-updown-5m-1788124500,1788124800,Up,0.795,True,18,0.75
btc-updown-5m-1788130500,1788130800,Up,0.845,False,16,0.8
btc-updown-5m-1788130800,1788131100,Down,0.845,True,19,0.8
btc-updown-5m-1788125400,1788125700,Up,0.695,True,6,0.65
btc-updown-5m-1788131400,1788131700,Up,0.985,True,16,0.9500000000000001
btc-updown-5m-1788131700,1788132000,Down,0.645,True,17,0.6000000000000001
btc-updown-5m-1788132300,1788132600,Up,0.755,False,20,0.75
btc-updown-5m-1788132000,1788132300,Up,0.765,False,15,0.75
btc-updown-5m-1788132600,1788132900,Up,0.685,True,16,0.65
btc-updown-5m-1788133500,1788133800,Down,0.865,True,17,0.8500000000000001
btc-updown-5m-1788133800,1788134100,Up,0.935,True,18,0.9
btc-updown-5m-1788132900,1788133200,Down,0.625,True,19,0.6000000000000001
btc-updown-5m-1788133200,1788133500,Down,0.795,True,19,0.75
btc-updown-5m-1788134100,1788134400,Up,0.845,True,18,0.8
btc-updown-5m-1788263700,1788264000,Down,0.955,True,18,0.9500000000000001
btc-updown-5m-1788129000,1788129300,Up,0.775,True,16,0.75
btc-updown-5m-1788134400,1788134700,Down,0.525,False,21,0.5
btc-updown-5m-1788134700,1788135000,Down,0.905,True,18,0.9
btc-updown-5m-1788277500,1788277800,Up,0.595,True,18,0.55
btc-updown-5m-1788129900,1788130200,Down,0.725,True,19,0.7000000000000001
btc-updown-5m-1788136200,1788136500,Up,0.785,True,18,0.75
btc-updown-5m-1788136500,1788136800,Up,0.985,True,17,0.9500000000000001
btc-updown-5m-1788136800,1788137100,Up,0.685,True,18,0.65
btc-updown-5m-1788131100,1788131400,Up,0.575,True,2,0.55
btc-updown-5m-1788137700,1788138000,Up,0.505,False,22,0.5
btc-updown-5m-1788138300,1788138600,Up,0.505,False,21,0.5
btc-updown-5m-1788138000,1788138300,Up,0.505,False,20,0.5
btc-updown-5m-1788138600,1788138900,Down,0.6950000000000001,True,16,0.65
btc-updown-5m-1788138900,1788139200,Down,0.5549999999999999,False,19,0.55
btc-updown-5m-1788139200,1788139500,Up,0.695,True,18,0.65
btc-updown-5m-1788139800,1788140100,Down,0.835,True,23,0.8
btc-updown-5m-1788139500,1788139800,Down,0.585,False,14,0.55
btc-updown-5m-1788140100,1788140400,Up,0.885,True,5,0.8500000000000001
btc-updown-5m-1788128100,1788128400,Down,0.965,True,2,0.9500000000000001
btc-updown-5m-1788122400,1788122700,Down,0.775,True,17,0.75
btc-updown-5m-1788270000,1788270300,Down,0.625,False,22,0.6000000000000001
btc-updown-5m-1788135000,1788135300,Up,0.925,True,18,0.9
btc-updown-5m-1788129300,1788129600,Down,0.8049999999999999,False,18,0.8
btc-updown-5m-1788282600,1788282900,Down,0.655,True,17,0.65
btc-updown-5m-1788141000,1788141300,Up,0.535,False,19,0.5
btc-updown-5m-1788141900,1788142200,Up,0.99,True,22,0.9500000000000001
btc-updown-5m-1788137100,1788137400,Down,0.505,True,21,0.5
btc-updown-5m-1788142800,1788143100,Down,0.615,True,18,0.6000000000000001
btc-updown-5m-1788142500,1788142800,Down,0.775,True,17,0.75
btc-updown-5m-1788143700,1788144000,Down,0.815,True,8,0.8
btc-updown-5m-1788144000,1788144300,Down,0.7050000000000001,True,22,0.7000000000000001
btc-updown-5m-1788144300,1788144600,Up,0.605,False,20,0.6000000000000001
btc-updown-5m-1788144600,1788144900,Down,0.965,True,21,0.9500000000000001
btc-updown-5m-1788144900,1788145200,Down,0.505,True,7,0.5
btc-updown-5m-1788145200,1788145500,Up,0.705,True,20,0.7000000000000001
btc-updown-5m-1788145500,1788145800,Down,0.525,False,21,0.5
btc-updown-5m-1788146400,1788146700,Up,0.915,True,22,0.9
btc-updown-5m-1788146100,1788146400,Down,0.655,True,16,0.65
btc-updown-5m-1788145800,1788146100,Up,0.865,True,21,0.8500000000000001
btc-updown-5m-1788140400,1788140700,Up,0.565,False,19,0.55
btc-updown-5m-1788135300,1788135600,Up,0.935,True,6,0.9
btc-updown-5m-1788146700,1788147000,Down,0.595,True,21,0.55
btc-updown-5m-1788135600,1788135900,Up,0.815,True,21,0.8
btc-updown-5m-1788141300,1788141600,Down,0.605,True,7,0.6000000000000001
btc-updown-5m-1788140700,1788141000,Up,0.735,False,21,0.7000000000000001
btc-updown-5m-1788147600,1788147900,Down,0.735,False,18,0.7000000000000001
btc-updown-5m-1788147900,1788148200,Down,0.5549999999999999,False,21,0.55
btc-updown-5m-1788148200,1788148500,Down,0.835,True,19,0.8
btc-updown-5m-1788148800,1788149100,Down,0.925,True,23,0.9
btc-updown-5m-1788149100,1788149400,Up,0.965,True,7,0.9500000000000001
btc-updown-5m-1788149700,1788150000,Down,0.635,True,5,0.6000000000000001
btc-updown-5m-1788150000,1788150300,Up,0.535,False,20,0.5
btc-updown-5m-1788150900,1788151200,Up,0.825,True,21,0.8
btc-updown-5m-1788150600,1788150900,Down,0.845,True,22,0.8
btc-updown-5m-1788151200,1788151500,Up,0.585,True,18,0.55
btc-updown-5m-1788151500,1788151800,Down,0.855,True,17,0.8500000000000001
btc-updown-5m-1788151800,1788152100,Down,0.505,False,20,0.5
btc-updown-5m-1788152100,1788152400,Down,0.645,False,18,0.6000000000000001
btc-updown-5m-1788152400,1788152700,Down,0.965,True,19,0.9500000000000001
btc-updown-5m-1788152700,1788153000,Up,0.765,True,18,0.75
btc-updown-5m-1788153600,1788153900,Down,0.605,False,22,0.6000000000000001
btc-updown-5m-1788153300,1788153600,Up,0.855,True,17,0.8500000000000001
btc-updown-5m-1788153000,1788153300,Up,0.715,True,18,0.7000000000000001
btc-updown-5m-1788283500,1788283800,Down,0.925,True,20,0.9
btc-updown-5m-1788129600,1788129900,Up,0.885,True,18,0.8500000000000001
btc-updown-5m-1788258900,1788259200,Up,0.565,True,19,0.55
btc-updown-5m-1788153900,1788154200,Up,0.63,False,20,0.6000000000000001
btc-updown-5m-1788148500,1788148800,Down,0.725,True,22,0.7000000000000001
btc-updown-5m-1788155400,1788155700,Up,0.755,True,20,0.75
btc-updown-5m-1788154200,1788154500,Up,0.625,True,21,0.6000000000000001
btc-updown-5m-1788150300,1788150600,Down,0.645,False,17,0.6000000000000001
btc-updown-5m-1788156000,1788156300,Up,0.595,True,21,0.55
btc-updown-5m-1788156600,1788156900,Up,0.795,True,19,0.75
btc-updown-5m-1788156300,1788156600,Down,0.955,True,18,0.9500000000000001
btc-updown-5m-1788157200,1788157500,Down,0.885,True,22,0.8500000000000001
btc-updown-5m-1788157500,1788157800,Up,0.965,True,21,0.9500000000000001
btc-updown-5m-1788157800,1788158100,Down,0.905,True,21,0.9
btc-updown-5m-1788158100,1788158400,Down,0.505,False,21,0.5
btc-updown-5m-1788158400,1788158700,Up,0.505,True,10,0.5
btc-updown-5m-1788158700,1788159000,Up,0.505,False,21,0.5
btc-updown-5m-1788159000,1788159300,Up,0.505,True,21,0.5
btc-updown-5m-1788159300,1788159600,Up,0.505,False,21,0.5
btc-updown-5m-1788117000,1788117300,Up,0.545,True,16,0.5
btc-updown-5m-1788147000,1788147300,Down,0.725,True,22,0.7000000000000001
btc-updown-5m-1788147300,1788147600,Up,0.895,True,21,0.8500000000000001
btc-updown-5m-1788117600,1788117900,Down,0.925,True,17,0.9
btc-updown-5m-1788142200,1788142500,Up,0.945,True,10,0.9
btc-updown-5m-1788160200,1788160500,Up,0.505,True,15,0.5
btc-updown-5m-1788160500,1788160800,Up,0.505,True,6,0.5
btc-updown-5m-1788160800,1788161100,Up,0.505,True,21,0.5
btc-updown-5m-1788137400,1788137700,Up,0.5,True,19,0.45
btc-updown-5m-1788162000,1788162300,Up,0.505,True,22,0.5
btc-updown-5m-1788162900,1788163200,Up,0.505,False,20,0.5
btc-updown-5m-1788156900,1788157200,Up,0.925,True,19,0.9
btc-updown-5m-1788162600,1788162900,Up,0.505,False,21,0.5
btc-updown-5m-1788163800,1788164100,Up,0.505,True,18,0.5
btc-updown-5m-1788164100,1788164400,Up,0.505,False,18,0.5
btc-updown-5m-1788164400,1788164700,Up,0.505,False,20,0.5
btc-updown-5m-1788164700,1788165000,Up,0.505,True,21,0.5
btc-updown-5m-1788165000,1788165300,Up,0.505,True,15,0.5
btc-updown-5m-1788165300,1788165600,Up,0.505,True,22,0.5
btc-updown-5m-1788270600,1788270900,Up,0.705,False,21,0.7000000000000001
btc-updown-5m-1788271200,1788271500,Up,0.955,True,20,0.9500000000000001
btc-updown-5m-1788271500,1788271800,Up,0.845,True,21,0.8
btc-updown-5m-1788165600,1788165900,Up,0.505,True,22,0.5
btc-updown-5m-1788141600,1788141900,Down,0.825,True,18,0.8
btc-updown-5m-1788159600,1788159900,Up,0.505,False,21,0.5
btc-updown-5m-1788159900,1788160200,Up,0.505,True,18,0.5
btc-updown-5m-1788165900,1788166200,Up,0.505,True,23,0.5
btc-updown-5m-1788143400,1788143700,Up,0.525,False,18,0.5
btc-updown-5m-1788166500,1788166800,Up,0.505,True,22,0.5
btc-updown-5m-1788167100,1788167400,Up,0.505,True,13,0.5
btc-updown-5m-1788168600,1788168900,Up,0.505,False,22,0.5
btc-updown-5m-1788168300,1788168600,Up,0.505,False,22,0.5
btc-updown-5m-1788163200,1788163500,Up,0.505,False,22,0.5
btc-updown-5m-1788163500,1788163800,Up,0.505,True,21,0.5
btc-updown-5m-1788169500,1788169800,Up,0.505,False,23,0.5
btc-updown-5m-1788169800,1788170100,Up,0.505,False,22,0.5
btc-updown-5m-1788170100,1788170400,Up,0.505,False,23,0.5
btc-updown-5m-1788170400,1788170700,Up,0.505,False,9,0.5
btc-updown-5m-1788171000,1788171300,Up,0.505,True,23,0.5
btc-updown-5m-1788171300,1788171600,Up,0.505,False,16,0.5
btc-updown-5m-1788171600,1788171900,Up,0.505,False,22,0.5
btc-updown-5m-1788171900,1788172200,Up,0.505,True,13,0.5
btc-updown-5m-1788172200,1788172500,Up,0.5,False,8,0.45
btc-updown-5m-1788172500,1788172800,Up,0.5,True,21,0.45
btc-updown-5m-1788172800,1788173100,Down,0.885,False,18,0.8500000000000001
btc-updown-5m-1788173100,1788173400,Up,0.685,True,19,0.65
btc-updown-5m-1788166200,1788166500,Up,0.505,True,20,0.5
btc-updown-5m-1788173400,1788173700,Up,0.895,True,14,0.8500000000000001
btc-updown-5m-1788161100,1788161400,Up,0.505,False,10,0.5
btc-updown-5m-1788149400,1788149700,Down,0.505,True,21,0.5
btc-updown-5m-1788162300,1788162600,Up,0.505,False,20,0.5
btc-updown-5m-1788174000,1788174300,Down,0.735,True,21,0.7000000000000001
btc-updown-5m-1788168900,1788169200,Up,0.505,False,22,0.5
btc-updown-5m-1788174900,1788175200,Down,0.91,True,21,0.9
btc-updown-5m-1788175200,1788175500,Down,0.875,True,22,0.8500000000000001
btc-updown-5m-1788175500,1788175800,Down,0.855,True,19,0.8500000000000001
btc-updown-5m-1788170700,1788171000,Up,0.505,False,23,0.5
btc-updown-5m-1788176100,1788176400,Down,0.905,True,16,0.9
btc-updown-5m-1788177000,1788177300,Up,0.605,False,20,0.6000000000000001
btc-updown-5m-1788176400,1788176700,Down,0.745,True,19,0.7000000000000001
btc-updown-5m-1788177600,1788177900,Up,0.955,True,22,0.9500000000000001
btc-updown-5m-1788177300,1788177600,Up,0.715,True,17,0.7000000000000001
btc-updown-5m-1788177900,1788178200,Up,0.505,False,18,0.5
btc-updown-5m-1788178200,1788178500,Down,0.73,True,18,0.7000000000000001
btc-updown-5m-1788178500,1788178800,Up,0.545,True,17,0.5
btc-updown-5m-1788135900,1788136200,Down,0.6950000000000001,True,18,0.65
btc-updown-5m-1788178800,1788179100,Down,0.935,True,21,0.9
btc-updown-5m-1788179400,1788179700,Down,0.905,True,20,0.9
btc-updown-5m-1788179700,1788180000,Up,0.625,False,19,0.6000000000000001
btc-updown-5m-1788154500,1788154800,Down,0.955,True,4,0.9500000000000001
btc-updown-5m-1788180000,1788180300,Down,0.965,True,21,0.9500000000000001
btc-updown-5m-1788174600,1788174900,Up,0.705,True,20,0.7000000000000001
btc-updown-5m-1788180600,1788180900,Up,0.695,True,17,0.65
btc-updown-5m-1788181200,1788181500,Up,0.985,True,17,0.9500000000000001
btc-updown-5m-1788169200,1788169500,Up,0.505,True,20,0.5
btc-updown-5m-1788182100,1788182400,Down,0.765,True,21,0.75
btc-updown-5m-1788182400,1788182700,Up,0.925,True,21,0.9
btc-updown-5m-1788182700,1788183000,Down,0.945,True,22,0.9
btc-updown-5m-1788176700,1788177000,Up,0.535,False,22,0.5
btc-updown-5m-1788183000,1788183300,Up,0.935,False,20,0.9
btc-updown-5m-1788183300,1788183600,Down,0.665,False,21,0.65
btc-updown-5m-1788183600,1788183900,Up,0.735,False,16,0.7000000000000001
btc-updown-5m-1788184500,1788184800,Up,0.945,True,11,0.9
btc-updown-5m-1788183900,1788184200,Down,0.855,True,22,0.8500000000000001
btc-updown-5m-1788184200,1788184500,Down,0.5349999999999999,True,21,0.5
btc-updown-5m-1788185100,1788185400,Down,0.875,False,17,0.8500000000000001
btc-updown-5m-1788179100,1788179400,Down,0.975,True,18,0.9500000000000001
btc-updown-5m-1788143100,1788143400,Up,0.565,True,18,0.55
btc-updown-5m-1788154800,1788155100,Up,0.935,True,8,0.9
btc-updown-5m-1788186000,1788186300,Down,0.785,True,20,0.75
btc-updown-5m-1788161400,1788161700,Up,0.505,False,18,0.5
btc-updown-5m-1788186300,1788186600,Up,0.575,True,22,0.55
btc-updown-5m-1788187200,1788187500,Up,0.985,True,19,0.9500000000000001
btc-updown-5m-1788180900,1788181200,Up,0.585,True,17,0.55
btc-updown-5m-1788188100,1788188400,Up,0.975,True,20,0.9500000000000001
btc-updown-5m-1788181800,1788182100,Up,0.555,True,15,0.55
btc-updown-5m-1788188700,1788189000,Up,0.685,True,19,0.65
btc-updown-5m-1788188400,1788188700,Down,0.685,True,16,0.65
btc-updown-5m-1788175800,1788176100,Up,0.615,False,17,0.6000000000000001
btc-updown-5m-1788189300,1788189600,Up,0.725,False,18,0.7000000000000001
btc-updown-5m-1788189000,1788189300,Down,0.945,True,9,0.9
btc-updown-5m-1788189900,1788190200,Up,0.515,True,15,0.5
btc-updown-5m-1788189600,1788189900,Up,0.955,True,20,0.9500000000000001
btc-updown-5m-1788184800,1788185100,Up,0.555,True,6,0.55
btc-updown-5m-1788190800,1788191100,Up,0.785,True,19,0.75
btc-updown-5m-1788190500,1788190800,Up,0.645,False,19,0.6000000000000001
btc-updown-5m-1788191100,1788191400,Down,0.825,True,20,0.8
btc-updown-5m-1788191400,1788191700,Down,0.525,True,21,0.5
btc-updown-5m-1788185400,1788185700,Down,0.895,True,18,0.8500000000000001
btc-updown-5m-1788185700,1788186000,Down,0.625,False,19,0.6000000000000001
btc-updown-5m-1788192300,1788192600,Up,0.825,False,17,0.8
btc-updown-5m-1788166800,1788167100,Up,0.505,False,21,0.5
btc-updown-5m-1788192600,1788192900,Up,0.975,True,15,0.9500000000000001
btc-updown-5m-1788186900,1788187200,Up,0.875,True,20,0.8500000000000001
btc-updown-5m-1788193200,1788193500,Down,0.875,True,16,0.8500000000000001
btc-updown-5m-1788193800,1788194100,Up,0.585,False,10,0.55
btc-updown-5m-1788194100,1788194400,Up,0.815,False,17,0.8
btc-updown-5m-1788194700,1788195000,Down,0.825,True,18,0.8
btc-updown-5m-1788195000,1788195300,Down,0.795,False,7,0.75
btc-updown-5m-1788195300,1788195600,Down,0.5549999999999999,True,20,0.55
btc-updown-5m-1788195600,1788195900,Down,0.625,False,19,0.6000000000000001
btc-updown-5m-1788195900,1788196200,Up,0.565,True,17,0.55
btc-updown-5m-1788190200,1788190500,Up,0.615,True,15,0.6000000000000001
btc-updown-5m-1788196200,1788196500,Up,0.705,True,16,0.7000000000000001
btc-updown-5m-1788196500,1788196800,Down,0.935,True,18,0.9
btc-updown-5m-1788196800,1788197100,Up,0.505,False,18,0.5
btc-updown-5m-1788197400,1788197700,Up,0.825,True,20,0.8
btc-updown-5m-1788197100,1788197400,Down,0.855,True,17,0.8500000000000001
btc-updown-5m-1788197700,1788198000,Up,0.535,True,16,0.5
btc-updown-5m-1788191700,1788192000,Up,0.615,False,22,0.6000000000000001
btc-updown-5m-1788192000,1788192300,Up,0.825,True,17,0.8
btc-updown-5m-1788173700,1788174000,Down,0.625,False,22,0.6000000000000001
btc-updown-5m-1788198300,1788198600,Down,0.6950000000000001,True,4,0.65
btc-updown-5m-1788198900,1788199200,Up,0.745,True,19,0.7000000000000001
btc-updown-5m-1788192900,1788193200,Down,0.915,False,18,0.9
btc-updown-5m-1788199800,1788200100,Up,0.605,True,21,0.6000000000000001
btc-updown-5m-1788200100,1788200400,Up,0.945,True,18,0.9
btc-updown-5m-1788027600,1788027900,Up,0.565,True,17,0.55
btc-updown-5m-1788027900,1788028200,Down,0.645,True,17,0.6000000000000001
btc-updown-5m-1788028800,1788029100,Up,0.745,False,17,0.7000000000000001
btc-updown-5m-1788028500,1788028800,Up,0.905,True,19,0.9
btc-updown-5m-1788029100,1788029400,Up,0.735,True,19,0.7000000000000001
btc-updown-5m-1788029700,1788030000,Down,0.725,True,75,0.7000000000000001
btc-updown-5m-1788029400,1788029700,Up,0.625,False,1,0.6000000000000001
btc-updown-5m-1788030000,1788030300,Down,0.615,False,16,0.6000000000000001
btc-updown-5m-1788030300,1788030600,Up,0.885,True,18,0.8500000000000001
btc-updown-5m-1788030600,1788030900,Up,0.865,True,14,0.8500000000000001
btc-updown-5m-1788198000,1788198300,Up,0.895,True,22,0.8500000000000001
btc-updown-5m-1788030900,1788031200,Up,0.715,False,18,0.7000000000000001
btc-updown-5m-1788031200,1788031500,Down,0.525,True,16,0.5
btc-updown-5m-1788161700,1788162000,Up,0.505,True,19,0.5
btc-updown-5m-1788031500,1788031800,Down,0.785,True,2,0.75
btc-updown-5m-1788180300,1788180600,Down,0.675,True,21,0.65
btc-updown-5m-1788198600,1788198900,Up,0.775,True,16,0.75
btc-updown-5m-1788031800,1788032100,Down,0.745,True,18,0.7000000000000001
btc-updown-5m-1788199500,1788199800,Up,0.845,True,18,0.8
btc-updown-5m-1788193500,1788193800,Down,0.5549999999999999,False,22,0.55
btc-updown-5m-1788033600,1788033900,Down,0.615,False,16,0.6000000000000001
btc-updown-5m-1788033300,1788033600,Down,0.945,True,16,0.9
btc-updown-5m-1788034500,1788034800,Up,0.505,True,19,0.5
btc-updown-5m-1788034800,1788035100,Down,0.915,True,3,0.9
btc-updown-5m-1788035100,1788035400,Down,0.635,True,17,0.6000000000000001
btc-updown-5m-1788035700,1788036000,Up,0.675,True,18,0.65
btc-updown-5m-1788035400,1788035700,Down,0.925,True,16,0.9
btc-updown-5m-1788036000,1788036300,Down,0.565,True,18,0.55
btc-updown-5m-1788036300,1788036600,Up,0.605,False,15,0.6000000000000001
btc-updown-5m-1788036600,1788036900,Up,0.715,True,18,0.7000000000000001
btc-updown-5m-1788037200,1788037500,Down,0.925,True,16,0.9
btc-updown-5m-1788036900,1788037200,Down,0.615,True,17,0.6000000000000001
btc-updown-5m-1788167700,1788168000,Up,0.505,True,5,0.5
btc-updown-5m-1788168000,1788168300,Up,0.505,True,23,0.5
btc-updown-5m-1788167400,1788167700,Up,0.505,False,21,0.5
btc-updown-5m-1788186600,1788186900,Up,0.715,True,20,0.7000000000000001
btc-updown-5m-1788037500,1788037800,Up,0.915,True,16,0.9
btc-updown-5m-1788032400,1788032700,Up,0.925,True,17,0.9
btc-updown-5m-1788038400,1788038700,Down,0.565,True,16,0.55
btc-updown-5m-1788033000,1788033300,Down,0.865,True,16,0.8500000000000001
btc-updown-5m-1788039000,1788039300,Up,0.865,True,17,0.8500000000000001
btc-updown-5m-1788039900,1788040200,Up,0.665,True,17,0.65
btc-updown-5m-1788028200,1788028500,Up,0.585,True,17,0.55
btc-updown-5m-1788040800,1788041100,Down,0.505,False,18,0.5
btc-updown-5m-1788041100,1788041400,Up,0.795,True,18,0.75
btc-updown-5m-1788041400,1788041700,Up,0.515,False,3,0.5
btc-updown-5m-1788041700,1788042000,Up,0.775,False,16,0.75
btc-updown-5m-1788042000,1788042300,Up,0.525,True,18,0.5
btc-updown-5m-1788042300,1788042600,Down,0.585,False,18,0.55
btc-updown-5m-1788042900,1788043200,Up,0.785,True,16,0.75
btc-updown-5m-1788042600,1788042900,Up,0.665,False,15,0.65
btc-updown-5m-1788043200,1788043500,Down,0.5549999999999999,False,18,0.55
btc-updown-5m-1788043500,1788043800,Up,0.915,True,16,0.9
btc-updown-5m-1788037800,1788038100,Up,0.515,True,17,0.5
btc-updown-5m-1788038100,1788038400,Down,0.895,False,17,0.8500000000000001
btc-updown-5m-1788043800,1788044100,Down,0.525,False,16,0.5
btc-updown-5m-1788044100,1788044400,Up,0.855,True,19,0.8500000000000001
btc-updown-5m-1788174300,1788174600,Up,0.885,False,22,0.8500000000000001
btc-updown-5m-1788044400,1788044700,Up,0.655,True,14,0.65
btc-updown-5m-1788187800,1788188100,Down,0.635,True,22,0.6000000000000001
btc-updown-5m-1788039300,1788039600,Down,0.815,True,18,0.8
btc-updown-5m-1788045000,1788045300,Up,0.505,True,16,0.5
btc-updown-5m-1788033900,1788034200,Up,0.775,False,16,0.75
btc-updown-5m-1788040500,1788040800,Up,0.755,False,14,0.75
btc-updown-5m-1788046800,1788047100,Down,0.565,True,17,0.55
btc-updown-5m-1788047700,1788048000,Up,0.605,False,18,0.6000000000000001
btc-updown-5m-1788047400,1788047700,Down,0.915,True,18,0.9
btc-updown-5m-1788048000,1788048300,Down,0.905,True,18,0.9
btc-updown-5m-1788048300,1788048600,Down,0.825,True,17,0.8
btc-updown-5m-1788048600,1788048900,Down,0.875,True,18,0.8500000000000001
btc-updown-5m-1788048900,1788049200,Up,0.865,True,19,0.8500000000000001
btc-updown-5m-1788049200,1788049500,Down,0.935,True,20,0.9
btc-updown-5m-1788049500,1788049800,Up,0.785,True,15,0.75
btc-updown-5m-1788155100,1788155400,Up,0.735,True,17,0.7000000000000001
btc-updown-5m-1788049800,1788050100,Up,0.775,False,16,0.75
btc-updown-5m-1788155700,1788156000,Down,0.925,False,19,0.9
btc-updown-5m-1788050100,1788050400,Up,0.955,True,17,0.9500000000000001
btc-updown-5m-1788050400,1788050700,Up,0.555,False,21,0.55
btc-updown-5m-1788199200,1788199500,Down,0.925,True,16,0.9
btc-updown-5m-1788032100,1788032400,Down,0.865,True,18,0.8500000000000001
btc-updown-5m-1788032700,1788033000,Down,0.6950000000000001,False,17,0.65
btc-updown-5m-1788051300,1788051600,Down,0.845,True,18,0.8
btc-updown-5m-1788052500,1788052800,Down,0.915,True,19,0.9
btc-updown-5m-1788051900,1788052200,Down,0.865,True,18,0.8500000000000001
btc-updown-5m-1788052800,1788053100,Up,0.935,True,17,0.9
btc-updown-5m-1788053100,1788053400,Down,0.895,True,20,0.8500000000000001
btc-updown-5m-1788053700,1788054000,Up,0.545,True,17,0.5
btc-updown-5m-1788053400,1788053700,Down,0.8049999999999999,False,13,0.8
btc-updown-5m-1788054000,1788054300,Up,0.655,True,17,0.65
btc-updown-5m-1788055200,1788055500,Down,0.655,False,21,0.65
btc-updown-5m-1788054900,1788055200,Down,0.855,False,20,0.8500000000000001
btc-updown-5m-1788054600,1788054900,Down,0.825,True,17,0.8
btc-updown-5m-1788055500,1788055800,Down,0.955,True,18,0.9500000000000001
btc-updown-5m-1788056100,1788056400,Down,0.5349999999999999,True,21,0.5
btc-updown-5m-1788055800,1788056100,Down,0.635,False,18,0.6000000000000001
btc-updown-5m-1788056400,1788056700,Up,0.655,False,16,0.65
btc-updown-5m-1788056700,1788057000,Down,0.895,False,20,0.8500000000000001
btc-updown-5m-1788044700,1788045000,Up,0.815,False,20,0.8
btc-updown-5m-1788050700,1788051000,Down,0.6950000000000001,False,18,0.65
btc-updown-5m-1788038700,1788039000,Down,0.955,True,17,0.9500000000000001
btc-updown-5m-1788187500,1788187800,Down,0.945,True,21,0.9
btc-updown-5m-1788039600,1788039900,Down,0.605,True,16,0.6000000000000001
btc-updown-5m-1788057300,1788057600,Up,0.915,True,6,0.9
btc-updown-5m-1788040200,1788040500,Up,0.805,True,19,0.8
btc-updown-5m-1788052200,1788052500,Down,0.635,True,18,0.6000000000000001
btc-updown-5m-1788047100,1788047400,Up,0.745,True,19,0.7000000000000001
btc-updown-5m-1788059400,1788059700,Down,0.575,True,21,0.55
btc-updown-5m-1788060300,1788060600,Up,0.685,True,5,0.65
btc-updown-5m-1788059700,1788060000,Down,0.665,True,18,0.65
btc-updown-5m-1788060600,1788060900,Up,0.795,True,3,0.75
btc-updown-5m-1788054300,1788054600,Up,0.965,True,22,0.9500000000000001
btc-updown-5m-1788060900,1788061200,Down,0.915,True,20,0.9
btc-updown-5m-1788061200,1788061500,Up,0.815,True,16,0.8
btc-updown-5m-1788061500,1788061800,Down,0.885,True,22,0.8500000000000001
btc-updown-5m-1788061800,1788062100,Down,0.825,True,23,0.8
btc-updown-5m-1788062100,1788062400,Up,0.805,False,5,0.8
btc-updown-5m-1788062400,1788062700,Down,0.675,False,18,0.65
btc-updown-5m-1788063000,1788063300,Down,0.655,True,18,0.65
btc-updown-5m-1788063600,1788063900,Down,0.915,True,18,0.9
btc-updown-5m-1788063300,1788063600,Up,0.755,False,17,0.75
btc-updown-5m-1788063900,1788064200,Up,0.825,True,16,0.8
btc-updown-5m-1788064200,1788064500,Down,0.925,True,21,0.9
btc-updown-5m-1788057600,1788057900,Up,0.915,True,20,0.9
btc-updown-5m-1788034200,1788034500,Down,0.655,True,8,0.65
btc-updown-5m-1788058200,1788058500,Up,0.915,True,17,0.9
btc-updown-5m-1788046500,1788046800,Up,0.725,True,20,0.7000000000000001
btc-updown-5m-1788065400,1788065700,Up,0.925,True,20,0.9
btc-updown-5m-1788065700,1788066000,Up,0.605,True,17,0.6000000000000001
btc-updown-5m-1788066300,1788066600,Down,0.935,True,17,0.9
btc-updown-5m-1788066000,1788066300,Up,0.795,True,19,0.75
btc-updown-5m-1788066600,1788066900,Down,0.925,True,18,0.9
btc-updown-5m-1788283200,1788283500,Up,0.665,True,17,0.65
btc-updown-5m-1788067200,1788067500,Up,0.515,True,20,0.5
btc-updown-5m-1788067500,1788067800,Down,0.565,False,21,0.55
btc-updown-5m-1788068100,1788068400,Down,0.855,True,8,0.8500000000000001
btc-updown-5m-1788067800,1788068100,Up,0.575,False,22,0.55
btc-updown-5m-1788068400,1788068700,Up,0.865,True,20,0.8500000000000001
btc-updown-5m-1788062700,1788063000,Down,0.755,True,17,0.75
btc-updown-5m-1788068700,1788069000,Down,0.625,True,11,0.6000000000000001
btc-updown-5m-1788069000,1788069300,Down,0.605,False,8,0.6000000000000001
btc-updown-5m-1788069300,1788069600,Down,0.8049999999999999,True,22,0.8
btc-updown-5m-1788057000,1788057300,Down,0.815,True,18,0.8
btc-updown-5m-1788069900,1788070200,Down,0.795,True,5,0.75
btc-updown-5m-1788045600,1788045900,Down,0.675,True,16,0.65
btc-updown-5m-1788071100,1788071400,Up,0.755,True,20,0.75
btc-updown-5m-1788046200,1788046500,Up,0.675,False,17,0.65
btc-updown-5m-1788071700,1788072000,Up,0.985,True,20,0.9500000000000001
btc-updown-5m-1788060000,1788060300,Down,0.745,False,17,0.7000000000000001
btc-updown-5m-1788072600,1788072900,Down,0.815,True,20,0.8
btc-updown-5m-1788072300,1788072600,Down,0.7050000000000001,False,17,0.7000000000000001
btc-updown-5m-1788066900,1788067200,Down,0.675,True,19,0.65
btc-updown-5m-1788072900,1788073200,Up,0.645,True,17,0.6000000000000001
btc-updown-5m-1788073200,1788073500,Down,0.8049999999999999,True,21,0.8
btc-updown-5m-1788073500,1788073800,Down,0.7050000000000001,True,22,0.7000000000000001
btc-updown-5m-1788074400,1788074700,Down,0.745,True,22,0.7000000000000001
btc-updown-5m-1788073800,1788074100,Up,0.745,True,16,0.7000000000000001
btc-updown-5m-1788074100,1788074400,Down,0.925,True,21,0.9
btc-updown-5m-1788074700,1788075000,Up,0.575,False,20,0.55
btc-updown-5m-1788075000,1788075300,Down,0.775,True,20,0.75
btc-updown-5m-1788075300,1788075600,Down,0.795,True,22,0.75
btc-updown-5m-1788069600,1788069900,Down,0.735,False,22,0.7000000000000001
btc-updown-5m-1788075900,1788076200,Down,0.655,False,17,0.65
btc-updown-5m-1788075600,1788075900,Down,0.595,True,20,0.55
btc-updown-5m-1788045900,1788046200,Down,0.7050000000000001,False,5,0.7000000000000001
btc-updown-5m-1788070800,1788071100,Up,0.835,True,22,0.8
btc-updown-5m-1788057900,1788058200,Down,0.7050000000000001,False,20,0.7000000000000001
btc-updown-5m-1788058500,1788058800,Down,0.665,True,11,0.65
btc-updown-5m-1788077400,1788077700,Down,0.975,True,17,0.9500000000000001
btc-updown-5m-1788078000,1788078300,Up,0.635,False,21,0.6000000000000001
btc-updown-5m-1788078600,1788078900,Down,0.725,True,18,0.7000000000000001
btc-updown-5m-1788078900,1788079200,Down,0.985,True,17,0.9500000000000001
btc-updown-5m-1788079200,1788079500,Down,0.5349999999999999,False,19,0.5
btc-updown-5m-1788079500,1788079800,Down,0.895,False,20,0.8500000000000001
btc-updown-5m-1788079800,1788080100,Down,0.775,True,20,0.75
btc-updown-5m-1788080100,1788080400,Up,0.855,True,21,0.8500000000000001
btc-updown-5m-1788080400,1788080700,Up,0.805,True,18,0.8
btc-updown-5m-1788080700,1788081000,Down,0.5449999999999999,True,18,0.5
btc-updown-5m-1788081000,1788081300,Up,0.805,True,22,0.8
btc-updown-5m-1788081300,1788081600,Down,0.685,True,20,0.65
btc-updown-5m-1788076200,1788076500,Down,0.575,True,21,0.55
btc-updown-5m-1788051000,1788051300,Down,0.585,True,18,0.55
btc-updown-5m-1788082200,1788082500,Down,0.565,True,17,0.55
btc-updown-5m-1788051600,1788051900,Down,0.855,True,17,0.8500000000000001
btc-updown-5m-1788081600,1788081900,Up,0.955,False,18,0.9500000000000001
btc-updown-5m-1788070200,1788070500,Down,0.785,True,21,0.75
btc-updown-5m-1788064800,1788065100,Down,0.565,True,2,0.55
btc-updown-5m-1788076800,1788077100,Down,0.675,False,16,0.65
btc-updown-5m-1788058800,1788059100,Up,0.815,False,9,0.8
btc-updown-5m-1788083100,1788083400,Up,0.695,True,19,0.65
btc-updown-5m-1788084300,1788084600,Up,0.985,True,6,0.9500000000000001
btc-updown-5m-1788084600,1788084900,Down,0.565,True,21,0.55
btc-updown-5m-1788084900,1788085200,Up,0.685,False,19,0.65
btc-updown-5m-1788085500,1788085800,Up,0.935,False,20,0.9
btc-updown-5m-1788086100,1788086400,Up,0.685,True,17,0.65
btc-updown-5m-1788085800,1788086100,Up,0.925,True,16,0.9
btc-updown-5m-1788086400,1788086700,Up,0.915,True,7,0.9
btc-updown-5m-1788086700,1788087000,Up,0.815,True,17,0.8
btc-updown-5m-1788087300,1788087600,Down,0.685,True,20,0.65
btc-updown-5m-1788087000,1788087300,Down,0.7050000000000001,False,19,0.7000000000000001
btc-updown-5m-1788087600,1788087900,Up,0.725,True,22,0.7000000000000001
btc-updown-5m-1788081900,1788082200,Down,0.645,True,20,0.6000000000000001
btc-updown-5m-1788087900,1788088200,Up,0.955,True,9,0.9500000000000001
btc-updown-5m-1788045300,1788045600,Down,0.655,False,18,0.65
btc-updown-5m-1788082500,1788082800,Up,0.755,True,18,0.75
btc-updown-5m-1788194400,1788194700,Up,0.795,True,17,0.75
btc-updown-5m-1788088200,1788088500,Down,0.935,True,17,0.9
btc-updown-5m-1788088800,1788089100,Up,0.525,False,17,0.5
btc-updown-5m-1788071400,1788071700,Down,0.505,False,22,0.5
btc-updown-5m-1788083700,1788084000,Up,0.875,True,22,0.8500000000000001
btc-updown-5m-1788089100,1788089400,Up,0.925,True,22,0.9
btc-updown-5m-1788090900,1788091200,Up,0.575,True,19,0.55
btc-updown-5m-1788091200,1788091500,Up,0.975,True,18,0.9500000000000001
btc-updown-5m-1788091500,1788091800,Up,0.985,True,17,0.9500000000000001
btc-updown-5m-1788091800,1788092100,Up,0.945,True,16,0.9
btc-updown-5m-1788092100,1788092400,Down,0.945,True,20,0.9
btc-updown-5m-1788092400,1788092700,Down,0.675,True,18,0.65
btc-updown-5m-1788092700,1788093000,Down,0.595,False,17,0.55
btc-updown-5m-1788093000,1788093300,Up,0.905,True,17,0.9
btc-updown-5m-1788093600,1788093900,Up,0.865,True,17,0.8500000000000001
btc-updown-5m-1788093300,1788093600,Down,0.725,True,16,0.7000000000000001
btc-updown-5m-1788094200,1788094500,Up,0.535,True,18,0.5
btc-updown-5m-1788088500,1788088800,Down,0.855,False,16,0.8500000000000001
btc-updown-5m-1788076500,1788076800,Down,0.865,True,18,0.8500000000000001
btc-updown-5m-1788070500,1788070800,Up,0.885,True,21,0.8500000000000001
btc-updown-5m-1788093900,1788094200,Down,0.595,True,21,0.55
btc-updown-5m-1788094800,1788095100,Down,0.735,False,18,0.7000000000000001
btc-updown-5m-1788094500,1788094800,Up,0.975,True,18,0.9500000000000001
btc-updown-5m-1788077700,1788078000,Up,0.875,True,21,0.8500000000000001
btc-updown-5m-1788065100,1788065400,Down,0.575,True,16,0.55
btc-updown-5m-1788095100,1788095400,Down,0.745,True,5,0.7000000000000001
btc-updown-5m-1788095700,1788096000,Down,0.815,False,12,0.8
btc-updown-5m-1788096900,1788097200,Up,0.655,True,18,0.65
btc-updown-5m-1788085200,1788085500,Up,0.875,True,21,0.8500000000000001
btc-updown-5m-1788097500,1788097800,Up,0.775,True,22,0.75
btc-updown-5m-1788097800,1788098100,Up,0.715,False,16,0.7000000000000001
btc-updown-5m-1788098400,1788098700,Up,0.735,True,15,0.7000000000000001
btc-updown-5m-1788098700,1788099000,Down,0.865,True,18,0.8500000000000001
btc-updown-5m-1788098100,1788098400,Up,0.585,False,17,0.55
btc-updown-5m-1788099000,1788099300,Down,0.625,False,6,0.6000000000000001
btc-updown-5m-1788099300,1788099600,Down,0.795,True,17,0.75
btc-updown-5m-1788099600,1788099900,Up,0.675,False,17,0.65
btc-updown-5m-1788099900,1788100200,Up,0.775,True,1,0.75
btc-updown-5m-1788100500,1788100800,Down,0.885,True,16,0.8500000000000001
btc-updown-5m-1788100800,1788101100,Up,0.915,True,15,0.9
btc-updown-5m-1788101400,1788101700,Up,0.8,True,16,0.8
btc-updown-5m-1788101100,1788101400,Down,0.815,False,21,0.8
btc-updown-5m-1788082800,1788083100,Up,0.965,True,19,0.9500000000000001
btc-updown-5m-1788059100,1788059400,Down,0.795,False,19,0.75
btc-updown-5m-1788077100,1788077400,Up,0.705,True,19,0.7000000000000001
btc-updown-5m-1788101700,1788102000,Up,0.635,False,21,0.6000000000000001
btc-updown-5m-1788083400,1788083700,Down,0.935,True,17,0.9
btc-updown-5m-1788096600,1788096900,Up,0.555,False,18,0.55
btc-updown-5m-1788102900,1788103200,Up,0.705,True,16,0.7000000000000001
btc-updown-5m-1788103200,1788103500,Up,0.765,True,21,0.75
btc-updown-5m-1788103800,1788104100,Up,0.775,True,19,0.75
btc-updown-5m-1788104100,1788104400,Down,0.585,False,9,0.55
btc-updown-5m-1788104700,1788105000,Up,0.745,False,16,0.7000000000000001
btc-updown-5m-1788105000,1788105300,Down,0.735,True,19,0.7000000000000001
btc-updown-5m-1788105300,1788105600,Down,0.855,True,20,0.8500000000000001
btc-updown-5m-1788105600,1788105900,Up,0.645,True,17,0.6000000000000001
btc-updown-5m-1788105900,1788106200,Down,0.935,True,19,0.9
btc-updown-5m-1788100200,1788100500,Up,0.925,False,16,0.9
btc-updown-5m-1788106200,1788106500,Down,0.745,False,18,0.7000000000000001
btc-updown-5m-1788106500,1788106800,Down,0.725,True,6,0.7000000000000001
btc-updown-5m-1788107100,1788107400,Up,0.595,True,19,0.55
btc-updown-5m-1788107400,1788107700,Down,0.665,False,18,0.65
btc-updown-5m-1788102000,1788102300,Down,0.895,True,17,0.8500000000000001
btc-updown-5m-1788064500,1788064800,Down,0.895,True,17,0.8500000000000001
btc-updown-5m-1788107700,1788108000,Down,0.645,True,22,0.6000000000000001
btc-updown-5m-1788108000,1788108300,Up,0.935,True,21,0.9
btc-updown-5m-1788078300,1788078600,Up,0.875,False,20,0.8500000000000001
btc-updown-5m-1788108300,1788108600,Up,0.755,True,21,0.75
btc-updown-5m-1788102600,1788102900,Down,0.945,True,19,0.9
btc-updown-5m-1788109500,1788109800,Down,0.875,True,19,0.8500000000000001
btc-updown-5m-1788110400,1788110700,Up,0.585,False,19,0.55
btc-updown-5m-1788104400,1788104700,Down,0.5349999999999999,False,16,0.5
btc-updown-5m-1788110100,1788110400,Down,0.945,True,4,0.9
btc-updown-5m-1788111300,1788111600,Up,0.635,True,18,0.6000000000000001
btc-updown-5m-1788111600,1788111900,Up,0.595,True,15,0.55
btc-updown-5m-1788111900,1788112200,Down,0.52,True,15,0.5
btc-updown-5m-1788111000,1788111300,Up,0.745,True,20,0.7000000000000001
btc-updown-5m-1788106800,1788107100,Down,0.605,True,18,0.6000000000000001
btc-updown-5m-1788112800,1788113100,Up,0.505,True,6,0.5
btc-updown-5m-1788112500,1788112800,Down,0.7150000000000001,False,8,0.7000000000000001
btc-updown-5m-1788112200,1788112500,Up,0.565,False,18,0.55
btc-updown-5m-1788113100,1788113400,Down,0.505,True,22,0.5
btc-updown-5m-1788113400,1788113700,Up,0.505,False,18,0.5
btc-updown-5m-1787941500,1787941800,Up,0.965,True,19,0.9500000000000001
btc-updown-5m-1788072000,1788072300,Up,0.945,True,17,0.9
btc-updown-5m-1788095400,1788095700,Down,0.795,True,16,0.75
btc-updown-5m-1787941200,1787941500,Down,0.975,True,19,0.9500000000000001
btc-updown-5m-1787941800,1787942100,Down,0.875,True,17,0.8500000000000001
btc-updown-5m-1788090000,1788090300,Up,0.965,True,3,0.9500000000000001
btc-updown-5m-1788089400,1788089700,Up,0.505,True,18,0.5
btc-updown-5m-1788089700,1788090000,Down,0.985,True,19,0.9500000000000001
btc-updown-5m-1788090600,1788090900,Down,0.935,True,18,0.9
btc-updown-5m-1788113700,1788114000,Up,0.505,True,19,0.5
btc-updown-5m-1788084000,1788084300,Down,0.605,True,18,0.6000000000000001
btc-updown-5m-1788090300,1788090600,Down,0.645,True,20,0.6000000000000001
btc-updown-5m-1788102300,1788102600,Up,0.785,True,20,0.75
btc-updown-5m-1788096000,1788096300,Up,0.805,True,21,0.8
btc-updown-5m-1787942100,1787942400,Down,0.845,True,22,0.8
btc-updown-5m-1788096300,1788096600,Down,0.515,False,20,0.5
btc-updown-5m-1787942700,1787943000,Down,0.83,True,21,0.8
btc-updown-5m-1788097200,1788097500,Up,0.565,True,16,0.55
btc-updown-5m-1788108600,1788108900,Down,0.795,False,16,0.75
btc-updown-5m-1788103500,1788103800,Up,0.945,True,21,0.9
btc-updown-5m-1787942400,1787942700,Up,0.585,True,16,0.55
btc-updown-5m-1788108900,1788109200,Up,0.735,True,20,0.7000000000000001
btc-updown-5m-1788109200,1788109500,Down,0.815,True,17,0.8
btc-updown-5m-1787943300,1787943600,Up,0.655,True,15,0.65
btc-updown-5m-1787943900,1787944200,Up,0.635,True,15,0.6000000000000001
btc-updown-5m-1787943600,1787943900,Up,0.965,True,18,0.9500000000000001
btc-updown-5m-1788109800,1788110100,Down,0.845,True,16,0.8
btc-updown-5m-1787945700,1787946000,Up,0.765,False,19,0.75
btc-updown-5m-1788110700,1788111000,Up,0.605,True,19,0.6000000000000001
btc-updown-5m-1787943000,1787943300,Up,0.975,True,17,0.9500000000000001
btc-updown-5m-1787944200,1787944500,Up,0.635,False,11,0.6000000000000001
btc-updown-5m-1787946300,1787946600,Down,0.915,True,10,0.9
btc-updown-5m-1787946000,1787946300,Down,0.5549999999999999,True,17,0.55
btc-updown-5m-1787945100,1787945400,Up,0.755,False,16,0.75
btc-updown-5m-1787946900,1787947200,Up,0.915,True,16,0.9
btc-updown-5m-1787946600,1787946900,Up,0.595,True,16,0.55
btc-updown-5m-1787948400,1787948700,Down,0.625,False,16,0.6000000000000001
btc-updown-5m-1787949000,1787949300,Down,0.965,True,19,0.9500000000000001
btc-updown-5m-1787949300,1787949600,Up,0.845,True,17,0.8
btc-updown-5m-1787949600,1787949900,Up,0.555,True,18,0.55
btc-updown-5m-1787950500,1787950800,Down,0.565,False,4,0.55
btc-updown-5m-1787947500,1787947800,Down,0.665,False,17,0.65
btc-updown-5m-1787948700,1787949000,Up,0.615,True,16,0.6000000000000001
btc-updown-5m-1787950200,1787950500,Down,0.855,True,16,0.8500000000000001
btc-updown-5m-1787950800,1787951100,Down,0.5549999999999999,True,22,0.55
btc-updown-5m-1787951100,1787951400,Up,0.685,True,16,0.65
btc-updown-5m-1787952300,1787952600,Up,0.935,True,17,0.9
btc-updown-5m-1787951700,1787952000,Up,0.735,False,15,0.7000000000000001
btc-updown-5m-1787951400,1787951700,Down,0.655,False,14,0.65
btc-updown-5m-1787953500,1787953800,Down,0.8049999999999999,True,17,0.8
btc-updown-5m-1787953800,1787954100,Down,0.7050000000000001,True,15,0.7000000000000001
btc-updown-5m-1787953200,1787953500,Down,0.905,True,16,0.9
btc-updown-5m-1787954400,1787954700,Up,0.905,True,9,0.9
btc-updown-5m-1787952900,1787953200,Up,0.735,True,15,0.7000000000000001
btc-updown-5m-1787954700,1787955000,Up,0.855,True,17,0.8500000000000001
btc-updown-5m-1787954100,1787954400,Down,0.785,True,17,0.75
btc-updown-5m-1787955300,1787955600,Down,0.915,True,16,0.9
btc-updown-5m-1787955900,1787956200,Up,0.985,True,15,0.9500000000000001
btc-updown-5m-1787955600,1787955900,Up,0.805,True,17,0.8
btc-updown-5m-1787956800,1787957100,Up,0.535,True,17,0.5
btc-updown-5m-1787956200,1787956500,Down,0.6950000000000001,False,15,0.65
btc-updown-5m-1787956500,1787956800,Up,0.945,True,0,0.9
btc-updown-5m-1787958300,1787958600,Up,0.645,True,16,0.6000000000000001
btc-updown-5m-1787957100,1787957400,Up,0.725,True,16,0.7000000000000001
btc-updown-5m-1787957400,1787957700,Down,0.775,True,5,0.75
btc-updown-5m-1787958000,1787958300,Down,0.8049999999999999,True,16,0.8
btc-updown-5m-1787959200,1787959500,Down,0.795,True,15,0.75
btc-updown-5m-1787957700,1787958000,Down,0.915,False,5,0.9
btc-updown-5m-1787958900,1787959200,Down,0.905,True,17,0.9
btc-updown-5m-1787958600,1787958900,Up,0.61,True,18,0.6000000000000001
btc-updown-5m-1787959500,1787959800,Up,0.685,False,17,0.65
btc-updown-5m-1787959800,1787960100,Up,0.805,True,14,0.8
btc-updown-5m-1787960400,1787960700,Down,0.625,False,16,0.6000000000000001
btc-updown-5m-1787960100,1787960400,Down,0.615,True,15,0.6000000000000001
btc-updown-5m-1787961300,1787961600,Up,0.935,True,12,0.9
btc-updown-5m-1787960700,1787961000,Down,0.885,True,17,0.8500000000000001
btc-updown-5m-1787961000,1787961300,Up,0.955,True,15,0.9500000000000001
btc-updown-5m-1787962200,1787962500,Down,0.755,True,17,0.75
btc-updown-5m-1787963400,1787963700,Down,0.905,True,16,0.9
btc-updown-5m-1787944500,1787944800,Down,0.735,True,16,0.7000000000000001
btc-updown-5m-1787962500,1787962800,Up,0.865,True,18,0.8500000000000001
btc-updown-5m-1787944800,1787945100,Up,0.975,True,17,0.9500000000000001
btc-updown-5m-1787963700,1787964000,Up,0.635,False,17,0.6000000000000001
btc-updown-5m-1787963100,1787963400,Up,0.935,True,15,0.9
btc-updown-5m-1787962800,1787963100,Up,0.885,True,17,0.8500000000000001
btc-updown-5m-1787964600,1787964900,Down,0.525,False,16,0.5
btc-updown-5m-1787964900,1787965200,Up,0.705,False,17,0.7000000000000001
btc-updown-5m-1787965200,1787965500,Down,0.825,True,12,0.8
btc-updown-5m-1787948100,1787948400,Down,0.945,True,0,0.9
btc-updown-5m-1787966100,1787966400,Up,0.635,True,5,0.6000000000000001
btc-updown-5m-1787947200,1787947500,Up,0.855,False,16,0.8500000000000001
btc-updown-5m-1787947800,1787948100,Down,0.635,False,17,0.6000000000000001
btc-updown-5m-1787965800,1787966100,Up,0.595,False,17,0.55
btc-updown-5m-1787965500,1787965800,Down,0.595,True,17,0.55
btc-updown-5m-1787966400,1787966700,Up,0.865,True,18,0.8500000000000001
btc-updown-5m-1787949900,1787950200,Down,0.775,False,15,0.75
btc-updown-5m-1787966700,1787967000,Up,0.855,True,18,0.8500000000000001
btc-updown-5m-1787967300,1787967600,Down,0.6950000000000001,True,17,0.65
btc-updown-5m-1787967900,1787968200,Down,0.965,True,18,0.9500000000000001
btc-updown-5m-1787952000,1787952300,Down,0.5349999999999999,True,22,0.5
btc-updown-5m-1787968200,1787968500,Up,0.865,True,11,0.8500000000000001
btc-updown-5m-1787952600,1787952900,Up,0.965,True,17,0.9500000000000001
btc-updown-5m-1787969100,1787969400,Up,0.805,True,17,0.8
btc-updown-5m-1787968800,1787969100,Down,0.7150000000000001,True,18,0.7000000000000001
btc-updown-5m-1787969700,1787970000,Down,0.965,True,16,0.9500000000000001
btc-updown-5m-1787968500,1787968800,Down,0.875,True,21,0.8500000000000001
btc-updown-5m-1787955000,1787955300,Up,0.645,True,2,0.6000000000000001
btc-updown-5m-1787969400,1787969700,Down,0.625,True,15,0.6000000000000001
btc-updown-5m-1787970000,1787970300,Down,0.815,True,17,0.8
btc-updown-5m-1787970900,1787971200,Down,0.595,False,17,0.55
btc-updown-5m-1787970600,1787970900,Up,0.765,True,15,0.75
btc-updown-5m-1787971500,1787971800,Up,0.855,True,15,0.8500000000000001
btc-updown-5m-1787971800,1787972100,Down,0.505,False,15,0.5
btc-updown-5m-1787972400,1787972700,Up,0.955,True,19,0.9500000000000001
btc-updown-5m-1787973900,1787974200,Up,0.755,True,20,0.75
btc-updown-5m-1787974500,1787974800,Down,0.865,True,20,0.8500000000000001
btc-updown-5m-1787975100,1787975400,Down,0.965,True,18,0.9500000000000001
btc-updown-5m-1787976000,1787976300,Up,0.505,True,20,0.5
btc-updown-5m-1787961900,1787962200,Up,0.805,True,17,0.8
btc-updown-5m-1787976600,1787976900,Up,0.945,True,18,0.9
btc-updown-5m-1787976900,1787977200,Up,0.585,True,3,0.55
btc-updown-5m-1787977800,1787978100,Down,0.5349999999999999,True,15,0.5
btc-updown-5m-1787978100,1787978400,Up,0.855,True,18,0.8500000000000001
btc-updown-5m-1787978400,1787978700,Up,0.875,False,18,0.8500000000000001
btc-updown-5m-1787977500,1787977800,Up,0.585,False,19,0.55
btc-updown-5m-1787967600,1787967900,Up,0.865,True,18,0.8500000000000001
btc-updown-5m-1787967000,1787967300,Up,0.675,True,16,0.65
btc-updown-5m-1787978700,1787979000,Up,0.525,True,15,0.5
btc-updown-5m-1787979000,1787979300,Up,0.905,True,16,0.9
btc-updown-5m-1787979300,1787979600,Up,0.835,True,15,0.8
btc-updown-5m-1787970300,1787970600,Down,0.7150000000000001,False,17,0.7000000000000001
btc-updown-5m-1787979900,1787980200,Up,0.645,True,17,0.6000000000000001
btc-updown-5m-1787972100,1787972400,Up,0.565,False,14,0.55
btc-updown-5m-1787980200,1787980500,Up,0.705,True,14,0.7000000000000001
btc-updown-5m-1787973600,1787973900,Up,0.945,True,21,0.9
btc-updown-5m-1787974200,1787974500,Up,0.515,False,16,0.5
btc-updown-5m-1787975400,1787975700,Down,0.795,True,20,0.75
btc-updown-5m-1787982600,1787982900,Down,0.945,True,17,0.9
btc-updown-5m-1787982000,1787982300,Down,0.815,True,20,0.8
btc-updown-5m-1787976300,1787976600,Up,0.665,False,15,0.65
btc-updown-5m-1787982900,1787983200,Down,0.905,True,18,0.9
btc-updown-5m-1787945400,1787945700,Down,0.845,True,17,0.8
btc-updown-5m-1787983500,1787983800,Up,0.515,False,17,0.5
btc-updown-5m-1787984100,1787984400,Up,0.715,True,3,0.7000000000000001
btc-updown-5m-1787984400,1787984700,Down,0.985,True,19,0.9500000000000001
btc-updown-5m-1787984700,1787985000,Down,0.785,False,22,0.75
btc-updown-5m-1787985300,1787985600,Down,0.635,True,10,0.6000000000000001
btc-updown-5m-1787985000,1787985300,Up,0.965,True,18,0.9500000000000001
btc-updown-5m-1787985600,1787985900,Up,0.975,True,10,0.9500000000000001
btc-updown-5m-1787979600,1787979900,Down,0.635,False,18,0.6000000000000001
btc-updown-5m-1787985900,1787986200,Up,0.775,True,21,0.75
btc-updown-5m-1787971200,1787971500,Down,0.5449999999999999,True,18,0.5
btc-updown-5m-1787980500,1787980800,Down,0.735,True,16,0.7000000000000001
btc-updown-5m-1787986200,1787986500,Up,0.685,False,21,0.65
btc-updown-5m-1787981100,1787981400,Up,0.755,False,14,0.75
btc-updown-5m-1787987100,1787987400,Down,0.515,True,20,0.5
btc-updown-5m-1787987400,1787987700,Up,0.965,True,15,0.9500000000000001
btc-updown-5m-1787975700,1787976000,Down,0.6950000000000001,True,5,0.65
btc-updown-5m-1787982300,1787982600,Up,0.595,False,16,0.55
btc-updown-5m-1787961600,1787961900,Up,0.675,False,18,0.65
btc-updown-5m-1787988900,1787989200,Up,0.895,True,19,0.8500000000000001
btc-updown-5m-1787964300,1787964600,Down,0.675,True,15,0.65
btc-updown-5m-1787964000,1787964300,Down,0.7050000000000001,False,17,0.7000000000000001
btc-updown-5m-1787983800,1787984100,Down,0.655,True,20,0.65
btc-updown-5m-1787990100,1787990400,Up,0.875,True,15,0.8500000000000001
btc-updown-5m-1787990400,1787990700,Down,0.975,True,19,0.9500000000000001
btc-updown-5m-1787990700,1787991000,Up,0.895,True,16,0.8500000000000001
btc-updown-5m-1787991300,1787991600,Up,0.605,True,16,0.6000000000000001
btc-updown-5m-1787991000,1787991300,Up,0.745,True,16,0.7000000000000001
btc-updown-5m-1787991600,1787991900,Down,0.595,False,20,0.55
btc-updown-5m-1787992200,1787992500,Down,0.985,True,20,0.9500000000000001
btc-updown-5m-1787992800,1787993100,Up,0.795,True,76,0.75
btc-updown-5m-1787992500,1787992800,Up,0.665,True,16,0.65
btc-updown-5m-1787986500,1787986800,Up,0.775,True,18,0.75
btc-updown-5m-1788181500,1788181800,Up,0.555,True,21,0.55
btc-updown-5m-1787986800,1787987100,Up,0.905,True,21,0.9
btc-updown-5m-1787993400,1787993700,Up,0.605,False,21,0.6000000000000001
btc-updown-5m-1787981700,1787982000,Up,0.955,True,21,0.9500000000000001
btc-updown-5m-1787988600,1787988900,Up,0.895,True,9,0.8500000000000001
btc-updown-5m-1787988000,1787988300,Down,0.585,True,16,0.55
btc-updown-5m-1787994900,1787995200,Up,0.785,True,15,0.75
btc-updown-5m-1787983200,1787983500,Down,0.955,True,20,0.9500000000000001
btc-updown-5m-1787995200,1787995500,Down,0.775,True,19,0.75
btc-updown-5m-1787989500,1787989800,Up,0.615,False,20,0.6000000000000001
btc-updown-5m-1787995800,1787996100,Down,0.595,False,16,0.55
btc-updown-5m-1787996400,1787996700,Down,0.795,True,20,0.75
btc-updown-5m-1787997000,1787997300,Up,0.895,True,17,0.8500000000000001
btc-updown-5m-1787996700,1787997000,Down,0.895,True,19,0.8500000000000001
btc-updown-5m-1787997300,1787997600,Up,0.645,False,17,0.6000000000000001
btc-updown-5m-1787991900,1787992200,Up,0.845,True,19,0.8
btc-updown-5m-1787997600,1787997900,Down,0.885,True,19,0.8500000000000001
btc-updown-5m-1787997900,1787998200,Down,0.955,True,21,0.9500000000000001
btc-updown-5m-1787998200,1787998500,Up,0.705,True,5,0.7000000000000001
btc-updown-5m-1787998500,1787998800,Up,0.995,True,22,0.9500000000000001
btc-updown-5m-1787973000,1787973300,Down,0.685,True,16,0.65
btc-updown-5m-1787972700,1787973000,Down,0.645,True,15,0.6000000000000001
btc-updown-5m-1787999700,1788000000,Up,0.945,True,16,0.9
btc-updown-5m-1788000300,1788000600,Up,0.935,True,20,0.9
btc-updown-5m-1788000000,1788000300,Down,0.595,True,17,0.55
btc-updown-5m-1788000600,1788000900,Up,0.635,True,17,0.6000000000000001
btc-updown-5m-1787988300,1787988600,Up,0.855,True,17,0.8500000000000001
btc-updown-5m-1788001500,1788001800,Up,0.685,True,19,0.65
btc-updown-5m-1788001200,1788001500,Down,0.935,True,16,0.9
btc-updown-5m-1787995500,1787995800,Down,0.855,True,14,0.8500000000000001
btc-updown-5m-1788002100,1788002400,Up,0.505,False,19,0.5
btc-updown-5m-1788002400,1788002700,Down,0.7050000000000001,True,17,0.7000000000000001
btc-updown-5m-1788002700,1788003000,Down,0.605,False,21,0.6000000000000001
btc-updown-5m-1788003000,1788003300,Down,0.935,True,18,0.9
btc-updown-5m-1788003300,1788003600,Up,0.665,False,22,0.65
btc-updown-5m-1788003900,1788004200,Down,0.505,False,20,0.5
btc-updown-5m-1788003600,1788003900,Down,0.915,True,10,0.9
btc-updown-5m-1788004200,1788004500,Down,0.765,True,18,0.75
btc-updown-5m-1788004500,1788004800,Down,0.985,True,17,0.9500000000000001
btc-updown-5m-1788005100,1788005400,Up,0.725,False,16,0.7000000000000001
btc-updown-5m-1787998800,1787999100,Down,0.8049999999999999,True,20,0.8
btc-updown-5m-1787999400,1787999700,Down,0.5549999999999999,False,15,0.55
btc-updown-5m-1788004800,1788005100,Up,0.605,True,6,0.6000000000000001
btc-updown-5m-1788005700,1788006000,Up,0.945,True,22,0.9
btc-updown-5m-1787994600,1787994900,Up,0.875,True,22,0.8500000000000001
btc-updown-5m-1787974800,1787975100,Down,0.615,False,20,0.6000000000000001
btc-updown-5m-1788007200,1788007500,Up,0.755,True,18,0.75
btc-updown-5m-1788007500,1788007800,Up,0.785,True,20,0.75
btc-updown-5m-1788001800,1788002100,Up,0.975,True,15,0.9500000000000001
btc-updown-5m-1787977200,1787977500,Up,0.605,True,20,0.6000000000000001
btc-updown-5m-1787996100,1787996400,Up,0.915,True,18,0.9
btc-updown-5m-1788008100,1788008400,Up,0.885,True,16,0.8500000000000001
btc-updown-5m-1788008700,1788009000,Down,0.685,False,21,0.65
btc-updown-5m-1788009300,1788009600,Up,0.975,True,17,0.9500000000000001
btc-updown-5m-1788009600,1788009900,Up,0.755,True,21,0.75
btc-updown-5m-1788009900,1788010200,Down,0.675,True,17,0.65
btc-updown-5m-1788010500,1788010800,Up,0.965,True,16,0.9500000000000001
btc-updown-5m-1788010200,1788010500,Up,0.585,False,18,0.55
btc-updown-5m-1787999100,1787999400,Up,0.515,False,20,0.5
btc-updown-5m-1788005400,1788005700,Down,0.845,False,15,0.8
btc-updown-5m-1787980800,1787981100,Down,0.665,True,19,0.65
btc-updown-5m-1787973300,1787973600,Down,0.855,True,15,0.8500000000000001
btc-updown-5m-1788010800,1788011100,Down,0.825,True,16,0.8
btc-updown-5m-1787987700,1787988000,Up,0.785,True,22,0.75
btc-updown-5m-1788006000,1788006300,Down,0.7050000000000001,True,16,0.7000000000000001
btc-updown-5m-1788012600,1788012900,Down,0.985,True,19,0.9500000000000001
btc-updown-5m-1788012000,1788012300,Up,0.68,False,22,0.65
btc-updown-5m-1788000900,1788001200,Up,0.525,False,18,0.5
btc-updown-5m-1788013500,1788013800,Up,0.755,False,21,0.75
btc-updown-5m-1787989200,1787989500,Up,0.765,True,21,0.75
btc-updown-5m-1788013800,1788014100,Up,0.645,False,18,0.6000000000000001
btc-updown-5m-1788008400,1788008700,Up,0.745,False,16,0.7000000000000001
btc-updown-5m-1788015000,1788015300,Up,0.585,False,18,0.55
btc-updown-5m-1788014700,1788015000,Up,0.945,True,17,0.9
btc-updown-5m-1788009000,1788009300,Up,0.925,True,16,0.9
btc-updown-5m-1788016800,1788017100,Up,0.975,True,1,0.9500000000000001
btc-updown-5m-1788016500,1788016800,Up,0.705,False,15,0.7000000000000001
btc-updown-5m-1788015900,1788016200,Down,0.5449999999999999,False,15,0.5
btc-updown-5m-1788016200,1788016500,Up,0.805,True,14,0.8
btc-updown-5m-1788017100,1788017400,Down,0.905,True,19,0.9
btc-updown-5m-1788011100,1788011400,Up,0.515,True,16,0.5
btc-updown-5m-1788017400,1788017700,Down,0.965,True,20,0.9500000000000001
btc-updown-5m-1788017700,1788018000,Up,0.805,True,17,0.8
btc-updown-5m-1787993100,1787993400,Up,0.655,True,20,0.65
btc-updown-5m-1787993700,1787994000,Up,0.925,True,10,0.9
btc-updown-5m-1787994000,1787994300,Up,0.735,True,23,0.7000000000000001
btc-updown-5m-1788018300,1788018600,Up,0.82,True,20,0.8
btc-updown-5m-1788006900,1788007200,Up,0.825,True,19,0.8
btc-updown-5m-1788019500,1788019800,Up,0.885,True,20,0.8500000000000001
btc-updown-5m-1788007800,1788008100,Down,0.745,True,19,0.7000000000000001
btc-updown-5m-1788019800,1788020100,Up,0.615,True,15,0.6000000000000001
btc-updown-5m-1788020400,1788020700,Down,0.895,True,17,0.8500000000000001
btc-updown-5m-1788020700,1788021000,Down,0.525,True,62,0.5
btc-updown-5m-1788021000,1788021300,Down,0.765,False,15,0.75
btc-updown-5m-1788021300,1788021600,Down,0.7050000000000001,True,18,0.7000000000000001
btc-updown-5m-1788015600,1788015900,Down,0.925,True,15,0.9
btc-updown-5m-1788021900,1788022200,Up,0.725,True,18,0.7000000000000001
btc-updown-5m-1788022200,1788022500,Up,0.545,True,18,0.5
btc-updown-5m-1788022500,1788022800,Down,0.605,True,17,0.6000000000000001
btc-updown-5m-1788023400,1788023700,Up,0.685,True,15,0.65
btc-updown-5m-1788023100,1788023400,Down,0.785,True,16,0.75
btc-updown-5m-1787981400,1787981700,Down,0.585,True,20,0.55
btc-updown-5m-1788023700,1788024000,Up,0.925,True,16,0.9
btc-updown-5m-1788018000,1788018300,Down,0.505,True,16,0.5
btc-updown-5m-1788024300,1788024600,Down,0.7150000000000001,True,21,0.7000000000000001
btc-updown-5m-1787994300,1787994600,Down,0.7150000000000001,True,20,0.7000000000000001
btc-updown-5m-1788024600,1788024900,Up,0.725,False,18,0.7000000000000001
btc-updown-5m-1788019200,1788019500,Up,0.915,True,16,0.9
btc-updown-5m-1788018900,1788019200,Down,0.845,True,16,0.8
btc-updown-5m-1788025800,1788026100,Up,0.595,False,14,0.55
btc-updown-5m-1788026100,1788026400,Down,0.925,False,19,0.9
btc-updown-5m-1788014400,1788014700,Up,0.995,True,9,0.9500000000000001
btc-updown-5m-1788026700,1788027000,Down,0.7050000000000001,False,17,0.7000000000000001
btc-updown-5m-1788027300,1788027600,Down,0.685,True,16,0.65
btc-updown-5m-1787854800,1787855100,Down,0.785,False,4,0.75
btc-updown-5m-1788021600,1788021900,Up,0.925,True,16,0.9
btc-updown-5m-1787855400,1787855700,Up,0.555,False,14,0.55
btc-updown-5m-1788022800,1788023100,Up,0.805,True,15,0.8
btc-updown-5m-1787855700,1787856000,Up,0.945,True,20,0.9
btc-updown-5m-1787856300,1787856600,Up,0.795,True,17,0.75
btc-updown-5m-1787856000,1787856300,Down,0.565,True,15,0.55
btc-updown-5m-1787856600,1787856900,Down,0.565,True,15,0.55
btc-updown-5m-1788024000,1788024300,Down,0.955,True,21,0.9500000000000001
btc-updown-5m-1788011700,1788012000,Up,0.725,True,15,0.7000000000000001
btc-updown-5m-1788011400,1788011700,Up,0.535,False,16,0.5
btc-updown-5m-1787857200,1787857500,Down,0.5449999999999999,False,16,0.5
btc-updown-5m-1787857500,1787857800,Up,0.765,True,19,0.75
btc-updown-5m-1787857800,1787858100,Down,0.8049999999999999,True,19,0.8
btc-updown-5m-1788013200,1788013500,Up,0.795,True,16,0.75
btc-updown-5m-1787859000,1787859300,Up,0.645,False,16,0.6000000000000001
btc-updown-5m-1787859600,1787859900,Down,0.835,True,18,0.8
btc-updown-5m-1787859300,1787859600,Down,0.955,True,11,0.9500000000000001
btc-updown-5m-1787989800,1787990100,Down,0.525,True,21,0.5
btc-updown-5m-1788027000,1788027300,Down,0.745,True,16,0.7000000000000001
btc-updown-5m-1787860500,1787860800,Down,0.785,True,18,0.75
btc-updown-5m-1788015300,1788015600,Up,0.715,True,15,0.7000000000000001
btc-updown-5m-1787855100,1787855400,Up,0.685,True,16,0.65
btc-updown-5m-1787861700,1787862000,Up,0.545,True,16,0.5
btc-updown-5m-1787862300,1787862600,Down,0.795,True,15,0.75
btc-updown-5m-1787862000,1787862300,Up,0.955,True,18,0.9500000000000001
btc-updown-5m-1787862600,1787862900,Down,0.665,True,17,0.65
btc-updown-5m-1787862900,1787863200,Down,0.6950000000000001,True,21,0.65
btc-updown-5m-1787863200,1787863500,Up,0.655,True,6,0.65
btc-updown-5m-1787856900,1787857200,Up,0.725,True,18,0.7000000000000001
btc-updown-5m-1787863500,1787863800,Up,0.675,False,18,0.65
btc-updown-5m-1787863800,1787864100,Up,0.735,True,17,0.7000000000000001
btc-updown-5m-1788018600,1788018900,Down,0.875,True,19,0.8500000000000001
btc-updown-5m-1787858100,1787858400,Down,0.575,False,15,0.55
btc-updown-5m-1787864100,1787864400,Up,0.675,True,20,0.65
btc-updown-5m-1787858700,1787859000,Down,0.745,False,21,0.7000000000000001
btc-updown-5m-1787864700,1787865000,Up,0.605,False,17,0.6000000000000001
btc-updown-5m-1788014100,1788014400,Up,0.875,True,16,0.8500000000000001
btc-updown-5m-1787865600,1787865900,Up,0.935,True,15,0.9
btc-updown-5m-1788020100,1788020400,Up,0.975,True,18,0.9500000000000001
btc-updown-5m-1787866500,1787866800,Down,0.895,True,15,0.8500000000000001
btc-updown-5m-1787861400,1787861700,Down,0.73,True,16,0.7000000000000001
btc-updown-5m-1787867100,1787867400,Up,0.685,True,20,0.65
btc-updown-5m-1787867400,1787867700,Down,0.5449999999999999,False,19,0.5
btc-updown-5m-1787867700,1787868000,Up,0.825,True,18,0.8
btc-updown-5m-1787868000,1787868300,Up,0.935,True,21,0.9
btc-updown-5m-1787868600,1787868900,Down,0.5449999999999999,False,17,0.5
btc-updown-5m-1787869200,1787869500,Down,0.785,True,3,0.75
btc-updown-5m-1787868300,1787868600,Down,0.745,True,21,0.7000000000000001
btc-updown-5m-1787869500,1787869800,Down,0.885,True,20,0.8500000000000001
btc-updown-5m-1787869800,1787870100,Down,0.735,False,5,0.7000000000000001
btc-updown-5m-1787870400,1787870700,Up,0.575,True,21,0.55
btc-updown-5m-1787870100,1787870400,Down,0.975,True,19,0.9500000000000001
btc-updown-5m-1788012900,1788013200,Up,0.755,True,21,0.75
btc-updown-5m-1787870700,1787871000,Down,0.795,True,15,0.75
btc-updown-5m-1787858400,1787858700,Down,0.725,True,17,0.7000000000000001
btc-updown-5m-1787864400,1787864700,Down,0.8049999999999999,True,14,0.8
btc-updown-5m-1787865300,1787865600,Down,0.785,True,22,0.75
btc-updown-5m-1787871000,1787871300,Down,0.5549999999999999,False,20,0.55
btc-updown-5m-1787860200,1787860500,Down,0.645,False,17,0.6000000000000001
btc-updown-5m-1787866200,1787866500,Up,0.775,True,17,0.75
btc-updown-5m-1787872500,1787872800,Up,0.745,True,16,0.7000000000000001
btc-updown-5m-1787873100,1787873400,Down,0.865,True,19,0.8500000000000001
btc-updown-5m-1787860800,1787861100,Down,0.865,True,15,0.8500000000000001
btc-updown-5m-1787874000,1787874300,Down,0.525,True,16,0.5
btc-updown-5m-1787874600,1787874900,Up,0.785,True,17,0.75
btc-updown-5m-1787874300,1787874600,Down,0.795,True,21,0.75
btc-updown-5m-1787874900,1787875200,Down,0.855,True,19,0.8500000000000001
btc-updown-5m-1787868900,1787869200,Up,0.965,True,17,0.9500000000000001
btc-updown-5m-1787875200,1787875500,Down,0.855,True,17,0.8500000000000001
btc-updown-5m-1787876100,1787876400,Up,0.975,True,17,0.9500000000000001
btc-updown-5m-1787875800,1787876100,Up,0.915,True,20,0.9
btc-updown-5m-1787875500,1787875800,Up,0.625,False,20,0.6000000000000001
btc-updown-5m-1788006600,1788006900,Up,0.745,False,16,0.7000000000000001
btc-updown-5m-1788006300,1788006600,Down,0.7150000000000001,False,18,0.7000000000000001
btc-updown-5m-1788025200,1788025500,Up,0.955,True,17,0.9500000000000001
btc-updown-5m-1788024900,1788025200,Up,0.675,False,16,0.65
btc-updown-5m-1787877000,1787877300,Down,0.625,True,18,0.6000000000000001
btc-updown-5m-1787878500,1787878800,Up,0.945,True,13,0.9
btc-updown-5m-1788026400,1788026700,Up,0.945,True,21,0.9
btc-updown-5m-1787877900,1787878200,Down,0.765,False,20,0.75
btc-updown-5m-1787866800,1787867100,Down,0.725,True,3,0.7000000000000001
btc-updown-5m-1787872800,1787873100,Up,0.555,True,133,0.55
btc-updown-5m-1787879700,1787880000,Up,0.515,True,15,0.5
btc-updown-5m-1787861100,1787861400,Up,0.955,True,18,0.9500000000000001
btc-updown-5m-1787880300,1787880600,Up,0.525,True,20,0.5
btc-updown-5m-1787880600,1787880900,Down,0.675,False,16,0.65
btc-updown-5m-1787881200,1787881500,Up,0.755,True,20,0.75
btc-updown-5m-1787880900,1787881200,Down,0.865,True,17,0.8500000000000001
btc-updown-5m-1787881500,1787881800,Down,0.8049999999999999,True,16,0.8
btc-updown-5m-1787881800,1787882100,Down,0.955,True,17,0.9500000000000001
btc-updown-5m-1787876700,1787877000,Up,0.785,True,7,0.75
btc-updown-5m-1787882100,1787882400,Down,0.845,True,21,0.8
btc-updown-5m-1787882400,1787882700,Down,0.755,True,21,0.75
btc-updown-5m-1788012300,1788012600,Down,0.5549999999999999,False,18,0.55
btc-updown-5m-1788025500,1788025800,Up,0.715,True,18,0.7000000000000001
btc-updown-5m-1787882700,1787883000,Up,0.685,True,18,0.65
btc-updown-5m-1787883000,1787883300,Down,0.795,True,19,0.75
btc-updown-5m-1787883300,1787883600,Down,0.915,True,17,0.9
btc-updown-5m-1787883600,1787883900,Down,0.605,True,21,0.6000000000000001
btc-updown-5m-1787884200,1787884500,Up,0.685,True,9,0.65
btc-updown-5m-1787872200,1787872500,Down,0.5549999999999999,True,21,0.55
btc-updown-5m-1787879100,1787879400,Down,0.815,False,16,0.8
btc-updown-5m-1787885100,1787885400,Down,0.855,True,16,0.8500000000000001
btc-updown-5m-1787873400,1787873700,Down,0.815,True,19,0.8
btc-updown-5m-1787886000,1787886300,Down,0.755,True,19,0.75
btc-updown-5m-1787886600,1787886900,Up,0.835,True,19,0.8
btc-updown-5m-1787886900,1787887200,Up,0.745,True,16,0.7000000000000001
btc-updown-5m-1787887500,1787887800,Down,0.895,True,21,0.8500000000000001
btc-updown-5m-1787887200,1787887500,Up,0.625,True,19,0.6000000000000001
btc-updown-5m-1787888100,1787888400,Down,0.585,True,15,0.55
btc-updown-5m-1787887800,1787888100,Up,0.805,False,17,0.8
btc-updown-5m-1787876400,1787876700,Down,0.5549999999999999,False,22,0.55
btc-updown-5m-1787888700,1787889000,Up,0.635,True,20,0.6000000000000001
btc-updown-5m-1787888400,1787888700,Up,0.835,False,15,0.8
btc-updown-5m-1787889000,1787889300,Up,0.515,True,21,0.5
btc-updown-5m-1787889300,1787889600,Down,0.795,True,15,0.75
btc-updown-5m-1787877600,1787877900,Down,0.955,True,17,0.9500000000000001
btc-updown-5m-1787877300,1787877600,Down,0.5449999999999999,False,20,0.5
btc-updown-5m-1787871300,1787871600,Up,0.685,True,21,0.65
btc-updown-5m-1787890500,1787890800,Up,0.765,True,76,0.75
btc-updown-5m-1787871600,1787871900,Down,0.595,True,19,0.55
btc-updown-5m-1787891400,1787891700,Up,0.525,False,16,0.5
btc-updown-5m-1787890800,1787891100,Up,0.505,False,17,0.5
btc-updown-5m-1787885400,1787885700,Down,0.78,False,19,0.75
btc-updown-5m-1787891700,1787892000,Down,0.755,True,19,0.75
btc-updown-5m-1787886300,1787886600,Down,0.515,True,11,0.5
btc-updown-5m-1787893200,1787893500,Down,0.775,False,18,0.75
btc-updown-5m-1787892900,1787893200,Up,0.645,False,18,0.6000000000000001
btc-updown-5m-1787893500,1787893800,Down,0.845,True,17,0.8
btc-updown-5m-1787893800,1787894100,Up,0.635,True,15,0.6000000000000001
btc-updown-5m-1787892600,1787892900,Up,0.845,True,19,0.8
btc-updown-5m-1787894100,1787894400,Up,0.645,True,21,0.6000000000000001
btc-updown-5m-1787894400,1787894700,Down,0.905,True,16,0.9
btc-updown-5m-1787894700,1787895000,Up,0.905,True,21,0.9
btc-updown-5m-1787895000,1787895300,Up,0.825,True,20,0.8
btc-updown-5m-1787895300,1787895600,Up,0.885,True,20,0.8500000000000001
btc-updown-5m-1787895600,1787895900,Down,0.855,True,15,0.8500000000000001
btc-updown-5m-1787895900,1787896200,Up,0.915,True,21,0.9
btc-updown-5m-1787865000,1787865300,Up,0.945,True,20,0.9
btc-updown-5m-1787878200,1787878500,Down,0.735,False,20,0.7000000000000001
btc-updown-5m-1787884500,1787884800,Up,0.705,True,20,0.7000000000000001
btc-updown-5m-1787878800,1787879100,Up,0.965,True,17,0.9500000000000001
btc-updown-5m-1787897100,1787897400,Up,0.585,True,20,0.55
btc-updown-5m-1787898000,1787898300,Down,0.655,True,2,0.65
btc-updown-5m-1787898600,1787898900,Down,0.6950000000000001,False,21,0.65
btc-updown-5m-1787898300,1787898600,Down,0.595,True,19,0.55
btc-updown-5m-1787898900,1787899200,Up,0.765,True,15,0.75
btc-updown-5m-1787899200,1787899500,Down,0.825,False,21,0.8
btc-updown-5m-1787899500,1787899800,Up,0.885,True,2,0.8500000000000001
btc-updown-5m-1787899800,1787900100,Up,0.755,True,20,0.75
btc-updown-5m-1787900100,1787900400,Down,0.865,True,18,0.8500000000000001
btc-updown-5m-1787900400,1787900700,Down,0.845,True,21,0.8
btc-updown-5m-1787900700,1787901000,Down,0.955,True,19,0.9500000000000001
btc-updown-5m-1787901300,1787901600,Up,0.805,True,22,0.8
btc-updown-5m-1787901000,1787901300,Up,0.765,True,21,0.75
btc-updown-5m-1787901600,1787901900,Down,0.635,True,16,0.6000000000000001
btc-updown-5m-1787883900,1787884200,Up,0.705,False,17,0.7000000000000001
btc-updown-5m-1787896200,1787896500,Down,0.885,True,21,0.8500000000000001
btc-updown-5m-1787889600,1787889900,Up,0.675,False,19,0.65
btc-updown-5m-1787859900,1787860200,Down,0.575,True,18,0.55
btc-updown-5m-1787884800,1787885100,Down,0.585,True,19,0.55
btc-updown-5m-1787889900,1787890200,Down,0.895,True,16,0.8500000000000001
btc-updown-5m-1787896800,1787897100,Up,0.985,True,17,0.9500000000000001
btc-updown-5m-1787902800,1787903100,Down,0.6950000000000001,True,15,0.65
btc-updown-5m-1787885700,1787886000,Up,0.605,True,16,0.6000000000000001
btc-updown-5m-1787904900,1787905200,Up,0.865,True,17,0.8500000000000001
btc-updown-5m-1787903700,1787904000,Up,0.865,True,21,0.8500000000000001
btc-updown-5m-1787905200,1787905500,Down,0.735,True,16,0.7000000000000001
btc-updown-5m-1787905500,1787905800,Down,0.675,True,18,0.65
btc-updown-5m-1787905800,1787906100,Down,0.575,True,15,0.55
btc-updown-5m-1787906100,1787906400,Down,0.7050000000000001,True,17,0.7000000000000001
btc-updown-5m-1787906700,1787907000,Down,0.995,True,18,0.9500000000000001
btc-updown-5m-1787906400,1787906700,Up,0.915,False,16,0.9
btc-updown-5m-1787907000,1787907300,Up,0.695,True,3,0.65
btc-updown-5m-1787907600,1787907900,Down,0.885,True,19,0.8500000000000001
btc-updown-5m-1787907300,1787907600,Down,0.965,True,19,0.9500000000000001
btc-updown-5m-1787908200,1787908500,Down,0.605,True,17,0.6000000000000001
btc-updown-5m-1787907900,1787908200,Up,0.675,True,21,0.65
btc-updown-5m-1787865900,1787866200,Up,0.575,False,13,0.55
btc-updown-5m-1787896500,1787896800,Down,0.985,True,19,0.9500000000000001
btc-updown-5m-1787902200,1787902500,Down,0.8049999999999999,True,19,0.8
btc-updown-5m-1787890200,1787890500,Up,0.955,True,20,0.9500000000000001
btc-updown-5m-1787902500,1787902800,Down,0.625,True,21,0.6000000000000001
btc-updown-5m-1787897400,1787897700,Down,0.595,False,18,0.55
btc-updown-5m-1787909400,1787909700,Down,0.53,False,18,0.5
btc-updown-5m-1787879400,1787879700,Down,0.765,True,17,0.75
btc-updown-5m-1787910000,1787910300,Down,0.7150000000000001,True,17,0.7000000000000001
btc-updown-5m-1787911200,1787911500,Down,0.625,True,17,0.6000000000000001
btc-updown-5m-1787910600,1787910900,Up,0.885,True,17,0.8500000000000001
btc-updown-5m-1787911800,1787912100,Up,0.985,True,22,0.9500000000000001
btc-updown-5m-1787912100,1787912400,Down,0.835,True,18,0.8
btc-updown-5m-1787912400,1787912700,Down,0.765,True,18,0.75
btc-updown-5m-1787912700,1787913000,Up,0.885,True,21,0.8500000000000001
btc-updown-5m-1787913000,1787913300,Up,0.885,True,8,0.8500000000000001
btc-updown-5m-1787913300,1787913600,Down,0.5349999999999999,False,18,0.5
btc-updown-5m-1787913600,1787913900,Down,0.5349999999999999,True,16,0.5
btc-updown-5m-1787913900,1787914200,Up,0.935,True,20,0.9
btc-updown-5m-1787914200,1787914500,Down,0.745,False,15,0.7000000000000001
btc-updown-5m-1787908500,1787908800,Up,0.635,True,22,0.6000000000000001
btc-updown-5m-1787908800,1787909100,Down,0.7050000000000001,True,17,0.7000000000000001
btc-updown-5m-1787871900,1787872200,Down,0.635,True,21,0.6000000000000001
btc-updown-5m-1787914500,1787914800,Up,0.955,True,19,0.9500000000000001
btc-updown-5m-1787915100,1787915400,Down,0.845,True,4,0.8
btc-updown-5m-1787915400,1787915700,Down,0.7150000000000001,False,21,0.7000000000000001
btc-updown-5m-1787897700,1787898000,Down,0.605,True,18,0.6000000000000001
btc-updown-5m-1787892300,1787892600,Down,0.605,True,16,0.6000000000000001
btc-updown-5m-1787909100,1787909400,Down,0.6950000000000001,True,15,0.65
btc-updown-5m-1787916300,1787916600,Down,0.835,True,20,0.8
btc-updown-5m-1787917200,1787917500,Up,0.575,True,5,0.55
btc-updown-5m-1787917500,1787917800,Up,0.685,True,17,0.65
btc-updown-5m-1787917800,1787918100,Down,0.935,True,17,0.9
btc-updown-5m-1787918100,1787918400,Up,0.675,True,16,0.65
btc-updown-5m-1787918700,1787919000,Up,0.665,False,20,0.65
btc-updown-5m-1787918400,1787918700,Up,0.695,True,18,0.65
btc-updown-5m-1787919300,1787919600,Up,0.955,True,16,0.9500000000000001
btc-updown-5m-1787919600,1787919900,Up,0.755,False,17,0.75
btc-updown-5m-1787920200,1787920500,Down,0.745,True,18,0.7000000000000001
btc-updown-5m-1787919900,1787920200,Down,0.745,True,19,0.7000000000000001
btc-updown-5m-1787901900,1787902200,Up,0.965,True,3,0.9500000000000001
btc-updown-5m-1787914800,1787915100,Up,0.665,True,21,0.65
btc-updown-5m-1787920800,1787921100,Down,0.905,True,18,0.9
btc-updown-5m-1787920500,1787920800,Down,0.895,True,18,0.8500000000000001
btc-updown-5m-1787891100,1787891400,Down,0.745,True,14,0.7000000000000001
btc-updown-5m-1787921400,1787921700,Down,0.525,True,17,0.5
btc-updown-5m-1787921100,1787921400,Up,0.865,True,14,0.8500000000000001
btc-updown-5m-1787909700,1787910000,Up,0.695,True,1,0.65
btc-updown-5m-1787916000,1787916300,Down,0.505,False,16,0.5
btc-updown-5m-1787922600,1787922900,Up,0.805,True,15,0.8
btc-updown-5m-1787916900,1787917200,Down,0.945,True,15,0.9
btc-updown-5m-1787923200,1787923500,Down,0.865,True,2,0.8500000000000001
btc-updown-5m-1787911500,1787911800,Down,0.665,True,21,0.65
btc-updown-5m-1787924100,1787924400,Down,0.635,True,15,0.6000000000000001
btc-updown-5m-1787924700,1787925000,Up,0.905,True,15,0.9
btc-updown-5m-1787925000,1787925300,Down,0.665,False,14,0.65
btc-updown-5m-1787919000,1787919300,Down,0.935,True,18,0.9
btc-updown-5m-1787925300,1787925600,Up,0.655,True,19,0.65
btc-updown-5m-1787925900,1787926200,Down,0.785,False,19,0.75
btc-updown-5m-1787926200,1787926500,Down,0.865,True,18,0.8500000000000001
btc-updown-5m-1787926500,1787926800,Down,0.5549999999999999,False,17,0.55
btc-updown-5m-1787926800,1787927100,Up,0.775,False,16,0.75
btc-updown-5m-1787927400,1787927700,Up,0.925,True,15,0.9
btc-updown-5m-1787928000,1787928300,Down,0.735,True,15,0.7000000000000001
btc-updown-5m-1787927700,1787928000,Up,0.895,True,19,0.8500000000000001
btc-updown-5m-1787927100,1787927400,Up,0.515,True,19,0.5
btc-updown-5m-1787915700,1787916000,Down,0.865,False,18,0.8500000000000001
btc-updown-5m-1787903100,1787903400,Up,0.805,True,15,0.8
btc-updown-5m-1787922300,1787922600,Down,0.935,True,20,0.9
btc-updown-5m-1787922000,1787922300,Up,0.885,True,17,0.8500000000000001
btc-updown-5m-1787922900,1787923200,Down,0.665,False,16,0.65
btc-updown-5m-1787928600,1787928900,Up,0.97,True,5,0.9500000000000001
btc-updown-5m-1787923800,1787924100,Up,0.695,True,6,0.65
btc-updown-5m-1787929800,1787930100,Up,0.855,False,16,0.8500000000000001
btc-updown-5m-1787930400,1787930700,Up,0.515,False,16,0.5
btc-updown-5m-1787931000,1787931300,Down,0.945,True,13,0.9
btc-updown-5m-1787925600,1787925900,Down,0.965,True,19,0.9500000000000001
btc-updown-5m-1787931300,1787931600,Down,0.505,True,16,0.5
btc-updown-5m-1787931600,1787931900,Down,0.985,True,18,0.9500000000000001
btc-updown-5m-1787931900,1787932200,Up,0.735,False,21,0.7000000000000001
btc-updown-5m-1787932200,1787932500,Down,0.865,True,18,0.8500000000000001
btc-updown-5m-1787932500,1787932800,Down,0.685,True,17,0.65
btc-updown-5m-1787932800,1787933100,Down,0.815,True,14,0.8
btc-updown-5m-1787933100,1787933400,Up,0.825,True,16,0.8
btc-updown-5m-1787933400,1787933700,Down,0.955,True,17,0.9500000000000001
btc-updown-5m-1787933700,1787934000,Down,0.865,True,15,0.8500000000000001
btc-updown-5m-1787934300,1787934600,Down,0.585,False,18,0.55
btc-updown-5m-1787934000,1787934300,Down,0.745,True,16,0.7000000000000001
btc-updown-5m-1787934600,1787934900,Up,0.905,True,18,0.9
btc-updown-5m-1787892000,1787892300,Up,0.935,True,17,0.9
btc-updown-5m-1787923500,1787923800,Down,0.765,True,19,0.75
btc-updown-5m-1787910300,1787910600,Down,0.575,True,19,0.55
btc-updown-5m-1787935200,1787935500,Down,0.5549999999999999,True,18,0.55
btc-updown-5m-1787935800,1787936100,Down,0.885,True,15,0.8500000000000001
btc-updown-5m-1787930100,1787930400,Up,0.615,True,15,0.6000000000000001
btc-updown-5m-1787936700,1787937000,Down,0.6950000000000001,False,17,0.65
btc-updown-5m-1787937000,1787937300,Up,0.875,True,16,0.8500000000000001
btc-updown-5m-1787937900,1787938200,Down,0.905,False,22,0.9
btc-updown-5m-1787937600,1787937900,Down,0.725,True,16,0.7000000000000001
btc-updown-5m-1787938200,1787938500,Down,0.5900000000000001,True,5,0.55
btc-updown-5m-1787938500,1787938800,Down,0.995,True,18,0.9500000000000001
btc-updown-5m-1787938800,1787939100,Up,0.645,True,16,0.6000000000000001
btc-updown-5m-1787939100,1787939400,Up,0.925,True,15,0.9
btc-updown-5m-1787939400,1787939700,Up,0.545,False,17,0.5
btc-updown-5m-1787939700,1787940000,Up,0.555,False,15,0.55
btc-updown-5m-1787940000,1787940300,Up,0.575,True,16,0.55
btc-updown-5m-1787940300,1787940600,Down,0.935,True,17,0.9
btc-updown-5m-1787921700,1787922000,Down,0.755,False,2,0.75
btc-updown-5m-1787934900,1787935200,Up,0.805,True,20,0.8
btc-updown-5m-1787928300,1787928600,Down,0.865,True,22,0.8500000000000001
btc-updown-5m-1787940600,1787940900,Up,0.535,False,16,0.5
btc-updown-5m-1787929200,1787929500,Up,0.715,False,15,0.7000000000000001
btc-updown-5m-1787768400,1787768700,Up,0.855,False,17,0.8500000000000001
btc-updown-5m-1787936100,1787936400,Up,0.635,False,17,0.6000000000000001
btc-updown-5m-1787929500,1787929800,Down,0.665,True,17,0.65
btc-updown-5m-1787769000,1787769300,Down,0.615,True,15,0.6000000000000001
btc-updown-5m-1787770200,1787770500,Up,0.685,True,17,0.65
btc-updown-5m-1787937300,1787937600,Up,0.645,True,15,0.6000000000000001
btc-updown-5m-1787771100,1787771400,Down,0.575,True,16,0.55
btc-updown-5m-1787771400,1787771700,Down,0.525,True,0,0.5
btc-updown-5m-1787772000,1787772300,Down,0.975,True,18,0.9500000000000001
btc-updown-5m-1787772300,1787772600,Up,0.995,True,20,0.9500000000000001
btc-updown-5m-1787772600,1787772900,Up,0.605,False,22,0.6000000000000001
btc-updown-5m-1787772900,1787773200,Down,0.765,True,16,0.75
btc-updown-5m-1787773200,1787773500,Down,0.585,False,21,0.55
btc-updown-5m-1787904000,1787904300,Up,0.695,True,20,0.65
btc-updown-5m-1787903400,1787903700,Down,0.655,True,11,0.65
btc-updown-5m-1787916600,1787916900,Up,0.825,True,7,0.8
btc-updown-5m-1787773500,1787773800,Up,0.915,True,21,0.9
btc-updown-5m-1787904600,1787904900,Down,0.775,True,20,0.75
btc-updown-5m-1787904300,1787904600,Down,0.755,False,16,0.75
btc-updown-5m-1787773800,1787774100,Up,0.895,False,18,0.8500000000000001
btc-updown-5m-1787935500,1787935800,Up,0.925,True,16,0.9
btc-updown-5m-1787768700,1787769000,Down,0.745,True,22,0.7000000000000001
btc-updown-5m-1787774400,1787774700,Down,0.5549999999999999,False,75,0.55
btc-updown-5m-1787769300,1787769600,Down,0.675,True,21,0.65
btc-updown-5m-1787775900,1787776200,Up,0.805,True,18,0.8
btc-updown-5m-1787776200,1787776500,Up,0.515,False,16,0.5
btc-updown-5m-1787777100,1787777400,Down,0.505,True,18,0.5
btc-updown-5m-1787770800,1787771100,Down,0.675,True,18,0.65
btc-updown-5m-1787777700,1787778000,Up,0.785,True,16,0.75
btc-updown-5m-1787771700,1787772000,Up,0.805,True,18,0.8
btc-updown-5m-1787778000,1787778300,Down,0.915,True,19,0.9
btc-updown-5m-1787778600,1787778900,Up,0.955,True,17,0.9500000000000001
btc-updown-5m-1787778300,1787778600,Up,0.965,True,3,0.9500000000000001
btc-updown-5m-1787779500,1787779800,Up,0.685,False,16,0.65
btc-updown-5m-1787778900,1787779200,Up,0.765,True,18,0.75
btc-updown-5m-1787779200,1787779500,Up,0.815,False,14,0.8
btc-updown-5m-1787779800,1787780100,Down,0.915,True,19,0.9
btc-updown-5m-1787780700,1787781000,Down,0.5349999999999999,True,18,0.5
btc-updown-5m-1787910900,1787911200,Down,0.6950000000000001,True,22,0.65
btc-updown-5m-1787780400,1787780700,Down,0.775,True,20,0.75
btc-updown-5m-1787781000,1787781300,Up,0.845,True,17,0.8
btc-updown-5m-1787774100,1787774400,Down,0.53,True,18,0.5
btc-updown-5m-1787781300,1787781600,Down,0.775,True,22,0.75
btc-updown-5m-1787930700,1787931000,Up,0.845,False,19,0.8
btc-updown-5m-1787781600,1787781900,Up,0.775,True,15,0.75
btc-updown-5m-1787782200,1787782500,Down,0.925,True,12,0.9
btc-updown-5m-1787776500,1787776800,Down,0.865,False,6,0.8500000000000001
btc-updown-5m-1787782800,1787783100,Up,0.895,False,17,0.8500000000000001
btc-updown-5m-1787777400,1787777700,Up,0.595,True,17,0.55
btc-updown-5m-1787784000,1787784300,Up,0.625,True,20,0.6000000000000001
btc-updown-5m-1787784300,1787784600,Up,0.525,False,3,0.5
btc-updown-5m-1787784900,1787785200,Down,0.505,False,19,0.5
btc-updown-5m-1787784600,1787784900,Down,0.795,True,4,0.75
btc-updown-5m-1787785200,1787785500,Down,0.7150000000000001,False,16,0.7000000000000001
btc-updown-5m-1787780100,1787780400,Up,0.895,True,15,0.8500000000000001
btc-updown-5m-1787785800,1787786100,Up,0.655,True,9,0.65
btc-updown-5m-1787786100,1787786400,Up,0.505,True,8,0.5
btc-updown-5m-1787785500,1787785800,Down,0.885,True,22,0.8500000000000001
btc-updown-5m-1787786700,1787787000,Up,0.895,True,4,0.8500000000000001
btc-updown-5m-1787940900,1787941200,Down,0.7150000000000001,True,16,0.7000000000000001
btc-updown-5m-1787786400,1787786700,Up,0.625,True,19,0.6000000000000001
btc-updown-5m-1787928900,1787929200,Up,0.865,True,4,0.8500000000000001
btc-updown-5m-1787787000,1787787300,Up,0.695,True,20,0.65
btc-updown-5m-1787775000,1787775300,Down,0.745,True,15,0.7000000000000001
btc-updown-5m-1787774700,1787775000,Up,0.815,True,19,0.8
btc-updown-5m-1787782500,1787782800,Up,0.975,True,15,0.9500000000000001
btc-updown-5m-1787787900,1787788200,Up,0.935,True,16,0.9
btc-updown-5m-1787770500,1787770800,Up,0.515,True,20,0.5
btc-updown-5m-1787783100,1787783400,Up,0.545,False,15,0.5
btc-updown-5m-1787783700,1787784000,Down,0.855,True,21,0.8500000000000001
btc-updown-5m-1787790600,1787790900,Down,0.625,True,21,0.6000000000000001
btc-updown-5m-1787790900,1787791200,Down,0.895,True,17,0.8500000000000001
btc-updown-5m-1787791200,1787791500,Down,0.5349999999999999,False,17,0.5
btc-updown-5m-1787791500,1787791800,Down,0.925,True,13,0.9
btc-updown-5m-1787791800,1787792100,Down,0.615,True,15,0.6000000000000001
btc-updown-5m-1787792100,1787792400,Up,0.645,False,16,0.6000000000000001
btc-updown-5m-1787792700,1787793000,Up,0.855,False,2,0.8500000000000001
btc-updown-5m-1787792400,1787792700,Up,0.845,True,16,0.8
btc-updown-5m-1787787300,1787787600,Up,0.955,True,21,0.9500000000000001
btc-updown-5m-1787787600,1787787900,Up,0.775,True,19,0.75
btc-updown-5m-1787793000,1787793300,Down,0.6950000000000001,True,14,0.65
btc-updown-5m-1787775600,1787775900,Down,0.995,True,16,0.9500000000000001
btc-updown-5m-1787775300,1787775600,Down,0.6950000000000001,True,15,0.65
btc-updown-5m-1787936400,1787936700,Down,0.795,True,17,0.75
btc-updown-5m-1787924400,1787924700,Down,0.815,True,18,0.8
btc-updown-5m-1787789100,1787789400,Down,0.7150000000000001,False,6,0.7000000000000001
btc-updown-5m-1787769600,1787769900,Down,0.945,True,18,0.9
btc-updown-5m-1787793900,1787794200,Up,0.905,True,20,0.9
btc-updown-5m-1787794200,1787794500,Down,0.905,True,20,0.9
btc-updown-5m-1787783400,1787783700,Down,0.895,True,18,0.8500000000000001
btc-updown-5m-1787795100,1787795400,Up,0.965,True,2,0.9500000000000001
btc-updown-5m-1787796600,1787796900,Down,0.755,True,21,0.75
btc-updown-5m-1787797200,1787797500,Up,0.525,False,17,0.5
btc-updown-5m-1787796900,1787797200,Down,0.735,True,19,0.7000000000000001
btc-updown-5m-1787797500,1787797800,Down,0.655,True,17,0.65
btc-updown-5m-1787797800,1787798100,Up,0.535,True,17,0.5
btc-updown-5m-1787798400,1787798700,Down,0.645,True,75,0.6000000000000001
btc-updown-5m-1787798100,1787798400,Up,0.595,False,18,0.55
btc-updown-5m-1787798700,1787799000,Up,0.735,False,15,0.7000000000000001
btc-updown-5m-1787799600,1787799900,Up,0.515,False,16,0.5
btc-updown-5m-1787799000,1787799300,Up,0.935,True,19,0.9
btc-updown-5m-1787799300,1787799600,Down,0.765,True,21,0.75
btc-updown-5m-1787769900,1787770200,Up,0.945,True,21,0.9
btc-updown-5m-1787781900,1787782200,Down,0.595,True,20,0.55
btc-updown-5m-1787788200,1787788500,Down,0.685,False,16,0.65
btc-updown-5m-1787799900,1787800200,Up,0.905,True,20,0.9
btc-updown-5m-1787788500,1787788800,Up,0.705,False,9,0.7000000000000001
btc-updown-5m-1787800200,1787800500,Down,0.615,True,19,0.6000000000000001
btc-updown-5m-1787789400,1787789700,Down,0.895,True,16,0.8500000000000001
btc-updown-5m-1787800500,1787800800,Down,0.875,False,18,0.8500000000000001
btc-updown-5m-1787801100,1787801400,Down,0.785,True,15,0.75
btc-updown-5m-1787802000,1787802300,Up,0.665,True,21,0.65
btc-updown-5m-1787802300,1787802600,Up,0.575,False,2,0.55
btc-updown-5m-1787802900,1787803200,Up,0.765,True,21,0.75
btc-updown-5m-1787803500,1787803800,Down,0.905,True,21,0.9
btc-updown-5m-1787803800,1787804100,Up,0.825,True,15,0.8
btc-updown-5m-1787804100,1787804400,Up,0.795,True,20,0.75
btc-updown-5m-1787804400,1787804700,Down,0.905,True,17,0.9
btc-updown-5m-1787804700,1787805000,Down,0.835,True,18,0.8
btc-updown-5m-1787805000,1787805300,Down,0.945,True,16,0.9
btc-updown-5m-1787805900,1787806200,Down,0.775,True,15,0.75
btc-updown-5m-1787805300,1787805600,Down,0.745,False,16,0.7000000000000001
btc-updown-5m-1787806200,1787806500,Down,0.755,False,17,0.75
btc-updown-5m-1787805600,1787805900,Up,0.705,True,16,0.7000000000000001
btc-updown-5m-1787793600,1787793900,Up,0.895,True,21,0.8500000000000001
btc-updown-5m-1787788800,1787789100,Down,0.7050000000000001,True,4,0.7000000000000001
btc-updown-5m-1787806500,1787806800,Up,0.755,True,15,0.75
btc-updown-5m-1787806800,1787807100,Down,0.6950000000000001,True,15,0.65
btc-updown-5m-1787793300,1787793600,Down,0.7150000000000001,False,17,0.7000000000000001
btc-updown-5m-1787776800,1787777100,Up,0.955,True,16,0.9500000000000001
btc-updown-5m-1787789700,1787790000,Down,0.625,False,18,0.6000000000000001
btc-updown-5m-1787795400,1787795700,Up,0.895,True,2,0.8500000000000001
btc-updown-5m-1787802600,1787802900,Down,0.685,True,18,0.65
btc-updown-5m-1787808600,1787808900,Down,0.655,True,19,0.65
btc-updown-5m-1787809500,1787809800,Up,0.965,True,18,0.9500000000000001
btc-updown-5m-1787809800,1787810100,Up,0.895,True,1,0.8500000000000001
btc-updown-5m-1787810100,1787810400,Down,0.855,False,16,0.8500000000000001
btc-updown-5m-1787810400,1787810700,Down,0.875,True,20,0.8500000000000001
btc-updown-5m-1787810700,1787811000,Up,0.615,True,19,0.6000000000000001
btc-updown-5m-1787811000,1787811300,Down,0.935,True,21,0.9
btc-updown-5m-1787811300,1787811600,Up,0.635,True,18,0.6000000000000001
btc-updown-5m-1787811600,1787811900,Up,0.845,True,20,0.8
btc-updown-5m-1787811900,1787812200,Down,0.895,True,20,0.8500000000000001
btc-updown-5m-1787812200,1787812500,Up,0.955,True,19,0.9500000000000001
btc-updown-5m-1787812500,1787812800,Up,0.705,True,20,0.7000000000000001
btc-updown-5m-1787812800,1787813100,Down,0.825,True,17,0.8
btc-updown-5m-1787807100,1787807400,Down,0.905,True,15,0.9
btc-updown-5m-1787800800,1787801100,Up,0.835,True,22,0.8
btc-updown-5m-1787807400,1787807700,Down,0.845,True,16,0.8
btc-updown-5m-1787794500,1787794800,Down,0.775,False,18,0.75
btc-updown-5m-1787813400,1787813700,Up,0.715,True,21,0.7000000000000001
btc-updown-5m-1787794800,1787795100,Down,0.905,True,17,0.9
btc-updown-5m-1787801700,1787802000,Down,0.655,True,20,0.65
btc-updown-5m-1787808300,1787808600,Up,0.925,False,3,0.9
btc-updown-5m-1787814900,1787815200,Down,0.5349999999999999,True,16,0.5
btc-updown-5m-1787809200,1787809500,Up,0.955,True,19,0.9500000000000001
btc-updown-5m-1787816100,1787816400,Down,0.505,True,15,0.5
btc-updown-5m-1787815500,1787815800,Down,0.865,True,21,0.8500000000000001
btc-updown-5m-1787816400,1787816700,Down,0.655,False,21,0.65
btc-updown-5m-1787816700,1787817000,Down,0.655,True,20,0.65
btc-updown-5m-1787817000,1787817300,Up,0.965,True,22,0.9500000000000001
btc-updown-5m-1787817300,1787817600,Up,0.965,True,19,0.9500000000000001
btc-updown-5m-1787817600,1787817900,Down,0.565,False,20,0.55
btc-updown-5m-1787817900,1787818200,Down,0.845,False,15,0.8
btc-updown-5m-1787818200,1787818500,Up,0.685,False,15,0.65
btc-updown-5m-1787818800,1787819100,Up,0.555,True,19,0.55
btc-updown-5m-1787818500,1787818800,Down,0.825,True,17,0.8
btc-updown-5m-1787819100,1787819400,Up,0.915,True,4,0.9
btc-updown-5m-1787819400,1787819700,Up,0.955,True,0,0.9500000000000001
btc-updown-5m-1787819700,1787820000,Down,0.885,True,2,0.8500000000000001
btc-updown-5m-1787813100,1787813400,Up,0.915,True,20,0.9
btc-updown-5m-1787801400,1787801700,Down,0.915,True,19,0.9
btc-updown-5m-1787820600,1787820900,Up,0.535,False,21,0.5
btc-updown-5m-1787820000,1787820300,Up,0.895,True,22,0.8500000000000001
btc-updown-5m-1787821200,1787821500,Up,0.525,True,21,0.5
btc-updown-5m-1787814000,1787814300,Down,0.915,True,20,0.9
btc-updown-5m-1787821800,1787822100,Up,0.875,True,17,0.8500000000000001
btc-updown-5m-1787815200,1787815500,Up,0.5,False,20,0.45
btc-updown-5m-1787823000,1787823300,Down,0.895,True,19,0.8500000000000001
btc-updown-5m-1787822700,1787823000,Up,0.995,True,22,0.9500000000000001
btc-updown-5m-1787823300,1787823600,Up,0.745,True,19,0.7000000000000001
btc-updown-5m-1787823600,1787823900,Down,0.675,True,20,0.65
btc-updown-5m-1787873700,1787874000,Down,0.6950000000000001,False,19,0.65
btc-updown-5m-1787823900,1787824200,Down,0.625,True,16,0.6000000000000001
btc-updown-5m-1787824200,1787824500,Down,0.995,True,19,0.9500000000000001
btc-updown-5m-1787824500,1787824800,Down,0.955,True,20,0.9500000000000001
btc-updown-5m-1787824800,1787825100,Up,0.785,True,19,0.75
btc-updown-5m-1787825100,1787825400,Up,0.965,True,18,0.9500000000000001
btc-updown-5m-1787825400,1787825700,Down,0.915,True,18,0.9
btc-updown-5m-1787825700,1787826000,Up,0.645,True,16,0.6000000000000001
btc-updown-5m-1787826300,1787826600,Down,0.995,True,18,0.9500000000000001
btc-updown-5m-1787826000,1787826300,Up,0.835,False,3,0.8
btc-updown-5m-1787796000,1787796300,Up,0.695,True,21,0.65
btc-updown-5m-1787820900,1787821200,Down,0.735,True,21,0.7000000000000001
btc-updown-5m-1787813700,1787814000,Down,0.505,False,6,0.5
btc-updown-5m-1787827200,1787827500,Up,0.915,True,20,0.9
btc-updown-5m-1787821500,1787821800,Down,0.505,False,18,0.5
btc-updown-5m-1787815800,1787816100,Up,0.945,True,16,0.9
btc-updown-5m-1787828100,1787828400,Down,0.8049999999999999,False,21,0.8
btc-updown-5m-1787829000,1787829300,Down,0.775,False,18,0.75
btc-updown-5m-1787829300,1787829600,Up,0.675,False,16,0.65
btc-updown-5m-1787829600,1787829900,Up,0.875,True,18,0.8500000000000001
btc-updown-5m-1787829900,1787830200,Down,0.985,True,20,0.9500000000000001
btc-updown-5m-1787880000,1787880300,Up,0.665,True,5,0.65
btc-updown-5m-1787830500,1787830800,Down,0.905,True,19,0.9
btc-updown-5m-1787830200,1787830500,Down,0.875,False,20,0.8500000000000001
btc-updown-5m-1787831100,1787831400,Up,0.515,False,20,0.5
btc-updown-5m-1787830800,1787831100,Up,0.555,True,19,0.55
btc-updown-5m-1787831700,1787832000,Up,0.585,True,19,0.55
btc-updown-5m-1787831400,1787831700,Down,0.865,False,17,0.8500000000000001
btc-updown-5m-1787832000,1787832300,Up,0.585,False,20,0.55
btc-updown-5m-1787807700,1787808000,Down,0.815,True,16,0.8
btc-updown-5m-1787832300,1787832600,Down,0.825,True,20,0.8
btc-updown-5m-1787832600,1787832900,Up,0.965,True,22,0.9500000000000001
btc-updown-5m-1787826900,1787827200,Down,0.985,True,21,0.9500000000000001
btc-updown-5m-1787832900,1787833200,Up,0.585,False,75,0.55
btc-updown-5m-1787833500,1787833800,Up,0.835,True,16,0.8
btc-updown-5m-1787833800,1787834100,Down,0.845,True,18,0.8
btc-updown-5m-1787834700,1787835000,Up,0.815,True,20,0.8
btc-updown-5m-1787835000,1787835300,Up,0.605,False,21,0.6000000000000001
btc-updown-5m-1787835300,1787835600,Up,0.525,False,19,0.5
btc-updown-5m-1787835600,1787835900,Up,0.835,True,22,0.8
btc-updown-5m-1787835900,1787836200,Up,0.675,True,17,0.65
btc-updown-5m-1787836200,1787836500,Down,0.505,False,17,0.5
btc-updown-5m-1787836500,1787836800,Up,0.705,False,21,0.7000000000000001
btc-updown-5m-1787837100,1787837400,Up,0.815,False,21,0.8
btc-updown-5m-1787836800,1787837100,Up,0.785,True,21,0.75
btc-updown-5m-1787837700,1787838000,Up,0.785,True,20,0.75
btc-updown-5m-1787837400,1787837700,Down,0.945,True,15,0.9
btc-updown-5m-1787796300,1787796600,Down,0.6950000000000001,False,18,0.65
btc-updown-5m-1787795700,1787796000,Up,0.735,False,17,0.7000000000000001
btc-updown-5m-1787820300,1787820600,Down,0.675,True,20,0.65
btc-updown-5m-1787838000,1787838300,Down,0.665,False,17,0.65
btc-updown-5m-1787838300,1787838600,Up,0.645,False,15,0.6000000000000001
btc-updown-5m-1787826600,1787826900,Down,0.7050000000000001,True,19,0.7000000000000001
btc-updown-5m-1787808000,1787808300,Up,0.755,True,19,0.75
btc-updown-5m-1787814600,1787814900,Up,0.615,True,19,0.6000000000000001
btc-updown-5m-1787839200,1787839500,Down,0.685,False,20,0.65
btc-updown-5m-1787834400,1787834700,Down,0.685,True,18,0.65
btc-updown-5m-1787828700,1787829000,Down,0.5449999999999999,True,6,0.5
btc-updown-5m-1787841000,1787841300,Up,0.715,True,17,0.7000000000000001
btc-updown-5m-1787841900,1787842200,Down,0.905,True,16,0.9
btc-updown-5m-1787841600,1787841900,Up,0.765,True,16,0.75
btc-updown-5m-1787842200,1787842500,Up,0.755,False,22,0.75
btc-updown-5m-1787842500,1787842800,Up,0.755,True,16,0.75
btc-updown-5m-1787842800,1787843100,Up,0.825,False,14,0.8
btc-updown-5m-1787843100,1787843400,Up,0.895,True,22,0.8500000000000001
btc-updown-5m-1787843400,1787843700,Up,0.825,True,17,0.8
btc-updown-5m-1787843700,1787844000,Down,0.885,True,5,0.8500000000000001
btc-updown-5m-1787844300,1787844600,Up,0.9,True,5,0.8500000000000001
btc-updown-5m-1787844000,1787844300,Down,0.945,True,21,0.9
btc-updown-5m-1787844600,1787844900,Down,0.925,True,17,0.9
btc-updown-5m-1787844900,1787845200,Down,0.515,False,19,0.5
btc-updown-5m-1787833200,1787833500,Up,0.925,True,20,0.9
btc-updown-5m-1787838600,1787838900,Up,0.965,True,21,0.9500000000000001
btc-updown-5m-1787838900,1787839200,Up,0.805,True,20,0.8
btc-updown-5m-1787803200,1787803500,Up,0.775,True,16,0.75
btc-updown-5m-1787845200,1787845500,Down,0.5549999999999999,False,16,0.55
btc-updown-5m-1787845500,1787845800,Down,0.955,True,17,0.9500000000000001
btc-updown-5m-1787822400,1787822700,Up,0.945,True,19,0.9
btc-updown-5m-1787846400,1787846700,Up,0.645,True,16,0.6000000000000001
btc-updown-5m-1787847300,1787847600,Up,0.585,True,18,0.55
btc-updown-5m-1787847600,1787847900,Up,0.725,True,19,0.7000000000000001
btc-updown-5m-1787847900,1787848200,Up,0.755,False,18,0.75
btc-updown-5m-1787848200,1787848500,Down,0.815,True,18,0.8
btc-updown-5m-1787848500,1787848800,Down,0.595,True,15,0.55
btc-updown-5m-1787848800,1787849100,Up,0.945,True,18,0.9
btc-updown-5m-1787849100,1787849400,Down,0.855,True,17,0.8500000000000001
btc-updown-5m-1787849400,1787849700,Up,0.655,True,15,0.65
btc-updown-5m-1787849700,1787850000,Down,0.865,True,21,0.8500000000000001
btc-updown-5m-1787850000,1787850300,Down,0.935,True,15,0.9
btc-updown-5m-1787850600,1787850900,Up,0.775,True,18,0.75
btc-updown-5m-1787850900,1787851200,Up,0.765,True,8,0.75
btc-updown-5m-1787851500,1787851800,Up,0.555,False,4,0.55
btc-updown-5m-1787808900,1787809200,Up,0.585,True,20,0.55
btc-updown-5m-1787851200,1787851500,Down,0.825,True,14,0.8
btc-updown-5m-1787851800,1787852100,Up,0.695,False,21,0.65
btc-updown-5m-1787834100,1787834400,Down,0.975,True,16,0.9500000000000001
btc-updown-5m-1787839500,1787839800,Down,0.815,True,20,0.8
btc-updown-5m-1787827800,1787828100,Up,0.665,True,7,0.65
btc-updown-5m-1787853000,1787853300,Up,0.575,False,17,0.55
btc-updown-5m-1787841300,1787841600,Up,0.945,True,16,0.9
btc-updown-5m-1787853300,1787853600,Up,0.735,False,18,0.7000000000000001
btc-updown-5m-1787853600,1787853900,Down,0.905,True,16,0.9
btc-updown-5m-1787854500,1787854800,Down,0.725,True,17,0.7000000000000001
btc-updown-5m-1787854200,1787854500,Down,0.825,True,16,0.8
btc-updown-5m-1787682300,1787682600,Down,0.685,True,5,0.65
btc-updown-5m-1787682600,1787682900,Down,0.895,True,22,0.8500000000000001
btc-updown-5m-1787682900,1787683200,Down,0.845,True,20,0.8
btc-updown-5m-1787683200,1787683500,Down,0.505,False,18,0.5
btc-updown-5m-1787850300,1787850600,Up,0.925,True,14,0.9
btc-updown-5m-1787683500,1787683800,Up,0.805,True,21,0.8
btc-updown-5m-1787683800,1787684100,Down,0.615,True,22,0.6000000000000001
btc-updown-5m-1787684100,1787684400,Up,0.775,True,20,0.75
btc-updown-5m-1787790300,1787790600,Down,0.775,False,1,0.75
btc-updown-5m-1787684400,1787684700,Up,0.785,False,16,0.75
btc-updown-5m-1787684700,1787685000,Down,0.875,True,18,0.8500000000000001
btc-updown-5m-1787814300,1787814600,Down,0.675,True,15,0.65
btc-updown-5m-1787685300,1787685600,Up,0.725,True,17,0.7000000000000001
btc-updown-5m-1787685900,1787686200,Down,0.995,True,13,0.9500000000000001
btc-updown-5m-1787852700,1787853000,Down,0.63,True,18,0.6000000000000001
btc-updown-5m-1787686500,1787686800,Up,0.925,True,17,0.9
btc-updown-5m-1787686800,1787687100,Down,0.745,True,19,0.7000000000000001
btc-updown-5m-1787687100,1787687400,Down,0.515,False,20,0.5
btc-updown-5m-1787687400,1787687700,Up,0.945,True,20,0.9
btc-updown-5m-1787682000,1787682300,Down,0.515,False,16,0.5
btc-updown-5m-1787688000,1787688300,Down,0.735,True,19,0.7000000000000001
btc-updown-5m-1787688300,1787688600,Up,0.905,True,20,0.9
btc-updown-5m-1787688600,1787688900,Down,0.775,False,15,0.75
btc-updown-5m-1787688900,1787689200,Down,0.595,False,16,0.55
btc-updown-5m-1787689200,1787689500,Down,0.845,True,17,0.8
btc-updown-5m-1787689500,1787689800,Down,0.925,True,16,0.9
btc-updown-5m-1787689800,1787690100,Down,0.78,True,12,0.75
btc-updown-5m-1787690100,1787690400,Up,0.595,False,19,0.55
btc-updown-5m-1787690700,1787691000,Down,0.945,True,21,0.9
btc-updown-5m-1787690400,1787690700,Down,0.965,True,4,0.9500000000000001
btc-updown-5m-1787685000,1787685300,Down,0.635,False,2,0.6000000000000001
btc-updown-5m-1787691000,1787691300,Up,0.945,True,16,0.9
btc-updown-5m-1787691300,1787691600,Down,0.855,True,2,0.8500000000000001
btc-updown-5m-1787691600,1787691900,Down,0.825,True,18,0.8
btc-updown-5m-1787822100,1787822400,Up,0.805,True,13,0.8
btc-updown-5m-1787846700,1787847000,Down,0.875,True,21,0.8500000000000001
btc-updown-5m-1787847000,1787847300,Up,0.965,True,20,0.9500000000000001
btc-updown-5m-1787692800,1787693100,Down,0.575,True,21,0.55
btc-updown-5m-1787693400,1787693700,Down,0.7050000000000001,True,17,0.7000000000000001
btc-updown-5m-1787687700,1787688000,Down,0.5349999999999999,False,19,0.5
btc-updown-5m-1787694000,1787694300,Up,0.525,False,20,0.5
btc-updown-5m-1787694300,1787694600,Down,0.615,False,2,0.6000000000000001
btc-updown-5m-1787694900,1787695200,Up,0.755,True,15,0.75
btc-updown-5m-1787695200,1787695500,Up,0.855,True,17,0.8500000000000001
btc-updown-5m-1787695500,1787695800,Up,0.805,True,18,0.8
btc-updown-5m-1787696100,1787696400,Up,0.765,False,15,0.75
btc-updown-5m-1787695800,1787696100,Up,0.895,True,0,0.8500000000000001
btc-updown-5m-1787696700,1787697000,Down,0.955,True,21,0.9500000000000001
btc-updown-5m-1787696400,1787696700,Down,0.845,True,22,0.8
btc-updown-5m-1787697000,1787697300,Up,0.935,True,19,0.9
btc-updown-5m-1787697300,1787697600,Down,0.645,True,16,0.6000000000000001
btc-updown-5m-1787691900,1787692200,Up,0.785,False,22,0.75
btc-updown-5m-1787827500,1787827800,Down,0.865,True,7,0.8500000000000001
btc-updown-5m-1787685600,1787685900,Down,0.875,True,20,0.8500000000000001
btc-updown-5m-1787697600,1787697900,Up,0.605,False,20,0.6000000000000001
btc-updown-5m-1787697900,1787698200,Up,0.895,True,4,0.8500000000000001
btc-updown-5m-1787698500,1787698800,Up,0.635,False,19,0.6000000000000001
btc-updown-5m-1787693100,1787693400,Up,0.565,True,17,0.55
btc-updown-5m-1787698800,1787699100,Up,0.845,True,15,0.8
btc-updown-5m-1787853900,1787854200,Down,0.595,True,21,0.55
btc-updown-5m-1787694600,1787694900,Down,0.6950000000000001,True,16,0.65
btc-updown-5m-1787700900,1787701200,Down,0.855,True,15,0.8500000000000001
btc-updown-5m-1787700600,1787700900,Down,0.865,False,16,0.8500000000000001
btc-updown-5m-1787700300,1787700600,Down,0.785,False,20,0.75
btc-updown-5m-1787701500,1787701800,Down,0.6950000000000001,True,18,0.65
btc-updown-5m-1787702100,1787702400,Up,0.865,True,16,0.8500000000000001
btc-updown-5m-1787701800,1787702100,Down,0.755,False,17,0.75
btc-updown-5m-1787702400,1787702700,Down,0.735,False,22,0.7000000000000001
btc-updown-5m-1787702700,1787703000,Down,0.915,True,21,0.9
btc-updown-5m-1787703300,1787703600,Up,0.855,True,18,0.8500000000000001
btc-updown-5m-1787703000,1787703300,Up,0.875,True,18,0.8500000000000001
btc-updown-5m-1787703600,1787703900,Down,0.645,False,19,0.6000000000000001
btc-updown-5m-1787852100,1787852400,Up,0.535,False,18,0.5
btc-updown-5m-1787692200,1787692500,Up,0.825,True,18,0.8
btc-updown-5m-1787703900,1787704200,Down,0.755,True,16,0.75
btc-updown-5m-1787852400,1787852700,Down,0.865,True,20,0.8500000000000001
btc-updown-5m-1787698200,1787698500,Up,0.815,True,17,0.8
btc-updown-5m-1787704200,1787704500,Up,0.845,True,18,0.8
btc-updown-5m-1787693700,1787694000,Up,0.965,True,10,0.9500000000000001
btc-updown-5m-1787704500,1787704800,Down,0.765,True,17,0.75
btc-updown-5m-1787699700,1787700000,Down,0.565,True,18,0.55
btc-updown-5m-1787706000,1787706300,Up,0.865,True,14,0.8500000000000001
btc-updown-5m-1787706300,1787706600,Up,0.925,True,16,0.9
btc-updown-5m-1787701200,1787701500,Down,0.7050000000000001,True,17,0.7000000000000001
btc-updown-5m-1787706900,1787707200,Up,0.945,True,21,0.9
btc-updown-5m-1787707800,1787708100,Up,0.955,True,13,0.9500000000000001
btc-updown-5m-1787708100,1787708400,Up,0.875,True,16,0.8500000000000001
btc-updown-5m-1787708700,1787709000,Down,0.8049999999999999,True,15,0.8
btc-updown-5m-1787708400,1787708700,Down,0.895,True,0,0.8500000000000001
btc-updown-5m-1787709000,1787709300,Down,0.685,True,16,0.65
btc-updown-5m-1787709300,1787709600,Down,0.8049999999999999,False,4,0.8
btc-updown-5m-1787709900,1787710200,Down,0.8049999999999999,True,21,0.8
btc-updown-5m-1787840100,1787840400,Up,0.775,True,20,0.75
btc-updown-5m-1787839800,1787840100,Down,0.775,True,74,0.75
btc-updown-5m-1787709600,1787709900,Up,0.855,True,6,0.8500000000000001
btc-updown-5m-1787692500,1787692800,Up,0.695,True,16,0.65
btc-updown-5m-1787686200,1787686500,Down,0.845,True,17,0.8
btc-updown-5m-1787710500,1787710800,Up,0.725,True,16,0.7000000000000001
btc-updown-5m-1787704800,1787705100,Down,0.515,True,15,0.5
btc-updown-5m-1787699400,1787699700,Up,0.555,True,21,0.55
btc-updown-5m-1787700000,1787700300,Down,0.845,True,17,0.8
btc-updown-5m-1787712000,1787712300,Down,0.735,True,16,0.7000000000000001
btc-updown-5m-1787712900,1787713200,Up,0.935,True,19,0.9
btc-updown-5m-1787706600,1787706900,Down,0.595,True,16,0.55
btc-updown-5m-1787713200,1787713500,Up,0.855,False,20,0.8500000000000001
btc-updown-5m-1787707500,1787707800,Down,0.935,True,19,0.9
btc-updown-5m-1787714100,1787714400,Down,0.855,True,21,0.8500000000000001
btc-updown-5m-1787714700,1787715000,Down,0.505,True,21,0.5
btc-updown-5m-1787714400,1787714700,Up,0.955,True,15,0.9500000000000001
btc-updown-5m-1787715000,1787715300,Down,0.905,True,18,0.9
btc-updown-5m-1787715300,1787715600,Up,0.955,True,18,0.9500000000000001
btc-updown-5m-1787715900,1787716200,Down,0.955,True,22,0.9500000000000001
btc-updown-5m-1787715600,1787715900,Down,0.7050000000000001,False,17,0.7000000000000001
btc-updown-5m-1787846100,1787846400,Up,0.505,False,20,0.5
btc-updown-5m-1787710200,1787710500,Up,0.625,True,18,0.6000000000000001
btc-updown-5m-1787716200,1787716500,Up,0.735,True,16,0.7000000000000001
btc-updown-5m-1787845800,1787846100,Up,0.705,True,17,0.7000000000000001
btc-updown-5m-1787710800,1787711100,Up,0.515,True,15,0.5
btc-updown-5m-1787716800,1787717100,Down,0.985,True,18,0.9500000000000001
btc-updown-5m-1787716500,1787716800,Up,0.905,True,22,0.9
btc-updown-5m-1787711400,1787711700,Down,0.885,True,18,0.8500000000000001
btc-updown-5m-1787711700,1787712000,Down,0.745,True,16,0.7000000000000001
btc-updown-5m-1787718600,1787718900,Up,0.505,False,20,0.5
btc-updown-5m-1787712300,1787712600,Down,0.7150000000000001,True,18,0.7000000000000001
btc-updown-5m-1787718900,1787719200,Up,0.505,True,23,0.5
btc-updown-5m-1787713800,1787714100,Up,0.775,True,16,0.75
btc-updown-5m-1787719500,1787719800,Up,0.505,False,16,0.5
btc-updown-5m-1787720100,1787720400,Up,0.505,False,23,0.5
btc-updown-5m-1787720700,1787721000,Up,0.505,False,9,0.5
btc-updown-5m-1787720400,1787720700,Up,0.505,False,20,0.5
btc-updown-5m-1787721000,1787721300,Up,0.505,True,17,0.5
btc-updown-5m-1787721600,1787721900,Up,0.505,True,20,0.5
btc-updown-5m-1787722200,1787722500,Up,0.505,True,21,0.5
btc-updown-5m-1787721900,1787722200,Up,0.505,True,21,0.5
btc-updown-5m-1787722500,1787722800,Up,0.505,False,23,0.5
btc-updown-5m-1787828400,1787828700,Up,0.725,True,19,0.7000000000000001
btc-updown-5m-1787723100,1787723400,Up,0.505,False,21,0.5
btc-updown-5m-1787699100,1787699400,Down,0.745,True,0,0.7000000000000001
btc-updown-5m-1787723400,1787723700,Up,0.505,False,20,0.5
btc-updown-5m-1787722800,1787723100,Up,0.505,True,8,0.5
btc-updown-5m-1787723700,1787724000,Up,0.505,True,19,0.5
btc-updown-5m-1787717100,1787717400,Down,0.51,False,6,0.5
btc-updown-5m-1787718300,1787718600,Up,0.505,False,21,0.5
btc-updown-5m-1787724300,1787724600,Up,0.505,True,19,0.5
btc-updown-5m-1787725500,1787725800,Up,0.505,True,22,0.5
btc-updown-5m-1787724900,1787725200,Up,0.505,False,21,0.5
btc-updown-5m-1787719800,1787720100,Up,0.505,True,21,0.5
btc-updown-5m-1787726400,1787726700,Up,0.505,True,22,0.5
btc-updown-5m-1787726100,1787726400,Up,0.505,False,20,0.5
btc-updown-5m-1787726700,1787727000,Up,0.505,False,16,0.5
btc-updown-5m-1787721300,1787721600,Up,0.505,False,19,0.5
btc-updown-5m-1787727300,1787727600,Up,0.505,True,21,0.5
btc-updown-5m-1787727900,1787728200,Up,0.505,False,20,0.5
btc-updown-5m-1787727600,1787727900,Up,0.505,True,20,0.5
btc-updown-5m-1787728200,1787728500,Up,0.505,True,18,0.5
btc-updown-5m-1787729400,1787729700,Up,0.505,True,20,0.5
btc-updown-5m-1787728800,1787729100,Up,0.505,True,21,0.5
btc-updown-5m-1787729100,1787729400,Up,0.505,False,21,0.5
btc-updown-5m-1787729700,1787730000,Up,0.505,True,22,0.5
btc-updown-5m-1787717400,1787717700,Up,0.505,False,19,0.5
btc-updown-5m-1787730000,1787730300,Up,0.505,False,22,0.5
btc-updown-5m-1787711100,1787711400,Up,0.975,True,20,0.9500000000000001
btc-updown-5m-1787712600,1787712900,Up,0.565,False,5,0.55
btc-updown-5m-1787730600,1787730900,Up,0.505,False,22,0.5
btc-updown-5m-1787725200,1787725500,Up,0.505,False,20,0.5
btc-updown-5m-1787719200,1787719500,Up,0.505,True,22,0.5
btc-updown-5m-1787731800,1787732100,Up,0.815,True,20,0.8
btc-updown-5m-1787732100,1787732400,Up,0.765,False,16,0.75
btc-updown-5m-1787732400,1787732700,Down,0.915,True,6,0.9
btc-updown-5m-1787732700,1787733000,Up,0.835,True,18,0.8
btc-updown-5m-1787733300,1787733600,Down,0.7050000000000001,True,17,0.7000000000000001
btc-updown-5m-1787727000,1787727300,Up,0.505,True,22,0.5
btc-updown-5m-1787733600,1787733900,Up,0.695,True,16,0.65
btc-updown-5m-1787733900,1787734200,Down,0.835,True,16,0.8
btc-updown-5m-1787734200,1787734500,Down,0.955,True,16,0.9500000000000001
btc-updown-5m-1787734500,1787734800,Down,0.795,True,18,0.75
btc-updown-5m-1787735100,1787735400,Up,0.775,False,22,0.75
btc-updown-5m-1787840700,1787841000,Up,0.595,True,20,0.55
btc-updown-5m-1787840400,1787840700,Up,0.845,True,6,0.8
btc-updown-5m-1787736000,1787736300,Up,0.665,False,16,0.65
btc-updown-5m-1787705400,1787705700,Up,0.935,True,17,0.9
btc-updown-5m-1787730300,1787730600,Up,0.505,True,19,0.5
btc-updown-5m-1787736300,1787736600,Up,0.865,True,20,0.8500000000000001
btc-updown-5m-1787736600,1787736900,Up,0.775,True,16,0.75
btc-updown-5m-1787724600,1787724900,Up,0.505,False,21,0.5
btc-updown-5m-1787736900,1787737200,Down,0.875,True,20,0.8500000000000001
btc-updown-5m-1787737800,1787738100,Up,0.865,True,21,0.8500000000000001
btc-updown-5m-1787707200,1787707500,Up,0.695,True,16,0.65
btc-updown-5m-1787739000,1787739300,Up,0.735,True,6,0.7000000000000001
btc-updown-5m-1787738700,1787739000,Up,0.785,False,15,0.75
btc-updown-5m-1787733000,1787733300,Down,0.515,True,8,0.5
btc-updown-5m-1787739300,1787739600,Up,0.875,True,16,0.8500000000000001
btc-updown-5m-1787739900,1787740200,Up,0.845,True,15,0.8
btc-updown-5m-1787739600,1787739900,Up,0.575,True,20,0.55
btc-updown-5m-1787790000,1787790300,Up,0.815,False,18,0.8
btc-updown-5m-1787740200,1787740500,Down,0.855,False,2,0.8500000000000001
btc-updown-5m-1787734800,1787735100,Up,0.935,True,9,0.9
btc-updown-5m-1787741100,1787741400,Down,0.575,False,10,0.55
btc-updown-5m-1787741400,1787741700,Up,0.635,True,20,0.6000000000000001
btc-updown-5m-1787735700,1787736000,Down,0.985,True,19,0.9500000000000001
btc-updown-5m-1787742000,1787742300,Up,0.755,True,6,0.75
btc-updown-5m-1787742300,1787742600,Down,0.835,True,19,0.8
btc-updown-5m-1787717700,1787718000,Up,0.505,True,5,0.5
btc-updown-5m-1787724000,1787724300,Up,0.505,True,19,0.5
btc-updown-5m-1787743200,1787743500,Up,0.685,True,17,0.65
btc-updown-5m-1787737200,1787737500,Down,0.905,True,18,0.9
btc-updown-5m-1787731500,1787731800,Down,0.5349999999999999,False,18,0.5
btc-updown-5m-1787738100,1787738400,Up,0.705,True,14,0.7000000000000001
btc-updown-5m-1787738400,1787738700,Down,0.605,True,19,0.6000000000000001
btc-updown-5m-1787745000,1787745300,Up,0.885,True,7,0.8500000000000001
btc-updown-5m-1787745300,1787745600,Up,0.755,False,20,0.75
btc-updown-5m-1787745600,1787745900,Up,0.825,True,17,0.8
btc-updown-5m-1787745900,1787746200,Down,0.925,True,19,0.9
btc-updown-5m-1787728500,1787728800,Up,0.505,False,21,0.5
btc-updown-5m-1787746200,1787746500,Down,0.565,True,19,0.55
btc-updown-5m-1787746500,1787746800,Down,0.615,True,16,0.6000000000000001
btc-updown-5m-1787740500,1787740800,Down,0.565,False,21,0.55
btc-updown-5m-1787746800,1787747100,Up,0.925,True,21,0.9
btc-updown-5m-1787747100,1787747400,Up,0.905,True,4,0.9
btc-updown-5m-1787735400,1787735700,Down,0.625,True,2,0.6000000000000001
btc-updown-5m-1787747700,1787748000,Down,0.665,True,18,0.65
btc-updown-5m-1787748300,1787748600,Down,0.825,True,19,0.8
btc-updown-5m-1787748900,1787749200,Up,0.855,True,21,0.8500000000000001
btc-updown-5m-1787742900,1787743200,Up,0.605,False,15,0.6000000000000001
btc-updown-5m-1787718000,1787718300,Up,0.505,False,22,0.5
btc-updown-5m-1787743800,1787744100,Down,0.795,True,18,0.75
btc-updown-5m-1787737500,1787737800,Down,0.915,False,2,0.9
btc-updown-5m-1787749500,1787749800,Down,0.755,True,21,0.75
btc-updown-5m-1787750400,1787750700,Down,0.6950000000000001,True,19,0.65
btc-updown-5m-1787744700,1787745000,Down,0.855,True,19,0.8500000000000001
btc-updown-5m-1787751600,1787751900,Up,0.565,True,17,0.55
btc-updown-5m-1787751000,1787751300,Up,0.765,True,16,0.75
btc-updown-5m-1787752200,1787752500,Down,0.915,True,21,0.9
btc-updown-5m-1787752500,1787752800,Up,0.745,True,15,0.7000000000000001
btc-updown-5m-1787752800,1787753100,Up,0.74,True,19,0.7000000000000001
btc-updown-5m-1787740800,1787741100,Down,0.5349999999999999,False,17,0.5
btc-updown-5m-1787753100,1787753400,Up,0.525,True,22,0.5
btc-updown-5m-1787747400,1787747700,Down,0.935,True,16,0.9
btc-updown-5m-1787741700,1787742000,Down,0.855,True,19,0.8500000000000001
btc-updown-5m-1787753700,1787754000,Up,0.825,True,17,0.8
btc-updown-5m-1787748000,1787748300,Up,0.685,True,19,0.65
btc-updown-5m-1787753400,1787753700,Down,0.5349999999999999,True,21,0.5
btc-updown-5m-1787754300,1787754600,Down,0.975,True,21,0.9500000000000001
btc-updown-5m-1787748600,1787748900,Up,0.905,True,20,0.9
btc-updown-5m-1787742600,1787742900,Up,0.745,True,19,0.7000000000000001
btc-updown-5m-1787730900,1787731200,Up,0.5,False,17,0.45
btc-updown-5m-1787713500,1787713800,Down,0.625,True,18,0.6000000000000001
btc-updown-5m-1787755500,1787755800,Down,0.755,True,20,0.75
btc-updown-5m-1787744100,1787744400,Down,0.815,True,21,0.8
btc-updown-5m-1787750700,1787751000,Down,0.865,True,9,0.8500000000000001
btc-updown-5m-1787757300,1787757600,Down,0.685,True,19,0.65
btc-updown-5m-1787757000,1787757300,Down,0.565,True,16,0.55
btc-updown-5m-1787751900,1787752200,Down,0.7050000000000001,True,21,0.7000000000000001
btc-updown-5m-1787757900,1787758200,Up,0.935,True,21,0.9
btc-updown-5m-1787758500,1787758800,Down,0.635,False,19,0.6000000000000001
btc-updown-5m-1787758200,1787758500,Down,0.79,True,15,0.75
btc-updown-5m-1787759100,1787759400,Up,0.635,True,20,0.6000000000000001
btc-updown-5m-1787760000,1787760300,Down,0.5549999999999999,False,16,0.55
btc-updown-5m-1787759400,1787759700,Down,0.895,True,10,0.8500000000000001
btc-updown-5m-1787759700,1787760000,Up,0.835,False,19,0.8
btc-updown-5m-1787754000,1787754300,Down,0.5349999999999999,True,21,0.5
btc-updown-5m-1787760300,1787760600,Up,0.575,True,20,0.55
btc-updown-5m-1787760600,1787760900,Down,0.865,True,17,0.8500000000000001
btc-updown-5m-1787760900,1787761200,Down,0.895,True,19,0.8500000000000001
btc-updown-5m-1787754600,1787754900,Down,0.505,True,16,0.5
btc-updown-5m-1787761500,1787761800,Down,0.625,False,6,0.6000000000000001
btc-updown-5m-1787755200,1787755500,Up,0.585,False,17,0.55
btc-updown-5m-1787755800,1787756100,Up,0.525,False,21,0.5
btc-updown-5m-1787756700,1787757000,Up,0.885,True,15,0.8500000000000001
btc-updown-5m-1787756400,1787756700,Up,0.645,False,17,0.6000000000000001
btc-updown-5m-1787763000,1787763300,Down,0.605,True,16,0.6000000000000001
btc-updown-5m-1787757600,1787757900,Up,0.915,True,18,0.9
btc-updown-5m-1787763300,1787763600,Down,0.7150000000000001,True,14,0.7000000000000001
btc-updown-5m-1787763900,1787764200,Up,0.695,True,18,0.65
btc-updown-5m-1787758800,1787759100,Up,0.945,True,2,0.9
btc-updown-5m-1787764500,1787764800,Up,0.955,True,20,0.9500000000000001
btc-updown-5m-1787765100,1787765400,Up,0.635,True,17,0.6000000000000001
btc-updown-5m-1787764800,1787765100,Up,0.765,True,20,0.75
btc-updown-5m-1787765400,1787765700,Up,0.735,True,17,0.7000000000000001
btc-updown-5m-1787765700,1787766000,Down,0.855,True,19,0.8500000000000001
btc-updown-5m-1787766000,1787766300,Up,0.915,True,9,0.9
btc-updown-5m-1787766600,1787766900,Down,0.585,False,17,0.55
btc-updown-5m-1787766300,1787766600,Down,0.965,True,18,0.9500000000000001
btc-updown-5m-1787766900,1787767200,Up,0.605,False,11,0.6000000000000001
btc-updown-5m-1787767200,1787767500,Up,0.605,True,16,0.6000000000000001
btc-updown-5m-1787767500,1787767800,Down,0.795,False,20,0.75
btc-updown-5m-1787743500,1787743800,Down,0.865,True,20,0.8500000000000001
btc-updown-5m-1787750100,1787750400,Up,0.645,False,18,0.6000000000000001
btc-updown-5m-1787595900,1787596200,Up,0.685,False,18,0.65
btc-updown-5m-1787761800,1787762100,Down,0.585,False,18,0.55
btc-updown-5m-1787596200,1787596500,Up,0.705,False,19,0.7000000000000001
btc-updown-5m-1787596500,1787596800,Down,0.71,True,16,0.7000000000000001
btc-updown-5m-1787764200,1787764500,Down,0.765,False,2,0.75
btc-updown-5m-1787596800,1787597100,Up,0.955,True,18,0.9500000000000001
btc-updown-5m-1787598000,1787598300,Up,0.725,False,17,0.7000000000000001
btc-updown-5m-1787597700,1787598000,Down,0.825,True,18,0.8
btc-updown-5m-1787598300,1787598600,Down,0.885,False,18,0.8500000000000001
btc-updown-5m-1787598600,1787598900,Up,0.805,True,17,0.8
btc-updown-5m-1787598900,1787599200,Down,0.885,True,17,0.8500000000000001
btc-updown-5m-1787599200,1787599500,Up,0.505,False,17,0.5
btc-updown-5m-1787599500,1787599800,Up,0.855,True,12,0.8500000000000001
btc-updown-5m-1787599800,1787600100,Down,0.655,False,20,0.65
btc-updown-5m-1787600100,1787600400,Up,0.735,True,22,0.7000000000000001
btc-updown-5m-1787600400,1787600700,Down,0.955,True,21,0.9500000000000001
btc-updown-5m-1787761200,1787761500,Up,0.835,False,2,0.8
btc-updown-5m-1787731200,1787731500,Down,0.7050000000000001,True,19,0.7000000000000001
btc-updown-5m-1787600700,1787601000,Down,0.875,True,18,0.8500000000000001
btc-updown-5m-1787756100,1787756400,Down,0.745,True,19,0.7000000000000001
btc-updown-5m-1787768100,1787768400,Down,0.655,True,17,0.65
btc-updown-5m-1787601900,1787602200,Up,0.895,True,17,0.8500000000000001
btc-updown-5m-1787595600,1787595900,Up,0.845,True,15,0.8
btc-updown-5m-1787602500,1787602800,Up,0.685,True,16,0.65
btc-updown-5m-1787602800,1787603100,Down,0.5449999999999999,False,20,0.5
btc-updown-5m-1787763600,1787763900,Up,0.865,True,17,0.8500000000000001
btc-updown-5m-1787597400,1787597700,Down,0.785,True,18,0.75
btc-updown-5m-1787604300,1787604600,Down,0.575,True,6,0.55
btc-updown-5m-1787604000,1787604300,Down,0.725,True,18,0.7000000000000001
btc-updown-5m-1787604600,1787604900,Down,0.795,True,21,0.75
btc-updown-5m-1787604900,1787605200,Up,0.925,True,20,0.9
btc-updown-5m-1787605200,1787605500,Up,0.915,True,15,0.9
btc-updown-5m-1787605500,1787605800,Up,0.625,False,17,0.6000000000000001
btc-updown-5m-1787605800,1787606100,Up,0.905,True,22,0.9
btc-updown-5m-1787606100,1787606400,Down,0.945,True,17,0.9
btc-updown-5m-1787606400,1787606700,Down,0.835,False,22,0.8
btc-updown-5m-1787606700,1787607000,Down,0.845,True,19,0.8
btc-updown-5m-1787749200,1787749500,Up,0.835,False,20,0.8
btc-updown-5m-1787754900,1787755200,Up,0.63,False,21,0.6000000000000001
btc-updown-5m-1787601600,1787601900,Down,0.905,True,21,0.9
btc-updown-5m-1787601300,1787601600,Up,0.695,True,19,0.65
btc-updown-5m-1787749800,1787750100,Down,0.505,False,19,0.5
btc-updown-5m-1787762100,1787762400,Down,0.605,True,19,0.6000000000000001
btc-updown-5m-1787602200,1787602500,Down,0.605,True,20,0.6000000000000001
btc-updown-5m-1787607300,1787607600,Up,0.585,True,12,0.55
btc-updown-5m-1787751300,1787751600,Up,0.625,True,22,0.6000000000000001
btc-updown-5m-1787597100,1787597400,Up,0.775,True,17,0.75
btc-updown-5m-1787609400,1787609700,Down,0.815,True,20,0.8
btc-updown-5m-1787610600,1787610900,Up,0.505,True,16,0.5
btc-updown-5m-1787610300,1787610600,Down,0.935,True,17,0.9
btc-updown-5m-1787611200,1787611500,Down,0.955,True,16,0.9500000000000001
btc-updown-5m-1787610900,1787611200,Up,0.795,True,3,0.75
btc-updown-5m-1787611500,1787611800,Up,0.535,True,17,0.5
btc-updown-5m-1787612400,1787612700,Down,0.855,False,22,0.8500000000000001
btc-updown-5m-1787612100,1787612400,Down,0.885,True,3,0.8500000000000001
btc-updown-5m-1787611800,1787612100,Down,0.525,False,9,0.5
btc-updown-5m-1787612700,1787613000,Down,0.635,False,15,0.6000000000000001
btc-updown-5m-1787767800,1787768100,Up,0.815,True,19,0.8
btc-updown-5m-1787601000,1787601300,Down,0.915,True,17,0.9
btc-updown-5m-1787613000,1787613300,Up,0.545,False,16,0.5
btc-updown-5m-1787613300,1787613600,Up,0.795,True,77,0.75
btc-updown-5m-1787607000,1787607300,Up,0.555,True,22,0.55
btc-updown-5m-1787613600,1787613900,Up,0.905,True,17,0.9
btc-updown-5m-1787744400,1787744700,Up,0.855,True,16,0.8500000000000001
btc-updown-5m-1787607600,1787607900,Up,0.785,True,20,0.75
btc-updown-5m-1787613900,1787614200,Up,0.745,False,17,0.7000000000000001
btc-updown-5m-1787614500,1787614800,Up,0.58,True,16,0.55
btc-updown-5m-1787614800,1787615100,Up,0.505,True,22,0.5
btc-updown-5m-1787610000,1787610300,Down,0.755,True,16,0.75
btc-updown-5m-1787616900,1787617200,Down,0.965,True,18,0.9500000000000001
btc-updown-5m-1787616600,1787616900,Up,0.645,True,20,0.6000000000000001
btc-updown-5m-1787617200,1787617500,Up,0.785,True,18,0.75
btc-updown-5m-1787617500,1787617800,Down,0.615,True,21,0.6000000000000001
btc-updown-5m-1787617800,1787618100,Down,0.595,True,20,0.55
btc-updown-5m-1787618100,1787618400,Up,0.825,True,3,0.8
btc-updown-5m-1787618400,1787618700,Down,0.675,False,20,0.65
btc-updown-5m-1787618700,1787619000,Up,0.985,True,17,0.9500000000000001
btc-updown-5m-1787619000,1787619300,Up,0.665,True,18,0.65
btc-updown-5m-1787619300,1787619600,Up,0.695,True,2,0.65
btc-updown-5m-1787619600,1787619900,Up,0.815,True,17,0.8
btc-updown-5m-1787619900,1787620200,Down,0.605,True,17,0.6000000000000001
btc-updown-5m-1787762700,1787763000,Up,0.945,True,19,0.9
btc-updown-5m-1787762400,1787762700,Up,0.505,False,18,0.5
btc-updown-5m-1787603100,1787603400,Down,0.925,True,16,0.9
btc-updown-5m-1787620500,1787620800,Down,0.655,False,21,0.65
btc-updown-5m-1787725800,1787726100,Up,0.505,False,20,0.5
btc-updown-5m-1787620200,1787620500,Down,0.875,True,0,0.8500000000000001
btc-updown-5m-1787608500,1787608800,Up,0.875,True,17,0.8500000000000001
btc-updown-5m-1787603700,1787604000,Up,0.625,True,17,0.6000000000000001
btc-updown-5m-1787621700,1787622000,Up,0.555,True,16,0.55
btc-updown-5m-1787622000,1787622300,Up,0.575,False,3,0.55
btc-updown-5m-1787622900,1787623200,Up,0.825,True,18,0.8
btc-updown-5m-1787623500,1787623800,Down,0.775,True,18,0.75
btc-updown-5m-1787623800,1787624100,Up,0.865,True,15,0.8500000000000001
btc-updown-5m-1787624100,1787624400,Up,0.555,True,20,0.55
btc-updown-5m-1787624700,1787625000,Up,0.805,True,19,0.8
btc-updown-5m-1787624400,1787624700,Down,0.515,True,15,0.5
btc-updown-5m-1787625000,1787625300,Up,0.525,False,18,0.5
btc-updown-5m-1787625300,1787625600,Down,0.5549999999999999,False,19,0.55
btc-updown-5m-1787626200,1787626500,Down,0.945,True,20,0.9
btc-updown-5m-1787625900,1787626200,Down,0.835,True,17,0.8
btc-updown-5m-1787625600,1787625900,Up,0.925,False,15,0.9
btc-updown-5m-1787626500,1787626800,Down,0.505,True,18,0.5
btc-updown-5m-1787607900,1787608200,Up,0.625,True,16,0.6000000000000001
btc-updown-5m-1787620800,1787621100,Up,0.645,True,18,0.6000000000000001
btc-updown-5m-1787614200,1787614500,Down,0.585,True,17,0.55
btc-updown-5m-1787608200,1787608500,Down,0.7050000000000001,True,15,0.7000000000000001
btc-updown-5m-1787609100,1787609400,Up,0.915,True,21,0.9
btc-updown-5m-1787626800,1787627100,Down,0.515,False,16,0.5
btc-updown-5m-1787621100,1787621400,Up,0.955,True,19,0.9500000000000001
btc-updown-5m-1787622600,1787622900,Down,0.915,True,18,0.9
btc-updown-5m-1787628000,1787628300,Down,0.735,True,18,0.7000000000000001
btc-updown-5m-1787623200,1787623500,Down,0.865,True,5,0.8500000000000001
btc-updown-5m-1787629800,1787630100,Up,0.785,True,80,0.75
btc-updown-5m-1787630400,1787630700,Down,0.575,True,19,0.55
btc-updown-5m-1787630100,1787630400,Down,0.965,True,22,0.9500000000000001
btc-updown-5m-1787630700,1787631000,Down,0.855,True,22,0.8500000000000001
btc-updown-5m-1787631000,1787631300,Up,0.945,True,17,0.9
btc-updown-5m-1787631300,1787631600,Down,0.845,True,17,0.8
btc-updown-5m-1787631600,1787631900,Down,0.525,False,19,0.5
btc-updown-5m-1787631900,1787632200,Down,0.765,True,21,0.75
btc-updown-5m-1787632200,1787632500,Down,0.625,False,2,0.6000000000000001
btc-updown-5m-1787632500,1787632800,Up,0.645,True,18,0.6000000000000001
btc-updown-5m-1787633100,1787633400,Up,0.945,True,6,0.9
btc-updown-5m-1787633400,1787633700,Up,0.785,False,15,0.75
btc-updown-5m-1787615100,1787615400,Down,0.735,True,15,0.7000000000000001
btc-updown-5m-1787615700,1787616000,Up,0.705,True,17,0.7000000000000001
btc-updown-5m-1787632800,1787633100,Down,0.885,True,17,0.8500000000000001
btc-updown-5m-1787608800,1787609100,Down,0.775,True,21,0.75
btc-updown-5m-1787603400,1787603700,Down,0.685,False,10,0.65
btc-updown-5m-1787616300,1787616600,Down,0.775,True,22,0.75
btc-updown-5m-1787628300,1787628600,Down,0.735,True,16,0.7000000000000001
btc-updown-5m-1787628900,1787629200,Up,0.535,True,19,0.5
btc-updown-5m-1787635500,1787635800,Up,0.915,True,23,0.9
btc-updown-5m-1787635800,1787636100,Up,0.775,True,20,0.75
btc-updown-5m-1787636400,1787636700,Up,0.585,False,15,0.55
btc-updown-5m-1787636700,1787637000,Down,0.645,False,20,0.6000000000000001
btc-updown-5m-1787637000,1787637300,Up,0.575,False,15,0.55
btc-updown-5m-1787637300,1787637600,Up,0.905,True,20,0.9
btc-updown-5m-1787637600,1787637900,Down,0.55,False,5,0.55
btc-updown-5m-1787637900,1787638200,Up,0.665,True,20,0.65
btc-updown-5m-1787638500,1787638800,Down,0.515,False,20,0.5
btc-updown-5m-1787638200,1787638500,Down,0.575,False,20,0.55
btc-updown-5m-1787638800,1787639100,Down,0.5449999999999999,True,22,0.5
btc-updown-5m-1787639100,1787639400,Up,0.855,False,22,0.8500000000000001
btc-updown-5m-1787627100,1787627400,Up,0.825,True,19,0.8
btc-updown-5m-1787627400,1787627700,Down,0.7150000000000001,True,17,0.7000000000000001
btc-updown-5m-1787615400,1787615700,Down,0.675,True,20,0.65
btc-updown-5m-1787616000,1787616300,Down,0.765,True,21,0.75
btc-updown-5m-1787609700,1787610000,Up,0.855,True,16,0.8500000000000001
btc-updown-5m-1787622300,1787622600,Down,0.675,False,17,0.65
btc-updown-5m-1787640000,1787640300,Up,0.585,False,17,0.55
btc-updown-5m-1787634600,1787634900,Down,0.525,True,3,0.5
btc-updown-5m-1787635200,1787635500,Down,0.745,True,7,0.7000000000000001
btc-updown-5m-1787641200,1787641500,Up,0.795,True,17,0.75
btc-updown-5m-1787642100,1787642400,Down,0.505,True,18,0.5
btc-updown-5m-1787642700,1787643000,Up,0.865,True,19,0.8500000000000001
btc-updown-5m-1787643000,1787643300,Up,0.505,False,17,0.5
btc-updown-5m-1787643300,1787643600,Up,0.845,False,20,0.8
btc-updown-5m-1787643600,1787643900,Up,0.845,True,19,0.8
btc-updown-5m-1787644800,1787645100,Down,0.615,False,20,0.6000000000000001
btc-updown-5m-1787643900,1787644200,Down,0.845,True,18,0.8
btc-updown-5m-1787644200,1787644500,Down,0.985,True,19,0.9500000000000001
btc-updown-5m-1787644500,1787644800,Down,0.595,True,21,0.55
btc-updown-5m-1787645100,1787645400,Down,0.505,False,20,0.5
btc-updown-5m-1787645400,1787645700,Up,0.675,True,18,0.65
btc-updown-5m-1787646000,1787646300,Up,0.815,True,22,0.8
btc-updown-5m-1787645700,1787646000,Up,0.905,True,19,0.9
btc-updown-5m-1787639400,1787639700,Up,0.575,False,22,0.55
btc-updown-5m-1787639700,1787640000,Down,0.965,True,22,0.9500000000000001
btc-updown-5m-1787621400,1787621700,Down,0.6950000000000001,True,20,0.65
btc-updown-5m-1787627700,1787628000,Down,0.725,True,16,0.7000000000000001
btc-updown-5m-1787640300,1787640600,Up,0.755,False,21,0.75
btc-updown-5m-1787646600,1787646900,Down,0.7150000000000001,True,3,0.7000000000000001
btc-updown-5m-1787647200,1787647500,Down,0.765,False,18,0.75
btc-updown-5m-1787648100,1787648400,Down,0.795,False,20,0.75
btc-updown-5m-1787648400,1787648700,Down,0.895,True,21,0.8500000000000001
btc-updown-5m-1787648700,1787649000,Up,0.725,True,21,0.7000000000000001
btc-updown-5m-1787649300,1787649600,Down,0.675,True,17,0.65
btc-updown-5m-1787649600,1787649900,Up,0.595,True,22,0.55
btc-updown-5m-1787650200,1787650500,Up,0.755,True,19,0.75
btc-updown-5m-1787649900,1787650200,Down,0.925,True,20,0.9
btc-updown-5m-1787650800,1787651100,Down,0.5349999999999999,True,21,0.5
btc-updown-5m-1787650500,1787650800,Down,0.745,True,7,0.7000000000000001
btc-updown-5m-1787651100,1787651400,Down,0.875,True,20,0.8500000000000001
btc-updown-5m-1787651400,1787651700,Down,0.985,True,21,0.9500000000000001
btc-updown-5m-1787652000,1787652300,Down,0.875,True,17,0.8500000000000001
btc-updown-5m-1787651700,1787652000,Up,0.725,True,7,0.7000000000000001
btc-updown-5m-1787634300,1787634600,Up,0.815,True,19,0.8
btc-updown-5m-1787652300,1787652600,Up,0.525,True,19,0.5
btc-updown-5m-1787646300,1787646600,Up,0.795,True,17,0.75
btc-updown-5m-1787628600,1787628900,Up,0.925,True,21,0.9
btc-updown-5m-1787652600,1787652900,Up,0.815,True,17,0.8
btc-updown-5m-1787634000,1787634300,Up,0.915,True,18,0.9
btc-updown-5m-1787646900,1787647200,Up,0.635,False,21,0.6000000000000001
btc-updown-5m-1787640900,1787641200,Down,0.835,False,20,0.8
btc-updown-5m-1787642400,1787642700,Up,0.875,True,20,0.8500000000000001
btc-updown-5m-1787653800,1787654100,Up,0.735,True,20,0.7000000000000001
btc-updown-5m-1787655600,1787655900,Down,0.505,True,3,0.5
btc-updown-5m-1787654400,1787654700,Up,0.805,True,17,0.8
btc-updown-5m-1787655900,1787656200,Up,0.945,True,21,0.9
btc-updown-5m-1787656200,1787656500,Down,0.975,True,16,0.9500000000000001
btc-updown-5m-1787656800,1787657100,Up,0.805,True,5,0.8
btc-updown-5m-1787656500,1787656800,Up,0.615,True,20,0.6000000000000001
btc-updown-5m-1787705100,1787705400,Up,0.705,True,20,0.7000000000000001
btc-updown-5m-1787657100,1787657400,Up,0.545,False,19,0.5
btc-updown-5m-1787657400,1787657700,Up,0.855,True,21,0.8500000000000001
btc-updown-5m-1787658300,1787658600,Down,0.725,True,19,0.7000000000000001
btc-updown-5m-1787657700,1787658000,Up,0.915,True,22,0.9
btc-updown-5m-1787658600,1787658900,Down,0.615,True,6,0.6000000000000001
btc-updown-5m-1787659200,1787659500,Up,0.505,False,21,0.5
btc-updown-5m-1787658900,1787659200,Up,0.895,True,22,0.8500000000000001
btc-updown-5m-1787659500,1787659800,Down,0.985,True,22,0.9500000000000001
btc-updown-5m-1787659800,1787660100,Up,0.945,True,21,0.9
btc-updown-5m-1787640600,1787640900,Down,0.5549999999999999,True,21,0.55
btc-updown-5m-1787633700,1787634000,Down,0.7150000000000001,False,15,0.7000000000000001
btc-updown-5m-1787636100,1787636400,Up,0.505,False,21,0.5
btc-updown-5m-1787660100,1787660400,Down,0.575,True,18,0.55
btc-updown-5m-1787653500,1787653800,Down,0.8049999999999999,True,21,0.8
btc-updown-5m-1787661300,1787661600,Up,0.715,True,21,0.7000000000000001
btc-updown-5m-1787655300,1787655600,Up,0.585,False,20,0.55
btc-updown-5m-1787662200,1787662500,Up,0.625,False,18,0.6000000000000001
btc-updown-5m-1787662500,1787662800,Down,0.635,True,19,0.6000000000000001
btc-updown-5m-1787705700,1787706000,Down,0.585,True,16,0.55
btc-updown-5m-1787662800,1787663100,Up,0.535,True,18,0.5
btc-updown-5m-1787663100,1787663400,Up,0.585,False,20,0.55
btc-updown-5m-1787663400,1787663700,Down,0.835,True,21,0.8
btc-updown-5m-1787663700,1787664000,Down,0.905,True,18,0.9
btc-updown-5m-1787658000,1787658300,Down,0.925,True,21,0.9
btc-updown-5m-1787664600,1787664900,Up,0.795,True,20,0.75
btc-updown-5m-1787664300,1787664600,Down,0.775,True,20,0.75
btc-updown-5m-1787664900,1787665200,Up,0.835,True,16,0.8
btc-updown-5m-1787665500,1787665800,Down,0.7150000000000001,True,20,0.7000000000000001
btc-updown-5m-1787665200,1787665500,Down,0.7150000000000001,True,16,0.7000000000000001
btc-updown-5m-1787666100,1787666400,Up,0.905,True,17,0.9
btc-updown-5m-1787665800,1787666100,Down,0.865,True,5,0.8500000000000001
btc-updown-5m-1787666400,1787666700,Up,0.915,True,3,0.9
btc-updown-5m-1787667000,1787667300,Up,0.635,True,18,0.6000000000000001
btc-updown-5m-1787654100,1787654400,Down,0.685,True,20,0.65
btc-updown-5m-1787666700,1787667000,Up,0.555,True,20,0.55
btc-updown-5m-1787661600,1787661900,Down,0.625,True,20,0.6000000000000001
btc-updown-5m-1787668800,1787669100,Down,0.5349999999999999,False,18,0.5
btc-updown-5m-1787668200,1787668500,Down,0.565,False,15,0.55
btc-updown-5m-1787669100,1787669400,Up,0.645,True,17,0.6000000000000001
btc-updown-5m-1787668500,1787668800,Up,0.68,False,20,0.65
btc-updown-5m-1787669700,1787670000,Up,0.865,False,19,0.8500000000000001
btc-updown-5m-1787669400,1787669700,Up,0.865,True,19,0.8500000000000001
btc-updown-5m-1787670000,1787670300,Down,0.665,True,7,0.65
btc-updown-5m-1787664000,1787664300,Up,0.765,True,21,0.75
btc-updown-5m-1787670300,1787670600,Up,0.905,True,20,0.9
btc-updown-5m-1787670900,1787671200,Up,0.875,True,22,0.8500000000000001
btc-updown-5m-1787670600,1787670900,Down,0.9,True,18,0.8500000000000001
btc-updown-5m-1787671500,1787671800,Down,0.785,False,8,0.75
btc-updown-5m-1787671200,1787671500,Down,0.5349999999999999,True,19,0.5
btc-updown-5m-1787629200,1787629500,Down,0.645,True,20,0.6000000000000001
btc-updown-5m-1787671800,1787672100,Up,0.715,True,19,0.7000000000000001
btc-updown-5m-1787647500,1787647800,Down,0.855,True,21,0.8500000000000001
btc-updown-5m-1787653200,1787653500,Down,0.885,True,19,0.8500000000000001
btc-updown-5m-1787660400,1787660700,Down,0.6950000000000001,True,20,0.65
btc-updown-5m-1787672700,1787673000,Up,0.535,False,19,0.5
btc-updown-5m-1787667600,1787667900,Up,0.565,True,22,0.55
btc-updown-5m-1787673900,1787674200,Down,0.865,True,19,0.8500000000000001
btc-updown-5m-1787674200,1787674500,Down,0.915,True,15,0.9
btc-updown-5m-1787674800,1787675100,Down,0.845,True,18,0.8
btc-updown-5m-1787674500,1787674800,Down,0.635,False,19,0.6000000000000001
btc-updown-5m-1787675400,1787675700,Up,0.965,True,21,0.9500000000000001
btc-updown-5m-1787675700,1787676000,Down,0.56,True,17,0.55
btc-updown-5m-1787676000,1787676300,Up,0.715,True,4,0.7000000000000001
btc-updown-5m-1787676300,1787676600,Up,0.855,True,19,0.8500000000000001
btc-updown-5m-1787676900,1787677200,Down,0.575,False,16,0.55
btc-updown-5m-1787676600,1787676900,Down,0.905,True,19,0.9
btc-updown-5m-1787677200,1787677500,Down,0.675,True,17,0.65
btc-updown-5m-1787672100,1787672400,Up,0.905,True,2,0.9
btc-updown-5m-1787677500,1787677800,Down,0.795,True,15,0.75
btc-updown-5m-1787678100,1787678400,Up,0.705,True,16,0.7000000000000001
btc-updown-5m-1787677800,1787678100,Down,0.5549999999999999,False,21,0.55
btc-updown-5m-1787634900,1787635200,Down,0.625,False,2,0.6000000000000001
btc-updown-5m-1787652900,1787653200,Up,0.775,True,22,0.75
btc-updown-5m-1787678400,1787678700,Up,0.655,False,19,0.65
btc-updown-5m-1787673000,1787673300,Down,0.505,False,22,0.5
btc-updown-5m-1787678700,1787679000,Down,0.675,False,17,0.65
btc-updown-5m-1787679900,1787680200,Up,0.625,True,19,0.6000000000000001
btc-updown-5m-1787680800,1787681100,Down,0.515,False,22,0.5
btc-updown-5m-1787675100,1787675400,Up,0.505,True,11,0.5
btc-updown-5m-1787680500,1787680800,Up,0.515,True,0,0.5
btc-updown-5m-1787681100,1787681400,Down,0.5349999999999999,True,17,0.5
btc-updown-5m-1787681700,1787682000,Down,0.815,True,2,0.8
btc-updown-5m-1787509200,1787509500,Down,0.645,True,18,0.6000000000000001
btc-updown-5m-1787509500,1787509800,Up,0.865,True,18,0.8500000000000001
btc-updown-5m-1787509800,1787510100,Down,0.855,True,19,0.8500000000000001
btc-updown-5m-1787510100,1787510400,Up,0.695,True,22,0.65
btc-updown-5m-1787510700,1787511000,Down,0.725,True,19,0.7000000000000001
btc-updown-5m-1787511000,1787511300,Down,0.5449999999999999,True,18,0.5
btc-updown-5m-1787641500,1787641800,Up,0.525,False,21,0.5
btc-updown-5m-1787510400,1787510700,Up,0.675,True,20,0.65
btc-updown-5m-1787672400,1787672700,Down,0.735,True,18,0.7000000000000001
btc-updown-5m-1787641800,1787642100,Down,0.625,True,19,0.6000000000000001
btc-updown-5m-1787511300,1787511600,Up,0.675,True,2,0.65
btc-updown-5m-1787679000,1787679300,Up,0.935,True,22,0.9
btc-updown-5m-1787511600,1787511900,Up,0.725,True,16,0.7000000000000001
btc-updown-5m-1787661000,1787661300,Up,0.585,True,19,0.55
btc-updown-5m-1787660700,1787661000,Down,0.925,True,19,0.9
btc-updown-5m-1787680200,1787680500,Down,0.795,False,16,0.75
btc-updown-5m-1787513400,1787513700,Down,0.865,True,16,0.8500000000000001
btc-updown-5m-1787513700,1787514000,Up,0.715,True,20,0.7000000000000001
btc-updown-5m-1787514000,1787514300,Up,0.785,True,17,0.75
btc-updown-5m-1787514600,1787514900,Down,0.765,True,18,0.75
btc-updown-5m-1787515200,1787515500,Down,0.855,True,16,0.8500000000000001
btc-updown-5m-1787515800,1787516100,Up,0.885,True,7,0.8500000000000001
btc-updown-5m-1787516100,1787516400,Up,0.845,True,19,0.8
btc-updown-5m-1787516400,1787516700,Up,0.965,True,17,0.9500000000000001
btc-updown-5m-1787515500,1787515800,Up,0.585,True,17,0.55
btc-updown-5m-1787516700,1787517000,Up,0.895,True,15,0.8500000000000001
btc-updown-5m-1787517000,1787517300,Up,0.695,False,18,0.65
btc-updown-5m-1787647800,1787648100,Down,0.815,True,18,0.8
btc-updown-5m-1787517300,1787517600,Up,0.775,True,17,0.75
btc-updown-5m-1787517600,1787517900,Down,0.605,False,16,0.6000000000000001
btc-updown-5m-1787517900,1787518200,Down,0.635,True,18,0.6000000000000001
btc-updown-5m-1787518200,1787518500,Up,0.735,False,18,0.7000000000000001
btc-updown-5m-1787649000,1787649300,Down,0.635,False,2,0.6000000000000001
btc-updown-5m-1787667300,1787667600,Up,0.565,False,15,0.55
btc-updown-5m-1787679600,1787679900,Up,0.915,True,22,0.9
btc-updown-5m-1787512800,1787513100,Up,0.815,True,18,0.8
btc-updown-5m-1787519700,1787520000,Up,0.995,True,3,0.9500000000000001
btc-updown-5m-1787513100,1787513400,Down,0.855,True,18,0.8500000000000001
btc-updown-5m-1787520000,1787520300,Up,0.665,False,20,0.65
btc-updown-5m-1787520300,1787520600,Up,0.835,True,16,0.8
btc-updown-5m-1787514900,1787515200,Down,0.875,True,17,0.8500000000000001
btc-updown-5m-1787521200,1787521500,Down,0.735,True,15,0.7000000000000001
btc-updown-5m-1787521500,1787521800,Up,0.905,True,16,0.9
btc-updown-5m-1787521800,1787522100,Up,0.785,True,4,0.75
btc-updown-5m-1787522100,1787522400,Down,0.565,True,19,0.55
btc-updown-5m-1787522400,1787522700,Down,0.745,True,17,0.7000000000000001
btc-updown-5m-1787523000,1787523300,Up,0.555,False,17,0.55
btc-updown-5m-1787523300,1787523600,Up,0.825,True,17,0.8
btc-updown-5m-1787629500,1787629800,Up,0.685,False,20,0.65
btc-updown-5m-1787523600,1787523900,Up,0.575,True,3,0.55
btc-updown-5m-1787523900,1787524200,Down,0.8049999999999999,True,5,0.8
btc-updown-5m-1787524200,1787524500,Down,0.595,True,22,0.55
btc-updown-5m-1787654700,1787655000,Up,0.955,True,21,0.9500000000000001
btc-updown-5m-1787524500,1787524800,Down,0.665,False,6,0.65
btc-updown-5m-1787655000,1787655300,Up,0.745,True,22,0.7000000000000001
btc-updown-5m-1787667900,1787668200,Up,0.845,True,21,0.8
btc-updown-5m-1787525100,1787525400,Down,0.765,False,5,0.75
btc-updown-5m-1787525400,1787525700,Up,0.59,False,23,0.55
btc-updown-5m-1787525700,1787526000,Down,0.675,True,19,0.65
btc-updown-5m-1787514300,1787514600,Down,0.795,True,16,0.75
btc-updown-5m-1787520900,1787521200,Down,0.945,True,18,0.9
btc-updown-5m-1787527500,1787527800,Up,0.825,True,12,0.8
btc-updown-5m-1787526900,1787527200,Up,0.895,True,19,0.8500000000000001
btc-updown-5m-1787528100,1787528400,Down,0.905,True,16,0.9
btc-updown-5m-1787528700,1787529000,Up,0.955,True,17,0.9500000000000001
btc-updown-5m-1787528400,1787528700,Down,0.525,True,17,0.5
btc-updown-5m-1787522700,1787523000,Up,0.715,True,22,0.7000000000000001
btc-updown-5m-1787529300,1787529600,Up,0.945,True,16,0.9
btc-updown-5m-1787529600,1787529900,Down,0.615,True,19,0.6000000000000001
btc-updown-5m-1787529900,1787530200,Down,0.945,False,16,0.9
btc-updown-5m-1787530200,1787530500,Up,0.535,False,19,0.5
btc-updown-5m-1787530500,1787530800,Down,0.855,True,21,0.8500000000000001
btc-updown-5m-1787518500,1787518800,Up,0.755,True,3,0.75
btc-updown-5m-1787679300,1787679600,Down,0.6950000000000001,False,20,0.65
btc-updown-5m-1787524800,1787525100,Down,0.755,True,20,0.75
btc-updown-5m-1787530800,1787531100,Down,0.875,True,20,0.8500000000000001
btc-updown-5m-1787661900,1787662200,Up,0.775,True,14,0.75
btc-updown-5m-1787519400,1787519700,Down,0.865,False,18,0.8500000000000001
btc-updown-5m-1787526300,1787526600,Down,0.725,False,18,0.7000000000000001
btc-updown-5m-1787532000,1787532300,Down,0.605,True,17,0.6000000000000001
btc-updown-5m-1787532600,1787532900,Up,0.875,True,18,0.8500000000000001
btc-updown-5m-1787532900,1787533200,Up,0.865,True,16,0.8500000000000001
btc-updown-5m-1787533500,1787533800,Down,0.815,True,16,0.8
btc-updown-5m-1787527800,1787528100,Up,0.985,True,19,0.9500000000000001
btc-updown-5m-1787529000,1787529300,Up,0.645,True,18,0.6000000000000001
btc-updown-5m-1787534400,1787534700,Down,0.755,True,5,0.75
btc-updown-5m-1787535000,1787535300,Up,0.595,True,17,0.55
btc-updown-5m-1787534700,1787535000,Up,0.595,False,20,0.55
btc-updown-5m-1787535600,1787535900,Up,0.865,False,19,0.8500000000000001
btc-updown-5m-1787536200,1787536500,Down,0.835,True,17,0.8
btc-updown-5m-1787536500,1787536800,Down,0.945,True,17,0.9
btc-updown-5m-1787535900,1787536200,Up,0.555,False,20,0.55
btc-updown-5m-1787518800,1787519100,Up,0.995,True,15,0.9500000000000001
btc-updown-5m-1787537100,1787537400,Up,0.745,True,22,0.7000000000000001
btc-updown-5m-1787536800,1787537100,Down,0.775,False,11,0.75
btc-updown-5m-1787519100,1787519400,Up,0.765,True,17,0.75
btc-updown-5m-1787537400,1787537700,Up,0.825,True,19,0.8
btc-updown-5m-1787531100,1787531400,Down,0.935,True,22,0.9
btc-updown-5m-1787526000,1787526300,Down,0.885,True,17,0.8500000000000001
btc-updown-5m-1787531700,1787532000,Down,0.515,True,19,0.5
btc-updown-5m-1787681400,1787681700,Up,0.6,True,17,0.55
btc-updown-5m-1787538300,1787538600,Up,0.755,False,20,0.75
btc-updown-5m-1787527200,1787527500,Down,0.845,True,19,0.8
btc-updown-5m-1787539800,1787540100,Up,0.705,True,19,0.7000000000000001
btc-updown-5m-1787534100,1787534400,Down,0.725,True,17,0.7000000000000001
btc-updown-5m-1787540700,1787541000,Down,0.765,True,21,0.75
btc-updown-5m-1787540400,1787540700,Up,0.805,False,77,0.8
btc-updown-5m-1787541000,1787541300,Down,0.765,True,19,0.75
btc-updown-5m-1787535300,1787535600,Down,0.9299999999999999,True,20,0.9
btc-updown-5m-1787541900,1787542200,Down,0.885,True,20,0.8500000000000001
btc-updown-5m-1787542200,1787542500,Down,0.875,True,23,0.8500000000000001
btc-updown-5m-1787542500,1787542800,Down,0.935,True,21,0.9
btc-updown-5m-1787542800,1787543100,Down,0.855,True,22,0.8500000000000001
btc-updown-5m-1787543400,1787543700,Up,0.705,False,19,0.7000000000000001
btc-updown-5m-1787543100,1787543400,Up,0.52,True,10,0.5
btc-updown-5m-1787537700,1787538000,Up,0.885,True,22,0.8500000000000001
btc-updown-5m-1787543700,1787544000,Down,0.645,True,18,0.6000000000000001
btc-updown-5m-1787512500,1787512800,Up,0.895,True,13,0.8500000000000001
btc-updown-5m-1787531400,1787531700,Down,0.665,False,21,0.65
btc-updown-5m-1787544300,1787544600,Down,0.745,True,21,0.7000000000000001
btc-updown-5m-1787538000,1787538300,Down,0.625,True,3,0.6000000000000001
btc-updown-5m-1787539200,1787539500,Up,0.845,True,18,0.8
btc-updown-5m-1787545200,1787545500,Up,0.925,True,21,0.9
btc-updown-5m-1787545800,1787546100,Down,0.725,True,23,0.7000000000000001
btc-updown-5m-1787540100,1787540400,Up,0.955,True,18,0.9500000000000001
btc-updown-5m-1787546700,1787547000,Down,0.915,True,18,0.9
btc-updown-5m-1787547000,1787547300,Down,0.985,True,17,0.9500000000000001
btc-updown-5m-1787547300,1787547600,Down,0.665,False,20,0.65
btc-updown-5m-1787541300,1787541600,Down,0.875,True,4,0.8500000000000001
btc-updown-5m-1787541600,1787541900,Down,0.685,False,19,0.65
btc-updown-5m-1787547900,1787548200,Down,0.5349999999999999,False,18,0.5
btc-updown-5m-1787548500,1787548800,Down,0.795,True,17,0.75
btc-updown-5m-1787549100,1787549400,Up,0.695,False,21,0.65
btc-updown-5m-1787548200,1787548500,Up,0.925,True,8,0.9
btc-updown-5m-1787549400,1787549700,Down,0.985,True,20,0.9500000000000001
btc-updown-5m-1787550000,1787550300,Up,0.935,True,22,0.9
btc-updown-5m-1787550300,1787550600,Down,0.735,True,22,0.7000000000000001
btc-updown-5m-1787549700,1787550000,Down,0.865,False,22,0.8500000000000001
btc-updown-5m-1787544000,1787544300,Up,0.905,True,21,0.9
btc-updown-5m-1787550600,1787550900,Down,0.925,False,8,0.9
btc-updown-5m-1787544600,1787544900,Down,0.7150000000000001,True,21,0.7000000000000001
btc-updown-5m-1787520600,1787520900,Down,0.515,True,19,0.5
btc-updown-5m-1787545500,1787545800,Up,0.555,True,6,0.55
btc-updown-5m-1787539500,1787539800,Down,0.925,True,22,0.9
btc-updown-5m-1787546100,1787546400,Down,0.575,True,21,0.55
btc-updown-5m-1787552400,1787552700,Down,0.835,False,23,0.8
btc-updown-5m-1787553000,1787553300,Down,0.925,True,21,0.9
btc-updown-5m-1787552700,1787553000,Up,0.695,False,18,0.65
btc-updown-5m-1787547600,1787547900,Up,0.525,True,17,0.5
btc-updown-5m-1787553600,1787553900,Up,0.625,True,20,0.6000000000000001
btc-updown-5m-1787553900,1787554200,Up,0.865,True,18,0.8500000000000001
btc-updown-5m-1787554500,1787554800,Up,0.815,True,4,0.8
btc-updown-5m-1787554200,1787554500,Down,0.935,True,22,0.9
btc-updown-5m-1787555100,1787555400,Up,0.585,True,22,0.55
btc-updown-5m-1787554800,1787555100,Up,0.775,True,18,0.75
btc-updown-5m-1787555700,1787556000,Down,0.945,True,20,0.9
btc-updown-5m-1787555400,1787555700,Up,0.965,True,19,0.9500000000000001
btc-updown-5m-1787556000,1787556300,Down,0.895,False,21,0.8500000000000001
btc-updown-5m-1787556300,1787556600,Down,0.835,True,21,0.8
btc-updown-5m-1787556900,1787557200,Down,0.635,True,21,0.6000000000000001
btc-updown-5m-1787556600,1787556900,Down,0.945,True,7,0.9
btc-updown-5m-1787526600,1787526900,Down,0.895,True,22,0.8500000000000001
btc-updown-5m-1787551500,1787551800,Down,0.7050000000000001,False,22,0.7000000000000001
btc-updown-5m-1787538900,1787539200,Up,0.585,False,19,0.55
btc-updown-5m-1787557800,1787558100,Down,0.925,True,20,0.9
btc-updown-5m-1787552100,1787552400,Down,0.735,True,23,0.7000000000000001
btc-updown-5m-1787558700,1787559000,Up,0.985,True,20,0.9500000000000001
btc-updown-5m-1787559000,1787559300,Down,0.915,True,17,0.9
btc-updown-5m-1787553300,1787553600,Down,0.605,True,19,0.6000000000000001
btc-updown-5m-1787559900,1787560200,Down,0.865,True,9,0.8500000000000001
btc-updown-5m-1787560200,1787560500,Up,0.835,True,17,0.8
btc-updown-5m-1787560500,1787560800,Down,0.515,False,20,0.5
btc-updown-5m-1787560800,1787561100,Down,0.5549999999999999,False,18,0.55
btc-updown-5m-1787548800,1787549100,Down,0.935,False,20,0.9
btc-updown-5m-1787561100,1787561400,Up,0.625,True,18,0.6000000000000001
btc-updown-5m-1787562000,1787562300,Up,0.915,True,8,0.9
btc-updown-5m-1787561700,1787562000,Down,0.775,True,22,0.75
btc-updown-5m-1787562300,1787562600,Up,0.585,True,14,0.55
btc-updown-5m-1787561400,1787561700,Down,0.755,True,22,0.75
btc-updown-5m-1787562600,1787562900,Down,0.735,False,16,0.7000000000000001
btc-updown-5m-1787538600,1787538900,Up,0.565,True,17,0.55
btc-updown-5m-1787562900,1787563200,Up,0.935,True,22,0.9
btc-updown-5m-1787544900,1787545200,Up,0.985,True,20,0.9500000000000001
btc-updown-5m-1787551800,1787552100,Up,0.945,True,21,0.9
btc-updown-5m-1787563800,1787564100,Up,0.755,True,18,0.75
btc-updown-5m-1787533800,1787534100,Up,0.825,False,19,0.8
btc-updown-5m-1787546400,1787546700,Down,0.725,True,18,0.7000000000000001
btc-updown-5m-1787565000,1787565300,Down,0.625,False,21,0.6000000000000001
btc-updown-5m-1787559300,1787559600,Down,0.965,True,22,0.9500000000000001
btc-updown-5m-1787566200,1787566500,Up,0.705,True,18,0.7000000000000001
btc-updown-5m-1787565900,1787566200,Down,0.935,False,18,0.9
btc-updown-5m-1787566500,1787566800,Down,0.7050000000000001,False,21,0.7000000000000001
btc-updown-5m-1787566800,1787567100,Down,0.8049999999999999,True,20,0.8
btc-updown-5m-1787567100,1787567400,Up,0.865,True,21,0.8500000000000001
btc-updown-5m-1787567700,1787568000,Down,0.7050000000000001,True,17,0.7000000000000001
btc-updown-5m-1787567400,1787567700,Up,0.905,True,11,0.9
btc-updown-5m-1787673600,1787673900,Up,0.575,True,19,0.55
btc-updown-5m-1787673300,1787673600,Up,0.715,True,21,0.7000000000000001
btc-updown-5m-1787568300,1787568600,Up,0.885,True,5,0.8500000000000001
btc-updown-5m-1787568000,1787568300,Down,0.945,True,4,0.9
btc-updown-5m-1787568900,1787569200,Down,0.6699999999999999,False,21,0.65
btc-updown-5m-1787569200,1787569500,Down,0.915,True,20,0.9
btc-updown-5m-1787568600,1787568900,Down,0.965,True,2,0.9500000000000001
btc-updown-5m-1787569500,1787569800,Up,0.785,True,8,0.75
btc-updown-5m-1787551200,1787551500,Down,0.875,True,19,0.8500000000000001
btc-updown-5m-1787564100,1787564400,Up,0.575,True,76,0.55
btc-updown-5m-1787570400,1787570700,Up,0.575,False,19,0.55
btc-updown-5m-1787571000,1787571300,Up,0.965,True,21,0.9500000000000001
btc-updown-5m-1787565600,1787565900,Up,0.665,True,19,0.65
btc-updown-5m-1787571600,1787571900,Up,0.925,True,19,0.9
btc-updown-5m-1787572200,1787572500,Down,0.7150000000000001,True,12,0.7000000000000001
btc-updown-5m-1787572500,1787572800,Up,0.725,True,22,0.7000000000000001
btc-updown-5m-1787573100,1787573400,Down,0.8049999999999999,True,21,0.8
btc-updown-5m-1787572800,1787573100,Down,0.865,True,22,0.8500000000000001
btc-updown-5m-1787573400,1787573700,Up,0.755,False,20,0.75
btc-updown-5m-1787573700,1787574000,Down,0.575,False,22,0.55
btc-updown-5m-1787574000,1787574300,Up,0.895,True,21,0.8500000000000001
btc-updown-5m-1787574300,1787574600,Up,0.765,True,20,0.75
btc-updown-5m-1787574600,1787574900,Up,0.975,True,17,0.9500000000000001
btc-updown-5m-1787574900,1787575200,Down,0.5349999999999999,False,17,0.5
btc-updown-5m-1787532300,1787532600,Down,0.585,False,22,0.55
btc-updown-5m-1787557200,1787557500,Down,0.905,True,16,0.9
btc-updown-5m-1787557500,1787557800,Up,0.845,True,17,0.8
btc-updown-5m-1787575200,1787575500,Up,0.695,True,19,0.65
btc-updown-5m-1787570100,1787570400,Down,0.625,False,20,0.6000000000000001
btc-updown-5m-1787575800,1787576100,Up,0.965,True,21,0.9500000000000001
btc-updown-5m-1787576100,1787576400,Up,0.885,True,22,0.8500000000000001
btc-updown-5m-1787570700,1787571000,Down,0.665,False,20,0.65
btc-updown-5m-1787576400,1787576700,Down,0.5549999999999999,True,6,0.55
btc-updown-5m-1787565300,1787565600,Down,0.685,True,22,0.65
btc-updown-5m-1787577900,1787578200,Up,0.645,True,22,0.6000000000000001
btc-updown-5m-1787578500,1787578800,Up,0.535,False,22,0.5
btc-updown-5m-1787578800,1787579100,Down,0.635,True,14,0.6000000000000001
btc-updown-5m-1787579100,1787579400,Down,0.7150000000000001,False,16,0.7000000000000001
btc-updown-5m-1787579400,1787579700,Up,0.535,False,22,0.5
btc-updown-5m-1787579700,1787580000,Up,0.905,True,17,0.9
btc-updown-5m-1787580000,1787580300,Up,0.915,True,17,0.9
btc-updown-5m-1787512200,1787512500,Down,0.955,True,18,0.9500000000000001
btc-updown-5m-1787511900,1787512200,Up,0.585,False,19,0.55
btc-updown-5m-1787580600,1787580900,Up,0.945,True,21,0.9
btc-updown-5m-1787580900,1787581200,Up,0.745,False,20,0.7000000000000001
btc-updown-5m-1787581200,1787581500,Up,0.725,False,17,0.7000000000000001
btc-updown-5m-1787581500,1787581800,Up,0.885,True,7,0.8500000000000001
btc-updown-5m-1787563500,1787563800,Up,0.945,True,11,0.9
btc-updown-5m-1787569800,1787570100,Up,0.925,True,21,0.9
btc-updown-5m-1787581800,1787582100,Up,0.825,True,21,0.8
btc-updown-5m-1787582400,1787582700,Up,0.795,False,22,0.75
btc-updown-5m-1787571300,1787571600,Up,0.965,True,20,0.9500000000000001
btc-updown-5m-1787564700,1787565000,Up,0.705,True,7,0.7000000000000001
btc-updown-5m-1787559600,1787559900,Down,0.845,True,7,0.8
btc-updown-5m-1787577600,1787577900,Down,0.5549999999999999,True,18,0.55
btc-updown-5m-1787584200,1787584500,Up,0.635,True,6,0.6000000000000001
btc-updown-5m-1787584500,1787584800,Down,0.735,False,17,0.7000000000000001
btc-updown-5m-1787585100,1787585400,Up,0.615,True,17,0.6000000000000001
btc-updown-5m-1787585700,1787586000,Down,0.725,True,19,0.7000000000000001
btc-updown-5m-1787586000,1787586300,Up,0.745,False,16,0.7000000000000001
btc-updown-5m-1787586300,1787586600,Up,0.935,True,14,0.9
btc-updown-5m-1787586600,1787586900,Down,0.685,True,19,0.65
btc-updown-5m-1787585400,1787585700,Up,0.725,False,16,0.7000000000000001
btc-updown-5m-1787580300,1787580600,Up,0.875,True,21,0.8500000000000001
btc-updown-5m-1787586900,1787587200,Down,0.865,True,21,0.8500000000000001
btc-updown-5m-1787587200,1787587500,Up,0.865,True,20,0.8500000000000001
btc-updown-5m-1787563200,1787563500,Down,0.685,True,16,0.65
btc-updown-5m-1787587800,1787588100,Down,0.595,False,17,0.55
btc-updown-5m-1787587500,1787587800,Up,0.835,True,22,0.8
btc-updown-5m-1787582100,1787582400,Down,0.5349999999999999,True,17,0.5
btc-updown-5m-1787588700,1787589000,Down,0.835,True,20,0.8
btc-updown-5m-1787582700,1787583000,Up,0.755,False,18,0.75
btc-updown-5m-1787558400,1787558700,Down,0.885,True,13,0.8500000000000001
btc-updown-5m-1787577000,1787577300,Up,0.915,True,19,0.9
btc-updown-5m-1787583600,1787583900,Down,0.7150000000000001,False,21,0.7000000000000001
btc-updown-5m-1787589900,1787590200,Down,0.645,True,21,0.6000000000000001
btc-updown-5m-1787590500,1787590800,Up,0.745,True,17,0.7000000000000001
btc-updown-5m-1787584800,1787585100,Down,0.685,False,18,0.65
btc-updown-5m-1787591400,1787591700,Up,0.625,False,17,0.6000000000000001
btc-updown-5m-1787591700,1787592000,Down,0.895,True,18,0.8500000000000001
btc-updown-5m-1787592000,1787592300,Down,0.985,True,18,0.9500000000000001
btc-updown-5m-1787592300,1787592600,Up,0.755,False,15,0.75
btc-updown-5m-1787592600,1787592900,Up,0.725,False,16,0.7000000000000001
btc-updown-5m-1787593200,1787593500,Up,0.595,False,18,0.55
btc-updown-5m-1787592900,1787593200,Up,0.955,True,20,0.9500000000000001
btc-updown-5m-1787593500,1787593800,Up,0.505,True,20,0.5
btc-updown-5m-1787550900,1787551200,Up,0.695,True,16,0.65
btc-updown-5m-1787588100,1787588400,Up,0.925,True,17,0.9
btc-updown-5m-1787593800,1787594100,Down,0.515,True,18,0.5
btc-updown-5m-1787575500,1787575800,Up,0.935,True,6,0.9
btc-updown-5m-1787588400,1787588700,Down,0.515,True,17,0.5
btc-updown-5m-1787594100,1787594400,Down,0.655,False,2,0.65
btc-updown-5m-1787594700,1787595000,Up,0.515,False,21,0.5
btc-updown-5m-1787595300,1787595600,Down,0.595,True,19,0.55
btc-updown-5m-1787589300,1787589600,Up,0.835,False,22,0.8
btc-updown-5m-1787423700,1787424000,Down,0.775,True,21,0.75
btc-updown-5m-1787583900,1787584200,Up,0.885,True,10,0.8500000000000001
btc-updown-5m-1787424000,1787424300,Down,0.665,True,18,0.65
btc-updown-5m-1787591100,1787591400,Up,0.865,True,19,0.8500000000000001
btc-updown-5m-1787425200,1787425500,Up,0.765,True,18,0.75
btc-updown-5m-1787424900,1787425200,Up,0.925,True,20,0.9
btc-updown-5m-1787425500,1787425800,Down,0.895,True,19,0.8500000000000001
btc-updown-5m-1787425800,1787426100,Up,0.885,True,17,0.8500000000000001
btc-updown-5m-1787426100,1787426400,Down,0.765,True,17,0.75
btc-updown-5m-1787426400,1787426700,Down,0.825,True,19,0.8
btc-updown-5m-1787426700,1787427000,Up,0.595,False,19,0.55
btc-updown-5m-1787427000,1787427300,Up,0.885,True,18,0.8500000000000001
btc-updown-5m-1787533200,1787533500,Down,0.815,False,17,0.8
btc-updown-5m-1787427300,1787427600,Up,0.575,True,22,0.55
btc-updown-5m-1787558100,1787558400,Down,0.8049999999999999,True,18,0.8
btc-updown-5m-1787427900,1787428200,Up,0.845,True,16,0.8
btc-updown-5m-1787427600,1787427900,Up,0.655,True,6,0.65
btc-updown-5m-1787594400,1787594700,Up,0.885,True,21,0.8500000000000001
btc-updown-5m-1787583000,1787583300,Down,0.875,True,17,0.8500000000000001
btc-updown-5m-1787571900,1787572200,Down,0.915,True,22,0.9
btc-updown-5m-1787428500,1787428800,Down,0.5449999999999999,True,19,0.5
btc-updown-5m-1787577300,1787577600,Down,0.965,True,19,0.9500000000000001
btc-updown-5m-1787429100,1787429400,Up,0.785,True,22,0.75
btc-updown-5m-1787431200,1787431500,Up,0.785,True,18,0.75
btc-updown-5m-1787431500,1787431800,Up,0.685,True,9,0.65
btc-updown-5m-1787590800,1787591100,Down,0.925,True,17,0.9
btc-updown-5m-1787431800,1787432100,Down,0.735,True,19,0.7000000000000001
btc-updown-5m-1787432100,1787432400,Down,0.905,True,17,0.9
btc-updown-5m-1787432400,1787432700,Down,0.985,True,20,0.9500000000000001
btc-updown-5m-1787432700,1787433000,Up,0.695,True,22,0.65
btc-updown-5m-1787564400,1787564700,Down,0.815,False,19,0.8
btc-updown-5m-1787589000,1787589300,Down,0.5800000000000001,True,18,0.55
btc-updown-5m-1787433000,1787433300,Down,0.925,True,18,0.9
btc-updown-5m-1787433300,1787433600,Up,0.935,True,18,0.9
btc-updown-5m-1787595000,1787595300,Up,0.895,True,17,0.8500000000000001
btc-updown-5m-1787576700,1787577000,Up,0.665,True,16,0.65
btc-updown-5m-1787428200,1787428500,Up,0.825,True,4,0.8
btc-updown-5m-1787583300,1787583600,Up,0.825,True,18,0.8
btc-updown-5m-1787589600,1787589900,Down,0.895,True,19,0.8500000000000001
btc-updown-5m-1787422800,1787423100,Up,0.785,True,18,0.75
btc-updown-5m-1787433900,1787434200,Up,0.715,True,19,0.7000000000000001
btc-updown-5m-1787423100,1787423400,Down,0.515,True,21,0.5
btc-updown-5m-1787578200,1787578500,Down,0.595,True,6,0.55
btc-updown-5m-1787429700,1787430000,Up,0.645,False,18,0.6000000000000001
btc-updown-5m-1787435700,1787436000,Down,0.905,True,18,0.9
btc-updown-5m-1787430600,1787430900,Down,0.765,True,17,0.75
btc-updown-5m-1787437800,1787438100,Down,0.835,True,19,0.8
btc-updown-5m-1787436600,1787436900,Down,0.835,True,20,0.8
btc-updown-5m-1787438400,1787438700,Down,0.5549999999999999,False,18,0.55
btc-updown-5m-1787438700,1787439000,Up,0.555,False,19,0.55
btc-updown-5m-1787439300,1787439600,Down,0.875,True,17,0.8500000000000001
btc-updown-5m-1787439000,1787439300,Up,0.935,True,18,0.9
btc-updown-5m-1787439600,1787439900,Up,0.66,True,19,0.65
btc-updown-5m-1787439900,1787440200,Down,0.5349999999999999,False,22,0.5
btc-updown-5m-1787440200,1787440500,Down,0.825,True,16,0.8
btc-updown-5m-1787440500,1787440800,Up,0.845,True,17,0.8
btc-updown-5m-1787423400,1787423700,Down,0.7150000000000001,False,15,0.7000000000000001
btc-updown-5m-1787433600,1787433900,Down,0.755,True,18,0.75
btc-updown-5m-1787428800,1787429100,Down,0.895,True,18,0.8500000000000001
btc-updown-5m-1787434500,1787434800,Down,0.945,True,18,0.9
btc-updown-5m-1787590200,1787590500,Down,0.945,True,15,0.9
btc-updown-5m-1787434800,1787435100,Down,0.845,True,17,0.8
btc-updown-5m-1787440800,1787441100,Down,0.505,True,18,0.5
btc-updown-5m-1787434200,1787434500,Down,0.965,True,17,0.9500000000000001
btc-updown-5m-1787435400,1787435700,Down,0.655,True,10,0.65
btc-updown-5m-1787436300,1787436600,Up,0.925,True,16,0.9
btc-updown-5m-1787430900,1787431200,Up,0.825,True,17,0.8
btc-updown-5m-1787442900,1787443200,Down,0.5549999999999999,True,19,0.55
btc-updown-5m-1787443800,1787444100,Down,0.81,True,19,0.8
btc-updown-5m-1787438100,1787438400,Up,0.865,True,17,0.8500000000000001
btc-updown-5m-1787444700,1787445000,Up,0.885,True,21,0.8500000000000001
btc-updown-5m-1787445000,1787445300,Up,0.605,True,17,0.6000000000000001
btc-updown-5m-1787445600,1787445900,Down,0.7050000000000001,False,20,0.7000000000000001
btc-updown-5m-1787445300,1787445600,Down,0.625,False,23,0.6000000000000001
btc-updown-5m-1787445900,1787446200,Down,0.785,False,18,0.75
btc-updown-5m-1787446200,1787446500,Up,0.655,True,18,0.65
btc-updown-5m-1787446800,1787447100,Down,0.895,True,19,0.8500000000000001
btc-updown-5m-1787446500,1787446800,Down,0.755,True,18,0.75
btc-updown-5m-1787447100,1787447400,Up,0.63,True,19,0.6000000000000001
btc-updown-5m-1787447400,1787447700,Down,0.505,False,15,0.5
btc-updown-5m-1787429400,1787429700,Up,0.655,False,17,0.65
btc-updown-5m-1787447700,1787448000,Down,0.645,True,17,0.6000000000000001
btc-updown-5m-1787448000,1787448300,Up,0.545,True,20,0.5
btc-updown-5m-1787430000,1787430300,Down,0.785,True,17,0.75
btc-updown-5m-1787448300,1787448600,Down,0.785,True,18,0.75
btc-updown-5m-1787441100,1787441400,Up,0.625,False,77,0.6000000000000001
btc-updown-5m-1787442300,1787442600,Up,0.655,True,17,0.65
btc-updown-5m-1787442600,1787442900,Up,0.825,True,5,0.8
btc-updown-5m-1787443500,1787443800,Up,0.615,False,19,0.6000000000000001
btc-updown-5m-1787448900,1787449200,Up,0.805,True,17,0.8
btc-updown-5m-1787449800,1787450100,Up,0.555,True,22,0.55
btc-updown-5m-1787450700,1787451000,Down,0.7150000000000001,True,18,0.7000000000000001
btc-updown-5m-1787451000,1787451300,Down,0.745,True,21,0.7000000000000001
btc-updown-5m-1787450100,1787450400,Down,0.915,True,16,0.9
btc-updown-5m-1787450400,1787450700,Down,0.505,True,20,0.5
btc-updown-5m-1787451600,1787451900,Down,0.845,True,21,0.8
btc-updown-5m-1787451300,1787451600,Up,0.595,False,20,0.55
btc-updown-5m-1787452500,1787452800,Down,0.675,True,21,0.65
btc-updown-5m-1787452800,1787453100,Up,0.685,False,18,0.65
btc-updown-5m-1787453100,1787453400,Down,0.7050000000000001,False,21,0.7000000000000001
btc-updown-5m-1787452200,1787452500,Up,0.975,True,7,0.9500000000000001
btc-updown-5m-1787451900,1787452200,Up,0.865,True,19,0.8500000000000001
btc-updown-5m-1787430300,1787430600,Up,0.845,False,16,0.8
btc-updown-5m-1787435100,1787435400,Down,0.905,True,17,0.9
btc-updown-5m-1787441400,1787441700,Up,0.795,False,18,0.75
btc-updown-5m-1787453700,1787454000,Up,0.655,True,20,0.65
btc-updown-5m-1787424300,1787424600,Down,0.775,True,8,0.75
btc-updown-5m-1787441700,1787442000,Down,0.8049999999999999,False,19,0.8
btc-updown-5m-1787448600,1787448900,Down,0.765,True,20,0.75
btc-updown-5m-1787454600,1787454900,Up,0.515,True,22,0.5
btc-updown-5m-1787444100,1787444400,Down,0.775,False,18,0.75
btc-updown-5m-1787455800,1787456100,Down,0.945,True,21,0.9
btc-updown-5m-1787455500,1787455800,Up,0.595,False,20,0.55
btc-updown-5m-1787456100,1787456400,Up,0.705,True,10,0.7000000000000001
btc-updown-5m-1787457900,1787458200,Up,0.815,False,17,0.8
btc-updown-5m-1787458200,1787458500,Up,0.805,True,21,0.8
btc-updown-5m-1787457600,1787457900,Up,0.795,False,18,0.75
btc-updown-5m-1787458800,1787459100,Down,0.785,False,18,0.75
btc-updown-5m-1787458500,1787458800,Down,0.515,True,19,0.5
btc-updown-5m-1787453400,1787453700,Down,0.975,True,21,0.9500000000000001
btc-updown-5m-1787437500,1787437800,Up,0.815,False,17,0.8
btc-updown-5m-1787436900,1787437200,Up,0.735,False,17,0.7000000000000001
btc-updown-5m-1787459400,1787459700,Down,0.875,True,9,0.8500000000000001
btc-updown-5m-1787437200,1787437500,Up,0.855,True,19,0.8500000000000001
btc-updown-5m-1787459100,1787459400,Up,0.955,True,8,0.9500000000000001
btc-updown-5m-1787436000,1787436300,Down,0.615,False,18,0.6000000000000001
btc-updown-5m-1787459700,1787460000,Down,0.595,True,20,0.55
btc-updown-5m-1787442000,1787442300,Up,0.915,True,17,0.9
btc-updown-5m-1787455200,1787455500,Down,0.935,True,21,0.9
btc-updown-5m-1787454900,1787455200,Up,0.775,True,21,0.75
btc-updown-5m-1787443200,1787443500,Up,0.905,True,6,0.9
btc-updown-5m-1787457300,1787457600,Down,0.655,True,22,0.65
btc-updown-5m-1787456400,1787456700,Down,0.855,True,23,0.8500000000000001
btc-updown-5m-1787457000,1787457300,Down,0.725,True,81,0.7000000000000001
btc-updown-5m-1787463900,1787464200,Up,0.555,True,20,0.55
btc-updown-5m-1787464200,1787464500,Down,0.905,True,21,0.9
btc-updown-5m-1787464500,1787464800,Down,0.505,True,20,0.5
btc-updown-5m-1787464800,1787465100,Down,0.875,True,7,0.8500000000000001
btc-updown-5m-1787463300,1787463600,Down,0.725,True,22,0.7000000000000001
btc-updown-5m-1787466000,1787466300,Up,0.725,True,21,0.7000000000000001
btc-updown-5m-1787465100,1787465400,Down,0.645,True,21,0.6000000000000001
btc-updown-5m-1787465400,1787465700,Down,0.505,False,21,0.5
btc-updown-5m-1787424600,1787424900,Down,0.835,True,18,0.8
btc-updown-5m-1787465700,1787466000,Up,0.725,True,21,0.7000000000000001
btc-updown-5m-1787466300,1787466600,Down,0.845,True,18,0.8
btc-updown-5m-1787460600,1787460900,Up,0.845,True,19,0.8
btc-updown-5m-1787460300,1787460600,Down,0.905,True,17,0.9
btc-updown-5m-1787454000,1787454300,Up,0.805,False,21,0.8
btc-updown-5m-1787454300,1787454600,Down,0.775,True,21,0.75
btc-updown-5m-1787466900,1787467200,Down,0.835,True,22,0.8
btc-updown-5m-1787444400,1787444700,Down,0.675,False,19,0.65
btc-updown-5m-1787460000,1787460300,Up,0.675,False,16,0.65
btc-updown-5m-1787461500,1787461800,Down,0.645,True,18,0.6000000000000001
btc-updown-5m-1787462100,1787462400,Down,0.995,True,4,0.9500000000000001
btc-updown-5m-1787463000,1787463300,Down,0.605,False,20,0.6000000000000001
btc-updown-5m-1787470200,1787470500,Down,0.895,True,21,0.8500000000000001
btc-updown-5m-1787469300,1787469600,Up,0.695,True,22,0.65
btc-updown-5m-1787469900,1787470200,Up,0.515,False,23,0.5
btc-updown-5m-1787469600,1787469900,Down,0.945,True,18,0.9
btc-updown-5m-1787470800,1787471100,Down,0.785,True,18,0.75
btc-updown-5m-1787471400,1787471700,Up,0.825,True,21,0.8
btc-updown-5m-1787471100,1787471400,Up,0.595,True,22,0.55
btc-updown-5m-1787470500,1787470800,Down,0.5449999999999999,True,22,0.5
btc-updown-5m-1787471700,1787472000,Down,0.995,True,19,0.9500000000000001
btc-updown-5m-1787472000,1787472300,Up,0.635,True,20,0.6000000000000001
btc-updown-5m-1787472600,1787472900,Up,0.745,True,21,0.7000000000000001
btc-updown-5m-1787472900,1787473200,Up,0.665,True,23,0.65
btc-updown-5m-1787473500,1787473800,Down,0.735,False,3,0.7000000000000001
btc-updown-5m-1787473200,1787473500,Down,0.8049999999999999,True,19,0.8
btc-updown-5m-1787474100,1787474400,Up,0.845,True,20,0.8
btc-updown-5m-1787449200,1787449500,Down,0.775,True,21,0.75
btc-updown-5m-1787474400,1787474700,Up,0.895,True,21,0.8500000000000001
btc-updown-5m-1787474700,1787475000,Up,0.565,False,18,0.55
btc-updown-5m-1787462700,1787463000,Down,0.655,False,23,0.65
btc-updown-5m-1787475000,1787475300,Up,0.595,False,18,0.55
btc-updown-5m-1787476200,1787476500,Down,0.8049999999999999,True,21,0.8
btc-updown-5m-1787475900,1787476200,Up,0.595,True,23,0.55
btc-updown-5m-1787476800,1787477100,Down,0.815,True,18,0.8
btc-updown-5m-1787477400,1787477700,Down,0.945,True,18,0.9
btc-updown-5m-1787477700,1787478000,Up,0.815,True,20,0.8
btc-updown-5m-1787478000,1787478300,Up,0.845,True,9,0.8
btc-updown-5m-1787472300,1787472600,Up,0.935,True,20,0.9
btc-updown-5m-1787478300,1787478600,Down,0.865,False,11,0.8500000000000001
btc-updown-5m-1787478600,1787478900,Up,0.725,False,17,0.7000000000000001
btc-updown-5m-1787478900,1787479200,Down,0.625,True,5,0.6000000000000001
btc-updown-5m-1787479200,1787479500,Down,0.5449999999999999,False,17,0.5
btc-updown-5m-1787479500,1787479800,Up,0.945,True,17,0.9
btc-updown-5m-1787466600,1787466900,Up,0.945,True,20,0.9
btc-updown-5m-1787473800,1787474100,Up,0.755,True,7,0.75
btc-updown-5m-1787449500,1787449800,Up,0.905,True,16,0.9
btc-updown-5m-1787479800,1787480100,Down,0.825,True,22,0.8
btc-updown-5m-1787480100,1787480400,Up,0.755,True,20,0.75
btc-updown-5m-1787480700,1787481000,Down,0.5449999999999999,True,21,0.5
btc-updown-5m-1787481000,1787481300,Up,0.675,True,19,0.65
btc-updown-5m-1787480400,1787480700,Up,0.995,True,3,0.9500000000000001
btc-updown-5m-1787469000,1787469300,Up,0.695,True,22,0.65
btc-updown-5m-1787481900,1787482200,Up,0.665,False,19,0.65
btc-updown-5m-1787476500,1787476800,Down,0.62,True,23,0.6000000000000001
btc-updown-5m-1787477100,1787477400,Up,0.815,True,22,0.8
btc-updown-5m-1787482500,1787482800,Down,0.895,True,17,0.8500000000000001
btc-updown-5m-1787483400,1787483700,Up,0.815,True,19,0.8
btc-updown-5m-1787484000,1787484300,Up,0.995,True,18,0.9500000000000001
btc-updown-5m-1787484300,1787484600,Down,0.795,True,20,0.75
btc-updown-5m-1787484600,1787484900,Up,0.895,True,19,0.8500000000000001
btc-updown-5m-1787484900,1787485200,Up,0.905,True,11,0.9
btc-updown-5m-1787485200,1787485500,Down,0.815,True,18,0.8
btc-updown-5m-1787485500,1787485800,Down,0.5549999999999999,True,17,0.55
btc-updown-5m-1787485800,1787486100,Up,0.555,True,19,0.55
btc-updown-5m-1787486100,1787486400,Down,0.885,True,20,0.8500000000000001
btc-updown-5m-1787486400,1787486700,Down,0.925,True,18,0.9
btc-updown-5m-1787468400,1787468700,Up,0.665,False,21,0.65
btc-updown-5m-1787487300,1787487600,Up,0.595,True,20,0.55
btc-updown-5m-1787486700,1787487000,Down,0.945,True,22,0.9
btc-updown-5m-1787487000,1787487300,Down,0.955,True,19,0.9500000000000001
btc-updown-5m-1787468100,1787468400,Down,0.835,True,22,0.8
btc-updown-5m-1787475300,1787475600,Down,0.795,True,12,0.75
btc-updown-5m-1787481600,1787481900,Up,0.675,True,19,0.65
btc-updown-5m-1787488800,1787489100,Up,0.985,True,17,0.9500000000000001
btc-updown-5m-1787487900,1787488200,Down,0.975,True,22,0.9500000000000001
btc-updown-5m-1787488200,1787488500,Up,0.745,True,14,0.7000000000000001
btc-updown-5m-1787489400,1787489700,Up,0.685,False,23,0.65
btc-updown-5m-1787489700,1787490000,Up,0.935,True,4,0.9
btc-updown-5m-1787490000,1787490300,Up,0.695,True,18,0.65
btc-updown-5m-1787490300,1787490600,Down,0.515,False,21,0.5
btc-updown-5m-1787490600,1787490900,Up,0.955,True,22,0.9500000000000001
btc-updown-5m-1787490900,1787491200,Up,0.615,True,19,0.6000000000000001
btc-updown-5m-1787491200,1787491500,Down,0.965,True,22,0.9500000000000001
btc-updown-5m-1787491500,1787491800,Down,0.735,True,22,0.7000000000000001
btc-updown-5m-1787492100,1787492400,Up,0.825,True,15,0.8
btc-updown-5m-1787492400,1787492700,Down,0.735,True,20,0.7000000000000001
btc-updown-5m-1787491800,1787492100,Down,0.505,True,22,0.5
btc-updown-5m-1787492700,1787493000,Up,0.6,False,17,0.55
btc-updown-5m-1787493000,1787493300,Down,0.935,True,20,0.9
btc-updown-5m-1787467800,1787468100,Down,0.6950000000000001,True,23,0.65
btc-updown-5m-1787493300,1787493600,Up,0.575,True,18,0.55
btc-updown-5m-1787493600,1787493900,Up,0.945,True,18,0.9
btc-updown-5m-1787463600,1787463900,Up,0.695,False,21,0.65
btc-updown-5m-1787494500,1787494800,Up,0.855,False,17,0.8500000000000001
btc-updown-5m-1787482200,1787482500,Up,0.605,False,18,0.6000000000000001
btc-updown-5m-1787482800,1787483100,Up,0.865,False,19,0.8500000000000001
btc-updown-5m-1787488500,1787488800,Down,0.655,False,18,0.65
btc-updown-5m-1787495700,1787496000,Up,0.515,True,23,0.5
btc-updown-5m-1787496000,1787496300,Down,0.965,True,8,0.9500000000000001
btc-updown-5m-1787483700,1787484000,Down,0.585,False,18,0.55
btc-updown-5m-1787496600,1787496900,Up,0.625,True,21,0.6000000000000001
btc-updown-5m-1787496300,1787496600,Up,0.565,True,20,0.55
btc-updown-5m-1787496900,1787497200,Down,0.685,True,17,0.65
btc-updown-5m-1787497200,1787497500,Up,0.895,True,21,0.8500000000000001
btc-updown-5m-1787497500,1787497800,Up,0.825,True,11,0.8
btc-updown-5m-1787498400,1787498700,Up,0.975,True,21,0.9500000000000001
btc-updown-5m-1787498100,1787498400,Down,0.855,True,19,0.8500000000000001
btc-updown-5m-1787498700,1787499000,Up,0.675,False,20,0.65
btc-updown-5m-1787499300,1787499600,Up,0.845,True,18,0.8
btc-updown-5m-1787499000,1787499300,Up,0.895,False,19,0.8500000000000001
btc-updown-5m-1787499600,1787499900,Up,0.645,True,17,0.6000000000000001
btc-updown-5m-1787493900,1787494200,Down,0.975,True,22,0.9500000000000001
btc-updown-5m-1787475600,1787475900,Up,0.915,True,19,0.9
btc-updown-5m-1787500200,1787500500,Down,0.5549999999999999,True,18,0.55
btc-updown-5m-1787500800,1787501100,Up,0.925,True,1,0.9
btc-updown-5m-1787494800,1787495100,Down,0.515,True,21,0.5
btc-updown-5m-1787501100,1787501400,Down,0.775,True,18,0.75
btc-updown-5m-1787501400,1787501700,Up,0.885,True,19,0.8500000000000001
btc-updown-5m-1787501700,1787502000,Up,0.735,False,16,0.7000000000000001
btc-updown-5m-1787502600,1787502900,Up,0.755,True,19,0.75
btc-updown-5m-1787502900,1787503200,Up,0.665,False,18,0.65
btc-updown-5m-1787502300,1787502600,Up,0.695,True,8,0.65
btc-updown-5m-1787503200,1787503500,Up,0.665,True,17,0.65
btc-updown-5m-1787503500,1787503800,Up,0.625,False,16,0.6000000000000001
btc-updown-5m-1787497800,1787498100,Down,0.5449999999999999,True,4,0.5
btc-updown-5m-1787503800,1787504100,Up,0.915,True,17,0.9
btc-updown-5m-1787504400,1787504700,Down,0.915,True,18,0.9
btc-updown-5m-1787504100,1787504400,Up,0.685,True,18,0.65
btc-updown-5m-1787504700,1787505000,Up,0.975,True,22,0.9500000000000001
btc-updown-5m-1787505000,1787505300,Down,0.795,True,12,0.75
btc-updown-5m-1787505900,1787506200,Down,0.885,True,17,0.8500000000000001
btc-updown-5m-1787505300,1787505600,Down,0.885,False,19,0.8500000000000001
btc-updown-5m-1787505600,1787505900,Down,0.655,True,21,0.65
btc-updown-5m-1787487600,1787487900,Up,0.755,True,18,0.75
btc-updown-5m-1787500500,1787500800,Up,0.675,False,20,0.65
btc-updown-5m-1787495100,1787495400,Up,0.825,True,17,0.8
btc-updown-5m-1787507100,1787507400,Up,0.805,False,21,0.8
btc-updown-5m-1787483100,1787483400,Up,0.785,True,18,0.75
btc-updown-5m-1787508300,1787508600,Down,0.735,False,19,0.7000000000000001
btc-updown-5m-1787502000,1787502300,Up,0.675,True,16,0.65
btc-updown-5m-1787508600,1787508900,Up,0.935,True,22,0.9
btc-updown-5m-1787499900,1787500200,Down,0.905,True,1,0.9
btc-updown-5m-1787467200,1787467500,Up,0.905,True,22,0.9
btc-updown-5m-1787506500,1787506800,Up,0.745,True,17,0.7000000000000001
btc-updown-5m-1787481300,1787481600,Down,0.655,True,19,0.65
btc-updown-5m-1787506200,1787506500,Down,0.925,False,19,0.9
btc-updown-5m-1787494200,1787494500,Up,0.875,True,17,0.8500000000000001
btc-updown-5m-1787506800,1787507100,Down,0.785,True,18,0.75
btc-updown-5m-1787507400,1787507700,Up,0.635,True,22,0.6000000000000001
btc-updown-5m-1787508000,1787508300,Down,0.615,True,18,0.6000000000000001
btc-updown-5m-1787489100,1787489400,Up,0.675,False,19,0.65
btc-updown-5m-1787507700,1787508000,Down,0.865,True,19,0.8500000000000001
btc-updown-5m-1787495400,1787495700,Down,0.625,True,16,0.6000000000000001
btc-updown-5m-1787508900,1787509200,Down,0.5349999999999999,True,19,0.5
btc-updown-5m-1787468700,1787469000,Up,0.995,True,6,0.9500000000000001
btc-updown-5m-1787467500,1787467800,Up,0.665,False,19,0.65
btc-updown-5m-1787456700,1787457000,Up,0.965,True,23,0.9500000000000001
btc-updown-5m-1787460900,1787461200,Down,0.875,True,20,0.8500000000000001
btc-updown-5m-1787462400,1787462700,Up,0.835,True,18,0.8
btc-updown-5m-1787461200,1787461500,Up,0.705,False,18,0.7000000000000001
btc-updown-5m-1787461800,1787462100,Up,0.665,False,18,0.65
